"repl","treatment","NWT_code","year","hits"
"1_1_XXW","XXW","ARTSCO",2006,7
"1_1_XXW","XXW","ARTSCO",2007,12
"1_1_XXW","XXW","ARTSCO",2008,13
"1_1_XXW","XXW","ARTSCO",2009,8
"1_1_XXW","XXW","ARTSCO",2010,12
"1_1_XXW","XXW","ARTSCO",2011,9
"1_1_XXW","XXW","ARTSCO",2012,6
"1_1_XXW","XXW","ARTSCO",2013,6
"1_1_XXW","XXW","ARTSCO",2014,11
"1_1_XXW","XXW","ARTSCO",2015,9
"1_1_XXW","XXW","ARTSCO",2016,5
"1_1_XXW","XXW","ARTSCO",2017,10
"1_1_XXW","XXW","ARTSCO",2018,5
"1_1_XXW","XXW","ARTSCO",2019,10
"1_1_XXW","XXW","ARTSCO",2020,5
"1_1_XXW","XXW","ARTSCO",2021,8
"1_1_XXW","XXW","ARTSCO",2022,4
"1_1_XXW","XXW","ARTSCO",2023,10
"1_1_XXW","XXW","ARTSCO",2024,7
"1_1_XXW","XXW","BISBIS",2006,6
"1_1_XXW","XXW","BISBIS",2007,4
"1_1_XXW","XXW","BISBIS",2008,7
"1_1_XXW","XXW","BISBIS",2009,6
"1_1_XXW","XXW","BISBIS",2010,8
"1_1_XXW","XXW","BISBIS",2011,5
"1_1_XXW","XXW","BISBIS",2012,7
"1_1_XXW","XXW","BISBIS",2013,3
"1_1_XXW","XXW","BISBIS",2014,9
"1_1_XXW","XXW","BISBIS",2015,8
"1_1_XXW","XXW","BISBIS",2016,5
"1_1_XXW","XXW","BISBIS",2017,2
"1_1_XXW","XXW","BISBIS",2018,5
"1_1_XXW","XXW","BISBIS",2019,8
"1_1_XXW","XXW","BISBIS",2020,5
"1_1_XXW","XXW","BISBIS",2021,7
"1_1_XXW","XXW","BISBIS",2022,3
"1_1_XXW","XXW","BISBIS",2023,2
"1_1_XXW","XXW","BISBIS",2024,5
"1_1_XXW","XXW","CALLEP",2006,1
"1_1_XXW","XXW","CALLEP",2007,0
"1_1_XXW","XXW","CALLEP",2008,2
"1_1_XXW","XXW","CALLEP",2009,2
"1_1_XXW","XXW","CALLEP",2010,0.5
"1_1_XXW","XXW","CALLEP",2011,0.5
"1_1_XXW","XXW","CALLEP",2012,1
"1_1_XXW","XXW","CALLEP",2013,1
"1_1_XXW","XXW","CALLEP",2014,1
"1_1_XXW","XXW","CALLEP",2015,0.5
"1_1_XXW","XXW","CALLEP",2016,1
"1_1_XXW","XXW","CALLEP",2017,0.5
"1_1_XXW","XXW","CALLEP",2018,2
"1_1_XXW","XXW","CALLEP",2019,1
"1_1_XXW","XXW","CALLEP",2020,2
"1_1_XXW","XXW","CALLEP",2021,1
"1_1_XXW","XXW","CALLEP",2022,2
"1_1_XXW","XXW","CALLEP",2023,1
"1_1_XXW","XXW","CALLEP",2024,1
"1_1_XXW","XXW","CARSCO",2006,6
"1_1_XXW","XXW","CARSCO",2007,11
"1_1_XXW","XXW","CARSCO",2008,8
"1_1_XXW","XXW","CARSCO",2009,24
"1_1_XXW","XXW","CARSCO",2010,7
"1_1_XXW","XXW","CARSCO",2011,16
"1_1_XXW","XXW","CARSCO",2012,10
"1_1_XXW","XXW","CARSCO",2013,12
"1_1_XXW","XXW","CARSCO",2014,13
"1_1_XXW","XXW","CARSCO",2015,14
"1_1_XXW","XXW","CARSCO",2016,17
"1_1_XXW","XXW","CARSCO",2017,19
"1_1_XXW","XXW","CARSCO",2018,13
"1_1_XXW","XXW","CARSCO",2019,27
"1_1_XXW","XXW","CARSCO",2020,25
"1_1_XXW","XXW","CARSCO",2021,24
"1_1_XXW","XXW","CARSCO",2022,39
"1_1_XXW","XXW","CARSCO",2023,27
"1_1_XXW","XXW","CARSCO",2024,32
"1_1_XXW","XXW","DESCES",2006,51
"1_1_XXW","XXW","DESCES",2007,43
"1_1_XXW","XXW","DESCES",2008,53
"1_1_XXW","XXW","DESCES",2009,38
"1_1_XXW","XXW","DESCES",2010,50
"1_1_XXW","XXW","DESCES",2011,54
"1_1_XXW","XXW","DESCES",2012,30
"1_1_XXW","XXW","DESCES",2013,48
"1_1_XXW","XXW","DESCES",2014,37
"1_1_XXW","XXW","DESCES",2015,44
"1_1_XXW","XXW","DESCES",2016,37
"1_1_XXW","XXW","DESCES",2017,35
"1_1_XXW","XXW","DESCES",2018,32
"1_1_XXW","XXW","DESCES",2019,19
"1_1_XXW","XXW","DESCES",2020,37
"1_1_XXW","XXW","DESCES",2021,26
"1_1_XXW","XXW","DESCES",2022,27
"1_1_XXW","XXW","DESCES",2023,38
"1_1_XXW","XXW","DESCES",2024,25
"1_1_XXW","XXW","GENALG",2006,5
"1_1_XXW","XXW","GENALG",2007,0.5
"1_1_XXW","XXW","GENALG",2008,1
"1_1_XXW","XXW","GENALG",2009,1
"1_1_XXW","XXW","GENALG",2010,0.5
"1_1_XXW","XXW","GENALG",2011,0.5
"1_1_XXW","XXW","GENALG",2012,2
"1_1_XXW","XXW","GENALG",2013,1
"1_1_XXW","XXW","GENALG",2014,1
"1_1_XXW","XXW","GENALG",2015,1
"1_1_XXW","XXW","GENALG",2016,2
"1_1_XXW","XXW","GENALG",2017,0.5
"1_1_XXW","XXW","GENALG",2018,1
"1_1_XXW","XXW","GENALG",2019,0.5
"1_1_XXW","XXW","GENALG",2020,0.5
"1_1_XXW","XXW","GENALG",2021,1
"1_1_XXW","XXW","GENALG",2022,1
"1_1_XXW","XXW","GENALG",2023,0.5
"1_1_XXW","XXW","GENALG",2024,0.5
"1_1_XXW","XXW","GEUROS",2006,12
"1_1_XXW","XXW","GEUROS",2007,20
"1_1_XXW","XXW","GEUROS",2008,7
"1_1_XXW","XXW","GEUROS",2009,11
"1_1_XXW","XXW","GEUROS",2010,7
"1_1_XXW","XXW","GEUROS",2011,7
"1_1_XXW","XXW","GEUROS",2012,13
"1_1_XXW","XXW","GEUROS",2013,14
"1_1_XXW","XXW","GEUROS",2014,6
"1_1_XXW","XXW","GEUROS",2015,13
"1_1_XXW","XXW","GEUROS",2016,15
"1_1_XXW","XXW","GEUROS",2017,10
"1_1_XXW","XXW","GEUROS",2018,14
"1_1_XXW","XXW","GEUROS",2019,15
"1_1_XXW","XXW","GEUROS",2020,9
"1_1_XXW","XXW","GEUROS",2021,16
"1_1_XXW","XXW","GEUROS",2022,11
"1_1_XXW","XXW","GEUROS",2023,12
"1_1_XXW","XXW","GEUROS",2024,18
"1_1_XXW","XXW","TRIPAR",2006,0.5
"1_1_XXW","XXW","TRIPAR",2007,5
"1_1_XXW","XXW","TRIPAR",2008,2
"1_1_XXW","XXW","TRIPAR",2009,2
"1_1_XXW","XXW","TRIPAR",2010,2
"1_1_XXW","XXW","TRIPAR",2011,2
"1_1_XXW","XXW","TRIPAR",2012,2
"1_1_XXW","XXW","TRIPAR",2013,5
"1_1_XXW","XXW","TRIPAR",2014,5
"1_1_XXW","XXW","TRIPAR",2015,2
"1_1_XXW","XXW","TRIPAR",2016,4
"1_1_XXW","XXW","TRIPAR",2017,8
"1_1_XXW","XXW","TRIPAR",2018,2
"1_1_XXW","XXW","TRIPAR",2019,2
"1_1_XXW","XXW","TRIPAR",2020,2
"1_1_XXW","XXW","TRIPAR",2021,7
"1_1_XXW","XXW","TRIPAR",2022,0.5
"1_1_XXW","XXW","TRIPAR",2023,2
"1_1_XXW","XXW","TRIPAR",2024,3
"12_1_PXX","PXX","ARTSCO",2006,10
"12_1_PXX","PXX","ARTSCO",2007,4
"12_1_PXX","PXX","ARTSCO",2008,9
"12_1_PXX","PXX","ARTSCO",2009,7
"12_1_PXX","PXX","ARTSCO",2010,15
"12_1_PXX","PXX","ARTSCO",2011,7
"12_1_PXX","PXX","ARTSCO",2012,7
"12_1_PXX","PXX","ARTSCO",2013,6
"12_1_PXX","PXX","ARTSCO",2014,9
"12_1_PXX","PXX","ARTSCO",2015,9
"12_1_PXX","PXX","ARTSCO",2016,6
"12_1_PXX","PXX","ARTSCO",2017,6
"12_1_PXX","PXX","ARTSCO",2018,6
"12_1_PXX","PXX","ARTSCO",2019,5
"12_1_PXX","PXX","ARTSCO",2020,2
"12_1_PXX","PXX","ARTSCO",2021,2
"12_1_PXX","PXX","ARTSCO",2022,4
"12_1_PXX","PXX","ARTSCO",2023,0.5
"12_1_PXX","PXX","ARTSCO",2024,1
"12_1_PXX","PXX","BISBIS",2006,9
"12_1_PXX","PXX","BISBIS",2007,4
"12_1_PXX","PXX","BISBIS",2008,7
"12_1_PXX","PXX","BISBIS",2009,9
"12_1_PXX","PXX","BISBIS",2010,8
"12_1_PXX","PXX","BISBIS",2011,16
"12_1_PXX","PXX","BISBIS",2012,11
"12_1_PXX","PXX","BISBIS",2013,9
"12_1_PXX","PXX","BISBIS",2014,9
"12_1_PXX","PXX","BISBIS",2015,12
"12_1_PXX","PXX","BISBIS",2016,9
"12_1_PXX","PXX","BISBIS",2017,12
"12_1_PXX","PXX","BISBIS",2018,6
"12_1_PXX","PXX","BISBIS",2019,2
"12_1_PXX","PXX","BISBIS",2020,0.5
"12_1_PXX","PXX","BISBIS",2021,3
"12_1_PXX","PXX","BISBIS",2022,5
"12_1_PXX","PXX","BISBIS",2023,3
"12_1_PXX","PXX","BISBIS",2024,6
"12_1_PXX","PXX","CALLEP",2006,5
"12_1_PXX","PXX","CALLEP",2007,4
"12_1_PXX","PXX","CALLEP",2008,8
"12_1_PXX","PXX","CALLEP",2009,7
"12_1_PXX","PXX","CALLEP",2010,4
"12_1_PXX","PXX","CALLEP",2011,8
"12_1_PXX","PXX","CALLEP",2012,9
"12_1_PXX","PXX","CALLEP",2013,8
"12_1_PXX","PXX","CALLEP",2014,6
"12_1_PXX","PXX","CALLEP",2015,3
"12_1_PXX","PXX","CALLEP",2016,2
"12_1_PXX","PXX","CALLEP",2017,5
"12_1_PXX","PXX","CALLEP",2018,4
"12_1_PXX","PXX","CALLEP",2019,2
"12_1_PXX","PXX","CALLEP",2020,0.5
"12_1_PXX","PXX","CALLEP",2021,4
"12_1_PXX","PXX","CALLEP",2022,1
"12_1_PXX","PXX","CALLEP",2023,2
"12_1_PXX","PXX","CALLEP",2024,0.5
"12_1_PXX","PXX","CARSCO",2006,12
"12_1_PXX","PXX","CARSCO",2007,10
"12_1_PXX","PXX","CARSCO",2008,6
"12_1_PXX","PXX","CARSCO",2009,12
"12_1_PXX","PXX","CARSCO",2010,7
"12_1_PXX","PXX","CARSCO",2011,7
"12_1_PXX","PXX","CARSCO",2012,10
"12_1_PXX","PXX","CARSCO",2013,9
"12_1_PXX","PXX","CARSCO",2014,13
"12_1_PXX","PXX","CARSCO",2015,9
"12_1_PXX","PXX","CARSCO",2016,8
"12_1_PXX","PXX","CARSCO",2017,15
"12_1_PXX","PXX","CARSCO",2018,6
"12_1_PXX","PXX","CARSCO",2019,5
"12_1_PXX","PXX","CARSCO",2020,9
"12_1_PXX","PXX","CARSCO",2021,26
"12_1_PXX","PXX","CARSCO",2022,12
"12_1_PXX","PXX","CARSCO",2023,14
"12_1_PXX","PXX","CARSCO",2024,7
"12_1_PXX","PXX","DESCES",2006,32
"12_1_PXX","PXX","DESCES",2007,34
"12_1_PXX","PXX","DESCES",2008,45
"12_1_PXX","PXX","DESCES",2009,37
"12_1_PXX","PXX","DESCES",2010,32
"12_1_PXX","PXX","DESCES",2011,39
"12_1_PXX","PXX","DESCES",2012,36
"12_1_PXX","PXX","DESCES",2013,39
"12_1_PXX","PXX","DESCES",2014,42
"12_1_PXX","PXX","DESCES",2015,45
"12_1_PXX","PXX","DESCES",2016,44
"12_1_PXX","PXX","DESCES",2017,38
"12_1_PXX","PXX","DESCES",2018,51
"12_1_PXX","PXX","DESCES",2019,59
"12_1_PXX","PXX","DESCES",2020,70
"12_1_PXX","PXX","DESCES",2021,53
"12_1_PXX","PXX","DESCES",2022,68
"12_1_PXX","PXX","DESCES",2023,71
"12_1_PXX","PXX","DESCES",2024,70
"12_1_PXX","PXX","GENALG",2006,11
"12_1_PXX","PXX","GENALG",2007,9
"12_1_PXX","PXX","GENALG",2008,6
"12_1_PXX","PXX","GENALG",2009,6
"12_1_PXX","PXX","GENALG",2010,6
"12_1_PXX","PXX","GENALG",2011,4
"12_1_PXX","PXX","GENALG",2012,6
"12_1_PXX","PXX","GENALG",2013,9
"12_1_PXX","PXX","GENALG",2014,2
"12_1_PXX","PXX","GENALG",2015,5
"12_1_PXX","PXX","GENALG",2016,2
"12_1_PXX","PXX","GENALG",2017,0.5
"12_1_PXX","PXX","GENALG",2018,1
"12_1_PXX","PXX","GENALG",2019,3
"12_1_PXX","PXX","GENALG",2020,0.5
"12_1_PXX","PXX","GENALG",2021,0.5
"12_1_PXX","PXX","GENALG",2022,0.5
"12_1_PXX","PXX","GENALG",2023,0.5
"12_1_PXX","PXX","GENALG",2024,0.5
"12_1_PXX","PXX","GEUROS",2006,13
"12_1_PXX","PXX","GEUROS",2007,23
"12_1_PXX","PXX","GEUROS",2008,11
"12_1_PXX","PXX","GEUROS",2009,9
"12_1_PXX","PXX","GEUROS",2010,5
"12_1_PXX","PXX","GEUROS",2011,8
"12_1_PXX","PXX","GEUROS",2012,10
"12_1_PXX","PXX","GEUROS",2013,7
"12_1_PXX","PXX","GEUROS",2014,6
"12_1_PXX","PXX","GEUROS",2015,7
"12_1_PXX","PXX","GEUROS",2016,7
"12_1_PXX","PXX","GEUROS",2017,3
"12_1_PXX","PXX","GEUROS",2018,5
"12_1_PXX","PXX","GEUROS",2019,2
"12_1_PXX","PXX","GEUROS",2020,2
"12_1_PXX","PXX","GEUROS",2021,2
"12_1_PXX","PXX","GEUROS",2022,2
"12_1_PXX","PXX","GEUROS",2023,3
"12_1_PXX","PXX","GEUROS",2024,2
"12_1_PXX","PXX","TRIPAR",2006,3
"12_1_PXX","PXX","TRIPAR",2007,8
"12_1_PXX","PXX","TRIPAR",2008,3
"12_1_PXX","PXX","TRIPAR",2009,4
"12_1_PXX","PXX","TRIPAR",2010,2
"12_1_PXX","PXX","TRIPAR",2011,8
"12_1_PXX","PXX","TRIPAR",2012,6
"12_1_PXX","PXX","TRIPAR",2013,7
"12_1_PXX","PXX","TRIPAR",2014,4
"12_1_PXX","PXX","TRIPAR",2015,5
"12_1_PXX","PXX","TRIPAR",2016,5
"12_1_PXX","PXX","TRIPAR",2017,8
"12_1_PXX","PXX","TRIPAR",2018,4
"12_1_PXX","PXX","TRIPAR",2019,3
"12_1_PXX","PXX","TRIPAR",2020,4
"12_1_PXX","PXX","TRIPAR",2021,8
"12_1_PXX","PXX","TRIPAR",2022,6
"12_1_PXX","PXX","TRIPAR",2023,1
"12_1_PXX","PXX","TRIPAR",2024,2
"16_1_PXX","PXX","ARTSCO",2006,11
"16_1_PXX","PXX","ARTSCO",2007,14
"16_1_PXX","PXX","ARTSCO",2008,4
"16_1_PXX","PXX","ARTSCO",2009,3
"16_1_PXX","PXX","ARTSCO",2010,8
"16_1_PXX","PXX","ARTSCO",2011,5
"16_1_PXX","PXX","ARTSCO",2012,7
"16_1_PXX","PXX","ARTSCO",2013,6
"16_1_PXX","PXX","ARTSCO",2014,7
"16_1_PXX","PXX","ARTSCO",2015,8
"16_1_PXX","PXX","ARTSCO",2016,6
"16_1_PXX","PXX","ARTSCO",2017,3
"16_1_PXX","PXX","ARTSCO",2018,5
"16_1_PXX","PXX","ARTSCO",2019,3
"16_1_PXX","PXX","ARTSCO",2020,1
"16_1_PXX","PXX","ARTSCO",2021,6
"16_1_PXX","PXX","ARTSCO",2022,4
"16_1_PXX","PXX","ARTSCO",2023,6
"16_1_PXX","PXX","ARTSCO",2024,4
"16_1_PXX","PXX","BISBIS",2006,7
"16_1_PXX","PXX","BISBIS",2007,6
"16_1_PXX","PXX","BISBIS",2008,15
"16_1_PXX","PXX","BISBIS",2009,14
"16_1_PXX","PXX","BISBIS",2010,7
"16_1_PXX","PXX","BISBIS",2011,7
"16_1_PXX","PXX","BISBIS",2012,7
"16_1_PXX","PXX","BISBIS",2013,10
"16_1_PXX","PXX","BISBIS",2014,8
"16_1_PXX","PXX","BISBIS",2015,7
"16_1_PXX","PXX","BISBIS",2016,6
"16_1_PXX","PXX","BISBIS",2017,14
"16_1_PXX","PXX","BISBIS",2018,6
"16_1_PXX","PXX","BISBIS",2019,0.5
"16_1_PXX","PXX","BISBIS",2020,1
"16_1_PXX","PXX","BISBIS",2021,0.5
"16_1_PXX","PXX","BISBIS",2022,3
"16_1_PXX","PXX","BISBIS",2023,5
"16_1_PXX","PXX","BISBIS",2024,1
"16_1_PXX","PXX","CALLEP",2006,1
"16_1_PXX","PXX","CALLEP",2007,0.5
"16_1_PXX","PXX","CALLEP",2008,6
"16_1_PXX","PXX","CALLEP",2009,3
"16_1_PXX","PXX","CALLEP",2010,2
"16_1_PXX","PXX","CALLEP",2011,2
"16_1_PXX","PXX","CALLEP",2012,2
"16_1_PXX","PXX","CALLEP",2013,3
"16_1_PXX","PXX","CALLEP",2014,2
"16_1_PXX","PXX","CALLEP",2015,3
"16_1_PXX","PXX","CALLEP",2016,0.5
"16_1_PXX","PXX","CALLEP",2017,2
"16_1_PXX","PXX","CALLEP",2018,0.5
"16_1_PXX","PXX","CALLEP",2019,1
"16_1_PXX","PXX","CALLEP",2020,0.5
"16_1_PXX","PXX","CALLEP",2021,3
"16_1_PXX","PXX","CALLEP",2022,0.5
"16_1_PXX","PXX","CALLEP",2023,3
"16_1_PXX","PXX","CALLEP",2024,2
"16_1_PXX","PXX","CARSCO",2006,10
"16_1_PXX","PXX","CARSCO",2007,9
"16_1_PXX","PXX","CARSCO",2008,5
"16_1_PXX","PXX","CARSCO",2009,2
"16_1_PXX","PXX","CARSCO",2010,3
"16_1_PXX","PXX","CARSCO",2011,3
"16_1_PXX","PXX","CARSCO",2012,9
"16_1_PXX","PXX","CARSCO",2013,1
"16_1_PXX","PXX","CARSCO",2014,4
"16_1_PXX","PXX","CARSCO",2015,10
"16_1_PXX","PXX","CARSCO",2016,7
"16_1_PXX","PXX","CARSCO",2017,9
"16_1_PXX","PXX","CARSCO",2018,4
"16_1_PXX","PXX","CARSCO",2019,4
"16_1_PXX","PXX","CARSCO",2020,2
"16_1_PXX","PXX","CARSCO",2021,8
"16_1_PXX","PXX","CARSCO",2022,18
"16_1_PXX","PXX","CARSCO",2023,7
"16_1_PXX","PXX","CARSCO",2024,11
"16_1_PXX","PXX","DESCES",2006,37
"16_1_PXX","PXX","DESCES",2007,38
"16_1_PXX","PXX","DESCES",2008,48
"16_1_PXX","PXX","DESCES",2009,49
"16_1_PXX","PXX","DESCES",2010,50
"16_1_PXX","PXX","DESCES",2011,73
"16_1_PXX","PXX","DESCES",2012,46
"16_1_PXX","PXX","DESCES",2013,53
"16_1_PXX","PXX","DESCES",2014,56
"16_1_PXX","PXX","DESCES",2015,50
"16_1_PXX","PXX","DESCES",2016,52
"16_1_PXX","PXX","DESCES",2017,39
"16_1_PXX","PXX","DESCES",2018,65
"16_1_PXX","PXX","DESCES",2019,61
"16_1_PXX","PXX","DESCES",2020,77
"16_1_PXX","PXX","DESCES",2021,76
"16_1_PXX","PXX","DESCES",2022,67
"16_1_PXX","PXX","DESCES",2023,70
"16_1_PXX","PXX","DESCES",2024,74
"16_1_PXX","PXX","GENALG",2006,10
"16_1_PXX","PXX","GENALG",2007,5
"16_1_PXX","PXX","GENALG",2008,1
"16_1_PXX","PXX","GENALG",2009,4
"16_1_PXX","PXX","GENALG",2010,1
"16_1_PXX","PXX","GENALG",2011,1
"16_1_PXX","PXX","GENALG",2012,3
"16_1_PXX","PXX","GENALG",2013,2
"16_1_PXX","PXX","GENALG",2014,2
"16_1_PXX","PXX","GENALG",2015,2
"16_1_PXX","PXX","GENALG",2016,1
"16_1_PXX","PXX","GENALG",2017,2
"16_1_PXX","PXX","GENALG",2018,1
"16_1_PXX","PXX","GENALG",2019,2
"16_1_PXX","PXX","GENALG",2020,0.5
"16_1_PXX","PXX","GENALG",2021,0.5
"16_1_PXX","PXX","GENALG",2022,0.5
"16_1_PXX","PXX","GENALG",2023,1
"16_1_PXX","PXX","GENALG",2024,4
"16_1_PXX","PXX","GEUROS",2006,5
"16_1_PXX","PXX","GEUROS",2007,2
"16_1_PXX","PXX","GEUROS",2008,2
"16_1_PXX","PXX","GEUROS",2009,5
"16_1_PXX","PXX","GEUROS",2010,2
"16_1_PXX","PXX","GEUROS",2011,2
"16_1_PXX","PXX","GEUROS",2012,1
"16_1_PXX","PXX","GEUROS",2013,1
"16_1_PXX","PXX","GEUROS",2014,3
"16_1_PXX","PXX","GEUROS",2015,2
"16_1_PXX","PXX","GEUROS",2016,2
"16_1_PXX","PXX","GEUROS",2017,0.5
"16_1_PXX","PXX","GEUROS",2018,2
"16_1_PXX","PXX","GEUROS",2019,0.5
"16_1_PXX","PXX","GEUROS",2020,0.5
"16_1_PXX","PXX","GEUROS",2021,0.5
"16_1_PXX","PXX","GEUROS",2022,1
"16_1_PXX","PXX","GEUROS",2023,1
"16_1_PXX","PXX","GEUROS",2024,0
"16_1_PXX","PXX","TRIPAR",2006,8
"16_1_PXX","PXX","TRIPAR",2007,14
"16_1_PXX","PXX","TRIPAR",2008,18
"16_1_PXX","PXX","TRIPAR",2009,12
"16_1_PXX","PXX","TRIPAR",2010,15
"16_1_PXX","PXX","TRIPAR",2011,6
"16_1_PXX","PXX","TRIPAR",2012,4
"16_1_PXX","PXX","TRIPAR",2013,13
"16_1_PXX","PXX","TRIPAR",2014,9
"16_1_PXX","PXX","TRIPAR",2015,11
"16_1_PXX","PXX","TRIPAR",2016,13
"16_1_PXX","PXX","TRIPAR",2017,13
"16_1_PXX","PXX","TRIPAR",2018,4
"16_1_PXX","PXX","TRIPAR",2019,7
"16_1_PXX","PXX","TRIPAR",2020,2
"16_1_PXX","PXX","TRIPAR",2021,5
"16_1_PXX","PXX","TRIPAR",2022,4
"16_1_PXX","PXX","TRIPAR",2023,4
"16_1_PXX","PXX","TRIPAR",2024,4
"17_2_XNX","XNX","ARTSCO",2006,14
"17_2_XNX","XNX","ARTSCO",2007,15
"17_2_XNX","XNX","ARTSCO",2008,18
"17_2_XNX","XNX","ARTSCO",2009,16
"17_2_XNX","XNX","ARTSCO",2010,9
"17_2_XNX","XNX","ARTSCO",2011,6
"17_2_XNX","XNX","ARTSCO",2012,7
"17_2_XNX","XNX","ARTSCO",2013,8
"17_2_XNX","XNX","ARTSCO",2014,14
"17_2_XNX","XNX","ARTSCO",2015,13
"17_2_XNX","XNX","ARTSCO",2016,8
"17_2_XNX","XNX","ARTSCO",2017,9
"17_2_XNX","XNX","ARTSCO",2018,12
"17_2_XNX","XNX","ARTSCO",2019,8
"17_2_XNX","XNX","ARTSCO",2020,6
"17_2_XNX","XNX","ARTSCO",2021,8
"17_2_XNX","XNX","ARTSCO",2022,8
"17_2_XNX","XNX","ARTSCO",2023,14
"17_2_XNX","XNX","ARTSCO",2024,12
"17_2_XNX","XNX","BISBIS",2006,1
"17_2_XNX","XNX","BISBIS",2007,4
"17_2_XNX","XNX","BISBIS",2008,5
"17_2_XNX","XNX","BISBIS",2009,6
"17_2_XNX","XNX","BISBIS",2010,6
"17_2_XNX","XNX","BISBIS",2011,2
"17_2_XNX","XNX","BISBIS",2012,1
"17_2_XNX","XNX","BISBIS",2013,2
"17_2_XNX","XNX","BISBIS",2014,4
"17_2_XNX","XNX","BISBIS",2015,6
"17_2_XNX","XNX","BISBIS",2016,1
"17_2_XNX","XNX","BISBIS",2017,3
"17_2_XNX","XNX","BISBIS",2018,5
"17_2_XNX","XNX","BISBIS",2019,4
"17_2_XNX","XNX","BISBIS",2020,3
"17_2_XNX","XNX","BISBIS",2021,4
"17_2_XNX","XNX","BISBIS",2022,3
"17_2_XNX","XNX","BISBIS",2023,3
"17_2_XNX","XNX","BISBIS",2024,2
"17_2_XNX","XNX","CALLEP",2006,0
"17_2_XNX","XNX","CALLEP",2007,0.5
"17_2_XNX","XNX","CALLEP",2008,1
"17_2_XNX","XNX","CALLEP",2009,1
"17_2_XNX","XNX","CALLEP",2010,0
"17_2_XNX","XNX","CALLEP",2011,0.5
"17_2_XNX","XNX","CALLEP",2012,0.5
"17_2_XNX","XNX","CALLEP",2013,0.5
"17_2_XNX","XNX","CALLEP",2014,0.5
"17_2_XNX","XNX","CALLEP",2015,0.5
"17_2_XNX","XNX","CALLEP",2016,0.5
"17_2_XNX","XNX","CALLEP",2017,0.5
"17_2_XNX","XNX","CALLEP",2018,0.5
"17_2_XNX","XNX","CALLEP",2019,0.5
"17_2_XNX","XNX","CALLEP",2020,0.5
"17_2_XNX","XNX","CALLEP",2021,0.5
"17_2_XNX","XNX","CALLEP",2022,0.5
"17_2_XNX","XNX","CALLEP",2023,1
"17_2_XNX","XNX","CALLEP",2024,1
"17_2_XNX","XNX","CARSCO",2006,4
"17_2_XNX","XNX","CARSCO",2007,2
"17_2_XNX","XNX","CARSCO",2008,5
"17_2_XNX","XNX","CARSCO",2009,5
"17_2_XNX","XNX","CARSCO",2010,9
"17_2_XNX","XNX","CARSCO",2011,4
"17_2_XNX","XNX","CARSCO",2012,8
"17_2_XNX","XNX","CARSCO",2013,9
"17_2_XNX","XNX","CARSCO",2014,7
"17_2_XNX","XNX","CARSCO",2015,5
"17_2_XNX","XNX","CARSCO",2016,3
"17_2_XNX","XNX","CARSCO",2017,4
"17_2_XNX","XNX","CARSCO",2018,4
"17_2_XNX","XNX","CARSCO",2019,5
"17_2_XNX","XNX","CARSCO",2020,4
"17_2_XNX","XNX","CARSCO",2021,0.5
"17_2_XNX","XNX","CARSCO",2022,4
"17_2_XNX","XNX","CARSCO",2023,6
"17_2_XNX","XNX","CARSCO",2024,2
"17_2_XNX","XNX","DESCES",2006,26
"17_2_XNX","XNX","DESCES",2007,27
"17_2_XNX","XNX","DESCES",2008,44
"17_2_XNX","XNX","DESCES",2009,41
"17_2_XNX","XNX","DESCES",2010,60
"17_2_XNX","XNX","DESCES",2011,61
"17_2_XNX","XNX","DESCES",2012,38
"17_2_XNX","XNX","DESCES",2013,56
"17_2_XNX","XNX","DESCES",2014,48
"17_2_XNX","XNX","DESCES",2015,45
"17_2_XNX","XNX","DESCES",2016,54
"17_2_XNX","XNX","DESCES",2017,56
"17_2_XNX","XNX","DESCES",2018,51
"17_2_XNX","XNX","DESCES",2019,64
"17_2_XNX","XNX","DESCES",2020,55
"17_2_XNX","XNX","DESCES",2021,54
"17_2_XNX","XNX","DESCES",2022,45
"17_2_XNX","XNX","DESCES",2023,38
"17_2_XNX","XNX","DESCES",2024,39
"17_2_XNX","XNX","GENALG",2006,12
"17_2_XNX","XNX","GENALG",2007,6
"17_2_XNX","XNX","GENALG",2008,2
"17_2_XNX","XNX","GENALG",2009,5
"17_2_XNX","XNX","GENALG",2010,1
"17_2_XNX","XNX","GENALG",2011,1
"17_2_XNX","XNX","GENALG",2012,2
"17_2_XNX","XNX","GENALG",2013,3
"17_2_XNX","XNX","GENALG",2014,2
"17_2_XNX","XNX","GENALG",2015,1
"17_2_XNX","XNX","GENALG",2016,0.5
"17_2_XNX","XNX","GENALG",2017,0.5
"17_2_XNX","XNX","GENALG",2018,3
"17_2_XNX","XNX","GENALG",2019,1
"17_2_XNX","XNX","GENALG",2020,0.5
"17_2_XNX","XNX","GENALG",2021,1
"17_2_XNX","XNX","GENALG",2022,1
"17_2_XNX","XNX","GENALG",2023,2
"17_2_XNX","XNX","GENALG",2024,4
"17_2_XNX","XNX","GEUROS",2006,21
"17_2_XNX","XNX","GEUROS",2007,16
"17_2_XNX","XNX","GEUROS",2008,7
"17_2_XNX","XNX","GEUROS",2009,5
"17_2_XNX","XNX","GEUROS",2010,3
"17_2_XNX","XNX","GEUROS",2011,2
"17_2_XNX","XNX","GEUROS",2012,6
"17_2_XNX","XNX","GEUROS",2013,6
"17_2_XNX","XNX","GEUROS",2014,3
"17_2_XNX","XNX","GEUROS",2015,6
"17_2_XNX","XNX","GEUROS",2016,4
"17_2_XNX","XNX","GEUROS",2017,4
"17_2_XNX","XNX","GEUROS",2018,5
"17_2_XNX","XNX","GEUROS",2019,2
"17_2_XNX","XNX","GEUROS",2020,5
"17_2_XNX","XNX","GEUROS",2021,10
"17_2_XNX","XNX","GEUROS",2022,9
"17_2_XNX","XNX","GEUROS",2023,4
"17_2_XNX","XNX","GEUROS",2024,9
"17_2_XNX","XNX","TRIPAR",2006,3
"17_2_XNX","XNX","TRIPAR",2007,7
"17_2_XNX","XNX","TRIPAR",2008,4
"17_2_XNX","XNX","TRIPAR",2009,5
"17_2_XNX","XNX","TRIPAR",2010,5
"17_2_XNX","XNX","TRIPAR",2011,3
"17_2_XNX","XNX","TRIPAR",2012,4
"17_2_XNX","XNX","TRIPAR",2013,5
"17_2_XNX","XNX","TRIPAR",2014,5
"17_2_XNX","XNX","TRIPAR",2015,3
"17_2_XNX","XNX","TRIPAR",2016,5
"17_2_XNX","XNX","TRIPAR",2017,1
"17_2_XNX","XNX","TRIPAR",2018,4
"17_2_XNX","XNX","TRIPAR",2019,3
"17_2_XNX","XNX","TRIPAR",2020,5
"17_2_XNX","XNX","TRIPAR",2021,5
"17_2_XNX","XNX","TRIPAR",2022,5
"17_2_XNX","XNX","TRIPAR",2023,7
"17_2_XNX","XNX","TRIPAR",2024,8
"18_2_XXW","XXW","ARTSCO",2006,6
"18_2_XXW","XXW","ARTSCO",2007,6
"18_2_XXW","XXW","ARTSCO",2008,4
"18_2_XXW","XXW","ARTSCO",2009,12
"18_2_XXW","XXW","ARTSCO",2010,12
"18_2_XXW","XXW","ARTSCO",2011,6
"18_2_XXW","XXW","ARTSCO",2012,3
"18_2_XXW","XXW","ARTSCO",2013,9
"18_2_XXW","XXW","ARTSCO",2014,10
"18_2_XXW","XXW","ARTSCO",2015,9
"18_2_XXW","XXW","ARTSCO",2016,6
"18_2_XXW","XXW","ARTSCO",2017,6
"18_2_XXW","XXW","ARTSCO",2018,5
"18_2_XXW","XXW","ARTSCO",2019,7
"18_2_XXW","XXW","ARTSCO",2020,3
"18_2_XXW","XXW","ARTSCO",2021,12
"18_2_XXW","XXW","ARTSCO",2022,6
"18_2_XXW","XXW","ARTSCO",2023,8
"18_2_XXW","XXW","ARTSCO",2024,7
"18_2_XXW","XXW","BISBIS",2006,5
"18_2_XXW","XXW","BISBIS",2007,2
"18_2_XXW","XXW","BISBIS",2008,7
"18_2_XXW","XXW","BISBIS",2009,5
"18_2_XXW","XXW","BISBIS",2010,3
"18_2_XXW","XXW","BISBIS",2011,2
"18_2_XXW","XXW","BISBIS",2012,8
"18_2_XXW","XXW","BISBIS",2013,2
"18_2_XXW","XXW","BISBIS",2014,2
"18_2_XXW","XXW","BISBIS",2015,1
"18_2_XXW","XXW","BISBIS",2016,0.5
"18_2_XXW","XXW","BISBIS",2017,3
"18_2_XXW","XXW","BISBIS",2018,3
"18_2_XXW","XXW","BISBIS",2019,5
"18_2_XXW","XXW","BISBIS",2020,2
"18_2_XXW","XXW","BISBIS",2021,0.5
"18_2_XXW","XXW","BISBIS",2022,3
"18_2_XXW","XXW","BISBIS",2023,4
"18_2_XXW","XXW","BISBIS",2024,1
"18_2_XXW","XXW","CALLEP",2006,1
"18_2_XXW","XXW","CALLEP",2007,3
"18_2_XXW","XXW","CALLEP",2008,1
"18_2_XXW","XXW","CALLEP",2009,0
"18_2_XXW","XXW","CALLEP",2010,0.5
"18_2_XXW","XXW","CALLEP",2011,2
"18_2_XXW","XXW","CALLEP",2012,2
"18_2_XXW","XXW","CALLEP",2013,1
"18_2_XXW","XXW","CALLEP",2014,2
"18_2_XXW","XXW","CALLEP",2015,1
"18_2_XXW","XXW","CALLEP",2016,1
"18_2_XXW","XXW","CALLEP",2017,2
"18_2_XXW","XXW","CALLEP",2018,2
"18_2_XXW","XXW","CALLEP",2019,0.5
"18_2_XXW","XXW","CALLEP",2020,0.5
"18_2_XXW","XXW","CALLEP",2021,0.5
"18_2_XXW","XXW","CALLEP",2022,0.5
"18_2_XXW","XXW","CALLEP",2023,0.5
"18_2_XXW","XXW","CALLEP",2024,0.5
"18_2_XXW","XXW","CARSCO",2006,4
"18_2_XXW","XXW","CARSCO",2007,4
"18_2_XXW","XXW","CARSCO",2008,2
"18_2_XXW","XXW","CARSCO",2009,3
"18_2_XXW","XXW","CARSCO",2010,2
"18_2_XXW","XXW","CARSCO",2011,1
"18_2_XXW","XXW","CARSCO",2012,2
"18_2_XXW","XXW","CARSCO",2013,2
"18_2_XXW","XXW","CARSCO",2014,1
"18_2_XXW","XXW","CARSCO",2015,2
"18_2_XXW","XXW","CARSCO",2016,1
"18_2_XXW","XXW","CARSCO",2017,1
"18_2_XXW","XXW","CARSCO",2018,2
"18_2_XXW","XXW","CARSCO",2019,0.5
"18_2_XXW","XXW","CARSCO",2020,1
"18_2_XXW","XXW","CARSCO",2021,1
"18_2_XXW","XXW","CARSCO",2022,2
"18_2_XXW","XXW","CARSCO",2023,0.5
"18_2_XXW","XXW","CARSCO",2024,3
"18_2_XXW","XXW","DESCES",2006,51
"18_2_XXW","XXW","DESCES",2007,43
"18_2_XXW","XXW","DESCES",2008,69
"18_2_XXW","XXW","DESCES",2009,45
"18_2_XXW","XXW","DESCES",2010,49
"18_2_XXW","XXW","DESCES",2011,60
"18_2_XXW","XXW","DESCES",2012,33
"18_2_XXW","XXW","DESCES",2013,48
"18_2_XXW","XXW","DESCES",2014,49
"18_2_XXW","XXW","DESCES",2015,51
"18_2_XXW","XXW","DESCES",2016,49
"18_2_XXW","XXW","DESCES",2017,56
"18_2_XXW","XXW","DESCES",2018,47
"18_2_XXW","XXW","DESCES",2019,46
"18_2_XXW","XXW","DESCES",2020,52
"18_2_XXW","XXW","DESCES",2021,43
"18_2_XXW","XXW","DESCES",2022,48
"18_2_XXW","XXW","DESCES",2023,36
"18_2_XXW","XXW","DESCES",2024,42
"18_2_XXW","XXW","GENALG",2006,0
"18_2_XXW","XXW","GENALG",2007,0
"18_2_XXW","XXW","GENALG",2008,0
"18_2_XXW","XXW","GENALG",2009,0
"18_2_XXW","XXW","GENALG",2010,0
"18_2_XXW","XXW","GENALG",2011,0
"18_2_XXW","XXW","GENALG",2012,1
"18_2_XXW","XXW","GENALG",2013,0
"18_2_XXW","XXW","GENALG",2014,0
"18_2_XXW","XXW","GENALG",2015,0
"18_2_XXW","XXW","GENALG",2016,0
"18_2_XXW","XXW","GENALG",2017,0
"18_2_XXW","XXW","GENALG",2018,0
"18_2_XXW","XXW","GENALG",2019,0
"18_2_XXW","XXW","GENALG",2020,0
"18_2_XXW","XXW","GENALG",2021,0
"18_2_XXW","XXW","GENALG",2022,0
"18_2_XXW","XXW","GENALG",2023,0
"18_2_XXW","XXW","GENALG",2024,0
"18_2_XXW","XXW","GEUROS",2006,15
"18_2_XXW","XXW","GEUROS",2007,20
"18_2_XXW","XXW","GEUROS",2008,13
"18_2_XXW","XXW","GEUROS",2009,23
"18_2_XXW","XXW","GEUROS",2010,20
"18_2_XXW","XXW","GEUROS",2011,15
"18_2_XXW","XXW","GEUROS",2012,18
"18_2_XXW","XXW","GEUROS",2013,23
"18_2_XXW","XXW","GEUROS",2014,19
"18_2_XXW","XXW","GEUROS",2015,22
"18_2_XXW","XXW","GEUROS",2016,18
"18_2_XXW","XXW","GEUROS",2017,13
"18_2_XXW","XXW","GEUROS",2018,23
"18_2_XXW","XXW","GEUROS",2019,19
"18_2_XXW","XXW","GEUROS",2020,22
"18_2_XXW","XXW","GEUROS",2021,21
"18_2_XXW","XXW","GEUROS",2022,23
"18_2_XXW","XXW","GEUROS",2023,21
"18_2_XXW","XXW","GEUROS",2024,31
"18_2_XXW","XXW","TRIPAR",2006,0.5
"18_2_XXW","XXW","TRIPAR",2007,0.5
"18_2_XXW","XXW","TRIPAR",2008,0.5
"18_2_XXW","XXW","TRIPAR",2009,1
"18_2_XXW","XXW","TRIPAR",2010,3
"18_2_XXW","XXW","TRIPAR",2011,1
"18_2_XXW","XXW","TRIPAR",2012,0.5
"18_2_XXW","XXW","TRIPAR",2013,0.5
"18_2_XXW","XXW","TRIPAR",2014,2
"18_2_XXW","XXW","TRIPAR",2015,1
"18_2_XXW","XXW","TRIPAR",2016,0.5
"18_2_XXW","XXW","TRIPAR",2017,1
"18_2_XXW","XXW","TRIPAR",2018,1
"18_2_XXW","XXW","TRIPAR",2019,1
"18_2_XXW","XXW","TRIPAR",2020,1
"18_2_XXW","XXW","TRIPAR",2021,1
"18_2_XXW","XXW","TRIPAR",2022,0.5
"18_2_XXW","XXW","TRIPAR",2023,1
"18_2_XXW","XXW","TRIPAR",2024,0.5
"20_2_XNX","XNX","ARTSCO",2006,6
"20_2_XNX","XNX","ARTSCO",2007,9
"20_2_XNX","XNX","ARTSCO",2008,9
"20_2_XNX","XNX","ARTSCO",2009,10
"20_2_XNX","XNX","ARTSCO",2010,6
"20_2_XNX","XNX","ARTSCO",2011,2
"20_2_XNX","XNX","ARTSCO",2012,2
"20_2_XNX","XNX","ARTSCO",2013,4
"20_2_XNX","XNX","ARTSCO",2014,8
"20_2_XNX","XNX","ARTSCO",2015,10
"20_2_XNX","XNX","ARTSCO",2016,4
"20_2_XNX","XNX","ARTSCO",2017,8
"20_2_XNX","XNX","ARTSCO",2018,6
"20_2_XNX","XNX","ARTSCO",2019,9
"20_2_XNX","XNX","ARTSCO",2020,8
"20_2_XNX","XNX","ARTSCO",2021,8
"20_2_XNX","XNX","ARTSCO",2022,7
"20_2_XNX","XNX","ARTSCO",2023,15
"20_2_XNX","XNX","ARTSCO",2024,13
"20_2_XNX","XNX","BISBIS",2006,5
"20_2_XNX","XNX","BISBIS",2007,5
"20_2_XNX","XNX","BISBIS",2008,5
"20_2_XNX","XNX","BISBIS",2009,12
"20_2_XNX","XNX","BISBIS",2010,8
"20_2_XNX","XNX","BISBIS",2011,1
"20_2_XNX","XNX","BISBIS",2012,8
"20_2_XNX","XNX","BISBIS",2013,6
"20_2_XNX","XNX","BISBIS",2014,2
"20_2_XNX","XNX","BISBIS",2015,7
"20_2_XNX","XNX","BISBIS",2016,4
"20_2_XNX","XNX","BISBIS",2017,3
"20_2_XNX","XNX","BISBIS",2018,5
"20_2_XNX","XNX","BISBIS",2019,4
"20_2_XNX","XNX","BISBIS",2020,1
"20_2_XNX","XNX","BISBIS",2021,2
"20_2_XNX","XNX","BISBIS",2022,2
"20_2_XNX","XNX","BISBIS",2023,3
"20_2_XNX","XNX","BISBIS",2024,3
"20_2_XNX","XNX","CALLEP",2006,1
"20_2_XNX","XNX","CALLEP",2007,4
"20_2_XNX","XNX","CALLEP",2008,1
"20_2_XNX","XNX","CALLEP",2009,4
"20_2_XNX","XNX","CALLEP",2010,3
"20_2_XNX","XNX","CALLEP",2011,1
"20_2_XNX","XNX","CALLEP",2012,2
"20_2_XNX","XNX","CALLEP",2013,0.5
"20_2_XNX","XNX","CALLEP",2014,0.5
"20_2_XNX","XNX","CALLEP",2015,0.5
"20_2_XNX","XNX","CALLEP",2016,2
"20_2_XNX","XNX","CALLEP",2017,1
"20_2_XNX","XNX","CALLEP",2018,4
"20_2_XNX","XNX","CALLEP",2019,3
"20_2_XNX","XNX","CALLEP",2020,1
"20_2_XNX","XNX","CALLEP",2021,2
"20_2_XNX","XNX","CALLEP",2022,0.5
"20_2_XNX","XNX","CALLEP",2023,2
"20_2_XNX","XNX","CALLEP",2024,2
"20_2_XNX","XNX","CARSCO",2006,3
"20_2_XNX","XNX","CARSCO",2007,4
"20_2_XNX","XNX","CARSCO",2008,7
"20_2_XNX","XNX","CARSCO",2009,10
"20_2_XNX","XNX","CARSCO",2010,10
"20_2_XNX","XNX","CARSCO",2011,11
"20_2_XNX","XNX","CARSCO",2012,9
"20_2_XNX","XNX","CARSCO",2013,8
"20_2_XNX","XNX","CARSCO",2014,3
"20_2_XNX","XNX","CARSCO",2015,5
"20_2_XNX","XNX","CARSCO",2016,2
"20_2_XNX","XNX","CARSCO",2017,2
"20_2_XNX","XNX","CARSCO",2018,8
"20_2_XNX","XNX","CARSCO",2019,5
"20_2_XNX","XNX","CARSCO",2020,2
"20_2_XNX","XNX","CARSCO",2021,3
"20_2_XNX","XNX","CARSCO",2022,4
"20_2_XNX","XNX","CARSCO",2023,2
"20_2_XNX","XNX","CARSCO",2024,3
"20_2_XNX","XNX","DESCES",2006,43
"20_2_XNX","XNX","DESCES",2007,36
"20_2_XNX","XNX","DESCES",2008,55
"20_2_XNX","XNX","DESCES",2009,32
"20_2_XNX","XNX","DESCES",2010,48
"20_2_XNX","XNX","DESCES",2011,67
"20_2_XNX","XNX","DESCES",2012,48
"20_2_XNX","XNX","DESCES",2013,59
"20_2_XNX","XNX","DESCES",2014,60
"20_2_XNX","XNX","DESCES",2015,59
"20_2_XNX","XNX","DESCES",2016,59
"20_2_XNX","XNX","DESCES",2017,61
"20_2_XNX","XNX","DESCES",2018,57
"20_2_XNX","XNX","DESCES",2019,57
"20_2_XNX","XNX","DESCES",2020,66
"20_2_XNX","XNX","DESCES",2021,70
"20_2_XNX","XNX","DESCES",2022,65
"20_2_XNX","XNX","DESCES",2023,58
"20_2_XNX","XNX","DESCES",2024,55
"20_2_XNX","XNX","GENALG",2006,2
"20_2_XNX","XNX","GENALG",2007,1
"20_2_XNX","XNX","GENALG",2008,2
"20_2_XNX","XNX","GENALG",2009,1
"20_2_XNX","XNX","GENALG",2010,0.5
"20_2_XNX","XNX","GENALG",2011,0.5
"20_2_XNX","XNX","GENALG",2012,0.5
"20_2_XNX","XNX","GENALG",2013,1
"20_2_XNX","XNX","GENALG",2014,2
"20_2_XNX","XNX","GENALG",2015,0.5
"20_2_XNX","XNX","GENALG",2016,0.5
"20_2_XNX","XNX","GENALG",2017,0.5
"20_2_XNX","XNX","GENALG",2018,0.5
"20_2_XNX","XNX","GENALG",2019,0.5
"20_2_XNX","XNX","GENALG",2020,0.5
"20_2_XNX","XNX","GENALG",2021,0.5
"20_2_XNX","XNX","GENALG",2022,0.5
"20_2_XNX","XNX","GENALG",2023,0.5
"20_2_XNX","XNX","GENALG",2024,1
"20_2_XNX","XNX","GEUROS",2006,25
"20_2_XNX","XNX","GEUROS",2007,31
"20_2_XNX","XNX","GEUROS",2008,15
"20_2_XNX","XNX","GEUROS",2009,23
"20_2_XNX","XNX","GEUROS",2010,15
"20_2_XNX","XNX","GEUROS",2011,11
"20_2_XNX","XNX","GEUROS",2012,9
"20_2_XNX","XNX","GEUROS",2013,12
"20_2_XNX","XNX","GEUROS",2014,13
"20_2_XNX","XNX","GEUROS",2015,11
"20_2_XNX","XNX","GEUROS",2016,9
"20_2_XNX","XNX","GEUROS",2017,6
"20_2_XNX","XNX","GEUROS",2018,5
"20_2_XNX","XNX","GEUROS",2019,7
"20_2_XNX","XNX","GEUROS",2020,6
"20_2_XNX","XNX","GEUROS",2021,7
"20_2_XNX","XNX","GEUROS",2022,10
"20_2_XNX","XNX","GEUROS",2023,9
"20_2_XNX","XNX","GEUROS",2024,13
"20_2_XNX","XNX","TRIPAR",2006,3
"20_2_XNX","XNX","TRIPAR",2007,0.5
"20_2_XNX","XNX","TRIPAR",2008,3
"20_2_XNX","XNX","TRIPAR",2009,0
"20_2_XNX","XNX","TRIPAR",2010,3
"20_2_XNX","XNX","TRIPAR",2011,2
"20_2_XNX","XNX","TRIPAR",2012,0.5
"20_2_XNX","XNX","TRIPAR",2013,1
"20_2_XNX","XNX","TRIPAR",2014,0.5
"20_2_XNX","XNX","TRIPAR",2015,2
"20_2_XNX","XNX","TRIPAR",2016,2
"20_2_XNX","XNX","TRIPAR",2017,2
"20_2_XNX","XNX","TRIPAR",2018,1
"20_2_XNX","XNX","TRIPAR",2019,2
"20_2_XNX","XNX","TRIPAR",2020,2
"20_2_XNX","XNX","TRIPAR",2021,2
"20_2_XNX","XNX","TRIPAR",2022,3
"20_2_XNX","XNX","TRIPAR",2023,1
"20_2_XNX","XNX","TRIPAR",2024,3
"21_2_XXW","XXW","ARTSCO",2006,22
"21_2_XXW","XXW","ARTSCO",2007,29
"21_2_XXW","XXW","ARTSCO",2008,24
"21_2_XXW","XXW","ARTSCO",2009,25
"21_2_XXW","XXW","ARTSCO",2010,25
"21_2_XXW","XXW","ARTSCO",2011,19
"21_2_XXW","XXW","ARTSCO",2012,17
"21_2_XXW","XXW","ARTSCO",2013,24
"21_2_XXW","XXW","ARTSCO",2014,25
"21_2_XXW","XXW","ARTSCO",2015,30
"21_2_XXW","XXW","ARTSCO",2016,23
"21_2_XXW","XXW","ARTSCO",2017,17
"21_2_XXW","XXW","ARTSCO",2018,22
"21_2_XXW","XXW","ARTSCO",2019,28
"21_2_XXW","XXW","ARTSCO",2020,23
"21_2_XXW","XXW","ARTSCO",2021,22
"21_2_XXW","XXW","ARTSCO",2022,21
"21_2_XXW","XXW","ARTSCO",2023,28
"21_2_XXW","XXW","ARTSCO",2024,24
"21_2_XXW","XXW","BISBIS",2006,2
"21_2_XXW","XXW","BISBIS",2007,6
"21_2_XXW","XXW","BISBIS",2008,9
"21_2_XXW","XXW","BISBIS",2009,3
"21_2_XXW","XXW","BISBIS",2010,3
"21_2_XXW","XXW","BISBIS",2011,6
"21_2_XXW","XXW","BISBIS",2012,8
"21_2_XXW","XXW","BISBIS",2013,3
"21_2_XXW","XXW","BISBIS",2014,1
"21_2_XXW","XXW","BISBIS",2015,1
"21_2_XXW","XXW","BISBIS",2016,3
"21_2_XXW","XXW","BISBIS",2017,3
"21_2_XXW","XXW","BISBIS",2018,1
"21_2_XXW","XXW","BISBIS",2019,4
"21_2_XXW","XXW","BISBIS",2020,3
"21_2_XXW","XXW","BISBIS",2021,5
"21_2_XXW","XXW","BISBIS",2022,2
"21_2_XXW","XXW","BISBIS",2023,2
"21_2_XXW","XXW","BISBIS",2024,1
"21_2_XXW","XXW","CALLEP",2006,0
"21_2_XXW","XXW","CALLEP",2007,0
"21_2_XXW","XXW","CALLEP",2008,0
"21_2_XXW","XXW","CALLEP",2009,0
"21_2_XXW","XXW","CALLEP",2010,0
"21_2_XXW","XXW","CALLEP",2011,0
"21_2_XXW","XXW","CALLEP",2012,0
"21_2_XXW","XXW","CALLEP",2013,0
"21_2_XXW","XXW","CALLEP",2014,0
"21_2_XXW","XXW","CALLEP",2015,0
"21_2_XXW","XXW","CALLEP",2016,0
"21_2_XXW","XXW","CALLEP",2017,0
"21_2_XXW","XXW","CALLEP",2018,0
"21_2_XXW","XXW","CALLEP",2019,0
"21_2_XXW","XXW","CALLEP",2020,0
"21_2_XXW","XXW","CALLEP",2021,0
"21_2_XXW","XXW","CALLEP",2022,0
"21_2_XXW","XXW","CALLEP",2023,0
"21_2_XXW","XXW","CALLEP",2024,0
"21_2_XXW","XXW","CARSCO",2006,0
"21_2_XXW","XXW","CARSCO",2007,0
"21_2_XXW","XXW","CARSCO",2008,0.5
"21_2_XXW","XXW","CARSCO",2009,1
"21_2_XXW","XXW","CARSCO",2010,1
"21_2_XXW","XXW","CARSCO",2011,2
"21_2_XXW","XXW","CARSCO",2012,3
"21_2_XXW","XXW","CARSCO",2013,2
"21_2_XXW","XXW","CARSCO",2014,0.5
"21_2_XXW","XXW","CARSCO",2015,2
"21_2_XXW","XXW","CARSCO",2016,1
"21_2_XXW","XXW","CARSCO",2017,1
"21_2_XXW","XXW","CARSCO",2018,2
"21_2_XXW","XXW","CARSCO",2019,0.5
"21_2_XXW","XXW","CARSCO",2020,2
"21_2_XXW","XXW","CARSCO",2021,0.5
"21_2_XXW","XXW","CARSCO",2022,0.5
"21_2_XXW","XXW","CARSCO",2023,1
"21_2_XXW","XXW","CARSCO",2024,0
"21_2_XXW","XXW","DESCES",2006,41
"21_2_XXW","XXW","DESCES",2007,24
"21_2_XXW","XXW","DESCES",2008,42
"21_2_XXW","XXW","DESCES",2009,32
"21_2_XXW","XXW","DESCES",2010,33
"21_2_XXW","XXW","DESCES",2011,41
"21_2_XXW","XXW","DESCES",2012,17
"21_2_XXW","XXW","DESCES",2013,20
"21_2_XXW","XXW","DESCES",2014,23
"21_2_XXW","XXW","DESCES",2015,30
"21_2_XXW","XXW","DESCES",2016,24
"21_2_XXW","XXW","DESCES",2017,40
"21_2_XXW","XXW","DESCES",2018,30
"21_2_XXW","XXW","DESCES",2019,32
"21_2_XXW","XXW","DESCES",2020,25
"21_2_XXW","XXW","DESCES",2021,22
"21_2_XXW","XXW","DESCES",2022,25
"21_2_XXW","XXW","DESCES",2023,17
"21_2_XXW","XXW","DESCES",2024,21
"21_2_XXW","XXW","GENALG",2006,6
"21_2_XXW","XXW","GENALG",2007,10
"21_2_XXW","XXW","GENALG",2008,8
"21_2_XXW","XXW","GENALG",2009,11
"21_2_XXW","XXW","GENALG",2010,3
"21_2_XXW","XXW","GENALG",2011,2
"21_2_XXW","XXW","GENALG",2012,6
"21_2_XXW","XXW","GENALG",2013,4
"21_2_XXW","XXW","GENALG",2014,3
"21_2_XXW","XXW","GENALG",2015,5
"21_2_XXW","XXW","GENALG",2016,5
"21_2_XXW","XXW","GENALG",2017,0.5
"21_2_XXW","XXW","GENALG",2018,3
"21_2_XXW","XXW","GENALG",2019,1
"21_2_XXW","XXW","GENALG",2020,0.5
"21_2_XXW","XXW","GENALG",2021,2
"21_2_XXW","XXW","GENALG",2022,0
"21_2_XXW","XXW","GENALG",2023,1
"21_2_XXW","XXW","GENALG",2024,2
"21_2_XXW","XXW","GEUROS",2006,12
"21_2_XXW","XXW","GEUROS",2007,20
"21_2_XXW","XXW","GEUROS",2008,4
"21_2_XXW","XXW","GEUROS",2009,11
"21_2_XXW","XXW","GEUROS",2010,6
"21_2_XXW","XXW","GEUROS",2011,7
"21_2_XXW","XXW","GEUROS",2012,8
"21_2_XXW","XXW","GEUROS",2013,7
"21_2_XXW","XXW","GEUROS",2014,12
"21_2_XXW","XXW","GEUROS",2015,9
"21_2_XXW","XXW","GEUROS",2016,9
"21_2_XXW","XXW","GEUROS",2017,7
"21_2_XXW","XXW","GEUROS",2018,7
"21_2_XXW","XXW","GEUROS",2019,5
"21_2_XXW","XXW","GEUROS",2020,3
"21_2_XXW","XXW","GEUROS",2021,5
"21_2_XXW","XXW","GEUROS",2022,3
"21_2_XXW","XXW","GEUROS",2023,3
"21_2_XXW","XXW","GEUROS",2024,2
"21_2_XXW","XXW","TRIPAR",2006,0
"21_2_XXW","XXW","TRIPAR",2007,3
"21_2_XXW","XXW","TRIPAR",2008,3
"21_2_XXW","XXW","TRIPAR",2009,5
"21_2_XXW","XXW","TRIPAR",2010,2
"21_2_XXW","XXW","TRIPAR",2011,2
"21_2_XXW","XXW","TRIPAR",2012,2
"21_2_XXW","XXW","TRIPAR",2013,3
"21_2_XXW","XXW","TRIPAR",2014,5
"21_2_XXW","XXW","TRIPAR",2015,2
"21_2_XXW","XXW","TRIPAR",2016,1
"21_2_XXW","XXW","TRIPAR",2017,2
"21_2_XXW","XXW","TRIPAR",2018,5
"21_2_XXW","XXW","TRIPAR",2019,3
"21_2_XXW","XXW","TRIPAR",2020,2
"21_2_XXW","XXW","TRIPAR",2021,6
"21_2_XXW","XXW","TRIPAR",2022,7
"21_2_XXW","XXW","TRIPAR",2023,4
"21_2_XXW","XXW","TRIPAR",2024,5
"22_2_XXX","XXX","ARTSCO",2006,4
"22_2_XXX","XXX","ARTSCO",2007,6
"22_2_XXX","XXX","ARTSCO",2008,3
"22_2_XXX","XXX","ARTSCO",2009,7
"22_2_XXX","XXX","ARTSCO",2010,8
"22_2_XXX","XXX","ARTSCO",2011,9
"22_2_XXX","XXX","ARTSCO",2012,4
"22_2_XXX","XXX","ARTSCO",2013,5
"22_2_XXX","XXX","ARTSCO",2014,6
"22_2_XXX","XXX","ARTSCO",2015,15
"22_2_XXX","XXX","ARTSCO",2016,3
"22_2_XXX","XXX","ARTSCO",2017,5
"22_2_XXX","XXX","ARTSCO",2018,6
"22_2_XXX","XXX","ARTSCO",2019,10
"22_2_XXX","XXX","ARTSCO",2020,7
"22_2_XXX","XXX","ARTSCO",2021,15
"22_2_XXX","XXX","ARTSCO",2022,8
"22_2_XXX","XXX","ARTSCO",2023,12
"22_2_XXX","XXX","ARTSCO",2024,13
"22_2_XXX","XXX","BISBIS",2006,2
"22_2_XXX","XXX","BISBIS",2007,2
"22_2_XXX","XXX","BISBIS",2008,4
"22_2_XXX","XXX","BISBIS",2009,12
"22_2_XXX","XXX","BISBIS",2010,5
"22_2_XXX","XXX","BISBIS",2011,1
"22_2_XXX","XXX","BISBIS",2012,3
"22_2_XXX","XXX","BISBIS",2013,1
"22_2_XXX","XXX","BISBIS",2014,5
"22_2_XXX","XXX","BISBIS",2015,4
"22_2_XXX","XXX","BISBIS",2016,1
"22_2_XXX","XXX","BISBIS",2017,1
"22_2_XXX","XXX","BISBIS",2018,1
"22_2_XXX","XXX","BISBIS",2019,3
"22_2_XXX","XXX","BISBIS",2020,1
"22_2_XXX","XXX","BISBIS",2021,2
"22_2_XXX","XXX","BISBIS",2022,3
"22_2_XXX","XXX","BISBIS",2023,0.5
"22_2_XXX","XXX","BISBIS",2024,1
"22_2_XXX","XXX","CALLEP",2006,0
"22_2_XXX","XXX","CALLEP",2007,0
"22_2_XXX","XXX","CALLEP",2008,0
"22_2_XXX","XXX","CALLEP",2009,0
"22_2_XXX","XXX","CALLEP",2010,0
"22_2_XXX","XXX","CALLEP",2011,0
"22_2_XXX","XXX","CALLEP",2012,0
"22_2_XXX","XXX","CALLEP",2013,0
"22_2_XXX","XXX","CALLEP",2014,0
"22_2_XXX","XXX","CALLEP",2015,0
"22_2_XXX","XXX","CALLEP",2016,0
"22_2_XXX","XXX","CALLEP",2017,0.5
"22_2_XXX","XXX","CALLEP",2018,0.5
"22_2_XXX","XXX","CALLEP",2019,0.5
"22_2_XXX","XXX","CALLEP",2020,0.5
"22_2_XXX","XXX","CALLEP",2021,0.5
"22_2_XXX","XXX","CALLEP",2022,0.5
"22_2_XXX","XXX","CALLEP",2023,0.5
"22_2_XXX","XXX","CALLEP",2024,0.5
"22_2_XXX","XXX","CARSCO",2006,2
"22_2_XXX","XXX","CARSCO",2007,2
"22_2_XXX","XXX","CARSCO",2008,4
"22_2_XXX","XXX","CARSCO",2009,6
"22_2_XXX","XXX","CARSCO",2010,9
"22_2_XXX","XXX","CARSCO",2011,1
"22_2_XXX","XXX","CARSCO",2012,2
"22_2_XXX","XXX","CARSCO",2013,5
"22_2_XXX","XXX","CARSCO",2014,1
"22_2_XXX","XXX","CARSCO",2015,4
"22_2_XXX","XXX","CARSCO",2016,3
"22_2_XXX","XXX","CARSCO",2017,3
"22_2_XXX","XXX","CARSCO",2018,5
"22_2_XXX","XXX","CARSCO",2019,4
"22_2_XXX","XXX","CARSCO",2020,2
"22_2_XXX","XXX","CARSCO",2021,6
"22_2_XXX","XXX","CARSCO",2022,4
"22_2_XXX","XXX","CARSCO",2023,3
"22_2_XXX","XXX","CARSCO",2024,1
"22_2_XXX","XXX","DESCES",2006,75
"22_2_XXX","XXX","DESCES",2007,58
"22_2_XXX","XXX","DESCES",2008,61
"22_2_XXX","XXX","DESCES",2009,47
"22_2_XXX","XXX","DESCES",2010,51
"22_2_XXX","XXX","DESCES",2011,58
"22_2_XXX","XXX","DESCES",2012,60
"22_2_XXX","XXX","DESCES",2013,54
"22_2_XXX","XXX","DESCES",2014,56
"22_2_XXX","XXX","DESCES",2015,56
"22_2_XXX","XXX","DESCES",2016,65
"22_2_XXX","XXX","DESCES",2017,54
"22_2_XXX","XXX","DESCES",2018,55
"22_2_XXX","XXX","DESCES",2019,54
"22_2_XXX","XXX","DESCES",2020,60
"22_2_XXX","XXX","DESCES",2021,40
"22_2_XXX","XXX","DESCES",2022,39
"22_2_XXX","XXX","DESCES",2023,46
"22_2_XXX","XXX","DESCES",2024,53
"22_2_XXX","XXX","GENALG",2006,1
"22_2_XXX","XXX","GENALG",2007,0.5
"22_2_XXX","XXX","GENALG",2008,2
"22_2_XXX","XXX","GENALG",2009,4
"22_2_XXX","XXX","GENALG",2010,3
"22_2_XXX","XXX","GENALG",2011,3
"22_2_XXX","XXX","GENALG",2012,3
"22_2_XXX","XXX","GENALG",2013,5
"22_2_XXX","XXX","GENALG",2014,3
"22_2_XXX","XXX","GENALG",2015,4
"22_2_XXX","XXX","GENALG",2016,1
"22_2_XXX","XXX","GENALG",2017,2
"22_2_XXX","XXX","GENALG",2018,3
"22_2_XXX","XXX","GENALG",2019,4
"22_2_XXX","XXX","GENALG",2020,1
"22_2_XXX","XXX","GENALG",2021,3
"22_2_XXX","XXX","GENALG",2022,3
"22_2_XXX","XXX","GENALG",2023,4
"22_2_XXX","XXX","GENALG",2024,6
"22_2_XXX","XXX","GEUROS",2006,7
"22_2_XXX","XXX","GEUROS",2007,18
"22_2_XXX","XXX","GEUROS",2008,16
"22_2_XXX","XXX","GEUROS",2009,12
"22_2_XXX","XXX","GEUROS",2010,12
"22_2_XXX","XXX","GEUROS",2011,8
"22_2_XXX","XXX","GEUROS",2012,12
"22_2_XXX","XXX","GEUROS",2013,8
"22_2_XXX","XXX","GEUROS",2014,14
"22_2_XXX","XXX","GEUROS",2015,9
"22_2_XXX","XXX","GEUROS",2016,8
"22_2_XXX","XXX","GEUROS",2017,11
"22_2_XXX","XXX","GEUROS",2018,12
"22_2_XXX","XXX","GEUROS",2019,10
"22_2_XXX","XXX","GEUROS",2020,11
"22_2_XXX","XXX","GEUROS",2021,15
"22_2_XXX","XXX","GEUROS",2022,18
"22_2_XXX","XXX","GEUROS",2023,17
"22_2_XXX","XXX","GEUROS",2024,17
"22_2_XXX","XXX","TRIPAR",2006,1
"22_2_XXX","XXX","TRIPAR",2007,2
"22_2_XXX","XXX","TRIPAR",2008,5
"22_2_XXX","XXX","TRIPAR",2009,4
"22_2_XXX","XXX","TRIPAR",2010,3
"22_2_XXX","XXX","TRIPAR",2011,3
"22_2_XXX","XXX","TRIPAR",2012,2
"22_2_XXX","XXX","TRIPAR",2013,0.5
"22_2_XXX","XXX","TRIPAR",2014,2
"22_2_XXX","XXX","TRIPAR",2015,3
"22_2_XXX","XXX","TRIPAR",2016,2
"22_2_XXX","XXX","TRIPAR",2017,7
"22_2_XXX","XXX","TRIPAR",2018,3
"22_2_XXX","XXX","TRIPAR",2019,3
"22_2_XXX","XXX","TRIPAR",2020,5
"22_2_XXX","XXX","TRIPAR",2021,3
"22_2_XXX","XXX","TRIPAR",2022,7
"22_2_XXX","XXX","TRIPAR",2023,10
"22_2_XXX","XXX","TRIPAR",2024,8
"24_2_XXX","XXX","ARTSCO",2006,13
"24_2_XXX","XXX","ARTSCO",2007,18
"24_2_XXX","XXX","ARTSCO",2008,16
"24_2_XXX","XXX","ARTSCO",2009,15
"24_2_XXX","XXX","ARTSCO",2010,17
"24_2_XXX","XXX","ARTSCO",2011,13
"24_2_XXX","XXX","ARTSCO",2012,10
"24_2_XXX","XXX","ARTSCO",2013,12
"24_2_XXX","XXX","ARTSCO",2014,12
"24_2_XXX","XXX","ARTSCO",2015,18
"24_2_XXX","XXX","ARTSCO",2016,20
"24_2_XXX","XXX","ARTSCO",2017,16
"24_2_XXX","XXX","ARTSCO",2018,13
"24_2_XXX","XXX","ARTSCO",2019,12
"24_2_XXX","XXX","ARTSCO",2020,18
"24_2_XXX","XXX","ARTSCO",2021,18
"24_2_XXX","XXX","ARTSCO",2022,17
"24_2_XXX","XXX","ARTSCO",2023,23
"24_2_XXX","XXX","ARTSCO",2024,24
"24_2_XXX","XXX","BISBIS",2006,1
"24_2_XXX","XXX","BISBIS",2007,3
"24_2_XXX","XXX","BISBIS",2008,4
"24_2_XXX","XXX","BISBIS",2009,4
"24_2_XXX","XXX","BISBIS",2010,5
"24_2_XXX","XXX","BISBIS",2011,3
"24_2_XXX","XXX","BISBIS",2012,2
"24_2_XXX","XXX","BISBIS",2013,1
"24_2_XXX","XXX","BISBIS",2014,1
"24_2_XXX","XXX","BISBIS",2015,3
"24_2_XXX","XXX","BISBIS",2016,3
"24_2_XXX","XXX","BISBIS",2017,1
"24_2_XXX","XXX","BISBIS",2018,2
"24_2_XXX","XXX","BISBIS",2019,0.5
"24_2_XXX","XXX","BISBIS",2020,1
"24_2_XXX","XXX","BISBIS",2021,2
"24_2_XXX","XXX","BISBIS",2022,2
"24_2_XXX","XXX","BISBIS",2023,1
"24_2_XXX","XXX","BISBIS",2024,0.5
"24_2_XXX","XXX","CALLEP",2006,1
"24_2_XXX","XXX","CALLEP",2007,4
"24_2_XXX","XXX","CALLEP",2008,5
"24_2_XXX","XXX","CALLEP",2009,3
"24_2_XXX","XXX","CALLEP",2010,4
"24_2_XXX","XXX","CALLEP",2011,4
"24_2_XXX","XXX","CALLEP",2012,5
"24_2_XXX","XXX","CALLEP",2013,5
"24_2_XXX","XXX","CALLEP",2014,2
"24_2_XXX","XXX","CALLEP",2015,7
"24_2_XXX","XXX","CALLEP",2016,2
"24_2_XXX","XXX","CALLEP",2017,3
"24_2_XXX","XXX","CALLEP",2018,3
"24_2_XXX","XXX","CALLEP",2019,3
"24_2_XXX","XXX","CALLEP",2020,1
"24_2_XXX","XXX","CALLEP",2021,2
"24_2_XXX","XXX","CALLEP",2022,2
"24_2_XXX","XXX","CALLEP",2023,5
"24_2_XXX","XXX","CALLEP",2024,3
"24_2_XXX","XXX","CARSCO",2006,5
"24_2_XXX","XXX","CARSCO",2007,1
"24_2_XXX","XXX","CARSCO",2008,2
"24_2_XXX","XXX","CARSCO",2009,7
"24_2_XXX","XXX","CARSCO",2010,2
"24_2_XXX","XXX","CARSCO",2011,10
"24_2_XXX","XXX","CARSCO",2012,5
"24_2_XXX","XXX","CARSCO",2013,2
"24_2_XXX","XXX","CARSCO",2014,7
"24_2_XXX","XXX","CARSCO",2015,2
"24_2_XXX","XXX","CARSCO",2016,1
"24_2_XXX","XXX","CARSCO",2017,2
"24_2_XXX","XXX","CARSCO",2018,4
"24_2_XXX","XXX","CARSCO",2019,1
"24_2_XXX","XXX","CARSCO",2020,0.5
"24_2_XXX","XXX","CARSCO",2021,4
"24_2_XXX","XXX","CARSCO",2022,1
"24_2_XXX","XXX","CARSCO",2023,3
"24_2_XXX","XXX","CARSCO",2024,3
"24_2_XXX","XXX","DESCES",2006,34
"24_2_XXX","XXX","DESCES",2007,24
"24_2_XXX","XXX","DESCES",2008,30
"24_2_XXX","XXX","DESCES",2009,28
"24_2_XXX","XXX","DESCES",2010,30
"24_2_XXX","XXX","DESCES",2011,32
"24_2_XXX","XXX","DESCES",2012,26
"24_2_XXX","XXX","DESCES",2013,28
"24_2_XXX","XXX","DESCES",2014,38
"24_2_XXX","XXX","DESCES",2015,29
"24_2_XXX","XXX","DESCES",2016,43
"24_2_XXX","XXX","DESCES",2017,49
"24_2_XXX","XXX","DESCES",2018,37
"24_2_XXX","XXX","DESCES",2019,50
"24_2_XXX","XXX","DESCES",2020,53
"24_2_XXX","XXX","DESCES",2021,45
"24_2_XXX","XXX","DESCES",2022,47
"24_2_XXX","XXX","DESCES",2023,45
"24_2_XXX","XXX","DESCES",2024,42
"24_2_XXX","XXX","GENALG",2006,12
"24_2_XXX","XXX","GENALG",2007,10
"24_2_XXX","XXX","GENALG",2008,11
"24_2_XXX","XXX","GENALG",2009,8
"24_2_XXX","XXX","GENALG",2010,9
"24_2_XXX","XXX","GENALG",2011,4
"24_2_XXX","XXX","GENALG",2012,5
"24_2_XXX","XXX","GENALG",2013,9
"24_2_XXX","XXX","GENALG",2014,10
"24_2_XXX","XXX","GENALG",2015,7
"24_2_XXX","XXX","GENALG",2016,6
"24_2_XXX","XXX","GENALG",2017,4
"24_2_XXX","XXX","GENALG",2018,6
"24_2_XXX","XXX","GENALG",2019,5
"24_2_XXX","XXX","GENALG",2020,3
"24_2_XXX","XXX","GENALG",2021,6
"24_2_XXX","XXX","GENALG",2022,4
"24_2_XXX","XXX","GENALG",2023,9
"24_2_XXX","XXX","GENALG",2024,10
"24_2_XXX","XXX","GEUROS",2006,15
"24_2_XXX","XXX","GEUROS",2007,15
"24_2_XXX","XXX","GEUROS",2008,14
"24_2_XXX","XXX","GEUROS",2009,12
"24_2_XXX","XXX","GEUROS",2010,12
"24_2_XXX","XXX","GEUROS",2011,11
"24_2_XXX","XXX","GEUROS",2012,19
"24_2_XXX","XXX","GEUROS",2013,11
"24_2_XXX","XXX","GEUROS",2014,10
"24_2_XXX","XXX","GEUROS",2015,11
"24_2_XXX","XXX","GEUROS",2016,7
"24_2_XXX","XXX","GEUROS",2017,7
"24_2_XXX","XXX","GEUROS",2018,4
"24_2_XXX","XXX","GEUROS",2019,7
"24_2_XXX","XXX","GEUROS",2020,3
"24_2_XXX","XXX","GEUROS",2021,4
"24_2_XXX","XXX","GEUROS",2022,4
"24_2_XXX","XXX","GEUROS",2023,5
"24_2_XXX","XXX","GEUROS",2024,1
"24_2_XXX","XXX","TRIPAR",2006,0.5
"24_2_XXX","XXX","TRIPAR",2007,0.5
"24_2_XXX","XXX","TRIPAR",2008,1
"24_2_XXX","XXX","TRIPAR",2009,0
"24_2_XXX","XXX","TRIPAR",2010,1
"24_2_XXX","XXX","TRIPAR",2011,1
"24_2_XXX","XXX","TRIPAR",2012,0.5
"24_2_XXX","XXX","TRIPAR",2013,0.5
"24_2_XXX","XXX","TRIPAR",2014,0.5
"24_2_XXX","XXX","TRIPAR",2015,0.5
"24_2_XXX","XXX","TRIPAR",2016,0.5
"24_2_XXX","XXX","TRIPAR",2017,0.5
"24_2_XXX","XXX","TRIPAR",2018,0.5
"24_2_XXX","XXX","TRIPAR",2019,0.5
"24_2_XXX","XXX","TRIPAR",2020,0.5
"24_2_XXX","XXX","TRIPAR",2021,0.5
"24_2_XXX","XXX","TRIPAR",2022,0.5
"24_2_XXX","XXX","TRIPAR",2023,0.5
"24_2_XXX","XXX","TRIPAR",2024,0.5
"26_2_PXX","PXX","ARTSCO",2006,20
"26_2_PXX","PXX","ARTSCO",2007,24
"26_2_PXX","PXX","ARTSCO",2008,21
"26_2_PXX","PXX","ARTSCO",2009,31
"26_2_PXX","PXX","ARTSCO",2010,18
"26_2_PXX","PXX","ARTSCO",2011,17
"26_2_PXX","PXX","ARTSCO",2012,16
"26_2_PXX","PXX","ARTSCO",2013,22
"26_2_PXX","PXX","ARTSCO",2014,20
"26_2_PXX","PXX","ARTSCO",2015,31
"26_2_PXX","PXX","ARTSCO",2016,20
"26_2_PXX","PXX","ARTSCO",2017,22
"26_2_PXX","PXX","ARTSCO",2018,15
"26_2_PXX","PXX","ARTSCO",2019,20
"26_2_PXX","PXX","ARTSCO",2020,15
"26_2_PXX","PXX","ARTSCO",2021,16
"26_2_PXX","PXX","ARTSCO",2022,18
"26_2_PXX","PXX","ARTSCO",2023,28
"26_2_PXX","PXX","ARTSCO",2024,26
"26_2_PXX","PXX","BISBIS",2006,2
"26_2_PXX","PXX","BISBIS",2007,1
"26_2_PXX","PXX","BISBIS",2008,3
"26_2_PXX","PXX","BISBIS",2009,1
"26_2_PXX","PXX","BISBIS",2010,5
"26_2_PXX","PXX","BISBIS",2011,4
"26_2_PXX","PXX","BISBIS",2012,7
"26_2_PXX","PXX","BISBIS",2013,3
"26_2_PXX","PXX","BISBIS",2014,1
"26_2_PXX","PXX","BISBIS",2015,0.5
"26_2_PXX","PXX","BISBIS",2016,1
"26_2_PXX","PXX","BISBIS",2017,4
"26_2_PXX","PXX","BISBIS",2018,5
"26_2_PXX","PXX","BISBIS",2019,5
"26_2_PXX","PXX","BISBIS",2020,2
"26_2_PXX","PXX","BISBIS",2021,2
"26_2_PXX","PXX","BISBIS",2022,1
"26_2_PXX","PXX","BISBIS",2023,1
"26_2_PXX","PXX","BISBIS",2024,2
"26_2_PXX","PXX","CALLEP",2006,2
"26_2_PXX","PXX","CALLEP",2007,1
"26_2_PXX","PXX","CALLEP",2008,2
"26_2_PXX","PXX","CALLEP",2009,2
"26_2_PXX","PXX","CALLEP",2010,2
"26_2_PXX","PXX","CALLEP",2011,4
"26_2_PXX","PXX","CALLEP",2012,1
"26_2_PXX","PXX","CALLEP",2013,3
"26_2_PXX","PXX","CALLEP",2014,1
"26_2_PXX","PXX","CALLEP",2015,1
"26_2_PXX","PXX","CALLEP",2016,1
"26_2_PXX","PXX","CALLEP",2017,1
"26_2_PXX","PXX","CALLEP",2018,2
"26_2_PXX","PXX","CALLEP",2019,2
"26_2_PXX","PXX","CALLEP",2020,2
"26_2_PXX","PXX","CALLEP",2021,3
"26_2_PXX","PXX","CALLEP",2022,0.5
"26_2_PXX","PXX","CALLEP",2023,2
"26_2_PXX","PXX","CALLEP",2024,2
"26_2_PXX","PXX","CARSCO",2006,0.5
"26_2_PXX","PXX","CARSCO",2007,1
"26_2_PXX","PXX","CARSCO",2008,0
"26_2_PXX","PXX","CARSCO",2009,0
"26_2_PXX","PXX","CARSCO",2010,0
"26_2_PXX","PXX","CARSCO",2011,1
"26_2_PXX","PXX","CARSCO",2012,0.5
"26_2_PXX","PXX","CARSCO",2013,0.5
"26_2_PXX","PXX","CARSCO",2014,0.5
"26_2_PXX","PXX","CARSCO",2015,1
"26_2_PXX","PXX","CARSCO",2016,0.5
"26_2_PXX","PXX","CARSCO",2017,0.5
"26_2_PXX","PXX","CARSCO",2018,0.5
"26_2_PXX","PXX","CARSCO",2019,1
"26_2_PXX","PXX","CARSCO",2020,0.5
"26_2_PXX","PXX","CARSCO",2021,1
"26_2_PXX","PXX","CARSCO",2022,0.5
"26_2_PXX","PXX","CARSCO",2023,0.5
"26_2_PXX","PXX","CARSCO",2024,1
"26_2_PXX","PXX","DESCES",2006,31
"26_2_PXX","PXX","DESCES",2007,22
"26_2_PXX","PXX","DESCES",2008,45
"26_2_PXX","PXX","DESCES",2009,32
"26_2_PXX","PXX","DESCES",2010,39
"26_2_PXX","PXX","DESCES",2011,34
"26_2_PXX","PXX","DESCES",2012,32
"26_2_PXX","PXX","DESCES",2013,43
"26_2_PXX","PXX","DESCES",2014,49
"26_2_PXX","PXX","DESCES",2015,33
"26_2_PXX","PXX","DESCES",2016,39
"26_2_PXX","PXX","DESCES",2017,42
"26_2_PXX","PXX","DESCES",2018,38
"26_2_PXX","PXX","DESCES",2019,34
"26_2_PXX","PXX","DESCES",2020,35
"26_2_PXX","PXX","DESCES",2021,33
"26_2_PXX","PXX","DESCES",2022,34
"26_2_PXX","PXX","DESCES",2023,37
"26_2_PXX","PXX","DESCES",2024,34
"26_2_PXX","PXX","GENALG",2006,4
"26_2_PXX","PXX","GENALG",2007,1
"26_2_PXX","PXX","GENALG",2008,3
"26_2_PXX","PXX","GENALG",2009,3
"26_2_PXX","PXX","GENALG",2010,1
"26_2_PXX","PXX","GENALG",2011,1
"26_2_PXX","PXX","GENALG",2012,2
"26_2_PXX","PXX","GENALG",2013,1
"26_2_PXX","PXX","GENALG",2014,0.5
"26_2_PXX","PXX","GENALG",2015,2
"26_2_PXX","PXX","GENALG",2016,0.5
"26_2_PXX","PXX","GENALG",2017,1
"26_2_PXX","PXX","GENALG",2018,1
"26_2_PXX","PXX","GENALG",2019,2
"26_2_PXX","PXX","GENALG",2020,1
"26_2_PXX","PXX","GENALG",2021,1
"26_2_PXX","PXX","GENALG",2022,2
"26_2_PXX","PXX","GENALG",2023,2
"26_2_PXX","PXX","GENALG",2024,5
"26_2_PXX","PXX","GEUROS",2006,21
"26_2_PXX","PXX","GEUROS",2007,25
"26_2_PXX","PXX","GEUROS",2008,12
"26_2_PXX","PXX","GEUROS",2009,15
"26_2_PXX","PXX","GEUROS",2010,15
"26_2_PXX","PXX","GEUROS",2011,15
"26_2_PXX","PXX","GEUROS",2012,14
"26_2_PXX","PXX","GEUROS",2013,11
"26_2_PXX","PXX","GEUROS",2014,9
"26_2_PXX","PXX","GEUROS",2015,16
"26_2_PXX","PXX","GEUROS",2016,11
"26_2_PXX","PXX","GEUROS",2017,5
"26_2_PXX","PXX","GEUROS",2018,10
"26_2_PXX","PXX","GEUROS",2019,5
"26_2_PXX","PXX","GEUROS",2020,6
"26_2_PXX","PXX","GEUROS",2021,2
"26_2_PXX","PXX","GEUROS",2022,8
"26_2_PXX","PXX","GEUROS",2023,3
"26_2_PXX","PXX","GEUROS",2024,0.5
"26_2_PXX","PXX","TRIPAR",2006,1
"26_2_PXX","PXX","TRIPAR",2007,1
"26_2_PXX","PXX","TRIPAR",2008,0.5
"26_2_PXX","PXX","TRIPAR",2009,0.5
"26_2_PXX","PXX","TRIPAR",2010,1
"26_2_PXX","PXX","TRIPAR",2011,3
"26_2_PXX","PXX","TRIPAR",2012,0.5
"26_2_PXX","PXX","TRIPAR",2013,2
"26_2_PXX","PXX","TRIPAR",2014,3
"26_2_PXX","PXX","TRIPAR",2015,1
"26_2_PXX","PXX","TRIPAR",2016,3
"26_2_PXX","PXX","TRIPAR",2017,1
"26_2_PXX","PXX","TRIPAR",2018,4
"26_2_PXX","PXX","TRIPAR",2019,6
"26_2_PXX","PXX","TRIPAR",2020,3
"26_2_PXX","PXX","TRIPAR",2021,9
"26_2_PXX","PXX","TRIPAR",2022,6
"26_2_PXX","PXX","TRIPAR",2023,5
"26_2_PXX","PXX","TRIPAR",2024,8
"31_2_PXX","PXX","ARTSCO",2006,13
"31_2_PXX","PXX","ARTSCO",2007,24
"31_2_PXX","PXX","ARTSCO",2008,15
"31_2_PXX","PXX","ARTSCO",2009,14
"31_2_PXX","PXX","ARTSCO",2010,12
"31_2_PXX","PXX","ARTSCO",2011,11
"31_2_PXX","PXX","ARTSCO",2012,9
"31_2_PXX","PXX","ARTSCO",2013,7
"31_2_PXX","PXX","ARTSCO",2014,7
"31_2_PXX","PXX","ARTSCO",2015,6
"31_2_PXX","PXX","ARTSCO",2016,5
"31_2_PXX","PXX","ARTSCO",2017,4
"31_2_PXX","PXX","ARTSCO",2018,3
"31_2_PXX","PXX","ARTSCO",2019,7
"31_2_PXX","PXX","ARTSCO",2020,4
"31_2_PXX","PXX","ARTSCO",2021,14
"31_2_PXX","PXX","ARTSCO",2022,9
"31_2_PXX","PXX","ARTSCO",2023,11
"31_2_PXX","PXX","ARTSCO",2024,14
"31_2_PXX","PXX","BISBIS",2006,0
"31_2_PXX","PXX","BISBIS",2007,3
"31_2_PXX","PXX","BISBIS",2008,3
"31_2_PXX","PXX","BISBIS",2009,4
"31_2_PXX","PXX","BISBIS",2010,5
"31_2_PXX","PXX","BISBIS",2011,4
"31_2_PXX","PXX","BISBIS",2012,5
"31_2_PXX","PXX","BISBIS",2013,3
"31_2_PXX","PXX","BISBIS",2014,4
"31_2_PXX","PXX","BISBIS",2015,3
"31_2_PXX","PXX","BISBIS",2016,0.5
"31_2_PXX","PXX","BISBIS",2017,4
"31_2_PXX","PXX","BISBIS",2018,3
"31_2_PXX","PXX","BISBIS",2019,2
"31_2_PXX","PXX","BISBIS",2020,6
"31_2_PXX","PXX","BISBIS",2021,5
"31_2_PXX","PXX","BISBIS",2022,3
"31_2_PXX","PXX","BISBIS",2023,1
"31_2_PXX","PXX","BISBIS",2024,1
"31_2_PXX","PXX","CALLEP",2006,2
"31_2_PXX","PXX","CALLEP",2007,1
"31_2_PXX","PXX","CALLEP",2008,4
"31_2_PXX","PXX","CALLEP",2009,3
"31_2_PXX","PXX","CALLEP",2010,3
"31_2_PXX","PXX","CALLEP",2011,1
"31_2_PXX","PXX","CALLEP",2012,3
"31_2_PXX","PXX","CALLEP",2013,1
"31_2_PXX","PXX","CALLEP",2014,0.5
"31_2_PXX","PXX","CALLEP",2015,0.5
"31_2_PXX","PXX","CALLEP",2016,1
"31_2_PXX","PXX","CALLEP",2017,3
"31_2_PXX","PXX","CALLEP",2018,1
"31_2_PXX","PXX","CALLEP",2019,0.5
"31_2_PXX","PXX","CALLEP",2020,1
"31_2_PXX","PXX","CALLEP",2021,0.5
"31_2_PXX","PXX","CALLEP",2022,1
"31_2_PXX","PXX","CALLEP",2023,0.5
"31_2_PXX","PXX","CALLEP",2024,1
"31_2_PXX","PXX","CARSCO",2006,2
"31_2_PXX","PXX","CARSCO",2007,2
"31_2_PXX","PXX","CARSCO",2008,0.5
"31_2_PXX","PXX","CARSCO",2009,2
"31_2_PXX","PXX","CARSCO",2010,2
"31_2_PXX","PXX","CARSCO",2011,2
"31_2_PXX","PXX","CARSCO",2012,0.5
"31_2_PXX","PXX","CARSCO",2013,1
"31_2_PXX","PXX","CARSCO",2014,1
"31_2_PXX","PXX","CARSCO",2015,1
"31_2_PXX","PXX","CARSCO",2016,0.5
"31_2_PXX","PXX","CARSCO",2017,2
"31_2_PXX","PXX","CARSCO",2018,1
"31_2_PXX","PXX","CARSCO",2019,1
"31_2_PXX","PXX","CARSCO",2020,2
"31_2_PXX","PXX","CARSCO",2021,3
"31_2_PXX","PXX","CARSCO",2022,0.5
"31_2_PXX","PXX","CARSCO",2023,1
"31_2_PXX","PXX","CARSCO",2024,4
"31_2_PXX","PXX","DESCES",2006,47
"31_2_PXX","PXX","DESCES",2007,35
"31_2_PXX","PXX","DESCES",2008,60
"31_2_PXX","PXX","DESCES",2009,48
"31_2_PXX","PXX","DESCES",2010,45
"31_2_PXX","PXX","DESCES",2011,58
"31_2_PXX","PXX","DESCES",2012,55
"31_2_PXX","PXX","DESCES",2013,59
"31_2_PXX","PXX","DESCES",2014,61
"31_2_PXX","PXX","DESCES",2015,69
"31_2_PXX","PXX","DESCES",2016,74
"31_2_PXX","PXX","DESCES",2017,70
"31_2_PXX","PXX","DESCES",2018,64
"31_2_PXX","PXX","DESCES",2019,72
"31_2_PXX","PXX","DESCES",2020,68
"31_2_PXX","PXX","DESCES",2021,61
"31_2_PXX","PXX","DESCES",2022,66
"31_2_PXX","PXX","DESCES",2023,69
"31_2_PXX","PXX","DESCES",2024,66
"31_2_PXX","PXX","GENALG",2006,4
"31_2_PXX","PXX","GENALG",2007,1
"31_2_PXX","PXX","GENALG",2008,0.5
"31_2_PXX","PXX","GENALG",2009,3
"31_2_PXX","PXX","GENALG",2010,4
"31_2_PXX","PXX","GENALG",2011,0.5
"31_2_PXX","PXX","GENALG",2012,2
"31_2_PXX","PXX","GENALG",2013,0.5
"31_2_PXX","PXX","GENALG",2014,2
"31_2_PXX","PXX","GENALG",2015,0.5
"31_2_PXX","PXX","GENALG",2016,0.5
"31_2_PXX","PXX","GENALG",2017,0.5
"31_2_PXX","PXX","GENALG",2018,0.5
"31_2_PXX","PXX","GENALG",2019,0.5
"31_2_PXX","PXX","GENALG",2020,0.5
"31_2_PXX","PXX","GENALG",2021,0.5
"31_2_PXX","PXX","GENALG",2022,0.5
"31_2_PXX","PXX","GENALG",2023,0.5
"31_2_PXX","PXX","GENALG",2024,1
"31_2_PXX","PXX","GEUROS",2006,23
"31_2_PXX","PXX","GEUROS",2007,28
"31_2_PXX","PXX","GEUROS",2008,16
"31_2_PXX","PXX","GEUROS",2009,22
"31_2_PXX","PXX","GEUROS",2010,20
"31_2_PXX","PXX","GEUROS",2011,16
"31_2_PXX","PXX","GEUROS",2012,16
"31_2_PXX","PXX","GEUROS",2013,18
"31_2_PXX","PXX","GEUROS",2014,13
"31_2_PXX","PXX","GEUROS",2015,17
"31_2_PXX","PXX","GEUROS",2016,10
"31_2_PXX","PXX","GEUROS",2017,7
"31_2_PXX","PXX","GEUROS",2018,14
"31_2_PXX","PXX","GEUROS",2019,7
"31_2_PXX","PXX","GEUROS",2020,7
"31_2_PXX","PXX","GEUROS",2021,9
"31_2_PXX","PXX","GEUROS",2022,15
"31_2_PXX","PXX","GEUROS",2023,12
"31_2_PXX","PXX","GEUROS",2024,11
"31_2_PXX","PXX","TRIPAR",2006,0.5
"31_2_PXX","PXX","TRIPAR",2007,0.5
"31_2_PXX","PXX","TRIPAR",2008,0.5
"31_2_PXX","PXX","TRIPAR",2009,1
"31_2_PXX","PXX","TRIPAR",2010,0.5
"31_2_PXX","PXX","TRIPAR",2011,1
"31_2_PXX","PXX","TRIPAR",2012,1
"31_2_PXX","PXX","TRIPAR",2013,1
"31_2_PXX","PXX","TRIPAR",2014,1
"31_2_PXX","PXX","TRIPAR",2015,0.5
"31_2_PXX","PXX","TRIPAR",2016,0.5
"31_2_PXX","PXX","TRIPAR",2017,0.5
"31_2_PXX","PXX","TRIPAR",2018,4
"31_2_PXX","PXX","TRIPAR",2019,1
"31_2_PXX","PXX","TRIPAR",2020,1
"31_2_PXX","PXX","TRIPAR",2021,4
"31_2_PXX","PXX","TRIPAR",2022,2
"31_2_PXX","PXX","TRIPAR",2023,1
"31_2_PXX","PXX","TRIPAR",2024,2
"33_3_XXX","XXX","ARTSCO",2006,3
"33_3_XXX","XXX","ARTSCO",2007,3
"33_3_XXX","XXX","ARTSCO",2008,9
"33_3_XXX","XXX","ARTSCO",2009,6
"33_3_XXX","XXX","ARTSCO",2010,7
"33_3_XXX","XXX","ARTSCO",2011,10
"33_3_XXX","XXX","ARTSCO",2012,5
"33_3_XXX","XXX","ARTSCO",2013,11
"33_3_XXX","XXX","ARTSCO",2014,8
"33_3_XXX","XXX","ARTSCO",2015,7
"33_3_XXX","XXX","ARTSCO",2016,10
"33_3_XXX","XXX","ARTSCO",2017,6
"33_3_XXX","XXX","ARTSCO",2018,5
"33_3_XXX","XXX","ARTSCO",2019,5
"33_3_XXX","XXX","ARTSCO",2020,4
"33_3_XXX","XXX","ARTSCO",2021,6
"33_3_XXX","XXX","ARTSCO",2022,8
"33_3_XXX","XXX","ARTSCO",2023,9
"33_3_XXX","XXX","ARTSCO",2024,12
"33_3_XXX","XXX","BISBIS",2006,1
"33_3_XXX","XXX","BISBIS",2007,4
"33_3_XXX","XXX","BISBIS",2008,2
"33_3_XXX","XXX","BISBIS",2009,6
"33_3_XXX","XXX","BISBIS",2010,3
"33_3_XXX","XXX","BISBIS",2011,5
"33_3_XXX","XXX","BISBIS",2012,5
"33_3_XXX","XXX","BISBIS",2013,4
"33_3_XXX","XXX","BISBIS",2014,3
"33_3_XXX","XXX","BISBIS",2015,1
"33_3_XXX","XXX","BISBIS",2016,1
"33_3_XXX","XXX","BISBIS",2017,3
"33_3_XXX","XXX","BISBIS",2018,5
"33_3_XXX","XXX","BISBIS",2019,2
"33_3_XXX","XXX","BISBIS",2020,0.5
"33_3_XXX","XXX","BISBIS",2021,3
"33_3_XXX","XXX","BISBIS",2022,3
"33_3_XXX","XXX","BISBIS",2023,6
"33_3_XXX","XXX","BISBIS",2024,8
"33_3_XXX","XXX","CALLEP",2006,1
"33_3_XXX","XXX","CALLEP",2007,4
"33_3_XXX","XXX","CALLEP",2008,4
"33_3_XXX","XXX","CALLEP",2009,3
"33_3_XXX","XXX","CALLEP",2010,2
"33_3_XXX","XXX","CALLEP",2011,0
"33_3_XXX","XXX","CALLEP",2012,0.5
"33_3_XXX","XXX","CALLEP",2013,1
"33_3_XXX","XXX","CALLEP",2014,1
"33_3_XXX","XXX","CALLEP",2015,2
"33_3_XXX","XXX","CALLEP",2016,0.5
"33_3_XXX","XXX","CALLEP",2017,1
"33_3_XXX","XXX","CALLEP",2018,0.5
"33_3_XXX","XXX","CALLEP",2019,1
"33_3_XXX","XXX","CALLEP",2020,1
"33_3_XXX","XXX","CALLEP",2021,2
"33_3_XXX","XXX","CALLEP",2022,2
"33_3_XXX","XXX","CALLEP",2023,2
"33_3_XXX","XXX","CALLEP",2024,3
"33_3_XXX","XXX","CARSCO",2006,1
"33_3_XXX","XXX","CARSCO",2007,0
"33_3_XXX","XXX","CARSCO",2008,0
"33_3_XXX","XXX","CARSCO",2009,0
"33_3_XXX","XXX","CARSCO",2010,0
"33_3_XXX","XXX","CARSCO",2011,0
"33_3_XXX","XXX","CARSCO",2012,0.5
"33_3_XXX","XXX","CARSCO",2013,0.5
"33_3_XXX","XXX","CARSCO",2014,0.5
"33_3_XXX","XXX","CARSCO",2015,0.5
"33_3_XXX","XXX","CARSCO",2016,1
"33_3_XXX","XXX","CARSCO",2017,1
"33_3_XXX","XXX","CARSCO",2018,0.5
"33_3_XXX","XXX","CARSCO",2019,0
"33_3_XXX","XXX","CARSCO",2020,0
"33_3_XXX","XXX","CARSCO",2021,0
"33_3_XXX","XXX","CARSCO",2022,0
"33_3_XXX","XXX","CARSCO",2023,0
"33_3_XXX","XXX","CARSCO",2024,0
"33_3_XXX","XXX","DESCES",2006,58
"33_3_XXX","XXX","DESCES",2007,32
"33_3_XXX","XXX","DESCES",2008,49
"33_3_XXX","XXX","DESCES",2009,45
"33_3_XXX","XXX","DESCES",2010,51
"33_3_XXX","XXX","DESCES",2011,51
"33_3_XXX","XXX","DESCES",2012,41
"33_3_XXX","XXX","DESCES",2013,35
"33_3_XXX","XXX","DESCES",2014,45
"33_3_XXX","XXX","DESCES",2015,48
"33_3_XXX","XXX","DESCES",2016,46
"33_3_XXX","XXX","DESCES",2017,54
"33_3_XXX","XXX","DESCES",2018,53
"33_3_XXX","XXX","DESCES",2019,63
"33_3_XXX","XXX","DESCES",2020,54
"33_3_XXX","XXX","DESCES",2021,60
"33_3_XXX","XXX","DESCES",2022,56
"33_3_XXX","XXX","DESCES",2023,51
"33_3_XXX","XXX","DESCES",2024,44
"33_3_XXX","XXX","GENALG",2006,2
"33_3_XXX","XXX","GENALG",2007,4
"33_3_XXX","XXX","GENALG",2008,1
"33_3_XXX","XXX","GENALG",2009,2
"33_3_XXX","XXX","GENALG",2010,3
"33_3_XXX","XXX","GENALG",2011,0.5
"33_3_XXX","XXX","GENALG",2012,0.5
"33_3_XXX","XXX","GENALG",2013,4
"33_3_XXX","XXX","GENALG",2014,0.5
"33_3_XXX","XXX","GENALG",2015,4
"33_3_XXX","XXX","GENALG",2016,3
"33_3_XXX","XXX","GENALG",2017,0.5
"33_3_XXX","XXX","GENALG",2018,0.5
"33_3_XXX","XXX","GENALG",2019,2
"33_3_XXX","XXX","GENALG",2020,1
"33_3_XXX","XXX","GENALG",2021,3
"33_3_XXX","XXX","GENALG",2022,0.5
"33_3_XXX","XXX","GENALG",2023,0.5
"33_3_XXX","XXX","GENALG",2024,0.5
"33_3_XXX","XXX","GEUROS",2006,18
"33_3_XXX","XXX","GEUROS",2007,45
"33_3_XXX","XXX","GEUROS",2008,26
"33_3_XXX","XXX","GEUROS",2009,23
"33_3_XXX","XXX","GEUROS",2010,27
"33_3_XXX","XXX","GEUROS",2011,26
"33_3_XXX","XXX","GEUROS",2012,23
"33_3_XXX","XXX","GEUROS",2013,24
"33_3_XXX","XXX","GEUROS",2014,25
"33_3_XXX","XXX","GEUROS",2015,29
"33_3_XXX","XXX","GEUROS",2016,17
"33_3_XXX","XXX","GEUROS",2017,19
"33_3_XXX","XXX","GEUROS",2018,19
"33_3_XXX","XXX","GEUROS",2019,12
"33_3_XXX","XXX","GEUROS",2020,19
"33_3_XXX","XXX","GEUROS",2021,13
"33_3_XXX","XXX","GEUROS",2022,20
"33_3_XXX","XXX","GEUROS",2023,17
"33_3_XXX","XXX","GEUROS",2024,22
"33_3_XXX","XXX","TRIPAR",2006,4
"33_3_XXX","XXX","TRIPAR",2007,0.5
"33_3_XXX","XXX","TRIPAR",2008,5
"33_3_XXX","XXX","TRIPAR",2009,5
"33_3_XXX","XXX","TRIPAR",2010,3
"33_3_XXX","XXX","TRIPAR",2011,2
"33_3_XXX","XXX","TRIPAR",2012,3
"33_3_XXX","XXX","TRIPAR",2013,5
"33_3_XXX","XXX","TRIPAR",2014,6
"33_3_XXX","XXX","TRIPAR",2015,4
"33_3_XXX","XXX","TRIPAR",2016,4
"33_3_XXX","XXX","TRIPAR",2017,2
"33_3_XXX","XXX","TRIPAR",2018,1
"33_3_XXX","XXX","TRIPAR",2019,4
"33_3_XXX","XXX","TRIPAR",2020,5
"33_3_XXX","XXX","TRIPAR",2021,6
"33_3_XXX","XXX","TRIPAR",2022,8
"33_3_XXX","XXX","TRIPAR",2023,14
"33_3_XXX","XXX","TRIPAR",2024,7
"35_3_XNX","XNX","ARTSCO",2006,8
"35_3_XNX","XNX","ARTSCO",2007,7
"35_3_XNX","XNX","ARTSCO",2008,4
"35_3_XNX","XNX","ARTSCO",2009,10
"35_3_XNX","XNX","ARTSCO",2010,5
"35_3_XNX","XNX","ARTSCO",2011,4
"35_3_XNX","XNX","ARTSCO",2012,1
"35_3_XNX","XNX","ARTSCO",2013,3
"35_3_XNX","XNX","ARTSCO",2014,6
"35_3_XNX","XNX","ARTSCO",2015,9
"35_3_XNX","XNX","ARTSCO",2016,11
"35_3_XNX","XNX","ARTSCO",2017,6
"35_3_XNX","XNX","ARTSCO",2018,4
"35_3_XNX","XNX","ARTSCO",2019,10
"35_3_XNX","XNX","ARTSCO",2020,4
"35_3_XNX","XNX","ARTSCO",2021,12
"35_3_XNX","XNX","ARTSCO",2022,6
"35_3_XNX","XNX","ARTSCO",2023,7
"35_3_XNX","XNX","ARTSCO",2024,8
"35_3_XNX","XNX","BISBIS",2006,4
"35_3_XNX","XNX","BISBIS",2007,2
"35_3_XNX","XNX","BISBIS",2008,3
"35_3_XNX","XNX","BISBIS",2009,2
"35_3_XNX","XNX","BISBIS",2010,6
"35_3_XNX","XNX","BISBIS",2011,1
"35_3_XNX","XNX","BISBIS",2012,2
"35_3_XNX","XNX","BISBIS",2013,4
"35_3_XNX","XNX","BISBIS",2014,6
"35_3_XNX","XNX","BISBIS",2015,4
"35_3_XNX","XNX","BISBIS",2016,1
"35_3_XNX","XNX","BISBIS",2017,1
"35_3_XNX","XNX","BISBIS",2018,2
"35_3_XNX","XNX","BISBIS",2019,0.5
"35_3_XNX","XNX","BISBIS",2020,2
"35_3_XNX","XNX","BISBIS",2021,2
"35_3_XNX","XNX","BISBIS",2022,5
"35_3_XNX","XNX","BISBIS",2023,1
"35_3_XNX","XNX","BISBIS",2024,1
"35_3_XNX","XNX","CALLEP",2006,13
"35_3_XNX","XNX","CALLEP",2007,14
"35_3_XNX","XNX","CALLEP",2008,11
"35_3_XNX","XNX","CALLEP",2009,5
"35_3_XNX","XNX","CALLEP",2010,7
"35_3_XNX","XNX","CALLEP",2011,4
"35_3_XNX","XNX","CALLEP",2012,4
"35_3_XNX","XNX","CALLEP",2013,5
"35_3_XNX","XNX","CALLEP",2014,2
"35_3_XNX","XNX","CALLEP",2015,7
"35_3_XNX","XNX","CALLEP",2016,1
"35_3_XNX","XNX","CALLEP",2017,2
"35_3_XNX","XNX","CALLEP",2018,7
"35_3_XNX","XNX","CALLEP",2019,3
"35_3_XNX","XNX","CALLEP",2020,3
"35_3_XNX","XNX","CALLEP",2021,6
"35_3_XNX","XNX","CALLEP",2022,3
"35_3_XNX","XNX","CALLEP",2023,2
"35_3_XNX","XNX","CALLEP",2024,2
"35_3_XNX","XNX","CARSCO",2006,6
"35_3_XNX","XNX","CARSCO",2007,4
"35_3_XNX","XNX","CARSCO",2008,7
"35_3_XNX","XNX","CARSCO",2009,6
"35_3_XNX","XNX","CARSCO",2010,15
"35_3_XNX","XNX","CARSCO",2011,8
"35_3_XNX","XNX","CARSCO",2012,15
"35_3_XNX","XNX","CARSCO",2013,6
"35_3_XNX","XNX","CARSCO",2014,8
"35_3_XNX","XNX","CARSCO",2015,12
"35_3_XNX","XNX","CARSCO",2016,12
"35_3_XNX","XNX","CARSCO",2017,10
"35_3_XNX","XNX","CARSCO",2018,7
"35_3_XNX","XNX","CARSCO",2019,17
"35_3_XNX","XNX","CARSCO",2020,11
"35_3_XNX","XNX","CARSCO",2021,9
"35_3_XNX","XNX","CARSCO",2022,9
"35_3_XNX","XNX","CARSCO",2023,11
"35_3_XNX","XNX","CARSCO",2024,19
"35_3_XNX","XNX","DESCES",2006,27
"35_3_XNX","XNX","DESCES",2007,39
"35_3_XNX","XNX","DESCES",2008,51
"35_3_XNX","XNX","DESCES",2009,53
"35_3_XNX","XNX","DESCES",2010,35
"35_3_XNX","XNX","DESCES",2011,67
"35_3_XNX","XNX","DESCES",2012,39
"35_3_XNX","XNX","DESCES",2013,49
"35_3_XNX","XNX","DESCES",2014,47
"35_3_XNX","XNX","DESCES",2015,45
"35_3_XNX","XNX","DESCES",2016,51
"35_3_XNX","XNX","DESCES",2017,57
"35_3_XNX","XNX","DESCES",2018,61
"35_3_XNX","XNX","DESCES",2019,43
"35_3_XNX","XNX","DESCES",2020,58
"35_3_XNX","XNX","DESCES",2021,36
"35_3_XNX","XNX","DESCES",2022,54
"35_3_XNX","XNX","DESCES",2023,66
"35_3_XNX","XNX","DESCES",2024,47
"35_3_XNX","XNX","GENALG",2006,10
"35_3_XNX","XNX","GENALG",2007,9
"35_3_XNX","XNX","GENALG",2008,3
"35_3_XNX","XNX","GENALG",2009,4
"35_3_XNX","XNX","GENALG",2010,5
"35_3_XNX","XNX","GENALG",2011,1
"35_3_XNX","XNX","GENALG",2012,4
"35_3_XNX","XNX","GENALG",2013,2
"35_3_XNX","XNX","GENALG",2014,2
"35_3_XNX","XNX","GENALG",2015,2
"35_3_XNX","XNX","GENALG",2016,0.5
"35_3_XNX","XNX","GENALG",2017,2
"35_3_XNX","XNX","GENALG",2018,1
"35_3_XNX","XNX","GENALG",2019,0.5
"35_3_XNX","XNX","GENALG",2020,3
"35_3_XNX","XNX","GENALG",2021,1
"35_3_XNX","XNX","GENALG",2022,1
"35_3_XNX","XNX","GENALG",2023,1
"35_3_XNX","XNX","GENALG",2024,1
"35_3_XNX","XNX","GEUROS",2006,15
"35_3_XNX","XNX","GEUROS",2007,13
"35_3_XNX","XNX","GEUROS",2008,15
"35_3_XNX","XNX","GEUROS",2009,15
"35_3_XNX","XNX","GEUROS",2010,14
"35_3_XNX","XNX","GEUROS",2011,4
"35_3_XNX","XNX","GEUROS",2012,10
"35_3_XNX","XNX","GEUROS",2013,5
"35_3_XNX","XNX","GEUROS",2014,3
"35_3_XNX","XNX","GEUROS",2015,8
"35_3_XNX","XNX","GEUROS",2016,3
"35_3_XNX","XNX","GEUROS",2017,3
"35_3_XNX","XNX","GEUROS",2018,2
"35_3_XNX","XNX","GEUROS",2019,5
"35_3_XNX","XNX","GEUROS",2020,3
"35_3_XNX","XNX","GEUROS",2021,3
"35_3_XNX","XNX","GEUROS",2022,5
"35_3_XNX","XNX","GEUROS",2023,5
"35_3_XNX","XNX","GEUROS",2024,6
"35_3_XNX","XNX","TRIPAR",2006,2
"35_3_XNX","XNX","TRIPAR",2007,4
"35_3_XNX","XNX","TRIPAR",2008,4
"35_3_XNX","XNX","TRIPAR",2009,5
"35_3_XNX","XNX","TRIPAR",2010,7
"35_3_XNX","XNX","TRIPAR",2011,5
"35_3_XNX","XNX","TRIPAR",2012,6
"35_3_XNX","XNX","TRIPAR",2013,3
"35_3_XNX","XNX","TRIPAR",2014,2
"35_3_XNX","XNX","TRIPAR",2015,3
"35_3_XNX","XNX","TRIPAR",2016,3
"35_3_XNX","XNX","TRIPAR",2017,5
"35_3_XNX","XNX","TRIPAR",2018,4
"35_3_XNX","XNX","TRIPAR",2019,8
"35_3_XNX","XNX","TRIPAR",2020,3
"35_3_XNX","XNX","TRIPAR",2021,12
"35_3_XNX","XNX","TRIPAR",2022,10
"35_3_XNX","XNX","TRIPAR",2023,5
"35_3_XNX","XNX","TRIPAR",2024,8
"37_3_XNX","XNX","ARTSCO",2006,5
"37_3_XNX","XNX","ARTSCO",2007,13
"37_3_XNX","XNX","ARTSCO",2008,4
"37_3_XNX","XNX","ARTSCO",2009,4
"37_3_XNX","XNX","ARTSCO",2010,1
"37_3_XNX","XNX","ARTSCO",2011,2
"37_3_XNX","XNX","ARTSCO",2012,1
"37_3_XNX","XNX","ARTSCO",2013,1
"37_3_XNX","XNX","ARTSCO",2014,0.5
"37_3_XNX","XNX","ARTSCO",2015,2
"37_3_XNX","XNX","ARTSCO",2016,1
"37_3_XNX","XNX","ARTSCO",2017,1
"37_3_XNX","XNX","ARTSCO",2018,1
"37_3_XNX","XNX","ARTSCO",2019,3
"37_3_XNX","XNX","ARTSCO",2020,2
"37_3_XNX","XNX","ARTSCO",2021,4
"37_3_XNX","XNX","ARTSCO",2022,1
"37_3_XNX","XNX","ARTSCO",2023,3
"37_3_XNX","XNX","ARTSCO",2024,1
"37_3_XNX","XNX","BISBIS",2006,1
"37_3_XNX","XNX","BISBIS",2007,3
"37_3_XNX","XNX","BISBIS",2008,1
"37_3_XNX","XNX","BISBIS",2009,4
"37_3_XNX","XNX","BISBIS",2010,1
"37_3_XNX","XNX","BISBIS",2011,3
"37_3_XNX","XNX","BISBIS",2012,9
"37_3_XNX","XNX","BISBIS",2013,8
"37_3_XNX","XNX","BISBIS",2014,4
"37_3_XNX","XNX","BISBIS",2015,9
"37_3_XNX","XNX","BISBIS",2016,3
"37_3_XNX","XNX","BISBIS",2017,3
"37_3_XNX","XNX","BISBIS",2018,3
"37_3_XNX","XNX","BISBIS",2019,4
"37_3_XNX","XNX","BISBIS",2020,4
"37_3_XNX","XNX","BISBIS",2021,6
"37_3_XNX","XNX","BISBIS",2022,5
"37_3_XNX","XNX","BISBIS",2023,3
"37_3_XNX","XNX","BISBIS",2024,5
"37_3_XNX","XNX","CALLEP",2006,3
"37_3_XNX","XNX","CALLEP",2007,5
"37_3_XNX","XNX","CALLEP",2008,5
"37_3_XNX","XNX","CALLEP",2009,0
"37_3_XNX","XNX","CALLEP",2010,1
"37_3_XNX","XNX","CALLEP",2011,2
"37_3_XNX","XNX","CALLEP",2012,0.5
"37_3_XNX","XNX","CALLEP",2013,2
"37_3_XNX","XNX","CALLEP",2014,0.5
"37_3_XNX","XNX","CALLEP",2015,1
"37_3_XNX","XNX","CALLEP",2016,1
"37_3_XNX","XNX","CALLEP",2017,2
"37_3_XNX","XNX","CALLEP",2018,2
"37_3_XNX","XNX","CALLEP",2019,3
"37_3_XNX","XNX","CALLEP",2020,2
"37_3_XNX","XNX","CALLEP",2021,4
"37_3_XNX","XNX","CALLEP",2022,2
"37_3_XNX","XNX","CALLEP",2023,1
"37_3_XNX","XNX","CALLEP",2024,1
"37_3_XNX","XNX","CARSCO",2006,2
"37_3_XNX","XNX","CARSCO",2007,1
"37_3_XNX","XNX","CARSCO",2008,1
"37_3_XNX","XNX","CARSCO",2009,2
"37_3_XNX","XNX","CARSCO",2010,1
"37_3_XNX","XNX","CARSCO",2011,3
"37_3_XNX","XNX","CARSCO",2012,1
"37_3_XNX","XNX","CARSCO",2013,3
"37_3_XNX","XNX","CARSCO",2014,1
"37_3_XNX","XNX","CARSCO",2015,2
"37_3_XNX","XNX","CARSCO",2016,3
"37_3_XNX","XNX","CARSCO",2017,2
"37_3_XNX","XNX","CARSCO",2018,3
"37_3_XNX","XNX","CARSCO",2019,9
"37_3_XNX","XNX","CARSCO",2020,3
"37_3_XNX","XNX","CARSCO",2021,10
"37_3_XNX","XNX","CARSCO",2022,2
"37_3_XNX","XNX","CARSCO",2023,3
"37_3_XNX","XNX","CARSCO",2024,1
"37_3_XNX","XNX","DESCES",2006,67
"37_3_XNX","XNX","DESCES",2007,48
"37_3_XNX","XNX","DESCES",2008,72
"37_3_XNX","XNX","DESCES",2009,76
"37_3_XNX","XNX","DESCES",2010,77
"37_3_XNX","XNX","DESCES",2011,68
"37_3_XNX","XNX","DESCES",2012,60
"37_3_XNX","XNX","DESCES",2013,61
"37_3_XNX","XNX","DESCES",2014,76
"37_3_XNX","XNX","DESCES",2015,73
"37_3_XNX","XNX","DESCES",2016,71
"37_3_XNX","XNX","DESCES",2017,77
"37_3_XNX","XNX","DESCES",2018,73
"37_3_XNX","XNX","DESCES",2019,56
"37_3_XNX","XNX","DESCES",2020,73
"37_3_XNX","XNX","DESCES",2021,60
"37_3_XNX","XNX","DESCES",2022,80
"37_3_XNX","XNX","DESCES",2023,80
"37_3_XNX","XNX","DESCES",2024,80
"37_3_XNX","XNX","GENALG",2006,3
"37_3_XNX","XNX","GENALG",2007,4
"37_3_XNX","XNX","GENALG",2008,3
"37_3_XNX","XNX","GENALG",2009,3
"37_3_XNX","XNX","GENALG",2010,4
"37_3_XNX","XNX","GENALG",2011,2
"37_3_XNX","XNX","GENALG",2012,2
"37_3_XNX","XNX","GENALG",2013,1
"37_3_XNX","XNX","GENALG",2014,0.5
"37_3_XNX","XNX","GENALG",2015,1
"37_3_XNX","XNX","GENALG",2016,0.5
"37_3_XNX","XNX","GENALG",2017,1
"37_3_XNX","XNX","GENALG",2018,0.5
"37_3_XNX","XNX","GENALG",2019,0.5
"37_3_XNX","XNX","GENALG",2020,0.5
"37_3_XNX","XNX","GENALG",2021,1
"37_3_XNX","XNX","GENALG",2022,1
"37_3_XNX","XNX","GENALG",2023,2
"37_3_XNX","XNX","GENALG",2024,1
"37_3_XNX","XNX","GEUROS",2006,11
"37_3_XNX","XNX","GEUROS",2007,11
"37_3_XNX","XNX","GEUROS",2008,4
"37_3_XNX","XNX","GEUROS",2009,5
"37_3_XNX","XNX","GEUROS",2010,6
"37_3_XNX","XNX","GEUROS",2011,7
"37_3_XNX","XNX","GEUROS",2012,3
"37_3_XNX","XNX","GEUROS",2013,3
"37_3_XNX","XNX","GEUROS",2014,2
"37_3_XNX","XNX","GEUROS",2015,4
"37_3_XNX","XNX","GEUROS",2016,0.5
"37_3_XNX","XNX","GEUROS",2017,1
"37_3_XNX","XNX","GEUROS",2018,1
"37_3_XNX","XNX","GEUROS",2019,2
"37_3_XNX","XNX","GEUROS",2020,0.5
"37_3_XNX","XNX","GEUROS",2021,0.5
"37_3_XNX","XNX","GEUROS",2022,2
"37_3_XNX","XNX","GEUROS",2023,2
"37_3_XNX","XNX","GEUROS",2024,1
"37_3_XNX","XNX","TRIPAR",2006,1
"37_3_XNX","XNX","TRIPAR",2007,3
"37_3_XNX","XNX","TRIPAR",2008,4
"37_3_XNX","XNX","TRIPAR",2009,3
"37_3_XNX","XNX","TRIPAR",2010,5
"37_3_XNX","XNX","TRIPAR",2011,2
"37_3_XNX","XNX","TRIPAR",2012,0.5
"37_3_XNX","XNX","TRIPAR",2013,1
"37_3_XNX","XNX","TRIPAR",2014,2
"37_3_XNX","XNX","TRIPAR",2015,1
"37_3_XNX","XNX","TRIPAR",2016,1
"37_3_XNX","XNX","TRIPAR",2017,1
"37_3_XNX","XNX","TRIPAR",2018,3
"37_3_XNX","XNX","TRIPAR",2019,6
"37_3_XNX","XNX","TRIPAR",2020,3
"37_3_XNX","XNX","TRIPAR",2021,4
"37_3_XNX","XNX","TRIPAR",2022,4
"37_3_XNX","XNX","TRIPAR",2023,2
"37_3_XNX","XNX","TRIPAR",2024,4
"38_3_XXW","XXW","ARTSCO",2006,7
"38_3_XXW","XXW","ARTSCO",2007,15
"38_3_XXW","XXW","ARTSCO",2008,8
"38_3_XXW","XXW","ARTSCO",2009,18
"38_3_XXW","XXW","ARTSCO",2010,12
"38_3_XXW","XXW","ARTSCO",2011,16
"38_3_XXW","XXW","ARTSCO",2012,8
"38_3_XXW","XXW","ARTSCO",2013,18
"38_3_XXW","XXW","ARTSCO",2014,6
"38_3_XXW","XXW","ARTSCO",2015,12
"38_3_XXW","XXW","ARTSCO",2016,10
"38_3_XXW","XXW","ARTSCO",2017,15
"38_3_XXW","XXW","ARTSCO",2018,8
"38_3_XXW","XXW","ARTSCO",2019,7
"38_3_XXW","XXW","ARTSCO",2020,6
"38_3_XXW","XXW","ARTSCO",2021,10
"38_3_XXW","XXW","ARTSCO",2022,9
"38_3_XXW","XXW","ARTSCO",2023,19
"38_3_XXW","XXW","ARTSCO",2024,15
"38_3_XXW","XXW","BISBIS",2006,0.5
"38_3_XXW","XXW","BISBIS",2007,3
"38_3_XXW","XXW","BISBIS",2008,1
"38_3_XXW","XXW","BISBIS",2009,1
"38_3_XXW","XXW","BISBIS",2010,3
"38_3_XXW","XXW","BISBIS",2011,2
"38_3_XXW","XXW","BISBIS",2012,2
"38_3_XXW","XXW","BISBIS",2013,2
"38_3_XXW","XXW","BISBIS",2014,4
"38_3_XXW","XXW","BISBIS",2015,1
"38_3_XXW","XXW","BISBIS",2016,2
"38_3_XXW","XXW","BISBIS",2017,1
"38_3_XXW","XXW","BISBIS",2018,5
"38_3_XXW","XXW","BISBIS",2019,1
"38_3_XXW","XXW","BISBIS",2020,0.5
"38_3_XXW","XXW","BISBIS",2021,4
"38_3_XXW","XXW","BISBIS",2022,0.5
"38_3_XXW","XXW","BISBIS",2023,1
"38_3_XXW","XXW","BISBIS",2024,2
"38_3_XXW","XXW","CALLEP",2006,7
"38_3_XXW","XXW","CALLEP",2007,14
"38_3_XXW","XXW","CALLEP",2008,8
"38_3_XXW","XXW","CALLEP",2009,9
"38_3_XXW","XXW","CALLEP",2010,9
"38_3_XXW","XXW","CALLEP",2011,10
"38_3_XXW","XXW","CALLEP",2012,5
"38_3_XXW","XXW","CALLEP",2013,7
"38_3_XXW","XXW","CALLEP",2014,4
"38_3_XXW","XXW","CALLEP",2015,11
"38_3_XXW","XXW","CALLEP",2016,6
"38_3_XXW","XXW","CALLEP",2017,11
"38_3_XXW","XXW","CALLEP",2018,10
"38_3_XXW","XXW","CALLEP",2019,7
"38_3_XXW","XXW","CALLEP",2020,7
"38_3_XXW","XXW","CALLEP",2021,5
"38_3_XXW","XXW","CALLEP",2022,4
"38_3_XXW","XXW","CALLEP",2023,6
"38_3_XXW","XXW","CALLEP",2024,5
"38_3_XXW","XXW","CARSCO",2006,6
"38_3_XXW","XXW","CARSCO",2007,8
"38_3_XXW","XXW","CARSCO",2008,7
"38_3_XXW","XXW","CARSCO",2009,3
"38_3_XXW","XXW","CARSCO",2010,3
"38_3_XXW","XXW","CARSCO",2011,1
"38_3_XXW","XXW","CARSCO",2012,8
"38_3_XXW","XXW","CARSCO",2013,3
"38_3_XXW","XXW","CARSCO",2014,3
"38_3_XXW","XXW","CARSCO",2015,1
"38_3_XXW","XXW","CARSCO",2016,2
"38_3_XXW","XXW","CARSCO",2017,5
"38_3_XXW","XXW","CARSCO",2018,2
"38_3_XXW","XXW","CARSCO",2019,8
"38_3_XXW","XXW","CARSCO",2020,4
"38_3_XXW","XXW","CARSCO",2021,6
"38_3_XXW","XXW","CARSCO",2022,10
"38_3_XXW","XXW","CARSCO",2023,6
"38_3_XXW","XXW","CARSCO",2024,4
"38_3_XXW","XXW","DESCES",2006,47
"38_3_XXW","XXW","DESCES",2007,27
"38_3_XXW","XXW","DESCES",2008,37
"38_3_XXW","XXW","DESCES",2009,34
"38_3_XXW","XXW","DESCES",2010,30
"38_3_XXW","XXW","DESCES",2011,40
"38_3_XXW","XXW","DESCES",2012,29
"38_3_XXW","XXW","DESCES",2013,25
"38_3_XXW","XXW","DESCES",2014,36
"38_3_XXW","XXW","DESCES",2015,36
"38_3_XXW","XXW","DESCES",2016,44
"38_3_XXW","XXW","DESCES",2017,35
"38_3_XXW","XXW","DESCES",2018,45
"38_3_XXW","XXW","DESCES",2019,45
"38_3_XXW","XXW","DESCES",2020,44
"38_3_XXW","XXW","DESCES",2021,35
"38_3_XXW","XXW","DESCES",2022,28
"38_3_XXW","XXW","DESCES",2023,37
"38_3_XXW","XXW","DESCES",2024,50
"38_3_XXW","XXW","GENALG",2006,5
"38_3_XXW","XXW","GENALG",2007,9
"38_3_XXW","XXW","GENALG",2008,6
"38_3_XXW","XXW","GENALG",2009,12
"38_3_XXW","XXW","GENALG",2010,3
"38_3_XXW","XXW","GENALG",2011,2
"38_3_XXW","XXW","GENALG",2012,2
"38_3_XXW","XXW","GENALG",2013,3
"38_3_XXW","XXW","GENALG",2014,6
"38_3_XXW","XXW","GENALG",2015,9
"38_3_XXW","XXW","GENALG",2016,3
"38_3_XXW","XXW","GENALG",2017,2
"38_3_XXW","XXW","GENALG",2018,3
"38_3_XXW","XXW","GENALG",2019,1
"38_3_XXW","XXW","GENALG",2020,2
"38_3_XXW","XXW","GENALG",2021,3
"38_3_XXW","XXW","GENALG",2022,4
"38_3_XXW","XXW","GENALG",2023,2
"38_3_XXW","XXW","GENALG",2024,2
"38_3_XXW","XXW","GEUROS",2006,9
"38_3_XXW","XXW","GEUROS",2007,5
"38_3_XXW","XXW","GEUROS",2008,12
"38_3_XXW","XXW","GEUROS",2009,9
"38_3_XXW","XXW","GEUROS",2010,11
"38_3_XXW","XXW","GEUROS",2011,9
"38_3_XXW","XXW","GEUROS",2012,16
"38_3_XXW","XXW","GEUROS",2013,7
"38_3_XXW","XXW","GEUROS",2014,7
"38_3_XXW","XXW","GEUROS",2015,10
"38_3_XXW","XXW","GEUROS",2016,4
"38_3_XXW","XXW","GEUROS",2017,2
"38_3_XXW","XXW","GEUROS",2018,7
"38_3_XXW","XXW","GEUROS",2019,5
"38_3_XXW","XXW","GEUROS",2020,8
"38_3_XXW","XXW","GEUROS",2021,10
"38_3_XXW","XXW","GEUROS",2022,10
"38_3_XXW","XXW","GEUROS",2023,7
"38_3_XXW","XXW","GEUROS",2024,5
"38_3_XXW","XXW","TRIPAR",2006,1
"38_3_XXW","XXW","TRIPAR",2007,8
"38_3_XXW","XXW","TRIPAR",2008,8
"38_3_XXW","XXW","TRIPAR",2009,10
"38_3_XXW","XXW","TRIPAR",2010,14
"38_3_XXW","XXW","TRIPAR",2011,5
"38_3_XXW","XXW","TRIPAR",2012,7
"38_3_XXW","XXW","TRIPAR",2013,15
"38_3_XXW","XXW","TRIPAR",2014,8
"38_3_XXW","XXW","TRIPAR",2015,8
"38_3_XXW","XXW","TRIPAR",2016,9
"38_3_XXW","XXW","TRIPAR",2017,11
"38_3_XXW","XXW","TRIPAR",2018,6
"38_3_XXW","XXW","TRIPAR",2019,7
"38_3_XXW","XXW","TRIPAR",2020,10
"38_3_XXW","XXW","TRIPAR",2021,9
"38_3_XXW","XXW","TRIPAR",2022,15
"38_3_XXW","XXW","TRIPAR",2023,9
"38_3_XXW","XXW","TRIPAR",2024,12
"39_3_XXX","XXX","ARTSCO",2006,14
"39_3_XXX","XXX","ARTSCO",2007,16
"39_3_XXX","XXX","ARTSCO",2008,19
"39_3_XXX","XXX","ARTSCO",2009,19
"39_3_XXX","XXX","ARTSCO",2010,18
"39_3_XXX","XXX","ARTSCO",2011,26
"39_3_XXX","XXX","ARTSCO",2012,9
"39_3_XXX","XXX","ARTSCO",2013,12
"39_3_XXX","XXX","ARTSCO",2014,14
"39_3_XXX","XXX","ARTSCO",2015,16
"39_3_XXX","XXX","ARTSCO",2016,14
"39_3_XXX","XXX","ARTSCO",2017,12
"39_3_XXX","XXX","ARTSCO",2018,11
"39_3_XXX","XXX","ARTSCO",2019,17
"39_3_XXX","XXX","ARTSCO",2020,8
"39_3_XXX","XXX","ARTSCO",2021,15
"39_3_XXX","XXX","ARTSCO",2022,18
"39_3_XXX","XXX","ARTSCO",2023,13
"39_3_XXX","XXX","ARTSCO",2024,17
"39_3_XXX","XXX","BISBIS",2006,2
"39_3_XXX","XXX","BISBIS",2007,7
"39_3_XXX","XXX","BISBIS",2008,6
"39_3_XXX","XXX","BISBIS",2009,4
"39_3_XXX","XXX","BISBIS",2010,9
"39_3_XXX","XXX","BISBIS",2011,3
"39_3_XXX","XXX","BISBIS",2012,6
"39_3_XXX","XXX","BISBIS",2013,5
"39_3_XXX","XXX","BISBIS",2014,2
"39_3_XXX","XXX","BISBIS",2015,5
"39_3_XXX","XXX","BISBIS",2016,2
"39_3_XXX","XXX","BISBIS",2017,4
"39_3_XXX","XXX","BISBIS",2018,6
"39_3_XXX","XXX","BISBIS",2019,1
"39_3_XXX","XXX","BISBIS",2020,3
"39_3_XXX","XXX","BISBIS",2021,5
"39_3_XXX","XXX","BISBIS",2022,3
"39_3_XXX","XXX","BISBIS",2023,0.5
"39_3_XXX","XXX","BISBIS",2024,4
"39_3_XXX","XXX","CALLEP",2006,9
"39_3_XXX","XXX","CALLEP",2007,15
"39_3_XXX","XXX","CALLEP",2008,9
"39_3_XXX","XXX","CALLEP",2009,4
"39_3_XXX","XXX","CALLEP",2010,8
"39_3_XXX","XXX","CALLEP",2011,3
"39_3_XXX","XXX","CALLEP",2012,9
"39_3_XXX","XXX","CALLEP",2013,8
"39_3_XXX","XXX","CALLEP",2014,4
"39_3_XXX","XXX","CALLEP",2015,8
"39_3_XXX","XXX","CALLEP",2016,3
"39_3_XXX","XXX","CALLEP",2017,4
"39_3_XXX","XXX","CALLEP",2018,4
"39_3_XXX","XXX","CALLEP",2019,5
"39_3_XXX","XXX","CALLEP",2020,1
"39_3_XXX","XXX","CALLEP",2021,6
"39_3_XXX","XXX","CALLEP",2022,7
"39_3_XXX","XXX","CALLEP",2023,1
"39_3_XXX","XXX","CALLEP",2024,5
"39_3_XXX","XXX","CARSCO",2006,7
"39_3_XXX","XXX","CARSCO",2007,12
"39_3_XXX","XXX","CARSCO",2008,12
"39_3_XXX","XXX","CARSCO",2009,15
"39_3_XXX","XXX","CARSCO",2010,13
"39_3_XXX","XXX","CARSCO",2011,9
"39_3_XXX","XXX","CARSCO",2012,6
"39_3_XXX","XXX","CARSCO",2013,6
"39_3_XXX","XXX","CARSCO",2014,10
"39_3_XXX","XXX","CARSCO",2015,7
"39_3_XXX","XXX","CARSCO",2016,7
"39_3_XXX","XXX","CARSCO",2017,14
"39_3_XXX","XXX","CARSCO",2018,13
"39_3_XXX","XXX","CARSCO",2019,15
"39_3_XXX","XXX","CARSCO",2020,8
"39_3_XXX","XXX","CARSCO",2021,9
"39_3_XXX","XXX","CARSCO",2022,4
"39_3_XXX","XXX","CARSCO",2023,13
"39_3_XXX","XXX","CARSCO",2024,25
"39_3_XXX","XXX","DESCES",2006,29
"39_3_XXX","XXX","DESCES",2007,22
"39_3_XXX","XXX","DESCES",2008,41
"39_3_XXX","XXX","DESCES",2009,33
"39_3_XXX","XXX","DESCES",2010,24
"39_3_XXX","XXX","DESCES",2011,37
"39_3_XXX","XXX","DESCES",2012,17
"39_3_XXX","XXX","DESCES",2013,27
"39_3_XXX","XXX","DESCES",2014,52
"39_3_XXX","XXX","DESCES",2015,28
"39_3_XXX","XXX","DESCES",2016,29
"39_3_XXX","XXX","DESCES",2017,32
"39_3_XXX","XXX","DESCES",2018,48
"39_3_XXX","XXX","DESCES",2019,27
"39_3_XXX","XXX","DESCES",2020,34
"39_3_XXX","XXX","DESCES",2021,42
"39_3_XXX","XXX","DESCES",2022,51
"39_3_XXX","XXX","DESCES",2023,49
"39_3_XXX","XXX","DESCES",2024,24
"39_3_XXX","XXX","GENALG",2006,13
"39_3_XXX","XXX","GENALG",2007,9
"39_3_XXX","XXX","GENALG",2008,7
"39_3_XXX","XXX","GENALG",2009,8
"39_3_XXX","XXX","GENALG",2010,12
"39_3_XXX","XXX","GENALG",2011,6
"39_3_XXX","XXX","GENALG",2012,8
"39_3_XXX","XXX","GENALG",2013,9
"39_3_XXX","XXX","GENALG",2014,9
"39_3_XXX","XXX","GENALG",2015,6
"39_3_XXX","XXX","GENALG",2016,6
"39_3_XXX","XXX","GENALG",2017,5
"39_3_XXX","XXX","GENALG",2018,2
"39_3_XXX","XXX","GENALG",2019,2
"39_3_XXX","XXX","GENALG",2020,6
"39_3_XXX","XXX","GENALG",2021,4
"39_3_XXX","XXX","GENALG",2022,0.5
"39_3_XXX","XXX","GENALG",2023,7
"39_3_XXX","XXX","GENALG",2024,2
"39_3_XXX","XXX","GEUROS",2006,6
"39_3_XXX","XXX","GEUROS",2007,5
"39_3_XXX","XXX","GEUROS",2008,5
"39_3_XXX","XXX","GEUROS",2009,4
"39_3_XXX","XXX","GEUROS",2010,2
"39_3_XXX","XXX","GEUROS",2011,3
"39_3_XXX","XXX","GEUROS",2012,3
"39_3_XXX","XXX","GEUROS",2013,7
"39_3_XXX","XXX","GEUROS",2014,5
"39_3_XXX","XXX","GEUROS",2015,3
"39_3_XXX","XXX","GEUROS",2016,3
"39_3_XXX","XXX","GEUROS",2017,4
"39_3_XXX","XXX","GEUROS",2018,1
"39_3_XXX","XXX","GEUROS",2019,2
"39_3_XXX","XXX","GEUROS",2020,2
"39_3_XXX","XXX","GEUROS",2021,3
"39_3_XXX","XXX","GEUROS",2022,4
"39_3_XXX","XXX","GEUROS",2023,4
"39_3_XXX","XXX","GEUROS",2024,5
"39_3_XXX","XXX","TRIPAR",2006,0
"39_3_XXX","XXX","TRIPAR",2007,1
"39_3_XXX","XXX","TRIPAR",2008,1
"39_3_XXX","XXX","TRIPAR",2009,0
"39_3_XXX","XXX","TRIPAR",2010,0.5
"39_3_XXX","XXX","TRIPAR",2011,0
"39_3_XXX","XXX","TRIPAR",2012,1
"39_3_XXX","XXX","TRIPAR",2013,1
"39_3_XXX","XXX","TRIPAR",2014,0.5
"39_3_XXX","XXX","TRIPAR",2015,1
"39_3_XXX","XXX","TRIPAR",2016,1
"39_3_XXX","XXX","TRIPAR",2017,1
"39_3_XXX","XXX","TRIPAR",2018,0
"39_3_XXX","XXX","TRIPAR",2019,1
"39_3_XXX","XXX","TRIPAR",2020,0.5
"39_3_XXX","XXX","TRIPAR",2021,1
"39_3_XXX","XXX","TRIPAR",2022,1
"39_3_XXX","XXX","TRIPAR",2023,2
"39_3_XXX","XXX","TRIPAR",2024,0
"4_1_XXX","XXX","ARTSCO",2006,6
"4_1_XXX","XXX","ARTSCO",2007,1
"4_1_XXX","XXX","ARTSCO",2008,3
"4_1_XXX","XXX","ARTSCO",2009,3
"4_1_XXX","XXX","ARTSCO",2010,1
"4_1_XXX","XXX","ARTSCO",2011,1
"4_1_XXX","XXX","ARTSCO",2012,0
"4_1_XXX","XXX","ARTSCO",2013,2
"4_1_XXX","XXX","ARTSCO",2014,2
"4_1_XXX","XXX","ARTSCO",2015,4
"4_1_XXX","XXX","ARTSCO",2016,3
"4_1_XXX","XXX","ARTSCO",2017,1
"4_1_XXX","XXX","ARTSCO",2018,1
"4_1_XXX","XXX","ARTSCO",2019,0.5
"4_1_XXX","XXX","ARTSCO",2020,0.5
"4_1_XXX","XXX","ARTSCO",2021,2
"4_1_XXX","XXX","ARTSCO",2022,3
"4_1_XXX","XXX","ARTSCO",2023,4
"4_1_XXX","XXX","ARTSCO",2024,1
"4_1_XXX","XXX","BISBIS",2006,4
"4_1_XXX","XXX","BISBIS",2007,2
"4_1_XXX","XXX","BISBIS",2008,7
"4_1_XXX","XXX","BISBIS",2009,8
"4_1_XXX","XXX","BISBIS",2010,3
"4_1_XXX","XXX","BISBIS",2011,3
"4_1_XXX","XXX","BISBIS",2012,5
"4_1_XXX","XXX","BISBIS",2013,4
"4_1_XXX","XXX","BISBIS",2014,5
"4_1_XXX","XXX","BISBIS",2015,5
"4_1_XXX","XXX","BISBIS",2016,10
"4_1_XXX","XXX","BISBIS",2017,10
"4_1_XXX","XXX","BISBIS",2018,4
"4_1_XXX","XXX","BISBIS",2019,5
"4_1_XXX","XXX","BISBIS",2020,3
"4_1_XXX","XXX","BISBIS",2021,1
"4_1_XXX","XXX","BISBIS",2022,3
"4_1_XXX","XXX","BISBIS",2023,4
"4_1_XXX","XXX","BISBIS",2024,5
"4_1_XXX","XXX","CALLEP",2006,0
"4_1_XXX","XXX","CALLEP",2007,0
"4_1_XXX","XXX","CALLEP",2008,0
"4_1_XXX","XXX","CALLEP",2009,0
"4_1_XXX","XXX","CALLEP",2010,0
"4_1_XXX","XXX","CALLEP",2011,0
"4_1_XXX","XXX","CALLEP",2012,0
"4_1_XXX","XXX","CALLEP",2013,0
"4_1_XXX","XXX","CALLEP",2014,0
"4_1_XXX","XXX","CALLEP",2015,0
"4_1_XXX","XXX","CALLEP",2016,0
"4_1_XXX","XXX","CALLEP",2017,0
"4_1_XXX","XXX","CALLEP",2018,0
"4_1_XXX","XXX","CALLEP",2019,0
"4_1_XXX","XXX","CALLEP",2020,0
"4_1_XXX","XXX","CALLEP",2021,0
"4_1_XXX","XXX","CALLEP",2022,0
"4_1_XXX","XXX","CALLEP",2023,0
"4_1_XXX","XXX","CALLEP",2024,0
"4_1_XXX","XXX","CARSCO",2006,3
"4_1_XXX","XXX","CARSCO",2007,0
"4_1_XXX","XXX","CARSCO",2008,1
"4_1_XXX","XXX","CARSCO",2009,2
"4_1_XXX","XXX","CARSCO",2010,0
"4_1_XXX","XXX","CARSCO",2011,1
"4_1_XXX","XXX","CARSCO",2012,0.5
"4_1_XXX","XXX","CARSCO",2013,0.5
"4_1_XXX","XXX","CARSCO",2014,0.5
"4_1_XXX","XXX","CARSCO",2015,1
"4_1_XXX","XXX","CARSCO",2016,0.5
"4_1_XXX","XXX","CARSCO",2017,0.5
"4_1_XXX","XXX","CARSCO",2018,1
"4_1_XXX","XXX","CARSCO",2019,1
"4_1_XXX","XXX","CARSCO",2020,1
"4_1_XXX","XXX","CARSCO",2021,2
"4_1_XXX","XXX","CARSCO",2022,0.5
"4_1_XXX","XXX","CARSCO",2023,3
"4_1_XXX","XXX","CARSCO",2024,0.5
"4_1_XXX","XXX","DESCES",2006,44
"4_1_XXX","XXX","DESCES",2007,48
"4_1_XXX","XXX","DESCES",2008,36
"4_1_XXX","XXX","DESCES",2009,31
"4_1_XXX","XXX","DESCES",2010,43
"4_1_XXX","XXX","DESCES",2011,51
"4_1_XXX","XXX","DESCES",2012,49
"4_1_XXX","XXX","DESCES",2013,38
"4_1_XXX","XXX","DESCES",2014,33
"4_1_XXX","XXX","DESCES",2015,33
"4_1_XXX","XXX","DESCES",2016,40
"4_1_XXX","XXX","DESCES",2017,32
"4_1_XXX","XXX","DESCES",2018,33
"4_1_XXX","XXX","DESCES",2019,44
"4_1_XXX","XXX","DESCES",2020,42
"4_1_XXX","XXX","DESCES",2021,41
"4_1_XXX","XXX","DESCES",2022,43
"4_1_XXX","XXX","DESCES",2023,23
"4_1_XXX","XXX","DESCES",2024,29
"4_1_XXX","XXX","GENALG",2006,9
"4_1_XXX","XXX","GENALG",2007,1
"4_1_XXX","XXX","GENALG",2008,4
"4_1_XXX","XXX","GENALG",2009,4
"4_1_XXX","XXX","GENALG",2010,1
"4_1_XXX","XXX","GENALG",2011,0.5
"4_1_XXX","XXX","GENALG",2012,2
"4_1_XXX","XXX","GENALG",2013,0.5
"4_1_XXX","XXX","GENALG",2014,1
"4_1_XXX","XXX","GENALG",2015,1
"4_1_XXX","XXX","GENALG",2016,0.5
"4_1_XXX","XXX","GENALG",2017,1
"4_1_XXX","XXX","GENALG",2018,1
"4_1_XXX","XXX","GENALG",2019,1
"4_1_XXX","XXX","GENALG",2020,0.5
"4_1_XXX","XXX","GENALG",2021,2
"4_1_XXX","XXX","GENALG",2022,1
"4_1_XXX","XXX","GENALG",2023,2
"4_1_XXX","XXX","GENALG",2024,3
"4_1_XXX","XXX","GEUROS",2006,24
"4_1_XXX","XXX","GEUROS",2007,43
"4_1_XXX","XXX","GEUROS",2008,41
"4_1_XXX","XXX","GEUROS",2009,39
"4_1_XXX","XXX","GEUROS",2010,27
"4_1_XXX","XXX","GEUROS",2011,31
"4_1_XXX","XXX","GEUROS",2012,29
"4_1_XXX","XXX","GEUROS",2013,40
"4_1_XXX","XXX","GEUROS",2014,48
"4_1_XXX","XXX","GEUROS",2015,45
"4_1_XXX","XXX","GEUROS",2016,29
"4_1_XXX","XXX","GEUROS",2017,35
"4_1_XXX","XXX","GEUROS",2018,35
"4_1_XXX","XXX","GEUROS",2019,25
"4_1_XXX","XXX","GEUROS",2020,35
"4_1_XXX","XXX","GEUROS",2021,41
"4_1_XXX","XXX","GEUROS",2022,34
"4_1_XXX","XXX","GEUROS",2023,40
"4_1_XXX","XXX","GEUROS",2024,41
"4_1_XXX","XXX","TRIPAR",2006,2
"4_1_XXX","XXX","TRIPAR",2007,2
"4_1_XXX","XXX","TRIPAR",2008,3
"4_1_XXX","XXX","TRIPAR",2009,5
"4_1_XXX","XXX","TRIPAR",2010,5
"4_1_XXX","XXX","TRIPAR",2011,5
"4_1_XXX","XXX","TRIPAR",2012,4
"4_1_XXX","XXX","TRIPAR",2013,5
"4_1_XXX","XXX","TRIPAR",2014,3
"4_1_XXX","XXX","TRIPAR",2015,1
"4_1_XXX","XXX","TRIPAR",2016,4
"4_1_XXX","XXX","TRIPAR",2017,3
"4_1_XXX","XXX","TRIPAR",2018,6
"4_1_XXX","XXX","TRIPAR",2019,4
"4_1_XXX","XXX","TRIPAR",2020,5
"4_1_XXX","XXX","TRIPAR",2021,7
"4_1_XXX","XXX","TRIPAR",2022,3
"4_1_XXX","XXX","TRIPAR",2023,6
"4_1_XXX","XXX","TRIPAR",2024,5
"40_3_XXW","XXW","ARTSCO",2006,14
"40_3_XXW","XXW","ARTSCO",2007,14
"40_3_XXW","XXW","ARTSCO",2008,11
"40_3_XXW","XXW","ARTSCO",2009,12
"40_3_XXW","XXW","ARTSCO",2010,10
"40_3_XXW","XXW","ARTSCO",2011,12
"40_3_XXW","XXW","ARTSCO",2012,10
"40_3_XXW","XXW","ARTSCO",2013,14
"40_3_XXW","XXW","ARTSCO",2014,12
"40_3_XXW","XXW","ARTSCO",2015,21
"40_3_XXW","XXW","ARTSCO",2016,13
"40_3_XXW","XXW","ARTSCO",2017,5
"40_3_XXW","XXW","ARTSCO",2018,9
"40_3_XXW","XXW","ARTSCO",2019,14
"40_3_XXW","XXW","ARTSCO",2020,11
"40_3_XXW","XXW","ARTSCO",2021,15
"40_3_XXW","XXW","ARTSCO",2022,14
"40_3_XXW","XXW","ARTSCO",2023,21
"40_3_XXW","XXW","ARTSCO",2024,22
"40_3_XXW","XXW","BISBIS",2006,1
"40_3_XXW","XXW","BISBIS",2007,2
"40_3_XXW","XXW","BISBIS",2008,1
"40_3_XXW","XXW","BISBIS",2009,6
"40_3_XXW","XXW","BISBIS",2010,4
"40_3_XXW","XXW","BISBIS",2011,3
"40_3_XXW","XXW","BISBIS",2012,5
"40_3_XXW","XXW","BISBIS",2013,5
"40_3_XXW","XXW","BISBIS",2014,1
"40_3_XXW","XXW","BISBIS",2015,2
"40_3_XXW","XXW","BISBIS",2016,1
"40_3_XXW","XXW","BISBIS",2017,3
"40_3_XXW","XXW","BISBIS",2018,3
"40_3_XXW","XXW","BISBIS",2019,2
"40_3_XXW","XXW","BISBIS",2020,5
"40_3_XXW","XXW","BISBIS",2021,7
"40_3_XXW","XXW","BISBIS",2022,8
"40_3_XXW","XXW","BISBIS",2023,4
"40_3_XXW","XXW","BISBIS",2024,2
"40_3_XXW","XXW","CALLEP",2006,8
"40_3_XXW","XXW","CALLEP",2007,14
"40_3_XXW","XXW","CALLEP",2008,7
"40_3_XXW","XXW","CALLEP",2009,4
"40_3_XXW","XXW","CALLEP",2010,4
"40_3_XXW","XXW","CALLEP",2011,8
"40_3_XXW","XXW","CALLEP",2012,7
"40_3_XXW","XXW","CALLEP",2013,6
"40_3_XXW","XXW","CALLEP",2014,4
"40_3_XXW","XXW","CALLEP",2015,9
"40_3_XXW","XXW","CALLEP",2016,6
"40_3_XXW","XXW","CALLEP",2017,5
"40_3_XXW","XXW","CALLEP",2018,5
"40_3_XXW","XXW","CALLEP",2019,3
"40_3_XXW","XXW","CALLEP",2020,4
"40_3_XXW","XXW","CALLEP",2021,4
"40_3_XXW","XXW","CALLEP",2022,6
"40_3_XXW","XXW","CALLEP",2023,5
"40_3_XXW","XXW","CALLEP",2024,5
"40_3_XXW","XXW","CARSCO",2006,2
"40_3_XXW","XXW","CARSCO",2007,4
"40_3_XXW","XXW","CARSCO",2008,3
"40_3_XXW","XXW","CARSCO",2009,3
"40_3_XXW","XXW","CARSCO",2010,0.5
"40_3_XXW","XXW","CARSCO",2011,0.5
"40_3_XXW","XXW","CARSCO",2012,5
"40_3_XXW","XXW","CARSCO",2013,2
"40_3_XXW","XXW","CARSCO",2014,0.5
"40_3_XXW","XXW","CARSCO",2015,2
"40_3_XXW","XXW","CARSCO",2016,3
"40_3_XXW","XXW","CARSCO",2017,5
"40_3_XXW","XXW","CARSCO",2018,3
"40_3_XXW","XXW","CARSCO",2019,10
"40_3_XXW","XXW","CARSCO",2020,2
"40_3_XXW","XXW","CARSCO",2021,4
"40_3_XXW","XXW","CARSCO",2022,4
"40_3_XXW","XXW","CARSCO",2023,3
"40_3_XXW","XXW","CARSCO",2024,3
"40_3_XXW","XXW","DESCES",2006,43
"40_3_XXW","XXW","DESCES",2007,36
"40_3_XXW","XXW","DESCES",2008,44
"40_3_XXW","XXW","DESCES",2009,49
"40_3_XXW","XXW","DESCES",2010,34
"40_3_XXW","XXW","DESCES",2011,58
"40_3_XXW","XXW","DESCES",2012,15
"40_3_XXW","XXW","DESCES",2013,28
"40_3_XXW","XXW","DESCES",2014,32
"40_3_XXW","XXW","DESCES",2015,36
"40_3_XXW","XXW","DESCES",2016,26
"40_3_XXW","XXW","DESCES",2017,34
"40_3_XXW","XXW","DESCES",2018,38
"40_3_XXW","XXW","DESCES",2019,37
"40_3_XXW","XXW","DESCES",2020,26
"40_3_XXW","XXW","DESCES",2021,39
"40_3_XXW","XXW","DESCES",2022,31
"40_3_XXW","XXW","DESCES",2023,30
"40_3_XXW","XXW","DESCES",2024,34
"40_3_XXW","XXW","GENALG",2006,8
"40_3_XXW","XXW","GENALG",2007,9
"40_3_XXW","XXW","GENALG",2008,4
"40_3_XXW","XXW","GENALG",2009,6
"40_3_XXW","XXW","GENALG",2010,7
"40_3_XXW","XXW","GENALG",2011,1
"40_3_XXW","XXW","GENALG",2012,7
"40_3_XXW","XXW","GENALG",2013,9
"40_3_XXW","XXW","GENALG",2014,8
"40_3_XXW","XXW","GENALG",2015,4
"40_3_XXW","XXW","GENALG",2016,4
"40_3_XXW","XXW","GENALG",2017,4
"40_3_XXW","XXW","GENALG",2018,5
"40_3_XXW","XXW","GENALG",2019,3
"40_3_XXW","XXW","GENALG",2020,2
"40_3_XXW","XXW","GENALG",2021,0.5
"40_3_XXW","XXW","GENALG",2022,2
"40_3_XXW","XXW","GENALG",2023,1
"40_3_XXW","XXW","GENALG",2024,1
"40_3_XXW","XXW","GEUROS",2006,5
"40_3_XXW","XXW","GEUROS",2007,8
"40_3_XXW","XXW","GEUROS",2008,6
"40_3_XXW","XXW","GEUROS",2009,5
"40_3_XXW","XXW","GEUROS",2010,9
"40_3_XXW","XXW","GEUROS",2011,6
"40_3_XXW","XXW","GEUROS",2012,11
"40_3_XXW","XXW","GEUROS",2013,12
"40_3_XXW","XXW","GEUROS",2014,5
"40_3_XXW","XXW","GEUROS",2015,7
"40_3_XXW","XXW","GEUROS",2016,8
"40_3_XXW","XXW","GEUROS",2017,10
"40_3_XXW","XXW","GEUROS",2018,8
"40_3_XXW","XXW","GEUROS",2019,4
"40_3_XXW","XXW","GEUROS",2020,10
"40_3_XXW","XXW","GEUROS",2021,7
"40_3_XXW","XXW","GEUROS",2022,5
"40_3_XXW","XXW","GEUROS",2023,8
"40_3_XXW","XXW","GEUROS",2024,9
"40_3_XXW","XXW","TRIPAR",2006,0.5
"40_3_XXW","XXW","TRIPAR",2007,0
"40_3_XXW","XXW","TRIPAR",2008,0.5
"40_3_XXW","XXW","TRIPAR",2009,0
"40_3_XXW","XXW","TRIPAR",2010,0.5
"40_3_XXW","XXW","TRIPAR",2011,0
"40_3_XXW","XXW","TRIPAR",2012,0
"40_3_XXW","XXW","TRIPAR",2013,0
"40_3_XXW","XXW","TRIPAR",2014,0
"40_3_XXW","XXW","TRIPAR",2015,0
"40_3_XXW","XXW","TRIPAR",2016,0
"40_3_XXW","XXW","TRIPAR",2017,0
"40_3_XXW","XXW","TRIPAR",2018,1
"40_3_XXW","XXW","TRIPAR",2019,0
"40_3_XXW","XXW","TRIPAR",2020,0
"40_3_XXW","XXW","TRIPAR",2021,0
"40_3_XXW","XXW","TRIPAR",2022,0
"40_3_XXW","XXW","TRIPAR",2023,0
"40_3_XXW","XXW","TRIPAR",2024,0
"41_3_PXX","PXX","ARTSCO",2006,8
"41_3_PXX","PXX","ARTSCO",2007,8
"41_3_PXX","PXX","ARTSCO",2008,16
"41_3_PXX","PXX","ARTSCO",2009,8
"41_3_PXX","PXX","ARTSCO",2010,11
"41_3_PXX","PXX","ARTSCO",2011,10
"41_3_PXX","PXX","ARTSCO",2012,5
"41_3_PXX","PXX","ARTSCO",2013,10
"41_3_PXX","PXX","ARTSCO",2014,9
"41_3_PXX","PXX","ARTSCO",2015,4
"41_3_PXX","PXX","ARTSCO",2016,6
"41_3_PXX","PXX","ARTSCO",2017,6
"41_3_PXX","PXX","ARTSCO",2018,5
"41_3_PXX","PXX","ARTSCO",2019,3
"41_3_PXX","PXX","ARTSCO",2020,1
"41_3_PXX","PXX","ARTSCO",2021,8
"41_3_PXX","PXX","ARTSCO",2022,6
"41_3_PXX","PXX","ARTSCO",2023,8
"41_3_PXX","PXX","ARTSCO",2024,6
"41_3_PXX","PXX","BISBIS",2006,2
"41_3_PXX","PXX","BISBIS",2007,1
"41_3_PXX","PXX","BISBIS",2008,3
"41_3_PXX","PXX","BISBIS",2009,6
"41_3_PXX","PXX","BISBIS",2010,6
"41_3_PXX","PXX","BISBIS",2011,4
"41_3_PXX","PXX","BISBIS",2012,7
"41_3_PXX","PXX","BISBIS",2013,2
"41_3_PXX","PXX","BISBIS",2014,1
"41_3_PXX","PXX","BISBIS",2015,3
"41_3_PXX","PXX","BISBIS",2016,1
"41_3_PXX","PXX","BISBIS",2017,2
"41_3_PXX","PXX","BISBIS",2018,5
"41_3_PXX","PXX","BISBIS",2019,1
"41_3_PXX","PXX","BISBIS",2020,1
"41_3_PXX","PXX","BISBIS",2021,4
"41_3_PXX","PXX","BISBIS",2022,5
"41_3_PXX","PXX","BISBIS",2023,7
"41_3_PXX","PXX","BISBIS",2024,6
"41_3_PXX","PXX","CALLEP",2006,4
"41_3_PXX","PXX","CALLEP",2007,12
"41_3_PXX","PXX","CALLEP",2008,8
"41_3_PXX","PXX","CALLEP",2009,9
"41_3_PXX","PXX","CALLEP",2010,6
"41_3_PXX","PXX","CALLEP",2011,4
"41_3_PXX","PXX","CALLEP",2012,6
"41_3_PXX","PXX","CALLEP",2013,2
"41_3_PXX","PXX","CALLEP",2014,5
"41_3_PXX","PXX","CALLEP",2015,3
"41_3_PXX","PXX","CALLEP",2016,2
"41_3_PXX","PXX","CALLEP",2017,6
"41_3_PXX","PXX","CALLEP",2018,4
"41_3_PXX","PXX","CALLEP",2019,4
"41_3_PXX","PXX","CALLEP",2020,2
"41_3_PXX","PXX","CALLEP",2021,4
"41_3_PXX","PXX","CALLEP",2022,4
"41_3_PXX","PXX","CALLEP",2023,7
"41_3_PXX","PXX","CALLEP",2024,3
"41_3_PXX","PXX","CARSCO",2006,9
"41_3_PXX","PXX","CARSCO",2007,15
"41_3_PXX","PXX","CARSCO",2008,4
"41_3_PXX","PXX","CARSCO",2009,12
"41_3_PXX","PXX","CARSCO",2010,9
"41_3_PXX","PXX","CARSCO",2011,11
"41_3_PXX","PXX","CARSCO",2012,12
"41_3_PXX","PXX","CARSCO",2013,4
"41_3_PXX","PXX","CARSCO",2014,9
"41_3_PXX","PXX","CARSCO",2015,6
"41_3_PXX","PXX","CARSCO",2016,10
"41_3_PXX","PXX","CARSCO",2017,5
"41_3_PXX","PXX","CARSCO",2018,13
"41_3_PXX","PXX","CARSCO",2019,9
"41_3_PXX","PXX","CARSCO",2020,7
"41_3_PXX","PXX","CARSCO",2021,10
"41_3_PXX","PXX","CARSCO",2022,9
"41_3_PXX","PXX","CARSCO",2023,7
"41_3_PXX","PXX","CARSCO",2024,8
"41_3_PXX","PXX","DESCES",2006,38
"41_3_PXX","PXX","DESCES",2007,43
"41_3_PXX","PXX","DESCES",2008,40
"41_3_PXX","PXX","DESCES",2009,25
"41_3_PXX","PXX","DESCES",2010,42
"41_3_PXX","PXX","DESCES",2011,39
"41_3_PXX","PXX","DESCES",2012,44
"41_3_PXX","PXX","DESCES",2013,52
"41_3_PXX","PXX","DESCES",2014,59
"41_3_PXX","PXX","DESCES",2015,62
"41_3_PXX","PXX","DESCES",2016,62
"41_3_PXX","PXX","DESCES",2017,62
"41_3_PXX","PXX","DESCES",2018,51
"41_3_PXX","PXX","DESCES",2019,62
"41_3_PXX","PXX","DESCES",2020,72
"41_3_PXX","PXX","DESCES",2021,62
"41_3_PXX","PXX","DESCES",2022,61
"41_3_PXX","PXX","DESCES",2023,52
"41_3_PXX","PXX","DESCES",2024,55
"41_3_PXX","PXX","GENALG",2006,12
"41_3_PXX","PXX","GENALG",2007,6
"41_3_PXX","PXX","GENALG",2008,9
"41_3_PXX","PXX","GENALG",2009,14
"41_3_PXX","PXX","GENALG",2010,4
"41_3_PXX","PXX","GENALG",2011,4
"41_3_PXX","PXX","GENALG",2012,3
"41_3_PXX","PXX","GENALG",2013,6
"41_3_PXX","PXX","GENALG",2014,0.5
"41_3_PXX","PXX","GENALG",2015,2
"41_3_PXX","PXX","GENALG",2016,0.5
"41_3_PXX","PXX","GENALG",2017,1
"41_3_PXX","PXX","GENALG",2018,0.5
"41_3_PXX","PXX","GENALG",2019,1
"41_3_PXX","PXX","GENALG",2020,0.5
"41_3_PXX","PXX","GENALG",2021,2
"41_3_PXX","PXX","GENALG",2022,0.5
"41_3_PXX","PXX","GENALG",2023,1
"41_3_PXX","PXX","GENALG",2024,1
"41_3_PXX","PXX","GEUROS",2006,14
"41_3_PXX","PXX","GEUROS",2007,5
"41_3_PXX","PXX","GEUROS",2008,9
"41_3_PXX","PXX","GEUROS",2009,17
"41_3_PXX","PXX","GEUROS",2010,11
"41_3_PXX","PXX","GEUROS",2011,16
"41_3_PXX","PXX","GEUROS",2012,11
"41_3_PXX","PXX","GEUROS",2013,6
"41_3_PXX","PXX","GEUROS",2014,8
"41_3_PXX","PXX","GEUROS",2015,11
"41_3_PXX","PXX","GEUROS",2016,8
"41_3_PXX","PXX","GEUROS",2017,4
"41_3_PXX","PXX","GEUROS",2018,7
"41_3_PXX","PXX","GEUROS",2019,8
"41_3_PXX","PXX","GEUROS",2020,4
"41_3_PXX","PXX","GEUROS",2021,8
"41_3_PXX","PXX","GEUROS",2022,9
"41_3_PXX","PXX","GEUROS",2023,12
"41_3_PXX","PXX","GEUROS",2024,15
"41_3_PXX","PXX","TRIPAR",2006,5
"41_3_PXX","PXX","TRIPAR",2007,6
"41_3_PXX","PXX","TRIPAR",2008,8
"41_3_PXX","PXX","TRIPAR",2009,5
"41_3_PXX","PXX","TRIPAR",2010,6
"41_3_PXX","PXX","TRIPAR",2011,6
"41_3_PXX","PXX","TRIPAR",2012,2
"41_3_PXX","PXX","TRIPAR",2013,8
"41_3_PXX","PXX","TRIPAR",2014,2
"41_3_PXX","PXX","TRIPAR",2015,2
"41_3_PXX","PXX","TRIPAR",2016,1
"41_3_PXX","PXX","TRIPAR",2017,5
"41_3_PXX","PXX","TRIPAR",2018,5
"41_3_PXX","PXX","TRIPAR",2019,2
"41_3_PXX","PXX","TRIPAR",2020,0.5
"41_3_PXX","PXX","TRIPAR",2021,4
"41_3_PXX","PXX","TRIPAR",2022,5
"41_3_PXX","PXX","TRIPAR",2023,2
"41_3_PXX","PXX","TRIPAR",2024,3
"46_3_PXX","PXX","ARTSCO",2006,13
"46_3_PXX","PXX","ARTSCO",2007,11
"46_3_PXX","PXX","ARTSCO",2008,15
"46_3_PXX","PXX","ARTSCO",2009,17
"46_3_PXX","PXX","ARTSCO",2010,19
"46_3_PXX","PXX","ARTSCO",2011,10
"46_3_PXX","PXX","ARTSCO",2012,6
"46_3_PXX","PXX","ARTSCO",2013,8
"46_3_PXX","PXX","ARTSCO",2014,10
"46_3_PXX","PXX","ARTSCO",2015,11
"46_3_PXX","PXX","ARTSCO",2016,9
"46_3_PXX","PXX","ARTSCO",2017,6
"46_3_PXX","PXX","ARTSCO",2018,8
"46_3_PXX","PXX","ARTSCO",2019,6
"46_3_PXX","PXX","ARTSCO",2020,16
"46_3_PXX","PXX","ARTSCO",2021,9
"46_3_PXX","PXX","ARTSCO",2022,13
"46_3_PXX","PXX","ARTSCO",2023,5
"46_3_PXX","PXX","ARTSCO",2024,19
"46_3_PXX","PXX","BISBIS",2006,6
"46_3_PXX","PXX","BISBIS",2007,5
"46_3_PXX","PXX","BISBIS",2008,8
"46_3_PXX","PXX","BISBIS",2009,4
"46_3_PXX","PXX","BISBIS",2010,5
"46_3_PXX","PXX","BISBIS",2011,3
"46_3_PXX","PXX","BISBIS",2012,3
"46_3_PXX","PXX","BISBIS",2013,8
"46_3_PXX","PXX","BISBIS",2014,1
"46_3_PXX","PXX","BISBIS",2015,1
"46_3_PXX","PXX","BISBIS",2016,3
"46_3_PXX","PXX","BISBIS",2017,5
"46_3_PXX","PXX","BISBIS",2018,3
"46_3_PXX","PXX","BISBIS",2019,2
"46_3_PXX","PXX","BISBIS",2020,3
"46_3_PXX","PXX","BISBIS",2021,2
"46_3_PXX","PXX","BISBIS",2022,4
"46_3_PXX","PXX","BISBIS",2023,2
"46_3_PXX","PXX","BISBIS",2024,1
"46_3_PXX","PXX","CALLEP",2006,5
"46_3_PXX","PXX","CALLEP",2007,6
"46_3_PXX","PXX","CALLEP",2008,3
"46_3_PXX","PXX","CALLEP",2009,8
"46_3_PXX","PXX","CALLEP",2010,8
"46_3_PXX","PXX","CALLEP",2011,2
"46_3_PXX","PXX","CALLEP",2012,4
"46_3_PXX","PXX","CALLEP",2013,6
"46_3_PXX","PXX","CALLEP",2014,3
"46_3_PXX","PXX","CALLEP",2015,6
"46_3_PXX","PXX","CALLEP",2016,9
"46_3_PXX","PXX","CALLEP",2017,4
"46_3_PXX","PXX","CALLEP",2018,3
"46_3_PXX","PXX","CALLEP",2019,3
"46_3_PXX","PXX","CALLEP",2020,10
"46_3_PXX","PXX","CALLEP",2021,4
"46_3_PXX","PXX","CALLEP",2022,6
"46_3_PXX","PXX","CALLEP",2023,6
"46_3_PXX","PXX","CALLEP",2024,2
"46_3_PXX","PXX","CARSCO",2006,21
"46_3_PXX","PXX","CARSCO",2007,19
"46_3_PXX","PXX","CARSCO",2008,15
"46_3_PXX","PXX","CARSCO",2009,16
"46_3_PXX","PXX","CARSCO",2010,14
"46_3_PXX","PXX","CARSCO",2011,14
"46_3_PXX","PXX","CARSCO",2012,11
"46_3_PXX","PXX","CARSCO",2013,3
"46_3_PXX","PXX","CARSCO",2014,7
"46_3_PXX","PXX","CARSCO",2015,9
"46_3_PXX","PXX","CARSCO",2016,10
"46_3_PXX","PXX","CARSCO",2017,15
"46_3_PXX","PXX","CARSCO",2018,13
"46_3_PXX","PXX","CARSCO",2019,19
"46_3_PXX","PXX","CARSCO",2020,11
"46_3_PXX","PXX","CARSCO",2021,14
"46_3_PXX","PXX","CARSCO",2022,13
"46_3_PXX","PXX","CARSCO",2023,7
"46_3_PXX","PXX","CARSCO",2024,20
"46_3_PXX","PXX","DESCES",2006,38
"46_3_PXX","PXX","DESCES",2007,38
"46_3_PXX","PXX","DESCES",2008,41
"46_3_PXX","PXX","DESCES",2009,33
"46_3_PXX","PXX","DESCES",2010,38
"46_3_PXX","PXX","DESCES",2011,63
"46_3_PXX","PXX","DESCES",2012,58
"46_3_PXX","PXX","DESCES",2013,57
"46_3_PXX","PXX","DESCES",2014,70
"46_3_PXX","PXX","DESCES",2015,67
"46_3_PXX","PXX","DESCES",2016,55
"46_3_PXX","PXX","DESCES",2017,53
"46_3_PXX","PXX","DESCES",2018,54
"46_3_PXX","PXX","DESCES",2019,57
"46_3_PXX","PXX","DESCES",2020,42
"46_3_PXX","PXX","DESCES",2021,64
"46_3_PXX","PXX","DESCES",2022,57
"46_3_PXX","PXX","DESCES",2023,66
"46_3_PXX","PXX","DESCES",2024,46
"46_3_PXX","PXX","GENALG",2006,9
"46_3_PXX","PXX","GENALG",2007,4
"46_3_PXX","PXX","GENALG",2008,5
"46_3_PXX","PXX","GENALG",2009,10
"46_3_PXX","PXX","GENALG",2010,5
"46_3_PXX","PXX","GENALG",2011,2
"46_3_PXX","PXX","GENALG",2012,1
"46_3_PXX","PXX","GENALG",2013,0.5
"46_3_PXX","PXX","GENALG",2014,1
"46_3_PXX","PXX","GENALG",2015,1
"46_3_PXX","PXX","GENALG",2016,1
"46_3_PXX","PXX","GENALG",2017,1
"46_3_PXX","PXX","GENALG",2018,1
"46_3_PXX","PXX","GENALG",2019,0.5
"46_3_PXX","PXX","GENALG",2020,1
"46_3_PXX","PXX","GENALG",2021,0.5
"46_3_PXX","PXX","GENALG",2022,2
"46_3_PXX","PXX","GENALG",2023,6
"46_3_PXX","PXX","GENALG",2024,2
"46_3_PXX","PXX","GEUROS",2006,2
"46_3_PXX","PXX","GEUROS",2007,1
"46_3_PXX","PXX","GEUROS",2008,1
"46_3_PXX","PXX","GEUROS",2009,4
"46_3_PXX","PXX","GEUROS",2010,3
"46_3_PXX","PXX","GEUROS",2011,1
"46_3_PXX","PXX","GEUROS",2012,1
"46_3_PXX","PXX","GEUROS",2013,4
"46_3_PXX","PXX","GEUROS",2014,1
"46_3_PXX","PXX","GEUROS",2015,0.5
"46_3_PXX","PXX","GEUROS",2016,0.5
"46_3_PXX","PXX","GEUROS",2017,0.5
"46_3_PXX","PXX","GEUROS",2018,0.5
"46_3_PXX","PXX","GEUROS",2019,0.5
"46_3_PXX","PXX","GEUROS",2020,2
"46_3_PXX","PXX","GEUROS",2021,0.5
"46_3_PXX","PXX","GEUROS",2022,3
"46_3_PXX","PXX","GEUROS",2023,0.5
"46_3_PXX","PXX","GEUROS",2024,0.5
"46_3_PXX","PXX","TRIPAR",2006,0.5
"46_3_PXX","PXX","TRIPAR",2007,1
"46_3_PXX","PXX","TRIPAR",2008,1
"46_3_PXX","PXX","TRIPAR",2009,0
"46_3_PXX","PXX","TRIPAR",2010,0
"46_3_PXX","PXX","TRIPAR",2011,1
"46_3_PXX","PXX","TRIPAR",2012,0.5
"46_3_PXX","PXX","TRIPAR",2013,0.5
"46_3_PXX","PXX","TRIPAR",2014,1
"46_3_PXX","PXX","TRIPAR",2015,0.5
"46_3_PXX","PXX","TRIPAR",2016,1
"46_3_PXX","PXX","TRIPAR",2017,0.5
"46_3_PXX","PXX","TRIPAR",2018,0.5
"46_3_PXX","PXX","TRIPAR",2019,0.5
"46_3_PXX","PXX","TRIPAR",2020,0.5
"46_3_PXX","PXX","TRIPAR",2021,1
"46_3_PXX","PXX","TRIPAR",2022,0.5
"46_3_PXX","PXX","TRIPAR",2023,1
"46_3_PXX","PXX","TRIPAR",2024,0.5
"5_1_XNX","XNX","ARTSCO",2006,3
"5_1_XNX","XNX","ARTSCO",2007,4
"5_1_XNX","XNX","ARTSCO",2008,9
"5_1_XNX","XNX","ARTSCO",2009,5
"5_1_XNX","XNX","ARTSCO",2010,3
"5_1_XNX","XNX","ARTSCO",2011,1
"5_1_XNX","XNX","ARTSCO",2012,4
"5_1_XNX","XNX","ARTSCO",2013,4
"5_1_XNX","XNX","ARTSCO",2014,3
"5_1_XNX","XNX","ARTSCO",2015,7
"5_1_XNX","XNX","ARTSCO",2016,7
"5_1_XNX","XNX","ARTSCO",2017,8
"5_1_XNX","XNX","ARTSCO",2018,5
"5_1_XNX","XNX","ARTSCO",2019,5
"5_1_XNX","XNX","ARTSCO",2020,0.5
"5_1_XNX","XNX","ARTSCO",2021,4
"5_1_XNX","XNX","ARTSCO",2022,5
"5_1_XNX","XNX","ARTSCO",2023,3
"5_1_XNX","XNX","ARTSCO",2024,4
"5_1_XNX","XNX","BISBIS",2006,11
"5_1_XNX","XNX","BISBIS",2007,14
"5_1_XNX","XNX","BISBIS",2008,16
"5_1_XNX","XNX","BISBIS",2009,15
"5_1_XNX","XNX","BISBIS",2010,15
"5_1_XNX","XNX","BISBIS",2011,7
"5_1_XNX","XNX","BISBIS",2012,6
"5_1_XNX","XNX","BISBIS",2013,6
"5_1_XNX","XNX","BISBIS",2014,11
"5_1_XNX","XNX","BISBIS",2015,5
"5_1_XNX","XNX","BISBIS",2016,7
"5_1_XNX","XNX","BISBIS",2017,8
"5_1_XNX","XNX","BISBIS",2018,8
"5_1_XNX","XNX","BISBIS",2019,0.5
"5_1_XNX","XNX","BISBIS",2020,5
"5_1_XNX","XNX","BISBIS",2021,3
"5_1_XNX","XNX","BISBIS",2022,11
"5_1_XNX","XNX","BISBIS",2023,8
"5_1_XNX","XNX","BISBIS",2024,4
"5_1_XNX","XNX","CALLEP",2006,0.5
"5_1_XNX","XNX","CALLEP",2007,0.5
"5_1_XNX","XNX","CALLEP",2008,1
"5_1_XNX","XNX","CALLEP",2009,3
"5_1_XNX","XNX","CALLEP",2010,0.5
"5_1_XNX","XNX","CALLEP",2011,1
"5_1_XNX","XNX","CALLEP",2012,3
"5_1_XNX","XNX","CALLEP",2013,0.5
"5_1_XNX","XNX","CALLEP",2014,1
"5_1_XNX","XNX","CALLEP",2015,2
"5_1_XNX","XNX","CALLEP",2016,1
"5_1_XNX","XNX","CALLEP",2017,0.5
"5_1_XNX","XNX","CALLEP",2018,3
"5_1_XNX","XNX","CALLEP",2019,0.5
"5_1_XNX","XNX","CALLEP",2020,0
"5_1_XNX","XNX","CALLEP",2021,0.5
"5_1_XNX","XNX","CALLEP",2022,0.5
"5_1_XNX","XNX","CALLEP",2023,1
"5_1_XNX","XNX","CALLEP",2024,0.5
"5_1_XNX","XNX","CARSCO",2006,6
"5_1_XNX","XNX","CARSCO",2007,4
"5_1_XNX","XNX","CARSCO",2008,5
"5_1_XNX","XNX","CARSCO",2009,9
"5_1_XNX","XNX","CARSCO",2010,7
"5_1_XNX","XNX","CARSCO",2011,0.5
"5_1_XNX","XNX","CARSCO",2012,12
"5_1_XNX","XNX","CARSCO",2013,12
"5_1_XNX","XNX","CARSCO",2014,6
"5_1_XNX","XNX","CARSCO",2015,11
"5_1_XNX","XNX","CARSCO",2016,8
"5_1_XNX","XNX","CARSCO",2017,17
"5_1_XNX","XNX","CARSCO",2018,9
"5_1_XNX","XNX","CARSCO",2019,16
"5_1_XNX","XNX","CARSCO",2020,10
"5_1_XNX","XNX","CARSCO",2021,15
"5_1_XNX","XNX","CARSCO",2022,19
"5_1_XNX","XNX","CARSCO",2023,26
"5_1_XNX","XNX","CARSCO",2024,20
"5_1_XNX","XNX","DESCES",2006,50
"5_1_XNX","XNX","DESCES",2007,43
"5_1_XNX","XNX","DESCES",2008,47
"5_1_XNX","XNX","DESCES",2009,49
"5_1_XNX","XNX","DESCES",2010,53
"5_1_XNX","XNX","DESCES",2011,65
"5_1_XNX","XNX","DESCES",2012,45
"5_1_XNX","XNX","DESCES",2013,64
"5_1_XNX","XNX","DESCES",2014,62
"5_1_XNX","XNX","DESCES",2015,51
"5_1_XNX","XNX","DESCES",2016,52
"5_1_XNX","XNX","DESCES",2017,49
"5_1_XNX","XNX","DESCES",2018,50
"5_1_XNX","XNX","DESCES",2019,54
"5_1_XNX","XNX","DESCES",2020,66
"5_1_XNX","XNX","DESCES",2021,64
"5_1_XNX","XNX","DESCES",2022,52
"5_1_XNX","XNX","DESCES",2023,57
"5_1_XNX","XNX","DESCES",2024,66
"5_1_XNX","XNX","GENALG",2006,8
"5_1_XNX","XNX","GENALG",2007,10
"5_1_XNX","XNX","GENALG",2008,6
"5_1_XNX","XNX","GENALG",2009,2
"5_1_XNX","XNX","GENALG",2010,2
"5_1_XNX","XNX","GENALG",2011,2
"5_1_XNX","XNX","GENALG",2012,1
"5_1_XNX","XNX","GENALG",2013,1
"5_1_XNX","XNX","GENALG",2014,1
"5_1_XNX","XNX","GENALG",2015,5
"5_1_XNX","XNX","GENALG",2016,1
"5_1_XNX","XNX","GENALG",2017,0.5
"5_1_XNX","XNX","GENALG",2018,4
"5_1_XNX","XNX","GENALG",2019,1
"5_1_XNX","XNX","GENALG",2020,1
"5_1_XNX","XNX","GENALG",2021,3
"5_1_XNX","XNX","GENALG",2022,0.5
"5_1_XNX","XNX","GENALG",2023,1
"5_1_XNX","XNX","GENALG",2024,0.5
"5_1_XNX","XNX","GEUROS",2006,6
"5_1_XNX","XNX","GEUROS",2007,5
"5_1_XNX","XNX","GEUROS",2008,4
"5_1_XNX","XNX","GEUROS",2009,6
"5_1_XNX","XNX","GEUROS",2010,8
"5_1_XNX","XNX","GEUROS",2011,2
"5_1_XNX","XNX","GEUROS",2012,7
"5_1_XNX","XNX","GEUROS",2013,4
"5_1_XNX","XNX","GEUROS",2014,3
"5_1_XNX","XNX","GEUROS",2015,3
"5_1_XNX","XNX","GEUROS",2016,2
"5_1_XNX","XNX","GEUROS",2017,0.5
"5_1_XNX","XNX","GEUROS",2018,2
"5_1_XNX","XNX","GEUROS",2019,1
"5_1_XNX","XNX","GEUROS",2020,0.5
"5_1_XNX","XNX","GEUROS",2021,0.5
"5_1_XNX","XNX","GEUROS",2022,1
"5_1_XNX","XNX","GEUROS",2023,0.5
"5_1_XNX","XNX","GEUROS",2024,1
"5_1_XNX","XNX","TRIPAR",2006,1
"5_1_XNX","XNX","TRIPAR",2007,0.5
"5_1_XNX","XNX","TRIPAR",2008,3
"5_1_XNX","XNX","TRIPAR",2009,4
"5_1_XNX","XNX","TRIPAR",2010,3
"5_1_XNX","XNX","TRIPAR",2011,0.5
"5_1_XNX","XNX","TRIPAR",2012,4
"5_1_XNX","XNX","TRIPAR",2013,5
"5_1_XNX","XNX","TRIPAR",2014,0.5
"5_1_XNX","XNX","TRIPAR",2015,1
"5_1_XNX","XNX","TRIPAR",2016,5
"5_1_XNX","XNX","TRIPAR",2017,5
"5_1_XNX","XNX","TRIPAR",2018,3
"5_1_XNX","XNX","TRIPAR",2019,6
"5_1_XNX","XNX","TRIPAR",2020,3
"5_1_XNX","XNX","TRIPAR",2021,10
"5_1_XNX","XNX","TRIPAR",2022,9
"5_1_XNX","XNX","TRIPAR",2023,4
"5_1_XNX","XNX","TRIPAR",2024,2
"6_1_XXX","XXX","ARTSCO",2006,7
"6_1_XXX","XXX","ARTSCO",2007,5
"6_1_XXX","XXX","ARTSCO",2008,6
"6_1_XXX","XXX","ARTSCO",2009,8
"6_1_XXX","XXX","ARTSCO",2010,11
"6_1_XXX","XXX","ARTSCO",2011,6
"6_1_XXX","XXX","ARTSCO",2012,5
"6_1_XXX","XXX","ARTSCO",2013,7
"6_1_XXX","XXX","ARTSCO",2014,4
"6_1_XXX","XXX","ARTSCO",2015,4
"6_1_XXX","XXX","ARTSCO",2016,3
"6_1_XXX","XXX","ARTSCO",2017,1
"6_1_XXX","XXX","ARTSCO",2018,4
"6_1_XXX","XXX","ARTSCO",2019,0.5
"6_1_XXX","XXX","ARTSCO",2020,2
"6_1_XXX","XXX","ARTSCO",2021,5
"6_1_XXX","XXX","ARTSCO",2022,1
"6_1_XXX","XXX","ARTSCO",2023,0.5
"6_1_XXX","XXX","ARTSCO",2024,2
"6_1_XXX","XXX","BISBIS",2006,5
"6_1_XXX","XXX","BISBIS",2007,2
"6_1_XXX","XXX","BISBIS",2008,9
"6_1_XXX","XXX","BISBIS",2009,13
"6_1_XXX","XXX","BISBIS",2010,6
"6_1_XXX","XXX","BISBIS",2011,4
"6_1_XXX","XXX","BISBIS",2012,9
"6_1_XXX","XXX","BISBIS",2013,4
"6_1_XXX","XXX","BISBIS",2014,3
"6_1_XXX","XXX","BISBIS",2015,8
"6_1_XXX","XXX","BISBIS",2016,6
"6_1_XXX","XXX","BISBIS",2017,7
"6_1_XXX","XXX","BISBIS",2018,5
"6_1_XXX","XXX","BISBIS",2019,0.5
"6_1_XXX","XXX","BISBIS",2020,3
"6_1_XXX","XXX","BISBIS",2021,0.5
"6_1_XXX","XXX","BISBIS",2022,7
"6_1_XXX","XXX","BISBIS",2023,6
"6_1_XXX","XXX","BISBIS",2024,3
"6_1_XXX","XXX","CALLEP",2006,0.5
"6_1_XXX","XXX","CALLEP",2007,2
"6_1_XXX","XXX","CALLEP",2008,0.5
"6_1_XXX","XXX","CALLEP",2009,0
"6_1_XXX","XXX","CALLEP",2010,0
"6_1_XXX","XXX","CALLEP",2011,0.5
"6_1_XXX","XXX","CALLEP",2012,0.5
"6_1_XXX","XXX","CALLEP",2013,0.5
"6_1_XXX","XXX","CALLEP",2014,0.5
"6_1_XXX","XXX","CALLEP",2015,0.5
"6_1_XXX","XXX","CALLEP",2016,0
"6_1_XXX","XXX","CALLEP",2017,0
"6_1_XXX","XXX","CALLEP",2018,0
"6_1_XXX","XXX","CALLEP",2019,0
"6_1_XXX","XXX","CALLEP",2020,0
"6_1_XXX","XXX","CALLEP",2021,0.5
"6_1_XXX","XXX","CALLEP",2022,0.5
"6_1_XXX","XXX","CALLEP",2023,0.5
"6_1_XXX","XXX","CALLEP",2024,0.5
"6_1_XXX","XXX","CARSCO",2006,17
"6_1_XXX","XXX","CARSCO",2007,12
"6_1_XXX","XXX","CARSCO",2008,14
"6_1_XXX","XXX","CARSCO",2009,16
"6_1_XXX","XXX","CARSCO",2010,11
"6_1_XXX","XXX","CARSCO",2011,6
"6_1_XXX","XXX","CARSCO",2012,11
"6_1_XXX","XXX","CARSCO",2013,16
"6_1_XXX","XXX","CARSCO",2014,11
"6_1_XXX","XXX","CARSCO",2015,12
"6_1_XXX","XXX","CARSCO",2016,18
"6_1_XXX","XXX","CARSCO",2017,18
"6_1_XXX","XXX","CARSCO",2018,15
"6_1_XXX","XXX","CARSCO",2019,12
"6_1_XXX","XXX","CARSCO",2020,12
"6_1_XXX","XXX","CARSCO",2021,16
"6_1_XXX","XXX","CARSCO",2022,19
"6_1_XXX","XXX","CARSCO",2023,23
"6_1_XXX","XXX","CARSCO",2024,22
"6_1_XXX","XXX","DESCES",2006,29
"6_1_XXX","XXX","DESCES",2007,32
"6_1_XXX","XXX","DESCES",2008,43
"6_1_XXX","XXX","DESCES",2009,25
"6_1_XXX","XXX","DESCES",2010,42
"6_1_XXX","XXX","DESCES",2011,35
"6_1_XXX","XXX","DESCES",2012,36
"6_1_XXX","XXX","DESCES",2013,34
"6_1_XXX","XXX","DESCES",2014,50
"6_1_XXX","XXX","DESCES",2015,38
"6_1_XXX","XXX","DESCES",2016,37
"6_1_XXX","XXX","DESCES",2017,41
"6_1_XXX","XXX","DESCES",2018,29
"6_1_XXX","XXX","DESCES",2019,56
"6_1_XXX","XXX","DESCES",2020,56
"6_1_XXX","XXX","DESCES",2021,51
"6_1_XXX","XXX","DESCES",2022,37
"6_1_XXX","XXX","DESCES",2023,33
"6_1_XXX","XXX","DESCES",2024,33
"6_1_XXX","XXX","GENALG",2006,11
"6_1_XXX","XXX","GENALG",2007,7
"6_1_XXX","XXX","GENALG",2008,5
"6_1_XXX","XXX","GENALG",2009,7
"6_1_XXX","XXX","GENALG",2010,4
"6_1_XXX","XXX","GENALG",2011,4
"6_1_XXX","XXX","GENALG",2012,2
"6_1_XXX","XXX","GENALG",2013,1
"6_1_XXX","XXX","GENALG",2014,4
"6_1_XXX","XXX","GENALG",2015,1
"6_1_XXX","XXX","GENALG",2016,1
"6_1_XXX","XXX","GENALG",2017,0.5
"6_1_XXX","XXX","GENALG",2018,1
"6_1_XXX","XXX","GENALG",2019,1
"6_1_XXX","XXX","GENALG",2020,2
"6_1_XXX","XXX","GENALG",2021,0.5
"6_1_XXX","XXX","GENALG",2022,0.5
"6_1_XXX","XXX","GENALG",2023,1
"6_1_XXX","XXX","GENALG",2024,1
"6_1_XXX","XXX","GEUROS",2006,23
"6_1_XXX","XXX","GEUROS",2007,30
"6_1_XXX","XXX","GEUROS",2008,16
"6_1_XXX","XXX","GEUROS",2009,24
"6_1_XXX","XXX","GEUROS",2010,18
"6_1_XXX","XXX","GEUROS",2011,21
"6_1_XXX","XXX","GEUROS",2012,27
"6_1_XXX","XXX","GEUROS",2013,21
"6_1_XXX","XXX","GEUROS",2014,23
"6_1_XXX","XXX","GEUROS",2015,26
"6_1_XXX","XXX","GEUROS",2016,15
"6_1_XXX","XXX","GEUROS",2017,14
"6_1_XXX","XXX","GEUROS",2018,24
"6_1_XXX","XXX","GEUROS",2019,15
"6_1_XXX","XXX","GEUROS",2020,13
"6_1_XXX","XXX","GEUROS",2021,18
"6_1_XXX","XXX","GEUROS",2022,21
"6_1_XXX","XXX","GEUROS",2023,24
"6_1_XXX","XXX","GEUROS",2024,28
"6_1_XXX","XXX","TRIPAR",2006,1
"6_1_XXX","XXX","TRIPAR",2007,4
"6_1_XXX","XXX","TRIPAR",2008,3
"6_1_XXX","XXX","TRIPAR",2009,3
"6_1_XXX","XXX","TRIPAR",2010,3
"6_1_XXX","XXX","TRIPAR",2011,3
"6_1_XXX","XXX","TRIPAR",2012,2
"6_1_XXX","XXX","TRIPAR",2013,4
"6_1_XXX","XXX","TRIPAR",2014,0.5
"6_1_XXX","XXX","TRIPAR",2015,7
"6_1_XXX","XXX","TRIPAR",2016,4
"6_1_XXX","XXX","TRIPAR",2017,8
"6_1_XXX","XXX","TRIPAR",2018,4
"6_1_XXX","XXX","TRIPAR",2019,3
"6_1_XXX","XXX","TRIPAR",2020,2
"6_1_XXX","XXX","TRIPAR",2021,8
"6_1_XXX","XXX","TRIPAR",2022,9
"6_1_XXX","XXX","TRIPAR",2023,9
"6_1_XXX","XXX","TRIPAR",2024,2
"7_1_XNX","XNX","ARTSCO",2006,7
"7_1_XNX","XNX","ARTSCO",2007,9
"7_1_XNX","XNX","ARTSCO",2008,4
"7_1_XNX","XNX","ARTSCO",2009,9
"7_1_XNX","XNX","ARTSCO",2010,7
"7_1_XNX","XNX","ARTSCO",2011,4
"7_1_XNX","XNX","ARTSCO",2012,3
"7_1_XNX","XNX","ARTSCO",2013,5
"7_1_XNX","XNX","ARTSCO",2014,4
"7_1_XNX","XNX","ARTSCO",2015,1
"7_1_XNX","XNX","ARTSCO",2016,2
"7_1_XNX","XNX","ARTSCO",2017,2
"7_1_XNX","XNX","ARTSCO",2018,0.5
"7_1_XNX","XNX","ARTSCO",2019,0.5
"7_1_XNX","XNX","ARTSCO",2020,1
"7_1_XNX","XNX","ARTSCO",2021,0.5
"7_1_XNX","XNX","ARTSCO",2022,0.5
"7_1_XNX","XNX","ARTSCO",2023,1
"7_1_XNX","XNX","ARTSCO",2024,1
"7_1_XNX","XNX","BISBIS",2006,1
"7_1_XNX","XNX","BISBIS",2007,2
"7_1_XNX","XNX","BISBIS",2008,2
"7_1_XNX","XNX","BISBIS",2009,3
"7_1_XNX","XNX","BISBIS",2010,3
"7_1_XNX","XNX","BISBIS",2011,2
"7_1_XNX","XNX","BISBIS",2012,1
"7_1_XNX","XNX","BISBIS",2013,2
"7_1_XNX","XNX","BISBIS",2014,1
"7_1_XNX","XNX","BISBIS",2015,1
"7_1_XNX","XNX","BISBIS",2016,1
"7_1_XNX","XNX","BISBIS",2017,4
"7_1_XNX","XNX","BISBIS",2018,3
"7_1_XNX","XNX","BISBIS",2019,0.5
"7_1_XNX","XNX","BISBIS",2020,0.5
"7_1_XNX","XNX","BISBIS",2021,2
"7_1_XNX","XNX","BISBIS",2022,2
"7_1_XNX","XNX","BISBIS",2023,2
"7_1_XNX","XNX","BISBIS",2024,2
"7_1_XNX","XNX","CALLEP",2006,1
"7_1_XNX","XNX","CALLEP",2007,1
"7_1_XNX","XNX","CALLEP",2008,2
"7_1_XNX","XNX","CALLEP",2009,2
"7_1_XNX","XNX","CALLEP",2010,2
"7_1_XNX","XNX","CALLEP",2011,1
"7_1_XNX","XNX","CALLEP",2012,1
"7_1_XNX","XNX","CALLEP",2013,0.5
"7_1_XNX","XNX","CALLEP",2014,0.5
"7_1_XNX","XNX","CALLEP",2015,0.5
"7_1_XNX","XNX","CALLEP",2016,0.5
"7_1_XNX","XNX","CALLEP",2017,0.5
"7_1_XNX","XNX","CALLEP",2018,1
"7_1_XNX","XNX","CALLEP",2019,0.5
"7_1_XNX","XNX","CALLEP",2020,0.5
"7_1_XNX","XNX","CALLEP",2021,0.5
"7_1_XNX","XNX","CALLEP",2022,0.5
"7_1_XNX","XNX","CALLEP",2023,0.5
"7_1_XNX","XNX","CALLEP",2024,0.5
"7_1_XNX","XNX","CARSCO",2006,6
"7_1_XNX","XNX","CARSCO",2007,4
"7_1_XNX","XNX","CARSCO",2008,3
"7_1_XNX","XNX","CARSCO",2009,2
"7_1_XNX","XNX","CARSCO",2010,9
"7_1_XNX","XNX","CARSCO",2011,5
"7_1_XNX","XNX","CARSCO",2012,3
"7_1_XNX","XNX","CARSCO",2013,2
"7_1_XNX","XNX","CARSCO",2014,3
"7_1_XNX","XNX","CARSCO",2015,7
"7_1_XNX","XNX","CARSCO",2016,6
"7_1_XNX","XNX","CARSCO",2017,11
"7_1_XNX","XNX","CARSCO",2018,10
"7_1_XNX","XNX","CARSCO",2019,1
"7_1_XNX","XNX","CARSCO",2020,0.5
"7_1_XNX","XNX","CARSCO",2021,5
"7_1_XNX","XNX","CARSCO",2022,11
"7_1_XNX","XNX","CARSCO",2023,7
"7_1_XNX","XNX","CARSCO",2024,20
"7_1_XNX","XNX","DESCES",2006,42
"7_1_XNX","XNX","DESCES",2007,45
"7_1_XNX","XNX","DESCES",2008,47
"7_1_XNX","XNX","DESCES",2009,52
"7_1_XNX","XNX","DESCES",2010,40
"7_1_XNX","XNX","DESCES",2011,63
"7_1_XNX","XNX","DESCES",2012,54
"7_1_XNX","XNX","DESCES",2013,71
"7_1_XNX","XNX","DESCES",2014,70
"7_1_XNX","XNX","DESCES",2015,75
"7_1_XNX","XNX","DESCES",2016,61
"7_1_XNX","XNX","DESCES",2017,49
"7_1_XNX","XNX","DESCES",2018,62
"7_1_XNX","XNX","DESCES",2019,73
"7_1_XNX","XNX","DESCES",2020,86
"7_1_XNX","XNX","DESCES",2021,82
"7_1_XNX","XNX","DESCES",2022,73
"7_1_XNX","XNX","DESCES",2023,80
"7_1_XNX","XNX","DESCES",2024,65
"7_1_XNX","XNX","GENALG",2006,6
"7_1_XNX","XNX","GENALG",2007,3
"7_1_XNX","XNX","GENALG",2008,4
"7_1_XNX","XNX","GENALG",2009,5
"7_1_XNX","XNX","GENALG",2010,2
"7_1_XNX","XNX","GENALG",2011,0.5
"7_1_XNX","XNX","GENALG",2012,0.5
"7_1_XNX","XNX","GENALG",2013,0.5
"7_1_XNX","XNX","GENALG",2014,0.5
"7_1_XNX","XNX","GENALG",2015,0.5
"7_1_XNX","XNX","GENALG",2016,0.5
"7_1_XNX","XNX","GENALG",2017,1
"7_1_XNX","XNX","GENALG",2018,0.5
"7_1_XNX","XNX","GENALG",2019,0.5
"7_1_XNX","XNX","GENALG",2020,0.5
"7_1_XNX","XNX","GENALG",2021,0.5
"7_1_XNX","XNX","GENALG",2022,0.5
"7_1_XNX","XNX","GENALG",2023,0.5
"7_1_XNX","XNX","GENALG",2024,0
"7_1_XNX","XNX","GEUROS",2006,19
"7_1_XNX","XNX","GEUROS",2007,18
"7_1_XNX","XNX","GEUROS",2008,20
"7_1_XNX","XNX","GEUROS",2009,10
"7_1_XNX","XNX","GEUROS",2010,15
"7_1_XNX","XNX","GEUROS",2011,10
"7_1_XNX","XNX","GEUROS",2012,11
"7_1_XNX","XNX","GEUROS",2013,8
"7_1_XNX","XNX","GEUROS",2014,7
"7_1_XNX","XNX","GEUROS",2015,7
"7_1_XNX","XNX","GEUROS",2016,9
"7_1_XNX","XNX","GEUROS",2017,9
"7_1_XNX","XNX","GEUROS",2018,6
"7_1_XNX","XNX","GEUROS",2019,4
"7_1_XNX","XNX","GEUROS",2020,2
"7_1_XNX","XNX","GEUROS",2021,4
"7_1_XNX","XNX","GEUROS",2022,7
"7_1_XNX","XNX","GEUROS",2023,8
"7_1_XNX","XNX","GEUROS",2024,6
"7_1_XNX","XNX","TRIPAR",2006,4
"7_1_XNX","XNX","TRIPAR",2007,7
"7_1_XNX","XNX","TRIPAR",2008,8
"7_1_XNX","XNX","TRIPAR",2009,9
"7_1_XNX","XNX","TRIPAR",2010,14
"7_1_XNX","XNX","TRIPAR",2011,5
"7_1_XNX","XNX","TRIPAR",2012,9
"7_1_XNX","XNX","TRIPAR",2013,10
"7_1_XNX","XNX","TRIPAR",2014,11
"7_1_XNX","XNX","TRIPAR",2015,6
"7_1_XNX","XNX","TRIPAR",2016,11
"7_1_XNX","XNX","TRIPAR",2017,13
"7_1_XNX","XNX","TRIPAR",2018,5
"7_1_XNX","XNX","TRIPAR",2019,9
"7_1_XNX","XNX","TRIPAR",2020,1
"7_1_XNX","XNX","TRIPAR",2021,5
"7_1_XNX","XNX","TRIPAR",2022,4
"7_1_XNX","XNX","TRIPAR",2023,2
"7_1_XNX","XNX","TRIPAR",2024,4
"8_1_XXW","XXW","ARTSCO",2006,2
"8_1_XXW","XXW","ARTSCO",2007,2
"8_1_XXW","XXW","ARTSCO",2008,0
"8_1_XXW","XXW","ARTSCO",2009,4
"8_1_XXW","XXW","ARTSCO",2010,3
"8_1_XXW","XXW","ARTSCO",2011,1
"8_1_XXW","XXW","ARTSCO",2012,3
"8_1_XXW","XXW","ARTSCO",2013,0.5
"8_1_XXW","XXW","ARTSCO",2014,4
"8_1_XXW","XXW","ARTSCO",2015,1
"8_1_XXW","XXW","ARTSCO",2016,1
"8_1_XXW","XXW","ARTSCO",2017,2
"8_1_XXW","XXW","ARTSCO",2018,2
"8_1_XXW","XXW","ARTSCO",2019,1
"8_1_XXW","XXW","ARTSCO",2020,2
"8_1_XXW","XXW","ARTSCO",2021,3
"8_1_XXW","XXW","ARTSCO",2022,4
"8_1_XXW","XXW","ARTSCO",2023,1
"8_1_XXW","XXW","ARTSCO",2024,8
"8_1_XXW","XXW","BISBIS",2006,4
"8_1_XXW","XXW","BISBIS",2007,2
"8_1_XXW","XXW","BISBIS",2008,4
"8_1_XXW","XXW","BISBIS",2009,5
"8_1_XXW","XXW","BISBIS",2010,3
"8_1_XXW","XXW","BISBIS",2011,0.5
"8_1_XXW","XXW","BISBIS",2012,1
"8_1_XXW","XXW","BISBIS",2013,3
"8_1_XXW","XXW","BISBIS",2014,3
"8_1_XXW","XXW","BISBIS",2015,1.5
"8_1_XXW","XXW","BISBIS",2016,2
"8_1_XXW","XXW","BISBIS",2017,1
"8_1_XXW","XXW","BISBIS",2018,3
"8_1_XXW","XXW","BISBIS",2019,2
"8_1_XXW","XXW","BISBIS",2020,1
"8_1_XXW","XXW","BISBIS",2021,0.5
"8_1_XXW","XXW","BISBIS",2022,5
"8_1_XXW","XXW","BISBIS",2023,1
"8_1_XXW","XXW","BISBIS",2024,4
"8_1_XXW","XXW","CALLEP",2006,0
"8_1_XXW","XXW","CALLEP",2007,0
"8_1_XXW","XXW","CALLEP",2008,0.5
"8_1_XXW","XXW","CALLEP",2009,0
"8_1_XXW","XXW","CALLEP",2010,1
"8_1_XXW","XXW","CALLEP",2011,0.5
"8_1_XXW","XXW","CALLEP",2012,1
"8_1_XXW","XXW","CALLEP",2013,0.5
"8_1_XXW","XXW","CALLEP",2014,0.5
"8_1_XXW","XXW","CALLEP",2015,0
"8_1_XXW","XXW","CALLEP",2016,0
"8_1_XXW","XXW","CALLEP",2017,0
"8_1_XXW","XXW","CALLEP",2018,1
"8_1_XXW","XXW","CALLEP",2019,0.5
"8_1_XXW","XXW","CALLEP",2020,0.5
"8_1_XXW","XXW","CALLEP",2021,0.5
"8_1_XXW","XXW","CALLEP",2022,0.5
"8_1_XXW","XXW","CALLEP",2023,0.5
"8_1_XXW","XXW","CALLEP",2024,0
"8_1_XXW","XXW","CARSCO",2006,0
"8_1_XXW","XXW","CARSCO",2007,0
"8_1_XXW","XXW","CARSCO",2008,0
"8_1_XXW","XXW","CARSCO",2009,0
"8_1_XXW","XXW","CARSCO",2010,0
"8_1_XXW","XXW","CARSCO",2011,1
"8_1_XXW","XXW","CARSCO",2012,2
"8_1_XXW","XXW","CARSCO",2013,1
"8_1_XXW","XXW","CARSCO",2014,0.5
"8_1_XXW","XXW","CARSCO",2015,1
"8_1_XXW","XXW","CARSCO",2016,2
"8_1_XXW","XXW","CARSCO",2017,1
"8_1_XXW","XXW","CARSCO",2018,1
"8_1_XXW","XXW","CARSCO",2019,2
"8_1_XXW","XXW","CARSCO",2020,0.5
"8_1_XXW","XXW","CARSCO",2021,6
"8_1_XXW","XXW","CARSCO",2022,3
"8_1_XXW","XXW","CARSCO",2023,5
"8_1_XXW","XXW","CARSCO",2024,3
"8_1_XXW","XXW","DESCES",2006,59
"8_1_XXW","XXW","DESCES",2007,76
"8_1_XXW","XXW","DESCES",2008,63
"8_1_XXW","XXW","DESCES",2009,63
"8_1_XXW","XXW","DESCES",2010,41
"8_1_XXW","XXW","DESCES",2011,60
"8_1_XXW","XXW","DESCES",2012,44
"8_1_XXW","XXW","DESCES",2013,49
"8_1_XXW","XXW","DESCES",2014,67
"8_1_XXW","XXW","DESCES",2015,74
"8_1_XXW","XXW","DESCES",2016,54
"8_1_XXW","XXW","DESCES",2017,59
"8_1_XXW","XXW","DESCES",2018,56
"8_1_XXW","XXW","DESCES",2019,67
"8_1_XXW","XXW","DESCES",2020,76
"8_1_XXW","XXW","DESCES",2021,59
"8_1_XXW","XXW","DESCES",2022,63
"8_1_XXW","XXW","DESCES",2023,49
"8_1_XXW","XXW","DESCES",2024,51
"8_1_XXW","XXW","GENALG",2006,8
"8_1_XXW","XXW","GENALG",2007,7
"8_1_XXW","XXW","GENALG",2008,6
"8_1_XXW","XXW","GENALG",2009,3
"8_1_XXW","XXW","GENALG",2010,3
"8_1_XXW","XXW","GENALG",2011,2
"8_1_XXW","XXW","GENALG",2012,3
"8_1_XXW","XXW","GENALG",2013,3
"8_1_XXW","XXW","GENALG",2014,1
"8_1_XXW","XXW","GENALG",2015,3
"8_1_XXW","XXW","GENALG",2016,0.5
"8_1_XXW","XXW","GENALG",2017,0.5
"8_1_XXW","XXW","GENALG",2018,2
"8_1_XXW","XXW","GENALG",2019,0.5
"8_1_XXW","XXW","GENALG",2020,0.5
"8_1_XXW","XXW","GENALG",2021,0.5
"8_1_XXW","XXW","GENALG",2022,0.5
"8_1_XXW","XXW","GENALG",2023,1
"8_1_XXW","XXW","GENALG",2024,3
"8_1_XXW","XXW","GEUROS",2006,16
"8_1_XXW","XXW","GEUROS",2007,5
"8_1_XXW","XXW","GEUROS",2008,22
"8_1_XXW","XXW","GEUROS",2009,15
"8_1_XXW","XXW","GEUROS",2010,16
"8_1_XXW","XXW","GEUROS",2011,15
"8_1_XXW","XXW","GEUROS",2012,24
"8_1_XXW","XXW","GEUROS",2013,19
"8_1_XXW","XXW","GEUROS",2014,15
"8_1_XXW","XXW","GEUROS",2015,11
"8_1_XXW","XXW","GEUROS",2016,19
"8_1_XXW","XXW","GEUROS",2017,16
"8_1_XXW","XXW","GEUROS",2018,14
"8_1_XXW","XXW","GEUROS",2019,13
"8_1_XXW","XXW","GEUROS",2020,9
"8_1_XXW","XXW","GEUROS",2021,16
"8_1_XXW","XXW","GEUROS",2022,17
"8_1_XXW","XXW","GEUROS",2023,30
"8_1_XXW","XXW","GEUROS",2024,15
"8_1_XXW","XXW","TRIPAR",2006,1
"8_1_XXW","XXW","TRIPAR",2007,1
"8_1_XXW","XXW","TRIPAR",2008,2
"8_1_XXW","XXW","TRIPAR",2009,3
"8_1_XXW","XXW","TRIPAR",2010,3
"8_1_XXW","XXW","TRIPAR",2011,0.5
"8_1_XXW","XXW","TRIPAR",2012,2
"8_1_XXW","XXW","TRIPAR",2013,0.5
"8_1_XXW","XXW","TRIPAR",2014,0.5
"8_1_XXW","XXW","TRIPAR",2015,3
"8_1_XXW","XXW","TRIPAR",2016,4
"8_1_XXW","XXW","TRIPAR",2017,4
"8_1_XXW","XXW","TRIPAR",2018,6
"8_1_XXW","XXW","TRIPAR",2019,0.5
"8_1_XXW","XXW","TRIPAR",2020,0.5
"8_1_XXW","XXW","TRIPAR",2021,1
"8_1_XXW","XXW","TRIPAR",2022,4
"8_1_XXW","XXW","TRIPAR",2023,0.5
"8_1_XXW","XXW","TRIPAR",2024,1
