"Repl","VR","window","start.year","end.year","treatment","pair","pair1","pair2","bn","treatment.name"
"22_2_XXX",1.10344827586207,"2007-2013",2007,2013,"XXX","ARTSCO-BISBIS","ARTSCO","BISBIS",1,"Control"
"24_2_XXX",1.54716981132075,"2007-2013",2007,2013,"XXX","ARTSCO-BISBIS","ARTSCO","BISBIS",1,"Control"
"33_3_XXX",0.824644549763033,"2007-2013",2007,2013,"XXX","ARTSCO-BISBIS","ARTSCO","BISBIS",1,"Control"
"39_3_XXX",0.764044943820225,"2007-2013",2007,2013,"XXX","ARTSCO-BISBIS","ARTSCO","BISBIS",1,"Control"
"4_1_XXX",1.57251908396947,"2007-2013",2007,2013,"XXX","ARTSCO-BISBIS","ARTSCO","BISBIS",1,"Control"
"6_1_XXX",1.1525,"2007-2013",2007,2013,"XXX","ARTSCO-BISBIS","ARTSCO","BISBIS",1,"Control"
"22_2_XXX",1,"2007-2013",2007,2013,"XXX","ARTSCO-CALLEP","ARTSCO","CALLEP",1,"Control"
"24_2_XXX",0.779569892473118,"2007-2013",2007,2013,"XXX","ARTSCO-CALLEP","ARTSCO","CALLEP",1,"Control"
"33_3_XXX",0.630032644178455,"2007-2013",2007,2013,"XXX","ARTSCO-CALLEP","ARTSCO","CALLEP",1,"Control"
"39_3_XXX",0.514705882352941,"2007-2013",2007,2013,"XXX","ARTSCO-CALLEP","ARTSCO","CALLEP",1,"Control"
"4_1_XXX",1,"2007-2013",2007,2013,"XXX","ARTSCO-CALLEP","ARTSCO","CALLEP",1,"Control"
"6_1_XXX",0.632850241545894,"2007-2013",2007,2013,"XXX","ARTSCO-CALLEP","ARTSCO","CALLEP",1,"Control"
"22_2_XXX",1.16030534351145,"2007-2013",2007,2013,"XXX","ARTSCO-CARSCO","ARTSCO","CARSCO",1,"Control"
"24_2_XXX",0.563725490196078,"2007-2013",2007,2013,"XXX","ARTSCO-CARSCO","ARTSCO","CARSCO",1,"Control"
"33_3_XXX",1.0286944045911,"2007-2013",2007,2013,"XXX","ARTSCO-CARSCO","ARTSCO","CARSCO",1,"Control"
"39_3_XXX",1.45720720720721,"2007-2013",2007,2013,"XXX","ARTSCO-CARSCO","ARTSCO","CARSCO",1,"Control"
"4_1_XXX",1.59060402684564,"2007-2013",2007,2013,"XXX","ARTSCO-CARSCO","ARTSCO","CARSCO",1,"Control"
"6_1_XXX",1.12535612535613,"2007-2013",2007,2013,"XXX","ARTSCO-CARSCO","ARTSCO","CARSCO",1,"Control"
"22_2_XXX",0.633846153846154,"2007-2013",2007,2013,"XXX","ARTSCO-DESCES","ARTSCO","DESCES",1,"Control"
"24_2_XXX",0.938650306748466,"2007-2013",2007,2013,"XXX","ARTSCO-DESCES","ARTSCO","DESCES",1,"Control"
"33_3_XXX",1.2425952045134,"2007-2013",2007,2013,"XXX","ARTSCO-DESCES","ARTSCO","DESCES",1,"Control"
"39_3_XXX",1.67793513019644,"2007-2013",2007,2013,"XXX","ARTSCO-DESCES","ARTSCO","DESCES",1,"Control"
"4_1_XXX",0.734156378600823,"2007-2013",2007,2013,"XXX","ARTSCO-DESCES","ARTSCO","DESCES",1,"Control"
"6_1_XXX",1.11415525114155,"2007-2013",2007,2013,"XXX","ARTSCO-DESCES","ARTSCO","DESCES",1,"Control"
"22_2_XXX",1.09946714031972,"2007-2013",2007,2013,"XXX","ARTSCO-GENALG","ARTSCO","GENALG",1,"Control"
"24_2_XXX",1.69108280254777,"2007-2013",2007,2013,"XXX","ARTSCO-GENALG","ARTSCO","GENALG",1,"Control"
"33_3_XXX",0.881298992161254,"2007-2013",2007,2013,"XXX","ARTSCO-GENALG","ARTSCO","GENALG",1,"Control"
"39_3_XXX",0.781869688385269,"2007-2013",2007,2013,"XXX","ARTSCO-GENALG","ARTSCO","GENALG",1,"Control"
"4_1_XXX",1.64077669902913,"2007-2013",2007,2013,"XXX","ARTSCO-GENALG","ARTSCO","GENALG",1,"Control"
"6_1_XXX",1.00980392156863,"2007-2013",2007,2013,"XXX","ARTSCO-GENALG","ARTSCO","GENALG",1,"Control"
"22_2_XXX",0.641025641025641,"2007-2013",2007,2013,"XXX","ARTSCO-GEUROS","ARTSCO","GEUROS",1,"Control"
"24_2_XXX",0.732758620689655,"2007-2013",2007,2013,"XXX","ARTSCO-GEUROS","ARTSCO","GEUROS",1,"Control"
"33_3_XXX",0.620069204152249,"2007-2013",2007,2013,"XXX","ARTSCO-GEUROS","ARTSCO","GEUROS",1,"Control"
"39_3_XXX",0.827285921625544,"2007-2013",2007,2013,"XXX","ARTSCO-GEUROS","ARTSCO","GEUROS",1,"Control"
"4_1_XXX",1.21553610503282,"2007-2013",2007,2013,"XXX","ARTSCO-GEUROS","ARTSCO","GEUROS",1,"Control"
"6_1_XXX",0.622516556291391,"2007-2013",2007,2013,"XXX","ARTSCO-GEUROS","ARTSCO","GEUROS",1,"Control"
"22_2_XXX",0.975567190226876,"2007-2013",2007,2013,"XXX","ARTSCO-TRIPAR","ARTSCO","TRIPAR",1,"Control"
"24_2_XXX",1.04237288135593,"2007-2013",2007,2013,"XXX","ARTSCO-TRIPAR","ARTSCO","TRIPAR",1,"Control"
"33_3_XXX",1.48050579557429,"2007-2013",2007,2013,"XXX","ARTSCO-TRIPAR","ARTSCO","TRIPAR",1,"Control"
"39_3_XXX",0.873178416699488,"2007-2013",2007,2013,"XXX","ARTSCO-TRIPAR","ARTSCO","TRIPAR",1,"Control"
"4_1_XXX",1.05172413793103,"2007-2013",2007,2013,"XXX","ARTSCO-TRIPAR","ARTSCO","TRIPAR",1,"Control"
"6_1_XXX",1.00961538461538,"2007-2013",2007,2013,"XXX","ARTSCO-TRIPAR","ARTSCO","TRIPAR",1,"Control"
"22_2_XXX",1,"2007-2013",2007,2013,"XXX","BISBIS-CALLEP","BISBIS","CALLEP",1,"Control"
"24_2_XXX",0.54,"2007-2013",2007,2013,"XXX","BISBIS-CALLEP","BISBIS","CALLEP",1,"Control"
"33_3_XXX",0.588390501319261,"2007-2013",2007,2013,"XXX","BISBIS-CALLEP","BISBIS","CALLEP",1,"Control"
"39_3_XXX",1.51980198019802,"2007-2013",2007,2013,"XXX","BISBIS-CALLEP","BISBIS","CALLEP",1,"Control"
"4_1_XXX",1,"2007-2013",2007,2013,"XXX","BISBIS-CALLEP","BISBIS","CALLEP",1,"Control"
"6_1_XXX",0.781299524564184,"2007-2013",2007,2013,"XXX","BISBIS-CALLEP","BISBIS","CALLEP",1,"Control"
"22_2_XXX",1.48940677966102,"2007-2013",2007,2013,"XXX","BISBIS-CARSCO","BISBIS","CARSCO",1,"Control"
"24_2_XXX",0.996323529411765,"2007-2013",2007,2013,"XXX","BISBIS-CARSCO","BISBIS","CARSCO",1,"Control"
"33_3_XXX",1.06369426751592,"2007-2013",2007,2013,"XXX","BISBIS-CARSCO","BISBIS","CARSCO",1,"Control"
"39_3_XXX",1.18235294117647,"2007-2013",2007,2013,"XXX","BISBIS-CARSCO","BISBIS","CARSCO",1,"Control"
"4_1_XXX",1.46827133479212,"2007-2013",2007,2013,"XXX","BISBIS-CARSCO","BISBIS","CARSCO",1,"Control"
"6_1_XXX",1.41740674955595,"2007-2013",2007,2013,"XXX","BISBIS-CARSCO","BISBIS","CARSCO",1,"Control"
"22_2_XXX",0.308139534883721,"2007-2013",2007,2013,"XXX","BISBIS-DESCES","BISBIS","DESCES",1,"Control"
"24_2_XXX",1.28421052631579,"2007-2013",2007,2013,"XXX","BISBIS-DESCES","BISBIS","DESCES",1,"Control"
"33_3_XXX",0.943102104442712,"2007-2013",2007,2013,"XXX","BISBIS-DESCES","BISBIS","DESCES",1,"Control"
"39_3_XXX",0.775746496039001,"2007-2013",2007,2013,"XXX","BISBIS-DESCES","BISBIS","DESCES",1,"Control"
"4_1_XXX",0.576625386996904,"2007-2013",2007,2013,"XXX","BISBIS-DESCES","BISBIS","DESCES",1,"Control"
"6_1_XXX",0.804227941176471,"2007-2013",2007,2013,"XXX","BISBIS-DESCES","BISBIS","DESCES",1,"Control"
"22_2_XXX",1.13970064148254,"2007-2013",2007,2013,"XXX","BISBIS-GENALG","BISBIS","GENALG",1,"Control"
"24_2_XXX",1.23595505617978,"2007-2013",2007,2013,"XXX","BISBIS-GENALG","BISBIS","GENALG",1,"Control"
"33_3_XXX",0.830028328611898,"2007-2013",2007,2013,"XXX","BISBIS-GENALG","BISBIS","GENALG",1,"Control"
"39_3_XXX",1.83544303797468,"2007-2013",2007,2013,"XXX","BISBIS-GENALG","BISBIS","GENALG",1,"Control"
"4_1_XXX",1.86547811993517,"2007-2013",2007,2013,"XXX","BISBIS-GENALG","BISBIS","GENALG",1,"Control"
"6_1_XXX",1.17788461538462,"2007-2013",2007,2013,"XXX","BISBIS-GENALG","BISBIS","GENALG",1,"Control"
"22_2_XXX",1.14,"2007-2013",2007,2013,"XXX","BISBIS-GEUROS","BISBIS","GEUROS",1,"Control"
"24_2_XXX",0.85377358490566,"2007-2013",2007,2013,"XXX","BISBIS-GEUROS","BISBIS","GEUROS",1,"Control"
"33_3_XXX",0.937404580152672,"2007-2013",2007,2013,"XXX","BISBIS-GEUROS","BISBIS","GEUROS",1,"Control"
"39_3_XXX",0.765957446808511,"2007-2013",2007,2013,"XXX","BISBIS-GEUROS","BISBIS","GEUROS",1,"Control"
"4_1_XXX",1.14934409687185,"2007-2013",2007,2013,"XXX","BISBIS-GEUROS","BISBIS","GEUROS",1,"Control"
"6_1_XXX",0.83578431372549,"2007-2013",2007,2013,"XXX","BISBIS-GEUROS","BISBIS","GEUROS",1,"Control"
"22_2_XXX",1.36659589525832,"2007-2013",2007,2013,"XXX","BISBIS-TRIPAR","BISBIS","TRIPAR",1,"Control"
"24_2_XXX",1.14634146341463,"2007-2013",2007,2013,"XXX","BISBIS-TRIPAR","BISBIS","TRIPAR",1,"Control"
"33_3_XXX",0.907090464547677,"2007-2013",2007,2013,"XXX","BISBIS-TRIPAR","BISBIS","TRIPAR",1,"Control"
"39_3_XXX",1.22478386167147,"2007-2013",2007,2013,"XXX","BISBIS-TRIPAR","BISBIS","TRIPAR",1,"Control"
"4_1_XXX",1.12592592592593,"2007-2013",2007,2013,"XXX","BISBIS-TRIPAR","BISBIS","TRIPAR",1,"Control"
"6_1_XXX",0.784810126582278,"2007-2013",2007,2013,"XXX","BISBIS-TRIPAR","BISBIS","TRIPAR",1,"Control"
"22_2_XXX",1,"2007-2013",2007,2013,"XXX","CALLEP-CARSCO","CALLEP","CARSCO",1,"Control"
"24_2_XXX",0.821138211382114,"2007-2013",2007,2013,"XXX","CALLEP-CARSCO","CALLEP","CARSCO",1,"Control"
"33_3_XXX",0.84051724137931,"2007-2013",2007,2013,"XXX","CALLEP-CARSCO","CALLEP","CARSCO",1,"Control"
"39_3_XXX",0.963793103448276,"2007-2013",2007,2013,"XXX","CALLEP-CARSCO","CALLEP","CARSCO",1,"Control"
"4_1_XXX",1,"2007-2013",2007,2013,"XXX","CALLEP-CARSCO","CALLEP","CARSCO",1,"Control"
"6_1_XXX",0.956848030018762,"2007-2013",2007,2013,"XXX","CALLEP-CARSCO","CALLEP","CARSCO",1,"Control"
"22_2_XXX",1,"2007-2013",2007,2013,"XXX","CALLEP-DESCES","CALLEP","DESCES",1,"Control"
"24_2_XXX",0.975609756097561,"2007-2013",2007,2013,"XXX","CALLEP-DESCES","CALLEP","DESCES",1,"Control"
"33_3_XXX",0.92894180910313,"2007-2013",2007,2013,"XXX","CALLEP-DESCES","CALLEP","DESCES",1,"Control"
"39_3_XXX",0.609250398724083,"2007-2013",2007,2013,"XXX","CALLEP-DESCES","CALLEP","DESCES",1,"Control"
"4_1_XXX",1,"2007-2013",2007,2013,"XXX","CALLEP-DESCES","CALLEP","DESCES",1,"Control"
"6_1_XXX",0.972204674668351,"2007-2013",2007,2013,"XXX","CALLEP-DESCES","CALLEP","DESCES",1,"Control"
"22_2_XXX",1,"2007-2013",2007,2013,"XXX","CALLEP-GENALG","CALLEP","GENALG",1,"Control"
"24_2_XXX",1.04605263157895,"2007-2013",2007,2013,"XXX","CALLEP-GENALG","CALLEP","GENALG",1,"Control"
"33_3_XXX",1.33878504672897,"2007-2013",2007,2013,"XXX","CALLEP-GENALG","CALLEP","GENALG",1,"Control"
"39_3_XXX",1.28140703517588,"2007-2013",2007,2013,"XXX","CALLEP-GENALG","CALLEP","GENALG",1,"Control"
"4_1_XXX",1,"2007-2013",2007,2013,"XXX","CALLEP-GENALG","CALLEP","GENALG",1,"Control"
"6_1_XXX",1.1673640167364,"2007-2013",2007,2013,"XXX","CALLEP-GENALG","CALLEP","GENALG",1,"Control"
"22_2_XXX",1,"2007-2013",2007,2013,"XXX","CALLEP-GEUROS","CALLEP","GEUROS",1,"Control"
"24_2_XXX",1.19354838709677,"2007-2013",2007,2013,"XXX","CALLEP-GEUROS","CALLEP","GEUROS",1,"Control"
"33_3_XXX",1.21411100658514,"2007-2013",2007,2013,"XXX","CALLEP-GEUROS","CALLEP","GEUROS",1,"Control"
"39_3_XXX",1.22047244094488,"2007-2013",2007,2013,"XXX","CALLEP-GEUROS","CALLEP","GEUROS",1,"Control"
"4_1_XXX",1,"2007-2013",2007,2013,"XXX","CALLEP-GEUROS","CALLEP","GEUROS",1,"Control"
"6_1_XXX",1.17228103946102,"2007-2013",2007,2013,"XXX","CALLEP-GEUROS","CALLEP","GEUROS",1,"Control"
"22_2_XXX",1,"2007-2013",2007,2013,"XXX","CALLEP-TRIPAR","CALLEP","TRIPAR",1,"Control"
"24_2_XXX",1.33333333333333,"2007-2013",2007,2013,"XXX","CALLEP-TRIPAR","CALLEP","TRIPAR",1,"Control"
"33_3_XXX",1.04752066115702,"2007-2013",2007,2013,"XXX","CALLEP-TRIPAR","CALLEP","TRIPAR",1,"Control"
"39_3_XXX",1.19280795715379,"2007-2013",2007,2013,"XXX","CALLEP-TRIPAR","CALLEP","TRIPAR",1,"Control"
"4_1_XXX",1,"2007-2013",2007,2013,"XXX","CALLEP-TRIPAR","CALLEP","TRIPAR",1,"Control"
"6_1_XXX",1.51282051282051,"2007-2013",2007,2013,"XXX","CALLEP-TRIPAR","CALLEP","TRIPAR",1,"Control"
"22_2_XXX",0.388268156424581,"2007-2013",2007,2013,"XXX","CARSCO-DESCES","CARSCO","DESCES",1,"Control"
"24_2_XXX",1.46632124352332,"2007-2013",2007,2013,"XXX","CARSCO-DESCES","CARSCO","DESCES",1,"Control"
"33_3_XXX",0.96950852557673,"2007-2013",2007,2013,"XXX","CARSCO-DESCES","CARSCO","DESCES",1,"Control"
"39_3_XXX",1.24600990643919,"2007-2013",2007,2013,"XXX","CARSCO-DESCES","CARSCO","DESCES",1,"Control"
"4_1_XXX",0.889422073857709,"2007-2013",2007,2013,"XXX","CARSCO-DESCES","CARSCO","DESCES",1,"Control"
"6_1_XXX",0.753609239653513,"2007-2013",2007,2013,"XXX","CARSCO-DESCES","CARSCO","DESCES",1,"Control"
"22_2_XXX",1.30713422007255,"2007-2013",2007,2013,"XXX","CARSCO-GENALG","CARSCO","GENALG",1,"Control"
"24_2_XXX",0.195187165775401,"2007-2013",2007,2013,"XXX","CARSCO-GENALG","CARSCO","GENALG",1,"Control"
"33_3_XXX",1.01456310679612,"2007-2013",2007,2013,"XXX","CARSCO-GENALG","CARSCO","GENALG",1,"Control"
"39_3_XXX",1.18263473053892,"2007-2013",2007,2013,"XXX","CARSCO-GENALG","CARSCO","GENALG",1,"Control"
"4_1_XXX",1.51652892561983,"2007-2013",2007,2013,"XXX","CARSCO-GENALG","CARSCO","GENALG",1,"Control"
"6_1_XXX",1.06539509536785,"2007-2013",2007,2013,"XXX","CARSCO-GENALG","CARSCO","GENALG",1,"Control"
"22_2_XXX",0.934210526315789,"2007-2013",2007,2013,"XXX","CARSCO-GEUROS","CARSCO","GEUROS",1,"Control"
"24_2_XXX",0.803921568627451,"2007-2013",2007,2013,"XXX","CARSCO-GEUROS","CARSCO","GEUROS",1,"Control"
"33_3_XXX",0.976830944433536,"2007-2013",2007,2013,"XXX","CARSCO-GEUROS","CARSCO","GEUROS",1,"Control"
"39_3_XXX",0.791798107255521,"2007-2013",2007,2013,"XXX","CARSCO-GEUROS","CARSCO","GEUROS",1,"Control"
"4_1_XXX",1.04625243800502,"2007-2013",2007,2013,"XXX","CARSCO-GEUROS","CARSCO","GEUROS",1,"Control"
"6_1_XXX",0.964797913950456,"2007-2013",2007,2013,"XXX","CARSCO-GEUROS","CARSCO","GEUROS",1,"Control"
"22_2_XXX",1.12425328554361,"2007-2013",2007,2013,"XXX","CARSCO-TRIPAR","CARSCO","TRIPAR",1,"Control"
"24_2_XXX",0.981012658227848,"2007-2013",2007,2013,"XXX","CARSCO-TRIPAR","CARSCO","TRIPAR",1,"Control"
"33_3_XXX",1.06870229007634,"2007-2013",2007,2013,"XXX","CARSCO-TRIPAR","CARSCO","TRIPAR",1,"Control"
"39_3_XXX",0.882017126546147,"2007-2013",2007,2013,"XXX","CARSCO-TRIPAR","CARSCO","TRIPAR",1,"Control"
"4_1_XXX",1.3030303030303,"2007-2013",2007,2013,"XXX","CARSCO-TRIPAR","CARSCO","TRIPAR",1,"Control"
"6_1_XXX",1.12359550561798,"2007-2013",2007,2013,"XXX","CARSCO-TRIPAR","CARSCO","TRIPAR",1,"Control"
"22_2_XXX",0.726775956284153,"2007-2013",2007,2013,"XXX","DESCES-GENALG","DESCES","GENALG",1,"Control"
"24_2_XXX",0.76027397260274,"2007-2013",2007,2013,"XXX","DESCES-GENALG","DESCES","GENALG",1,"Control"
"33_3_XXX",0.754487550665895,"2007-2013",2007,2013,"XXX","DESCES-GENALG","DESCES","GENALG",1,"Control"
"39_3_XXX",0.759633027522936,"2007-2013",2007,2013,"XXX","DESCES-GENALG","DESCES","GENALG",1,"Control"
"4_1_XXX",0.727437916414294,"2007-2013",2007,2013,"XXX","DESCES-GENALG","DESCES","GENALG",1,"Control"
"6_1_XXX",0.760089686098655,"2007-2013",2007,2013,"XXX","DESCES-GENALG","DESCES","GENALG",1,"Control"
"22_2_XXX",1.27251184834123,"2007-2013",2007,2013,"XXX","DESCES-GEUROS","DESCES","GEUROS",1,"Control"
"24_2_XXX",0.380368098159509,"2007-2013",2007,2013,"XXX","DESCES-GEUROS","DESCES","GEUROS",1,"Control"
"33_3_XXX",0.471195868096941,"2007-2013",2007,2013,"XXX","DESCES-GEUROS","DESCES","GEUROS",1,"Control"
"39_3_XXX",1.057478368356,"2007-2013",2007,2013,"XXX","DESCES-GEUROS","DESCES","GEUROS",1,"Control"
"4_1_XXX",0.529638554216867,"2007-2013",2007,2013,"XXX","DESCES-GEUROS","DESCES","GEUROS",1,"Control"
"6_1_XXX",0.377708978328173,"2007-2013",2007,2013,"XXX","DESCES-GEUROS","DESCES","GEUROS",1,"Control"
"22_2_XXX",0.992465466722478,"2007-2013",2007,2013,"XXX","DESCES-TRIPAR","DESCES","TRIPAR",1,"Control"
"24_2_XXX",1.16774193548387,"2007-2013",2007,2013,"XXX","DESCES-TRIPAR","DESCES","TRIPAR",1,"Control"
"33_3_XXX",1.09852969257208,"2007-2013",2007,2013,"XXX","DESCES-TRIPAR","DESCES","TRIPAR",1,"Control"
"39_3_XXX",0.95427657873701,"2007-2013",2007,2013,"XXX","DESCES-TRIPAR","DESCES","TRIPAR",1,"Control"
"4_1_XXX",0.935192780968007,"2007-2013",2007,2013,"XXX","DESCES-TRIPAR","DESCES","TRIPAR",1,"Control"
"6_1_XXX",0.953282828282828,"2007-2013",2007,2013,"XXX","DESCES-TRIPAR","DESCES","TRIPAR",1,"Control"
"22_2_XXX",0.438386855862584,"2007-2013",2007,2013,"XXX","GENALG-GEUROS","GENALG","GEUROS",1,"Control"
"24_2_XXX",0.866242038216561,"2007-2013",2007,2013,"XXX","GENALG-GEUROS","GENALG","GEUROS",1,"Control"
"33_3_XXX",1.20003781433163,"2007-2013",2007,2013,"XXX","GENALG-GEUROS","GENALG","GEUROS",1,"Control"
"39_3_XXX",0.822222222222222,"2007-2013",2007,2013,"XXX","GENALG-GEUROS","GENALG","GEUROS",1,"Control"
"4_1_XXX",1.14350493464924,"2007-2013",2007,2013,"XXX","GENALG-GEUROS","GENALG","GEUROS",1,"Control"
"6_1_XXX",1.18225806451613,"2007-2013",2007,2013,"XXX","GENALG-GEUROS","GENALG","GEUROS",1,"Control"
"22_2_XXX",0.713068181818182,"2007-2013",2007,2013,"XXX","GENALG-TRIPAR","GENALG","TRIPAR",1,"Control"
"24_2_XXX",1,"2007-2013",2007,2013,"XXX","GENALG-TRIPAR","GENALG","TRIPAR",1,"Control"
"33_3_XXX",0.88646288209607,"2007-2013",2007,2013,"XXX","GENALG-TRIPAR","GENALG","TRIPAR",1,"Control"
"39_3_XXX",1.09287925696594,"2007-2013",2007,2013,"XXX","GENALG-TRIPAR","GENALG","TRIPAR",1,"Control"
"4_1_XXX",0.84,"2007-2013",2007,2013,"XXX","GENALG-TRIPAR","GENALG","TRIPAR",1,"Control"
"6_1_XXX",1.1,"2007-2013",2007,2013,"XXX","GENALG-TRIPAR","GENALG","TRIPAR",1,"Control"
"22_2_XXX",1.25796886582654,"2007-2013",2007,2013,"XXX","GEUROS-TRIPAR","GEUROS","TRIPAR",1,"Control"
"24_2_XXX",0.963276836158192,"2007-2013",2007,2013,"XXX","GEUROS-TRIPAR","GEUROS","TRIPAR",1,"Control"
"33_3_XXX",0.676333021515435,"2007-2013",2007,2013,"XXX","GEUROS-TRIPAR","GEUROS","TRIPAR",1,"Control"
"39_3_XXX",1.25882352941176,"2007-2013",2007,2013,"XXX","GEUROS-TRIPAR","GEUROS","TRIPAR",1,"Control"
"4_1_XXX",0.803921568627451,"2007-2013",2007,2013,"XXX","GEUROS-TRIPAR","GEUROS","TRIPAR",1,"Control"
"6_1_XXX",1.02115384615385,"2007-2013",2007,2013,"XXX","GEUROS-TRIPAR","GEUROS","TRIPAR",1,"Control"
"22_2_XXX",1.1074168797954,"2008-2014",2008,2014,"XXX","ARTSCO-BISBIS","ARTSCO","BISBIS",1,"Control"
"24_2_XXX",1.78260869565217,"2008-2014",2008,2014,"XXX","ARTSCO-BISBIS","ARTSCO","BISBIS",1,"Control"
"33_3_XXX",0.7,"2008-2014",2008,2014,"XXX","ARTSCO-BISBIS","ARTSCO","BISBIS",1,"Control"
"39_3_XXX",0.881510416666667,"2008-2014",2008,2014,"XXX","ARTSCO-BISBIS","ARTSCO","BISBIS",1,"Control"
"4_1_XXX",1.61165048543689,"2008-2014",2008,2014,"XXX","ARTSCO-BISBIS","ARTSCO","BISBIS",1,"Control"
"6_1_XXX",1.19430051813472,"2008-2014",2008,2014,"XXX","ARTSCO-BISBIS","ARTSCO","BISBIS",1,"Control"
"22_2_XXX",1,"2008-2014",2008,2014,"XXX","ARTSCO-CALLEP","ARTSCO","CALLEP",1,"Control"
"24_2_XXX",0.95625,"2008-2014",2008,2014,"XXX","ARTSCO-CALLEP","ARTSCO","CALLEP",1,"Control"
"33_3_XXX",0.876106194690266,"2008-2014",2008,2014,"XXX","ARTSCO-CALLEP","ARTSCO","CALLEP",1,"Control"
"39_3_XXX",0.562344139650873,"2008-2014",2008,2014,"XXX","ARTSCO-CALLEP","ARTSCO","CALLEP",1,"Control"
"4_1_XXX",1,"2008-2014",2008,2014,"XXX","ARTSCO-CALLEP","ARTSCO","CALLEP",1,"Control"
"6_1_XXX",0.824719101123595,"2008-2014",2008,2014,"XXX","ARTSCO-CALLEP","ARTSCO","CALLEP",1,"Control"
"22_2_XXX",1.15,"2008-2014",2008,2014,"XXX","ARTSCO-CARSCO","ARTSCO","CARSCO",1,"Control"
"24_2_XXX",0.672514619883041,"2008-2014",2008,2014,"XXX","ARTSCO-CARSCO","ARTSCO","CARSCO",1,"Control"
"33_3_XXX",1,"2008-2014",2008,2014,"XXX","ARTSCO-CARSCO","ARTSCO","CARSCO",1,"Control"
"39_3_XXX",1.46681415929204,"2008-2014",2008,2014,"XXX","ARTSCO-CARSCO","ARTSCO","CARSCO",1,"Control"
"4_1_XXX",1.52173913043478,"2008-2014",2008,2014,"XXX","ARTSCO-CARSCO","ARTSCO","CARSCO",1,"Control"
"6_1_XXX",1.1747311827957,"2008-2014",2008,2014,"XXX","ARTSCO-CARSCO","ARTSCO","CARSCO",1,"Control"
"22_2_XXX",0.621019108280255,"2008-2014",2008,2014,"XXX","ARTSCO-DESCES","ARTSCO","DESCES",1,"Control"
"24_2_XXX",1.01327433628319,"2008-2014",2008,2014,"XXX","ARTSCO-DESCES","ARTSCO","DESCES",1,"Control"
"33_3_XXX",0.930864197530864,"2008-2014",2008,2014,"XXX","ARTSCO-DESCES","ARTSCO","DESCES",1,"Control"
"39_3_XXX",1.28758915834522,"2008-2014",2008,2014,"XXX","ARTSCO-DESCES","ARTSCO","DESCES",1,"Control"
"4_1_XXX",0.757176105508146,"2008-2014",2008,2014,"XXX","ARTSCO-DESCES","ARTSCO","DESCES",1,"Control"
"6_1_XXX",0.848965517241379,"2008-2014",2008,2014,"XXX","ARTSCO-DESCES","ARTSCO","DESCES",1,"Control"
"22_2_XXX",1.11965811965812,"2008-2014",2008,2014,"XXX","ARTSCO-GENALG","ARTSCO","GENALG",1,"Control"
"24_2_XXX",1.48897058823529,"2008-2014",2008,2014,"XXX","ARTSCO-GENALG","ARTSCO","GENALG",1,"Control"
"33_3_XXX",1.27598566308244,"2008-2014",2008,2014,"XXX","ARTSCO-GENALG","ARTSCO","GENALG",1,"Control"
"39_3_XXX",0.778688524590164,"2008-2014",2008,2014,"XXX","ARTSCO-GENALG","ARTSCO","GENALG",1,"Control"
"4_1_XXX",1.57049180327869,"2008-2014",2008,2014,"XXX","ARTSCO-GENALG","ARTSCO","GENALG",1,"Control"
"6_1_XXX",1.21052631578947,"2008-2014",2008,2014,"XXX","ARTSCO-GENALG","ARTSCO","GENALG",1,"Control"
"22_2_XXX",0.496402877697842,"2008-2014",2008,2014,"XXX","ARTSCO-GEUROS","ARTSCO","GEUROS",1,"Control"
"24_2_XXX",0.680981595092024,"2008-2014",2008,2014,"XXX","ARTSCO-GEUROS","ARTSCO","GEUROS",1,"Control"
"33_3_XXX",1.37333333333333,"2008-2014",2008,2014,"XXX","ARTSCO-GEUROS","ARTSCO","GEUROS",1,"Control"
"39_3_XXX",0.816783216783217,"2008-2014",2008,2014,"XXX","ARTSCO-GEUROS","ARTSCO","GEUROS",1,"Control"
"4_1_XXX",1.20756234915527,"2008-2014",2008,2014,"XXX","ARTSCO-GEUROS","ARTSCO","GEUROS",1,"Control"
"6_1_XXX",0.626262626262626,"2008-2014",2008,2014,"XXX","ARTSCO-GEUROS","ARTSCO","GEUROS",1,"Control"
"22_2_XXX",0.975567190226876,"2008-2014",2008,2014,"XXX","ARTSCO-TRIPAR","ARTSCO","TRIPAR",1,"Control"
"24_2_XXX",1.1,"2008-2014",2008,2014,"XXX","ARTSCO-TRIPAR","ARTSCO","TRIPAR",1,"Control"
"33_3_XXX",1.0979020979021,"2008-2014",2008,2014,"XXX","ARTSCO-TRIPAR","ARTSCO","TRIPAR",1,"Control"
"39_3_XXX",0.884892086330935,"2008-2014",2008,2014,"XXX","ARTSCO-TRIPAR","ARTSCO","TRIPAR",1,"Control"
"4_1_XXX",0.777777777777778,"2008-2014",2008,2014,"XXX","ARTSCO-TRIPAR","ARTSCO","TRIPAR",1,"Control"
"6_1_XXX",1.45303867403315,"2008-2014",2008,2014,"XXX","ARTSCO-TRIPAR","ARTSCO","TRIPAR",1,"Control"
"22_2_XXX",1,"2008-2014",2008,2014,"XXX","BISBIS-CALLEP","BISBIS","CALLEP",1,"Control"
"24_2_XXX",1.0875,"2008-2014",2008,2014,"XXX","BISBIS-CALLEP","BISBIS","CALLEP",1,"Control"
"33_3_XXX",0.63049853372434,"2008-2014",2008,2014,"XXX","BISBIS-CALLEP","BISBIS","CALLEP",1,"Control"
"39_3_XXX",1.75968992248062,"2008-2014",2008,2014,"XXX","BISBIS-CALLEP","BISBIS","CALLEP",1,"Control"
"4_1_XXX",1,"2008-2014",2008,2014,"XXX","BISBIS-CALLEP","BISBIS","CALLEP",1,"Control"
"6_1_XXX",0.933273219116321,"2008-2014",2008,2014,"XXX","BISBIS-CALLEP","BISBIS","CALLEP",1,"Control"
"22_2_XXX",1.38315789473684,"2008-2014",2008,2014,"XXX","BISBIS-CARSCO","BISBIS","CARSCO",1,"Control"
"24_2_XXX",0.866412213740458,"2008-2014",2008,2014,"XXX","BISBIS-CARSCO","BISBIS","CARSCO",1,"Control"
"33_3_XXX",1,"2008-2014",2008,2014,"XXX","BISBIS-CARSCO","BISBIS","CARSCO",1,"Control"
"39_3_XXX",1.13611111111111,"2008-2014",2008,2014,"XXX","BISBIS-CARSCO","BISBIS","CARSCO",1,"Control"
"4_1_XXX",1.45029239766082,"2008-2014",2008,2014,"XXX","BISBIS-CARSCO","BISBIS","CARSCO",1,"Control"
"6_1_XXX",1.48327137546468,"2008-2014",2008,2014,"XXX","BISBIS-CARSCO","BISBIS","CARSCO",1,"Control"
"22_2_XXX",0.329283110571081,"2008-2014",2008,2014,"XXX","BISBIS-DESCES","BISBIS","DESCES",1,"Control"
"24_2_XXX",0.817204301075269,"2008-2014",2008,2014,"XXX","BISBIS-DESCES","BISBIS","DESCES",1,"Control"
"33_3_XXX",0.888594164456233,"2008-2014",2008,2014,"XXX","BISBIS-DESCES","BISBIS","DESCES",1,"Control"
"39_3_XXX",0.742316784869976,"2008-2014",2008,2014,"XXX","BISBIS-DESCES","BISBIS","DESCES",1,"Control"
"4_1_XXX",0.68134328358209,"2008-2014",2008,2014,"XXX","BISBIS-DESCES","BISBIS","DESCES",1,"Control"
"6_1_XXX",0.553217821782178,"2008-2014",2008,2014,"XXX","BISBIS-DESCES","BISBIS","DESCES",1,"Control"
"22_2_XXX",1.02564102564103,"2008-2014",2008,2014,"XXX","BISBIS-GENALG","BISBIS","GENALG",1,"Control"
"24_2_XXX",1.07291666666667,"2008-2014",2008,2014,"XXX","BISBIS-GENALG","BISBIS","GENALG",1,"Control"
"33_3_XXX",0.958083832335329,"2008-2014",2008,2014,"XXX","BISBIS-GENALG","BISBIS","GENALG",1,"Control"
"39_3_XXX",1.59574468085106,"2008-2014",2008,2014,"XXX","BISBIS-GENALG","BISBIS","GENALG",1,"Control"
"4_1_XXX",1.90766208251474,"2008-2014",2008,2014,"XXX","BISBIS-GENALG","BISBIS","GENALG",1,"Control"
"6_1_XXX",1.48876404494382,"2008-2014",2008,2014,"XXX","BISBIS-GENALG","BISBIS","GENALG",1,"Control"
"22_2_XXX",1.39746300211416,"2008-2014",2008,2014,"XXX","BISBIS-GEUROS","BISBIS","GEUROS",1,"Control"
"24_2_XXX",1.04878048780488,"2008-2014",2008,2014,"XXX","BISBIS-GEUROS","BISBIS","GEUROS",1,"Control"
"33_3_XXX",0.329787234042553,"2008-2014",2008,2014,"XXX","BISBIS-GEUROS","BISBIS","GEUROS",1,"Control"
"39_3_XXX",0.631578947368421,"2008-2014",2008,2014,"XXX","BISBIS-GEUROS","BISBIS","GEUROS",1,"Control"
"4_1_XXX",1.23261205564142,"2008-2014",2008,2014,"XXX","BISBIS-GEUROS","BISBIS","GEUROS",1,"Control"
"6_1_XXX",1.19217081850534,"2008-2014",2008,2014,"XXX","BISBIS-GEUROS","BISBIS","GEUROS",1,"Control"
"22_2_XXX",1.33407243163341,"2008-2014",2008,2014,"XXX","BISBIS-TRIPAR","BISBIS","TRIPAR",1,"Control"
"24_2_XXX",1.14545454545455,"2008-2014",2008,2014,"XXX","BISBIS-TRIPAR","BISBIS","TRIPAR",1,"Control"
"33_3_XXX",0.67816091954023,"2008-2014",2008,2014,"XXX","BISBIS-TRIPAR","BISBIS","TRIPAR",1,"Control"
"39_3_XXX",1.1505376344086,"2008-2014",2008,2014,"XXX","BISBIS-TRIPAR","BISBIS","TRIPAR",1,"Control"
"4_1_XXX",0.708333333333333,"2008-2014",2008,2014,"XXX","BISBIS-TRIPAR","BISBIS","TRIPAR",1,"Control"
"6_1_XXX",1.10770505385253,"2008-2014",2008,2014,"XXX","BISBIS-TRIPAR","BISBIS","TRIPAR",1,"Control"
"22_2_XXX",1,"2008-2014",2008,2014,"XXX","CALLEP-CARSCO","CALLEP","CARSCO",1,"Control"
"24_2_XXX",0.647058823529412,"2008-2014",2008,2014,"XXX","CALLEP-CARSCO","CALLEP","CARSCO",1,"Control"
"33_3_XXX",0.810055865921788,"2008-2014",2008,2014,"XXX","CALLEP-CARSCO","CALLEP","CARSCO",1,"Control"
"39_3_XXX",0.725888324873097,"2008-2014",2008,2014,"XXX","CALLEP-CARSCO","CALLEP","CARSCO",1,"Control"
"4_1_XXX",1,"2008-2014",2008,2014,"XXX","CALLEP-CARSCO","CALLEP","CARSCO",1,"Control"
"6_1_XXX",0.963912630579297,"2008-2014",2008,2014,"XXX","CALLEP-CARSCO","CALLEP","CARSCO",1,"Control"
"22_2_XXX",1,"2008-2014",2008,2014,"XXX","CALLEP-DESCES","CALLEP","DESCES",1,"Control"
"24_2_XXX",0.597701149425287,"2008-2014",2008,2014,"XXX","CALLEP-DESCES","CALLEP","DESCES",1,"Control"
"33_3_XXX",1.11784177424694,"2008-2014",2008,2014,"XXX","CALLEP-DESCES","CALLEP","DESCES",1,"Control"
"39_3_XXX",0.756928213689482,"2008-2014",2008,2014,"XXX","CALLEP-DESCES","CALLEP","DESCES",1,"Control"
"4_1_XXX",1,"2008-2014",2008,2014,"XXX","CALLEP-DESCES","CALLEP","DESCES",1,"Control"
"6_1_XXX",1.02273998136067,"2008-2014",2008,2014,"XXX","CALLEP-DESCES","CALLEP","DESCES",1,"Control"
"22_2_XXX",1,"2008-2014",2008,2014,"XXX","CALLEP-GENALG","CALLEP","GENALG",1,"Control"
"24_2_XXX",0.875,"2008-2014",2008,2014,"XXX","CALLEP-GENALG","CALLEP","GENALG",1,"Control"
"33_3_XXX",1.15339233038348,"2008-2014",2008,2014,"XXX","CALLEP-GENALG","CALLEP","GENALG",1,"Control"
"39_3_XXX",1.30630630630631,"2008-2014",2008,2014,"XXX","CALLEP-GENALG","CALLEP","GENALG",1,"Control"
"4_1_XXX",1,"2008-2014",2008,2014,"XXX","CALLEP-GENALG","CALLEP","GENALG",1,"Control"
"6_1_XXX",0.858461538461538,"2008-2014",2008,2014,"XXX","CALLEP-GENALG","CALLEP","GENALG",1,"Control"
"22_2_XXX",1,"2008-2014",2008,2014,"XXX","CALLEP-GEUROS","CALLEP","GEUROS",1,"Control"
"24_2_XXX",1.37837837837838,"2008-2014",2008,2014,"XXX","CALLEP-GEUROS","CALLEP","GEUROS",1,"Control"
"33_3_XXX",1.12073490813648,"2008-2014",2008,2014,"XXX","CALLEP-GEUROS","CALLEP","GEUROS",1,"Control"
"39_3_XXX",1.08780487804878,"2008-2014",2008,2014,"XXX","CALLEP-GEUROS","CALLEP","GEUROS",1,"Control"
"4_1_XXX",1,"2008-2014",2008,2014,"XXX","CALLEP-GEUROS","CALLEP","GEUROS",1,"Control"
"6_1_XXX",1.01044386422977,"2008-2014",2008,2014,"XXX","CALLEP-GEUROS","CALLEP","GEUROS",1,"Control"
"22_2_XXX",1,"2008-2014",2008,2014,"XXX","CALLEP-TRIPAR","CALLEP","TRIPAR",1,"Control"
"24_2_XXX",1.2258064516129,"2008-2014",2008,2014,"XXX","CALLEP-TRIPAR","CALLEP","TRIPAR",1,"Control"
"33_3_XXX",1.46458923512748,"2008-2014",2008,2014,"XXX","CALLEP-TRIPAR","CALLEP","TRIPAR",1,"Control"
"39_3_XXX",1.29284525790349,"2008-2014",2008,2014,"XXX","CALLEP-TRIPAR","CALLEP","TRIPAR",1,"Control"
"4_1_XXX",1,"2008-2014",2008,2014,"XXX","CALLEP-TRIPAR","CALLEP","TRIPAR",1,"Control"
"6_1_XXX",0.907407407407407,"2008-2014",2008,2014,"XXX","CALLEP-TRIPAR","CALLEP","TRIPAR",1,"Control"
"22_2_XXX",0.419943820224719,"2008-2014",2008,2014,"XXX","CARSCO-DESCES","CARSCO","DESCES",1,"Control"
"24_2_XXX",1.36981132075472,"2008-2014",2008,2014,"XXX","CARSCO-DESCES","CARSCO","DESCES",1,"Control"
"33_3_XXX",0.927119831814997,"2008-2014",2008,2014,"XXX","CARSCO-DESCES","CARSCO","DESCES",1,"Control"
"39_3_XXX",1.16499838553439,"2008-2014",2008,2014,"XXX","CARSCO-DESCES","CARSCO","DESCES",1,"Control"
"4_1_XXX",0.935116004718836,"2008-2014",2008,2014,"XXX","CARSCO-DESCES","CARSCO","DESCES",1,"Control"
"6_1_XXX",0.764669163545568,"2008-2014",2008,2014,"XXX","CARSCO-DESCES","CARSCO","DESCES",1,"Control"
"22_2_XXX",1.13930348258706,"2008-2014",2008,2014,"XXX","CARSCO-GENALG","CARSCO","GENALG",1,"Control"
"24_2_XXX",0.38,"2008-2014",2008,2014,"XXX","CARSCO-GENALG","CARSCO","GENALG",1,"Control"
"33_3_XXX",1.00581395348837,"2008-2014",2008,2014,"XXX","CARSCO-GENALG","CARSCO","GENALG",1,"Control"
"39_3_XXX",1.16358024691358,"2008-2014",2008,2014,"XXX","CARSCO-GENALG","CARSCO","GENALG",1,"Control"
"4_1_XXX",1.48085106382979,"2008-2014",2008,2014,"XXX","CARSCO-GENALG","CARSCO","GENALG",1,"Control"
"6_1_XXX",1.08479532163743,"2008-2014",2008,2014,"XXX","CARSCO-GENALG","CARSCO","GENALG",1,"Control"
"22_2_XXX",1.03867403314917,"2008-2014",2008,2014,"XXX","CARSCO-GEUROS","CARSCO","GEUROS",1,"Control"
"24_2_XXX",0.792079207920792,"2008-2014",2008,2014,"XXX","CARSCO-GEUROS","CARSCO","GEUROS",1,"Control"
"33_3_XXX",0.831775700934579,"2008-2014",2008,2014,"XXX","CARSCO-GEUROS","CARSCO","GEUROS",1,"Control"
"39_3_XXX",0.745928338762215,"2008-2014",2008,2014,"XXX","CARSCO-GEUROS","CARSCO","GEUROS",1,"Control"
"4_1_XXX",1.04651162790698,"2008-2014",2008,2014,"XXX","CARSCO-GEUROS","CARSCO","GEUROS",1,"Control"
"6_1_XXX",0.956204379562044,"2008-2014",2008,2014,"XXX","CARSCO-GEUROS","CARSCO","GEUROS",1,"Control"
"22_2_XXX",1.13861386138614,"2008-2014",2008,2014,"XXX","CARSCO-TRIPAR","CARSCO","TRIPAR",1,"Control"
"24_2_XXX",0.950704225352113,"2008-2014",2008,2014,"XXX","CARSCO-TRIPAR","CARSCO","TRIPAR",1,"Control"
"33_3_XXX",1.11827956989247,"2008-2014",2008,2014,"XXX","CARSCO-TRIPAR","CARSCO","TRIPAR",1,"Control"
"39_3_XXX",0.859266600594648,"2008-2014",2008,2014,"XXX","CARSCO-TRIPAR","CARSCO","TRIPAR",1,"Control"
"4_1_XXX",1.10909090909091,"2008-2014",2008,2014,"XXX","CARSCO-TRIPAR","CARSCO","TRIPAR",1,"Control"
"6_1_XXX",1.19113814074718,"2008-2014",2008,2014,"XXX","CARSCO-TRIPAR","CARSCO","TRIPAR",1,"Control"
"22_2_XXX",0.788706739526412,"2008-2014",2008,2014,"XXX","DESCES-GENALG","DESCES","GENALG",1,"Control"
"24_2_XXX",1.27391304347826,"2008-2014",2008,2014,"XXX","DESCES-GENALG","DESCES","GENALG",1,"Control"
"33_3_XXX",0.811546118115461,"2008-2014",2008,2014,"XXX","DESCES-GENALG","DESCES","GENALG",1,"Control"
"39_3_XXX",0.906666666666667,"2008-2014",2008,2014,"XXX","DESCES-GENALG","DESCES","GENALG",1,"Control"
"4_1_XXX",0.811536264991433,"2008-2014",2008,2014,"XXX","DESCES-GENALG","DESCES","GENALG",1,"Control"
"6_1_XXX",0.91056338028169,"2008-2014",2008,2014,"XXX","DESCES-GENALG","DESCES","GENALG",1,"Control"
"22_2_XXX",1.1830985915493,"2008-2014",2008,2014,"XXX","DESCES-GEUROS","DESCES","GEUROS",1,"Control"
"24_2_XXX",0.381322957198444,"2008-2014",2008,2014,"XXX","DESCES-GEUROS","DESCES","GEUROS",1,"Control"
"33_3_XXX",1.36910994764398,"2008-2014",2008,2014,"XXX","DESCES-GEUROS","DESCES","GEUROS",1,"Control"
"39_3_XXX",1.09387895460798,"2008-2014",2008,2014,"XXX","DESCES-GEUROS","DESCES","GEUROS",1,"Control"
"4_1_XXX",0.197177419354839,"2008-2014",2008,2014,"XXX","DESCES-GEUROS","DESCES","GEUROS",1,"Control"
"6_1_XXX",0.726322263222632,"2008-2014",2008,2014,"XXX","DESCES-GEUROS","DESCES","GEUROS",1,"Control"
"22_2_XXX",1.01129943502825,"2008-2014",2008,2014,"XXX","DESCES-TRIPAR","DESCES","TRIPAR",1,"Control"
"24_2_XXX",1.03715170278638,"2008-2014",2008,2014,"XXX","DESCES-TRIPAR","DESCES","TRIPAR",1,"Control"
"33_3_XXX",0.812417437252312,"2008-2014",2008,2014,"XXX","DESCES-TRIPAR","DESCES","TRIPAR",1,"Control"
"39_3_XXX",0.977919915885394,"2008-2014",2008,2014,"XXX","DESCES-TRIPAR","DESCES","TRIPAR",1,"Control"
"4_1_XXX",1.07488299531981,"2008-2014",2008,2014,"XXX","DESCES-TRIPAR","DESCES","TRIPAR",1,"Control"
"6_1_XXX",0.834157056562328,"2008-2014",2008,2014,"XXX","DESCES-TRIPAR","DESCES","TRIPAR",1,"Control"
"22_2_XXX",0.597989949748744,"2008-2014",2008,2014,"XXX","GENALG-GEUROS","GENALG","GEUROS",1,"Control"
"24_2_XXX",0.664670658682635,"2008-2014",2008,2014,"XXX","GENALG-GEUROS","GENALG","GEUROS",1,"Control"
"33_3_XXX",1.01069518716578,"2008-2014",2008,2014,"XXX","GENALG-GEUROS","GENALG","GEUROS",1,"Control"
"39_3_XXX",0.822222222222222,"2008-2014",2008,2014,"XXX","GENALG-GEUROS","GENALG","GEUROS",1,"Control"
"4_1_XXX",1.08246202406786,"2008-2014",2008,2014,"XXX","GENALG-GEUROS","GENALG","GEUROS",1,"Control"
"6_1_XXX",0.855191256830601,"2008-2014",2008,2014,"XXX","GENALG-GEUROS","GENALG","GEUROS",1,"Control"
"22_2_XXX",0.392996108949416,"2008-2014",2008,2014,"XXX","GENALG-TRIPAR","GENALG","TRIPAR",1,"Control"
"24_2_XXX",1,"2008-2014",2008,2014,"XXX","GENALG-TRIPAR","GENALG","TRIPAR",1,"Control"
"33_3_XXX",1.15028901734104,"2008-2014",2008,2014,"XXX","GENALG-TRIPAR","GENALG","TRIPAR",1,"Control"
"39_3_XXX",1.06853582554517,"2008-2014",2008,2014,"XXX","GENALG-TRIPAR","GENALG","TRIPAR",1,"Control"
"4_1_XXX",0.725631768953069,"2008-2014",2008,2014,"XXX","GENALG-TRIPAR","GENALG","TRIPAR",1,"Control"
"6_1_XXX",0.91016548463357,"2008-2014",2008,2014,"XXX","GENALG-TRIPAR","GENALG","TRIPAR",1,"Control"
"22_2_XXX",1.48390677025527,"2008-2014",2008,2014,"XXX","GEUROS-TRIPAR","GEUROS","TRIPAR",1,"Control"
"24_2_XXX",0.99238578680203,"2008-2014",2008,2014,"XXX","GEUROS-TRIPAR","GEUROS","TRIPAR",1,"Control"
"33_3_XXX",0.721649484536082,"2008-2014",2008,2014,"XXX","GEUROS-TRIPAR","GEUROS","TRIPAR",1,"Control"
"39_3_XXX",1.21343873517787,"2008-2014",2008,2014,"XXX","GEUROS-TRIPAR","GEUROS","TRIPAR",1,"Control"
"4_1_XXX",0.859223300970874,"2008-2014",2008,2014,"XXX","GEUROS-TRIPAR","GEUROS","TRIPAR",1,"Control"
"6_1_XXX",0.777064955894146,"2008-2014",2008,2014,"XXX","GEUROS-TRIPAR","GEUROS","TRIPAR",1,"Control"
"22_2_XXX",1.01050788091068,"2009-2015",2009,2015,"XXX","ARTSCO-BISBIS","ARTSCO","BISBIS",1,"Control"
"24_2_XXX",1.58222222222222,"2009-2015",2009,2015,"XXX","ARTSCO-BISBIS","ARTSCO","BISBIS",1,"Control"
"33_3_XXX",0.941935483870968,"2009-2015",2009,2015,"XXX","ARTSCO-BISBIS","ARTSCO","BISBIS",1,"Control"
"39_3_XXX",0.851951547779273,"2009-2015",2009,2015,"XXX","ARTSCO-BISBIS","ARTSCO","BISBIS",1,"Control"
"4_1_XXX",1.47474747474747,"2009-2015",2009,2015,"XXX","ARTSCO-BISBIS","ARTSCO","BISBIS",1,"Control"
"6_1_XXX",1.15656565656566,"2009-2015",2009,2015,"XXX","ARTSCO-BISBIS","ARTSCO","BISBIS",1,"Control"
"22_2_XXX",1,"2009-2015",2009,2015,"XXX","ARTSCO-CALLEP","ARTSCO","CALLEP",1,"Control"
"24_2_XXX",1.2801724137931,"2009-2015",2009,2015,"XXX","ARTSCO-CALLEP","ARTSCO","CALLEP",1,"Control"
"33_3_XXX",0.657505285412262,"2009-2015",2009,2015,"XXX","ARTSCO-CALLEP","ARTSCO","CALLEP",1,"Control"
"39_3_XXX",0.473890339425587,"2009-2015",2009,2015,"XXX","ARTSCO-CALLEP","ARTSCO","CALLEP",1,"Control"
"4_1_XXX",1,"2009-2015",2009,2015,"XXX","ARTSCO-CALLEP","ARTSCO","CALLEP",1,"Control"
"6_1_XXX",0.838649155722326,"2009-2015",2009,2015,"XXX","ARTSCO-CALLEP","ARTSCO","CALLEP",1,"Control"
"22_2_XXX",1.09130434782609,"2009-2015",2009,2015,"XXX","ARTSCO-CARSCO","ARTSCO","CARSCO",1,"Control"
"24_2_XXX",0.603092783505155,"2009-2015",2009,2015,"XXX","ARTSCO-CARSCO","ARTSCO","CARSCO",1,"Control"
"33_3_XXX",1.00512820512821,"2009-2015",2009,2015,"XXX","ARTSCO-CARSCO","ARTSCO","CARSCO",1,"Control"
"39_3_XXX",1.44008958566629,"2009-2015",2009,2015,"XXX","ARTSCO-CARSCO","ARTSCO","CARSCO",1,"Control"
"4_1_XXX",1.41935483870968,"2009-2015",2009,2015,"XXX","ARTSCO-CARSCO","ARTSCO","CARSCO",1,"Control"
"6_1_XXX",1.19210526315789,"2009-2015",2009,2015,"XXX","ARTSCO-CARSCO","ARTSCO","CARSCO",1,"Control"
"22_2_XXX",0.980966325036603,"2009-2015",2009,2015,"XXX","ARTSCO-DESCES","ARTSCO","DESCES",1,"Control"
"24_2_XXX",0.946322067594433,"2009-2015",2009,2015,"XXX","ARTSCO-DESCES","ARTSCO","DESCES",1,"Control"
"33_3_XXX",0.868789808917197,"2009-2015",2009,2015,"XXX","ARTSCO-DESCES","ARTSCO","DESCES",1,"Control"
"39_3_XXX",1.26539993870671,"2009-2015",2009,2015,"XXX","ARTSCO-DESCES","ARTSCO","DESCES",1,"Control"
"4_1_XXX",0.726501766784452,"2009-2015",2009,2015,"XXX","ARTSCO-DESCES","ARTSCO","DESCES",1,"Control"
"6_1_XXX",0.849305047549378,"2009-2015",2009,2015,"XXX","ARTSCO-DESCES","ARTSCO","DESCES",1,"Control"
"22_2_XXX",1.02749140893471,"2009-2015",2009,2015,"XXX","ARTSCO-GENALG","ARTSCO","GENALG",1,"Control"
"24_2_XXX",1.20921985815603,"2009-2015",2009,2015,"XXX","ARTSCO-GENALG","ARTSCO","GENALG",1,"Control"
"33_3_XXX",1.21523178807947,"2009-2015",2009,2015,"XXX","ARTSCO-GENALG","ARTSCO","GENALG",1,"Control"
"39_3_XXX",0.820441988950276,"2009-2015",2009,2015,"XXX","ARTSCO-GENALG","ARTSCO","GENALG",1,"Control"
"4_1_XXX",1.19217081850534,"2009-2015",2009,2015,"XXX","ARTSCO-GENALG","ARTSCO","GENALG",1,"Control"
"6_1_XXX",1.40350877192982,"2009-2015",2009,2015,"XXX","ARTSCO-GENALG","ARTSCO","GENALG",1,"Control"
"22_2_XXX",0.653164556962025,"2009-2015",2009,2015,"XXX","ARTSCO-GEUROS","ARTSCO","GEUROS",1,"Control"
"24_2_XXX",0.53494623655914,"2009-2015",2009,2015,"XXX","ARTSCO-GEUROS","ARTSCO","GEUROS",1,"Control"
"33_3_XXX",1.12562814070352,"2009-2015",2009,2015,"XXX","ARTSCO-GEUROS","ARTSCO","GEUROS",1,"Control"
"39_3_XXX",0.791066282420749,"2009-2015",2009,2015,"XXX","ARTSCO-GEUROS","ARTSCO","GEUROS",1,"Control"
"4_1_XXX",1.24458420684836,"2009-2015",2009,2015,"XXX","ARTSCO-GEUROS","ARTSCO","GEUROS",1,"Control"
"6_1_XXX",0.284023668639053,"2009-2015",2009,2015,"XXX","ARTSCO-GEUROS","ARTSCO","GEUROS",1,"Control"
"22_2_XXX",1.2645850451931,"2009-2015",2009,2015,"XXX","ARTSCO-TRIPAR","ARTSCO","TRIPAR",1,"Control"
"24_2_XXX",1.02216066481994,"2009-2015",2009,2015,"XXX","ARTSCO-TRIPAR","ARTSCO","TRIPAR",1,"Control"
"33_3_XXX",1.05072463768116,"2009-2015",2009,2015,"XXX","ARTSCO-TRIPAR","ARTSCO","TRIPAR",1,"Control"
"39_3_XXX",0.86703167774736,"2009-2015",2009,2015,"XXX","ARTSCO-TRIPAR","ARTSCO","TRIPAR",1,"Control"
"4_1_XXX",0.436781609195402,"2009-2015",2009,2015,"XXX","ARTSCO-TRIPAR","ARTSCO","TRIPAR",1,"Control"
"6_1_XXX",0.946697566628042,"2009-2015",2009,2015,"XXX","ARTSCO-TRIPAR","ARTSCO","TRIPAR",1,"Control"
"22_2_XXX",1,"2009-2015",2009,2015,"XXX","BISBIS-CALLEP","BISBIS","CALLEP",1,"Control"
"24_2_XXX",1.03960396039604,"2009-2015",2009,2015,"XXX","BISBIS-CALLEP","BISBIS","CALLEP",1,"Control"
"33_3_XXX",0.901538461538462,"2009-2015",2009,2015,"XXX","BISBIS-CALLEP","BISBIS","CALLEP",1,"Control"
"39_3_XXX",1.74058577405858,"2009-2015",2009,2015,"XXX","BISBIS-CALLEP","BISBIS","CALLEP",1,"Control"
"4_1_XXX",1,"2009-2015",2009,2015,"XXX","BISBIS-CALLEP","BISBIS","CALLEP",1,"Control"
"6_1_XXX",0.926484448633365,"2009-2015",2009,2015,"XXX","BISBIS-CALLEP","BISBIS","CALLEP",1,"Control"
"22_2_XXX",1.38315789473684,"2009-2015",2009,2015,"XXX","BISBIS-CARSCO","BISBIS","CARSCO",1,"Control"
"24_2_XXX",0.945525291828794,"2009-2015",2009,2015,"XXX","BISBIS-CARSCO","BISBIS","CARSCO",1,"Control"
"33_3_XXX",0.859504132231405,"2009-2015",2009,2015,"XXX","BISBIS-CARSCO","BISBIS","CARSCO",1,"Control"
"39_3_XXX",1.08469945355191,"2009-2015",2009,2015,"XXX","BISBIS-CARSCO","BISBIS","CARSCO",1,"Control"
"4_1_XXX",1.51079136690647,"2009-2015",2009,2015,"XXX","BISBIS-CARSCO","BISBIS","CARSCO",1,"Control"
"6_1_XXX",1.447265625,"2009-2015",2009,2015,"XXX","BISBIS-CARSCO","BISBIS","CARSCO",1,"Control"
"22_2_XXX",0.230659025787966,"2009-2015",2009,2015,"XXX","BISBIS-DESCES","BISBIS","DESCES",1,"Control"
"24_2_XXX",0.817204301075269,"2009-2015",2009,2015,"XXX","BISBIS-DESCES","BISBIS","DESCES",1,"Control"
"33_3_XXX",0.879679144385027,"2009-2015",2009,2015,"XXX","BISBIS-DESCES","BISBIS","DESCES",1,"Control"
"39_3_XXX",0.695906432748538,"2009-2015",2009,2015,"XXX","BISBIS-DESCES","BISBIS","DESCES",1,"Control"
"4_1_XXX",0.739221140472879,"2009-2015",2009,2015,"XXX","BISBIS-DESCES","BISBIS","DESCES",1,"Control"
"6_1_XXX",0.464309539693129,"2009-2015",2009,2015,"XXX","BISBIS-DESCES","BISBIS","DESCES",1,"Control"
"22_2_XXX",1.00653594771242,"2009-2015",2009,2015,"XXX","BISBIS-GENALG","BISBIS","GENALG",1,"Control"
"24_2_XXX",0.900662251655629,"2009-2015",2009,2015,"XXX","BISBIS-GENALG","BISBIS","GENALG",1,"Control"
"33_3_XXX",0.482456140350877,"2009-2015",2009,2015,"XXX","BISBIS-GENALG","BISBIS","GENALG",1,"Control"
"39_3_XXX",1.61421319796954,"2009-2015",2009,2015,"XXX","BISBIS-GENALG","BISBIS","GENALG",1,"Control"
"4_1_XXX",1.85254691689008,"2009-2015",2009,2015,"XXX","BISBIS-GENALG","BISBIS","GENALG",1,"Control"
"6_1_XXX",1.36111111111111,"2009-2015",2009,2015,"XXX","BISBIS-GENALG","BISBIS","GENALG",1,"Control"
"22_2_XXX",1.50975609756098,"2009-2015",2009,2015,"XXX","BISBIS-GEUROS","BISBIS","GEUROS",1,"Control"
"24_2_XXX",0.987551867219917,"2009-2015",2009,2015,"XXX","BISBIS-GEUROS","BISBIS","GEUROS",1,"Control"
"33_3_XXX",0.191358024691358,"2009-2015",2009,2015,"XXX","BISBIS-GEUROS","BISBIS","GEUROS",1,"Control"
"39_3_XXX",0.574850299401198,"2009-2015",2009,2015,"XXX","BISBIS-GEUROS","BISBIS","GEUROS",1,"Control"
"4_1_XXX",1.16850068775791,"2009-2015",2009,2015,"XXX","BISBIS-GEUROS","BISBIS","GEUROS",1,"Control"
"6_1_XXX",1.50212765957447,"2009-2015",2009,2015,"XXX","BISBIS-GEUROS","BISBIS","GEUROS",1,"Control"
"22_2_XXX",1.37274862960063,"2009-2015",2009,2015,"XXX","BISBIS-TRIPAR","BISBIS","TRIPAR",1,"Control"
"24_2_XXX",1.09090909090909,"2009-2015",2009,2015,"XXX","BISBIS-TRIPAR","BISBIS","TRIPAR",1,"Control"
"33_3_XXX",0.861386138613861,"2009-2015",2009,2015,"XXX","BISBIS-TRIPAR","BISBIS","TRIPAR",1,"Control"
"39_3_XXX",1.12917594654788,"2009-2015",2009,2015,"XXX","BISBIS-TRIPAR","BISBIS","TRIPAR",1,"Control"
"4_1_XXX",0.872727272727273,"2009-2015",2009,2015,"XXX","BISBIS-TRIPAR","BISBIS","TRIPAR",1,"Control"
"6_1_XXX",1.18979151689432,"2009-2015",2009,2015,"XXX","BISBIS-TRIPAR","BISBIS","TRIPAR",1,"Control"
"22_2_XXX",1,"2009-2015",2009,2015,"XXX","CALLEP-CARSCO","CALLEP","CARSCO",1,"Control"
"24_2_XXX",0.522727272727273,"2009-2015",2009,2015,"XXX","CALLEP-CARSCO","CALLEP","CARSCO",1,"Control"
"33_3_XXX",0.863157894736842,"2009-2015",2009,2015,"XXX","CALLEP-CARSCO","CALLEP","CARSCO",1,"Control"
"39_3_XXX",0.534704370179949,"2009-2015",2009,2015,"XXX","CALLEP-CARSCO","CALLEP","CARSCO",1,"Control"
"4_1_XXX",1,"2009-2015",2009,2015,"XXX","CALLEP-CARSCO","CALLEP","CARSCO",1,"Control"
"6_1_XXX",0.953861584754263,"2009-2015",2009,2015,"XXX","CALLEP-CARSCO","CALLEP","CARSCO",1,"Control"
"22_2_XXX",1,"2009-2015",2009,2015,"XXX","CALLEP-DESCES","CALLEP","DESCES",1,"Control"
"24_2_XXX",0.569920844327177,"2009-2015",2009,2015,"XXX","CALLEP-DESCES","CALLEP","DESCES",1,"Control"
"33_3_XXX",1.04569420035149,"2009-2015",2009,2015,"XXX","CALLEP-DESCES","CALLEP","DESCES",1,"Control"
"39_3_XXX",0.659296846683581,"2009-2015",2009,2015,"XXX","CALLEP-DESCES","CALLEP","DESCES",1,"Control"
"4_1_XXX",1,"2009-2015",2009,2015,"XXX","CALLEP-DESCES","CALLEP","DESCES",1,"Control"
"6_1_XXX",1.0206268958544,"2009-2015",2009,2015,"XXX","CALLEP-DESCES","CALLEP","DESCES",1,"Control"
"22_2_XXX",1,"2009-2015",2009,2015,"XXX","CALLEP-GENALG","CALLEP","GENALG",1,"Control"
"24_2_XXX",0.651898734177215,"2009-2015",2009,2015,"XXX","CALLEP-GENALG","CALLEP","GENALG",1,"Control"
"33_3_XXX",1.45954692556634,"2009-2015",2009,2015,"XXX","CALLEP-GENALG","CALLEP","GENALG",1,"Control"
"39_3_XXX",1.3,"2009-2015",2009,2015,"XXX","CALLEP-GENALG","CALLEP","GENALG",1,"Control"
"4_1_XXX",1,"2009-2015",2009,2015,"XXX","CALLEP-GENALG","CALLEP","GENALG",1,"Control"
"6_1_XXX",0.840616966580977,"2009-2015",2009,2015,"XXX","CALLEP-GENALG","CALLEP","GENALG",1,"Control"
"22_2_XXX",1,"2009-2015",2009,2015,"XXX","CALLEP-GEUROS","CALLEP","GEUROS",1,"Control"
"24_2_XXX",1.18145161290323,"2009-2015",2009,2015,"XXX","CALLEP-GEUROS","CALLEP","GEUROS",1,"Control"
"33_3_XXX",1.07185628742515,"2009-2015",2009,2015,"XXX","CALLEP-GEUROS","CALLEP","GEUROS",1,"Control"
"39_3_XXX",0.936842105263158,"2009-2015",2009,2015,"XXX","CALLEP-GEUROS","CALLEP","GEUROS",1,"Control"
"4_1_XXX",1,"2009-2015",2009,2015,"XXX","CALLEP-GEUROS","CALLEP","GEUROS",1,"Control"
"6_1_XXX",1.0627261761158,"2009-2015",2009,2015,"XXX","CALLEP-GEUROS","CALLEP","GEUROS",1,"Control"
"22_2_XXX",1,"2009-2015",2009,2015,"XXX","CALLEP-TRIPAR","CALLEP","TRIPAR",1,"Control"
"24_2_XXX",1.04424778761062,"2009-2015",2009,2015,"XXX","CALLEP-TRIPAR","CALLEP","TRIPAR",1,"Control"
"33_3_XXX",1.38132295719844,"2009-2015",2009,2015,"XXX","CALLEP-TRIPAR","CALLEP","TRIPAR",1,"Control"
"39_3_XXX",1.30314232902033,"2009-2015",2009,2015,"XXX","CALLEP-TRIPAR","CALLEP","TRIPAR",1,"Control"
"4_1_XXX",1,"2009-2015",2009,2015,"XXX","CALLEP-TRIPAR","CALLEP","TRIPAR",1,"Control"
"6_1_XXX",1.01764705882353,"2009-2015",2009,2015,"XXX","CALLEP-TRIPAR","CALLEP","TRIPAR",1,"Control"
"22_2_XXX",0.296422487223169,"2009-2015",2009,2015,"XXX","CARSCO-DESCES","CARSCO","DESCES",1,"Control"
"24_2_XXX",1.40560747663551,"2009-2015",2009,2015,"XXX","CARSCO-DESCES","CARSCO","DESCES",1,"Control"
"33_3_XXX",0.941346850108617,"2009-2015",2009,2015,"XXX","CARSCO-DESCES","CARSCO","DESCES",1,"Control"
"39_3_XXX",1.15661815661816,"2009-2015",2009,2015,"XXX","CARSCO-DESCES","CARSCO","DESCES",1,"Control"
"4_1_XXX",0.937206784554313,"2009-2015",2009,2015,"XXX","CARSCO-DESCES","CARSCO","DESCES",1,"Control"
"6_1_XXX",0.693863789615644,"2009-2015",2009,2015,"XXX","CARSCO-DESCES","CARSCO","DESCES",1,"Control"
"22_2_XXX",1.14358974358974,"2009-2015",2009,2015,"XXX","CARSCO-GENALG","CARSCO","GENALG",1,"Control"
"24_2_XXX",0.576433121019108,"2009-2015",2009,2015,"XXX","CARSCO-GENALG","CARSCO","GENALG",1,"Control"
"33_3_XXX",1.04424778761062,"2009-2015",2009,2015,"XXX","CARSCO-GENALG","CARSCO","GENALG",1,"Control"
"39_3_XXX",1.34582132564842,"2009-2015",2009,2015,"XXX","CARSCO-GENALG","CARSCO","GENALG",1,"Control"
"4_1_XXX",1.58282208588957,"2009-2015",2009,2015,"XXX","CARSCO-GENALG","CARSCO","GENALG",1,"Control"
"6_1_XXX",1.02616279069767,"2009-2015",2009,2015,"XXX","CARSCO-GENALG","CARSCO","GENALG",1,"Control"
"22_2_XXX",1.04682274247492,"2009-2015",2009,2015,"XXX","CARSCO-GEUROS","CARSCO","GEUROS",1,"Control"
"24_2_XXX",0.948019801980198,"2009-2015",2009,2015,"XXX","CARSCO-GEUROS","CARSCO","GEUROS",1,"Control"
"33_3_XXX",0.995215311004785,"2009-2015",2009,2015,"XXX","CARSCO-GEUROS","CARSCO","GEUROS",1,"Control"
"39_3_XXX",0.766561514195584,"2009-2015",2009,2015,"XXX","CARSCO-GEUROS","CARSCO","GEUROS",1,"Control"
"4_1_XXX",1.04495183731716,"2009-2015",2009,2015,"XXX","CARSCO-GEUROS","CARSCO","GEUROS",1,"Control"
"6_1_XXX",1.13656387665198,"2009-2015",2009,2015,"XXX","CARSCO-GEUROS","CARSCO","GEUROS",1,"Control"
"22_2_XXX",1.15126050420168,"2009-2015",2009,2015,"XXX","CARSCO-TRIPAR","CARSCO","TRIPAR",1,"Control"
"24_2_XXX",1,"2009-2015",2009,2015,"XXX","CARSCO-TRIPAR","CARSCO","TRIPAR",1,"Control"
"33_3_XXX",1.16091954022988,"2009-2015",2009,2015,"XXX","CARSCO-TRIPAR","CARSCO","TRIPAR",1,"Control"
"39_3_XXX",0.80743565300286,"2009-2015",2009,2015,"XXX","CARSCO-TRIPAR","CARSCO","TRIPAR",1,"Control"
"4_1_XXX",1,"2009-2015",2009,2015,"XXX","CARSCO-TRIPAR","CARSCO","TRIPAR",1,"Control"
"6_1_XXX",1.16277317256971,"2009-2015",2009,2015,"XXX","CARSCO-TRIPAR","CARSCO","TRIPAR",1,"Control"
"22_2_XXX",0.877990430622009,"2009-2015",2009,2015,"XXX","DESCES-GENALG","DESCES","GENALG",1,"Control"
"24_2_XXX",1.31934731934732,"2009-2015",2009,2015,"XXX","DESCES-GENALG","DESCES","GENALG",1,"Control"
"33_3_XXX",0.895833333333333,"2009-2015",2009,2015,"XXX","DESCES-GENALG","DESCES","GENALG",1,"Control"
"39_3_XXX",0.955465587044534,"2009-2015",2009,2015,"XXX","DESCES-GENALG","DESCES","GENALG",1,"Control"
"4_1_XXX",0.892496008515168,"2009-2015",2009,2015,"XXX","DESCES-GENALG","DESCES","GENALG",1,"Control"
"6_1_XXX",0.856498873027799,"2009-2015",2009,2015,"XXX","DESCES-GENALG","DESCES","GENALG",1,"Control"
"22_2_XXX",0.827586206896552,"2009-2015",2009,2015,"XXX","DESCES-GEUROS","DESCES","GEUROS",1,"Control"
"24_2_XXX",0.416184971098266,"2009-2015",2009,2015,"XXX","DESCES-GEUROS","DESCES","GEUROS",1,"Control"
"33_3_XXX",1.42171717171717,"2009-2015",2009,2015,"XXX","DESCES-GEUROS","DESCES","GEUROS",1,"Control"
"39_3_XXX",1.08894678079643,"2009-2015",2009,2015,"XXX","DESCES-GEUROS","DESCES","GEUROS",1,"Control"
"4_1_XXX",0.17870036101083,"2009-2015",2009,2015,"XXX","DESCES-GEUROS","DESCES","GEUROS",1,"Control"
"6_1_XXX",0.864677307425399,"2009-2015",2009,2015,"XXX","DESCES-GEUROS","DESCES","GEUROS",1,"Control"
"22_2_XXX",0.788985507246377,"2009-2015",2009,2015,"XXX","DESCES-TRIPAR","DESCES","TRIPAR",1,"Control"
"24_2_XXX",1.0412213740458,"2009-2015",2009,2015,"XXX","DESCES-TRIPAR","DESCES","TRIPAR",1,"Control"
"33_3_XXX",0.770177838577291,"2009-2015",2009,2015,"XXX","DESCES-TRIPAR","DESCES","TRIPAR",1,"Control"
"39_3_XXX",0.961249881280274,"2009-2015",2009,2015,"XXX","DESCES-TRIPAR","DESCES","TRIPAR",1,"Control"
"4_1_XXX",1.15217391304348,"2009-2015",2009,2015,"XXX","DESCES-TRIPAR","DESCES","TRIPAR",1,"Control"
"6_1_XXX",0.83696682464455,"2009-2015",2009,2015,"XXX","DESCES-TRIPAR","DESCES","TRIPAR",1,"Control"
"22_2_XXX",0.684615384615385,"2009-2015",2009,2015,"XXX","GENALG-GEUROS","GENALG","GEUROS",1,"Control"
"24_2_XXX",0.533557046979866,"2009-2015",2009,2015,"XXX","GENALG-GEUROS","GENALG","GEUROS",1,"Control"
"33_3_XXX",1.41455696202532,"2009-2015",2009,2015,"XXX","GENALG-GEUROS","GENALG","GEUROS",1,"Control"
"39_3_XXX",1.01351351351351,"2009-2015",2009,2015,"XXX","GENALG-GEUROS","GENALG","GEUROS",1,"Control"
"4_1_XXX",0.997544290475355,"2009-2015",2009,2015,"XXX","GENALG-GEUROS","GENALG","GEUROS",1,"Control"
"6_1_XXX",0.798013245033113,"2009-2015",2009,2015,"XXX","GENALG-GEUROS","GENALG","GEUROS",1,"Control"
"22_2_XXX",0.643312101910828,"2009-2015",2009,2015,"XXX","GENALG-TRIPAR","GENALG","TRIPAR",1,"Control"
"24_2_XXX",0.92018779342723,"2009-2015",2009,2015,"XXX","GENALG-TRIPAR","GENALG","TRIPAR",1,"Control"
"33_3_XXX",1.18041237113402,"2009-2015",2009,2015,"XXX","GENALG-TRIPAR","GENALG","TRIPAR",1,"Control"
"39_3_XXX",1.02680965147453,"2009-2015",2009,2015,"XXX","GENALG-TRIPAR","GENALG","TRIPAR",1,"Control"
"4_1_XXX",1.17230769230769,"2009-2015",2009,2015,"XXX","GENALG-TRIPAR","GENALG","TRIPAR",1,"Control"
"6_1_XXX",0.535465924895688,"2009-2015",2009,2015,"XXX","GENALG-TRIPAR","GENALG","TRIPAR",1,"Control"
"22_2_XXX",1.17102966841187,"2009-2015",2009,2015,"XXX","GEUROS-TRIPAR","GEUROS","TRIPAR",1,"Control"
"24_2_XXX",0.977099236641221,"2009-2015",2009,2015,"XXX","GEUROS-TRIPAR","GEUROS","TRIPAR",1,"Control"
"33_3_XXX",0.758620689655172,"2009-2015",2009,2015,"XXX","GEUROS-TRIPAR","GEUROS","TRIPAR",1,"Control"
"39_3_XXX",1.11857707509881,"2009-2015",2009,2015,"XXX","GEUROS-TRIPAR","GEUROS","TRIPAR",1,"Control"
"4_1_XXX",0.776699029126214,"2009-2015",2009,2015,"XXX","GEUROS-TRIPAR","GEUROS","TRIPAR",1,"Control"
"6_1_XXX",1.15012942191544,"2009-2015",2009,2015,"XXX","GEUROS-TRIPAR","GEUROS","TRIPAR",1,"Control"
"22_2_XXX",1.26968973747017,"2010-2016",2010,2016,"XXX","ARTSCO-BISBIS","ARTSCO","BISBIS",1,"Control"
"24_2_XXX",1.41317365269461,"2010-2016",2010,2016,"XXX","ARTSCO-BISBIS","ARTSCO","BISBIS",1,"Control"
"33_3_XXX",0.941935483870968,"2010-2016",2010,2016,"XXX","ARTSCO-BISBIS","ARTSCO","BISBIS",1,"Control"
"39_3_XXX",0.92235609103079,"2010-2016",2010,2016,"XXX","ARTSCO-BISBIS","ARTSCO","BISBIS",1,"Control"
"4_1_XXX",1.40127388535032,"2010-2016",2010,2016,"XXX","ARTSCO-BISBIS","ARTSCO","BISBIS",1,"Control"
"6_1_XXX",0.901960784313726,"2010-2016",2010,2016,"XXX","ARTSCO-BISBIS","ARTSCO","BISBIS",1,"Control"
"22_2_XXX",1,"2010-2016",2010,2016,"XXX","ARTSCO-CALLEP","ARTSCO","CALLEP",1,"Control"
"24_2_XXX",0.949860724233983,"2010-2016",2010,2016,"XXX","ARTSCO-CALLEP","ARTSCO","CALLEP",1,"Control"
"33_3_XXX",0.773672055427252,"2010-2016",2010,2016,"XXX","ARTSCO-CALLEP","ARTSCO","CALLEP",1,"Control"
"39_3_XXX",0.592156862745098,"2010-2016",2010,2016,"XXX","ARTSCO-CALLEP","ARTSCO","CALLEP",1,"Control"
"4_1_XXX",1,"2010-2016",2010,2016,"XXX","ARTSCO-CALLEP","ARTSCO","CALLEP",1,"Control"
"6_1_XXX",0.941272430668842,"2010-2016",2010,2016,"XXX","ARTSCO-CALLEP","ARTSCO","CALLEP",1,"Control"
"22_2_XXX",1.14230019493177,"2010-2016",2010,2016,"XXX","ARTSCO-CARSCO","ARTSCO","CARSCO",1,"Control"
"24_2_XXX",0.407969639468691,"2010-2016",2010,2016,"XXX","ARTSCO-CARSCO","ARTSCO","CARSCO",1,"Control"
"33_3_XXX",1.04568527918782,"2010-2016",2010,2016,"XXX","ARTSCO-CARSCO","ARTSCO","CARSCO",1,"Control"
"39_3_XXX",1.37981407702523,"2010-2016",2010,2016,"XXX","ARTSCO-CARSCO","ARTSCO","CARSCO",1,"Control"
"4_1_XXX",1.18518518518519,"2010-2016",2010,2016,"XXX","ARTSCO-CARSCO","ARTSCO","CARSCO",1,"Control"
"6_1_XXX",0.765957446808511,"2010-2016",2010,2016,"XXX","ARTSCO-CARSCO","ARTSCO","CARSCO",1,"Control"
"22_2_XXX",0.579973992197659,"2010-2016",2010,2016,"XXX","ARTSCO-DESCES","ARTSCO","DESCES",1,"Control"
"24_2_XXX",1.43820224719101,"2010-2016",2010,2016,"XXX","ARTSCO-DESCES","ARTSCO","DESCES",1,"Control"
"33_3_XXX",0.879288437102922,"2010-2016",2010,2016,"XXX","ARTSCO-DESCES","ARTSCO","DESCES",1,"Control"
"39_3_XXX",1.26088298857672,"2010-2016",2010,2016,"XXX","ARTSCO-DESCES","ARTSCO","DESCES",1,"Control"
"4_1_XXX",0.715960324616772,"2010-2016",2010,2016,"XXX","ARTSCO-DESCES","ARTSCO","DESCES",1,"Control"
"6_1_XXX",0.988735919899875,"2010-2016",2010,2016,"XXX","ARTSCO-DESCES","ARTSCO","DESCES",1,"Control"
"22_2_XXX",1.22015915119363,"2010-2016",2010,2016,"XXX","ARTSCO-GENALG","ARTSCO","GENALG",1,"Control"
"24_2_XXX",1.0074812967581,"2010-2016",2010,2016,"XXX","ARTSCO-GENALG","ARTSCO","GENALG",1,"Control"
"33_3_XXX",1.27687296416938,"2010-2016",2010,2016,"XXX","ARTSCO-GENALG","ARTSCO","GENALG",1,"Control"
"39_3_XXX",0.863888888888889,"2010-2016",2010,2016,"XXX","ARTSCO-GENALG","ARTSCO","GENALG",1,"Control"
"4_1_XXX",0.670454545454545,"2010-2016",2010,2016,"XXX","ARTSCO-GENALG","ARTSCO","GENALG",1,"Control"
"6_1_XXX",1.38,"2010-2016",2010,2016,"XXX","ARTSCO-GENALG","ARTSCO","GENALG",1,"Control"
"22_2_XXX",0.88,"2010-2016",2010,2016,"XXX","ARTSCO-GEUROS","ARTSCO","GEUROS",1,"Control"
"24_2_XXX",0.347902097902098,"2010-2016",2010,2016,"XXX","ARTSCO-GEUROS","ARTSCO","GEUROS",1,"Control"
"33_3_XXX",0.724565756823821,"2010-2016",2010,2016,"XXX","ARTSCO-GEUROS","ARTSCO","GEUROS",1,"Control"
"39_3_XXX",0.794378698224852,"2010-2016",2010,2016,"XXX","ARTSCO-GEUROS","ARTSCO","GEUROS",1,"Control"
"4_1_XXX",1.16970458830924,"2010-2016",2010,2016,"XXX","ARTSCO-GEUROS","ARTSCO","GEUROS",1,"Control"
"6_1_XXX",0.790170132325142,"2010-2016",2010,2016,"XXX","ARTSCO-GEUROS","ARTSCO","GEUROS",1,"Control"
"22_2_XXX",1.26565726083964,"2010-2016",2010,2016,"XXX","ARTSCO-TRIPAR","ARTSCO","TRIPAR",1,"Control"
"24_2_XXX",1.01019541206457,"2010-2016",2010,2016,"XXX","ARTSCO-TRIPAR","ARTSCO","TRIPAR",1,"Control"
"33_3_XXX",1.17164179104478,"2010-2016",2010,2016,"XXX","ARTSCO-TRIPAR","ARTSCO","TRIPAR",1,"Control"
"39_3_XXX",0.877072381722604,"2010-2016",2010,2016,"XXX","ARTSCO-TRIPAR","ARTSCO","TRIPAR",1,"Control"
"4_1_XXX",0.313253012048193,"2010-2016",2010,2016,"XXX","ARTSCO-TRIPAR","ARTSCO","TRIPAR",1,"Control"
"6_1_XXX",0.903055848261328,"2010-2016",2010,2016,"XXX","ARTSCO-TRIPAR","ARTSCO","TRIPAR",1,"Control"
"22_2_XXX",1,"2010-2016",2010,2016,"XXX","BISBIS-CALLEP","BISBIS","CALLEP",1,"Control"
"24_2_XXX",1.09345794392523,"2010-2016",2010,2016,"XXX","BISBIS-CALLEP","BISBIS","CALLEP",1,"Control"
"33_3_XXX",0.607017543859649,"2010-2016",2010,2016,"XXX","BISBIS-CALLEP","BISBIS","CALLEP",1,"Control"
"39_3_XXX",1.80496453900709,"2010-2016",2010,2016,"XXX","BISBIS-CALLEP","BISBIS","CALLEP",1,"Control"
"4_1_XXX",1,"2010-2016",2010,2016,"XXX","BISBIS-CALLEP","BISBIS","CALLEP",1,"Control"
"6_1_XXX",0.980815347721823,"2010-2016",2010,2016,"XXX","BISBIS-CALLEP","BISBIS","CALLEP",1,"Control"
"22_2_XXX",1.27916666666667,"2010-2016",2010,2016,"XXX","BISBIS-CARSCO","BISBIS","CARSCO",1,"Control"
"24_2_XXX",0.832727272727273,"2010-2016",2010,2016,"XXX","BISBIS-CARSCO","BISBIS","CARSCO",1,"Control"
"33_3_XXX",0.780487804878049,"2010-2016",2010,2016,"XXX","BISBIS-CARSCO","BISBIS","CARSCO",1,"Control"
"39_3_XXX",1.35925925925926,"2010-2016",2010,2016,"XXX","BISBIS-CARSCO","BISBIS","CARSCO",1,"Control"
"4_1_XXX",1,"2010-2016",2010,2016,"XXX","BISBIS-CARSCO","BISBIS","CARSCO",1,"Control"
"6_1_XXX",1.07125890736342,"2010-2016",2010,2016,"XXX","BISBIS-CARSCO","BISBIS","CARSCO",1,"Control"
"22_2_XXX",0.620967741935484,"2010-2016",2010,2016,"XXX","BISBIS-DESCES","BISBIS","DESCES",1,"Control"
"24_2_XXX",0.990196078431373,"2010-2016",2010,2016,"XXX","BISBIS-DESCES","BISBIS","DESCES",1,"Control"
"33_3_XXX",0.866666666666667,"2010-2016",2010,2016,"XXX","BISBIS-DESCES","BISBIS","DESCES",1,"Control"
"39_3_XXX",0.714804063860668,"2010-2016",2010,2016,"XXX","BISBIS-DESCES","BISBIS","DESCES",1,"Control"
"4_1_XXX",0.847058823529412,"2010-2016",2010,2016,"XXX","BISBIS-DESCES","BISBIS","DESCES",1,"Control"
"6_1_XXX",0.754666666666667,"2010-2016",2010,2016,"XXX","BISBIS-DESCES","BISBIS","DESCES",1,"Control"
"22_2_XXX",1.07692307692308,"2010-2016",2010,2016,"XXX","BISBIS-GENALG","BISBIS","GENALG",1,"Control"
"24_2_XXX",0.832214765100671,"2010-2016",2010,2016,"XXX","BISBIS-GENALG","BISBIS","GENALG",1,"Control"
"33_3_XXX",0.386266094420601,"2010-2016",2010,2016,"XXX","BISBIS-GENALG","BISBIS","GENALG",1,"Control"
"39_3_XXX",1.67932489451477,"2010-2016",2010,2016,"XXX","BISBIS-GENALG","BISBIS","GENALG",1,"Control"
"4_1_XXX",0.944,"2010-2016",2010,2016,"XXX","BISBIS-GENALG","BISBIS","GENALG",1,"Control"
"6_1_XXX",0.576158940397351,"2010-2016",2010,2016,"XXX","BISBIS-GENALG","BISBIS","GENALG",1,"Control"
"22_2_XXX",1.8019801980198,"2010-2016",2010,2016,"XXX","BISBIS-GEUROS","BISBIS","GEUROS",1,"Control"
"24_2_XXX",0.95,"2010-2016",2010,2016,"XXX","BISBIS-GEUROS","BISBIS","GEUROS",1,"Control"
"33_3_XXX",1.10655737704918,"2010-2016",2010,2016,"XXX","BISBIS-GEUROS","BISBIS","GEUROS",1,"Control"
"39_3_XXX",0.715025906735751,"2010-2016",2010,2016,"XXX","BISBIS-GEUROS","BISBIS","GEUROS",1,"Control"
"4_1_XXX",0.953947368421053,"2010-2016",2010,2016,"XXX","BISBIS-GEUROS","BISBIS","GEUROS",1,"Control"
"6_1_XXX",1.3375,"2010-2016",2010,2016,"XXX","BISBIS-GEUROS","BISBIS","GEUROS",1,"Control"
"22_2_XXX",1.32686980609418,"2010-2016",2010,2016,"XXX","BISBIS-TRIPAR","BISBIS","TRIPAR",1,"Control"
"24_2_XXX",1.23668639053254,"2010-2016",2010,2016,"XXX","BISBIS-TRIPAR","BISBIS","TRIPAR",1,"Control"
"33_3_XXX",0.649484536082474,"2010-2016",2010,2016,"XXX","BISBIS-TRIPAR","BISBIS","TRIPAR",1,"Control"
"39_3_XXX",1.03327171903882,"2010-2016",2010,2016,"XXX","BISBIS-TRIPAR","BISBIS","TRIPAR",1,"Control"
"4_1_XXX",0.786585365853659,"2010-2016",2010,2016,"XXX","BISBIS-TRIPAR","BISBIS","TRIPAR",1,"Control"
"6_1_XXX",1.41699867197875,"2010-2016",2010,2016,"XXX","BISBIS-TRIPAR","BISBIS","TRIPAR",1,"Control"
"22_2_XXX",1,"2010-2016",2010,2016,"XXX","CALLEP-CARSCO","CALLEP","CARSCO",1,"Control"
"24_2_XXX",0.833333333333333,"2010-2016",2010,2016,"XXX","CALLEP-CARSCO","CALLEP","CARSCO",1,"Control"
"33_3_XXX",0.88135593220339,"2010-2016",2010,2016,"XXX","CALLEP-CARSCO","CALLEP","CARSCO",1,"Control"
"39_3_XXX",0.847222222222222,"2010-2016",2010,2016,"XXX","CALLEP-CARSCO","CALLEP","CARSCO",1,"Control"
"4_1_XXX",1,"2010-2016",2010,2016,"XXX","CALLEP-CARSCO","CALLEP","CARSCO",1,"Control"
"6_1_XXX",0.948316366483947,"2010-2016",2010,2016,"XXX","CALLEP-CARSCO","CALLEP","CARSCO",1,"Control"
"22_2_XXX",1,"2010-2016",2010,2016,"XXX","CALLEP-DESCES","CALLEP","DESCES",1,"Control"
"24_2_XXX",0.556480380499405,"2010-2016",2010,2016,"XXX","CALLEP-DESCES","CALLEP","DESCES",1,"Control"
"33_3_XXX",1.04479203697121,"2010-2016",2010,2016,"XXX","CALLEP-DESCES","CALLEP","DESCES",1,"Control"
"39_3_XXX",0.68817591925018,"2010-2016",2010,2016,"XXX","CALLEP-DESCES","CALLEP","DESCES",1,"Control"
"4_1_XXX",1,"2010-2016",2010,2016,"XXX","CALLEP-DESCES","CALLEP","DESCES",1,"Control"
"6_1_XXX",0.993058233706132,"2010-2016",2010,2016,"XXX","CALLEP-DESCES","CALLEP","DESCES",1,"Control"
"22_2_XXX",1,"2010-2016",2010,2016,"XXX","CALLEP-GENALG","CALLEP","GENALG",1,"Control"
"24_2_XXX",0.833333333333333,"2010-2016",2010,2016,"XXX","CALLEP-GENALG","CALLEP","GENALG",1,"Control"
"33_3_XXX",1.47670250896057,"2010-2016",2010,2016,"XXX","CALLEP-GENALG","CALLEP","GENALG",1,"Control"
"39_3_XXX",1.43921568627451,"2010-2016",2010,2016,"XXX","CALLEP-GENALG","CALLEP","GENALG",1,"Control"
"4_1_XXX",1,"2010-2016",2010,2016,"XXX","CALLEP-GENALG","CALLEP","GENALG",1,"Control"
"6_1_XXX",0.989847715736041,"2010-2016",2010,2016,"XXX","CALLEP-GENALG","CALLEP","GENALG",1,"Control"
"22_2_XXX",1,"2010-2016",2010,2016,"XXX","CALLEP-GEUROS","CALLEP","GEUROS",1,"Control"
"24_2_XXX",1.3536231884058,"2010-2016",2010,2016,"XXX","CALLEP-GEUROS","CALLEP","GEUROS",1,"Control"
"33_3_XXX",1.21926389976507,"2010-2016",2010,2016,"XXX","CALLEP-GEUROS","CALLEP","GEUROS",1,"Control"
"39_3_XXX",1.04265402843602,"2010-2016",2010,2016,"XXX","CALLEP-GEUROS","CALLEP","GEUROS",1,"Control"
"4_1_XXX",1,"2010-2016",2010,2016,"XXX","CALLEP-GEUROS","CALLEP","GEUROS",1,"Control"
"6_1_XXX",1.09385327164574,"2010-2016",2010,2016,"XXX","CALLEP-GEUROS","CALLEP","GEUROS",1,"Control"
"22_2_XXX",1,"2010-2016",2010,2016,"XXX","CALLEP-TRIPAR","CALLEP","TRIPAR",1,"Control"
"24_2_XXX",0.985130111524164,"2010-2016",2010,2016,"XXX","CALLEP-TRIPAR","CALLEP","TRIPAR",1,"Control"
"33_3_XXX",1.2089552238806,"2010-2016",2010,2016,"XXX","CALLEP-TRIPAR","CALLEP","TRIPAR",1,"Control"
"39_3_XXX",1.15008156606852,"2010-2016",2010,2016,"XXX","CALLEP-TRIPAR","CALLEP","TRIPAR",1,"Control"
"4_1_XXX",1,"2010-2016",2010,2016,"XXX","CALLEP-TRIPAR","CALLEP","TRIPAR",1,"Control"
"6_1_XXX",0.988439306358382,"2010-2016",2010,2016,"XXX","CALLEP-TRIPAR","CALLEP","TRIPAR",1,"Control"
"22_2_XXX",0.447457627118644,"2010-2016",2010,2016,"XXX","CARSCO-DESCES","CARSCO","DESCES",1,"Control"
"24_2_XXX",0.977205153617443,"2010-2016",2010,2016,"XXX","CARSCO-DESCES","CARSCO","DESCES",1,"Control"
"33_3_XXX",0.94592645998558,"2010-2016",2010,2016,"XXX","CARSCO-DESCES","CARSCO","DESCES",1,"Control"
"39_3_XXX",1.13902968863143,"2010-2016",2010,2016,"XXX","CARSCO-DESCES","CARSCO","DESCES",1,"Control"
"4_1_XXX",1,"2010-2016",2010,2016,"XXX","CARSCO-DESCES","CARSCO","DESCES",1,"Control"
"6_1_XXX",0.863212435233161,"2010-2016",2010,2016,"XXX","CARSCO-DESCES","CARSCO","DESCES",1,"Control"
"22_2_XXX",1.15656565656566,"2010-2016",2010,2016,"XXX","CARSCO-GENALG","CARSCO","GENALG",1,"Control"
"24_2_XXX",0.669590643274854,"2010-2016",2010,2016,"XXX","CARSCO-GENALG","CARSCO","GENALG",1,"Control"
"33_3_XXX",1.1,"2010-2016",2010,2016,"XXX","CARSCO-GENALG","CARSCO","GENALG",1,"Control"
"39_3_XXX",1.63374485596708,"2010-2016",2010,2016,"XXX","CARSCO-GENALG","CARSCO","GENALG",1,"Control"
"4_1_XXX",0.823529411764706,"2010-2016",2010,2016,"XXX","CARSCO-GENALG","CARSCO","GENALG",1,"Control"
"6_1_XXX",0.494535519125683,"2010-2016",2010,2016,"XXX","CARSCO-GENALG","CARSCO","GENALG",1,"Control"
"22_2_XXX",1.01013513513514,"2010-2016",2010,2016,"XXX","CARSCO-GEUROS","CARSCO","GEUROS",1,"Control"
"24_2_XXX",1.19688109161793,"2010-2016",2010,2016,"XXX","CARSCO-GEUROS","CARSCO","GEUROS",1,"Control"
"33_3_XXX",0.869143780290792,"2010-2016",2010,2016,"XXX","CARSCO-GEUROS","CARSCO","GEUROS",1,"Control"
"39_3_XXX",0.633165829145729,"2010-2016",2010,2016,"XXX","CARSCO-GEUROS","CARSCO","GEUROS",1,"Control"
"4_1_XXX",1.03021536483446,"2010-2016",2010,2016,"XXX","CARSCO-GEUROS","CARSCO","GEUROS",1,"Control"
"6_1_XXX",0.581294964028777,"2010-2016",2010,2016,"XXX","CARSCO-GEUROS","CARSCO","GEUROS",1,"Control"
"22_2_XXX",1.04341926729986,"2010-2016",2010,2016,"XXX","CARSCO-TRIPAR","CARSCO","TRIPAR",1,"Control"
"24_2_XXX",1.05526036131775,"2010-2016",2010,2016,"XXX","CARSCO-TRIPAR","CARSCO","TRIPAR",1,"Control"
"33_3_XXX",1.24691358024691,"2010-2016",2010,2016,"XXX","CARSCO-TRIPAR","CARSCO","TRIPAR",1,"Control"
"39_3_XXX",0.805309734513274,"2010-2016",2010,2016,"XXX","CARSCO-TRIPAR","CARSCO","TRIPAR",1,"Control"
"4_1_XXX",0.789473684210526,"2010-2016",2010,2016,"XXX","CARSCO-TRIPAR","CARSCO","TRIPAR",1,"Control"
"6_1_XXX",1.22814631122133,"2010-2016",2010,2016,"XXX","CARSCO-TRIPAR","CARSCO","TRIPAR",1,"Control"
"22_2_XXX",0.643171806167401,"2010-2016",2010,2016,"XXX","DESCES-GENALG","DESCES","GENALG",1,"Control"
"24_2_XXX",1.05322763306908,"2010-2016",2010,2016,"XXX","DESCES-GENALG","DESCES","GENALG",1,"Control"
"33_3_XXX",0.902471609886439,"2010-2016",2010,2016,"XXX","DESCES-GENALG","DESCES","GENALG",1,"Control"
"39_3_XXX",0.966654452180286,"2010-2016",2010,2016,"XXX","DESCES-GENALG","DESCES","GENALG",1,"Control"
"4_1_XXX",1.03249767873723,"2010-2016",2010,2016,"XXX","DESCES-GENALG","DESCES","GENALG",1,"Control"
"6_1_XXX",1.2863309352518,"2010-2016",2010,2016,"XXX","DESCES-GENALG","DESCES","GENALG",1,"Control"
"22_2_XXX",0.731884057971015,"2010-2016",2010,2016,"XXX","DESCES-GEUROS","DESCES","GEUROS",1,"Control"
"24_2_XXX",0.328273244781784,"2010-2016",2010,2016,"XXX","DESCES-GEUROS","DESCES","GEUROS",1,"Control"
"33_3_XXX",1.28857715430862,"2010-2016",2010,2016,"XXX","DESCES-GEUROS","DESCES","GEUROS",1,"Control"
"39_3_XXX",1.09162011173184,"2010-2016",2010,2016,"XXX","DESCES-GEUROS","DESCES","GEUROS",1,"Control"
"4_1_XXX",0.207698170731707,"2010-2016",2010,2016,"XXX","DESCES-GEUROS","DESCES","GEUROS",1,"Control"
"6_1_XXX",1.017578125,"2010-2016",2010,2016,"XXX","DESCES-GEUROS","DESCES","GEUROS",1,"Control"
"22_2_XXX",0.972742759795571,"2010-2016",2010,2016,"XXX","DESCES-TRIPAR","DESCES","TRIPAR",1,"Control"
"24_2_XXX",0.988405797101449,"2010-2016",2010,2016,"XXX","DESCES-TRIPAR","DESCES","TRIPAR",1,"Control"
"33_3_XXX",0.772290809327846,"2010-2016",2010,2016,"XXX","DESCES-TRIPAR","DESCES","TRIPAR",1,"Control"
"39_3_XXX",0.963079265391569,"2010-2016",2010,2016,"XXX","DESCES-TRIPAR","DESCES","TRIPAR",1,"Control"
"4_1_XXX",1.25716845878136,"2010-2016",2010,2016,"XXX","DESCES-TRIPAR","DESCES","TRIPAR",1,"Control"
"6_1_XXX",0.664049163537043,"2010-2016",2010,2016,"XXX","DESCES-TRIPAR","DESCES","TRIPAR",1,"Control"
"22_2_XXX",0.95,"2010-2016",2010,2016,"XXX","GENALG-GEUROS","GENALG","GEUROS",1,"Control"
"24_2_XXX",0.754521963824289,"2010-2016",2010,2016,"XXX","GENALG-GEUROS","GENALG","GEUROS",1,"Control"
"33_3_XXX",1.04526748971193,"2010-2016",2010,2016,"XXX","GENALG-GEUROS","GENALG","GEUROS",1,"Control"
"39_3_XXX",1.08433734939759,"2010-2016",2010,2016,"XXX","GENALG-GEUROS","GENALG","GEUROS",1,"Control"
"4_1_XXX",0.985567671584349,"2010-2016",2010,2016,"XXX","GENALG-GEUROS","GENALG","GEUROS",1,"Control"
"6_1_XXX",0.955294117647059,"2010-2016",2010,2016,"XXX","GENALG-GEUROS","GENALG","GEUROS",1,"Control"
"22_2_XXX",0.678756476683938,"2010-2016",2010,2016,"XXX","GENALG-TRIPAR","GENALG","TRIPAR",1,"Control"
"24_2_XXX",0.958810068649886,"2010-2016",2010,2016,"XXX","GENALG-TRIPAR","GENALG","TRIPAR",1,"Control"
"33_3_XXX",1.19895287958115,"2010-2016",2010,2016,"XXX","GENALG-TRIPAR","GENALG","TRIPAR",1,"Control"
"39_3_XXX",0.967667436489607,"2010-2016",2010,2016,"XXX","GENALG-TRIPAR","GENALG","TRIPAR",1,"Control"
"4_1_XXX",0.852941176470588,"2010-2016",2010,2016,"XXX","GENALG-TRIPAR","GENALG","TRIPAR",1,"Control"
"6_1_XXX",0.365853658536585,"2010-2016",2010,2016,"XXX","GENALG-TRIPAR","GENALG","TRIPAR",1,"Control"
"22_2_XXX",1.08547008547009,"2010-2016",2010,2016,"XXX","GEUROS-TRIPAR","GEUROS","TRIPAR",1,"Control"
"24_2_XXX",0.99821587867975,"2010-2016",2010,2016,"XXX","GEUROS-TRIPAR","GEUROS","TRIPAR",1,"Control"
"33_3_XXX",0.927536231884058,"2010-2016",2010,2016,"XXX","GEUROS-TRIPAR","GEUROS","TRIPAR",1,"Control"
"39_3_XXX",1.1011673151751,"2010-2016",2010,2016,"XXX","GEUROS-TRIPAR","GEUROS","TRIPAR",1,"Control"
"4_1_XXX",0.783479349186483,"2010-2016",2010,2016,"XXX","GEUROS-TRIPAR","GEUROS","TRIPAR",1,"Control"
"6_1_XXX",1.02379664683613,"2010-2016",2010,2016,"XXX","GEUROS-TRIPAR","GEUROS","TRIPAR",1,"Control"
"22_2_XXX",1.27884615384615,"2011-2017",2011,2017,"XXX","ARTSCO-BISBIS","ARTSCO","BISBIS",1,"Control"
"24_2_XXX",1.25666666666667,"2011-2017",2011,2017,"XXX","ARTSCO-BISBIS","ARTSCO","BISBIS",1,"Control"
"33_3_XXX",0.952095808383233,"2011-2017",2011,2017,"XXX","ARTSCO-BISBIS","ARTSCO","BISBIS",1,"Control"
"39_3_XXX",0.778603268945022,"2011-2017",2011,2017,"XXX","ARTSCO-BISBIS","ARTSCO","BISBIS",1,"Control"
"4_1_XXX",1.10194174757282,"2011-2017",2011,2017,"XXX","ARTSCO-BISBIS","ARTSCO","BISBIS",1,"Control"
"6_1_XXX",0.642105263157895,"2011-2017",2011,2017,"XXX","ARTSCO-BISBIS","ARTSCO","BISBIS",1,"Control"
"22_2_XXX",0.983134223471539,"2011-2017",2011,2017,"XXX","ARTSCO-CALLEP","ARTSCO","CALLEP",1,"Control"
"24_2_XXX",0.919770773638968,"2011-2017",2011,2017,"XXX","ARTSCO-CALLEP","ARTSCO","CALLEP",1,"Control"
"33_3_XXX",0.858064516129032,"2011-2017",2011,2017,"XXX","ARTSCO-CALLEP","ARTSCO","CALLEP",1,"Control"
"39_3_XXX",0.590612777053455,"2011-2017",2011,2017,"XXX","ARTSCO-CALLEP","ARTSCO","CALLEP",1,"Control"
"4_1_XXX",1,"2011-2017",2011,2017,"XXX","ARTSCO-CALLEP","ARTSCO","CALLEP",1,"Control"
"6_1_XXX",1.19219219219219,"2011-2017",2011,2017,"XXX","ARTSCO-CALLEP","ARTSCO","CALLEP",1,"Control"
"22_2_XXX",1.0771144278607,"2011-2017",2011,2017,"XXX","ARTSCO-CARSCO","ARTSCO","CARSCO",1,"Control"
"24_2_XXX",0.421052631578947,"2011-2017",2011,2017,"XXX","ARTSCO-CARSCO","ARTSCO","CARSCO",1,"Control"
"33_3_XXX",0.932126696832579,"2011-2017",2011,2017,"XXX","ARTSCO-CARSCO","ARTSCO","CARSCO",1,"Control"
"39_3_XXX",1.08679245283019,"2011-2017",2011,2017,"XXX","ARTSCO-CARSCO","ARTSCO","CARSCO",1,"Control"
"4_1_XXX",1.11464968152866,"2011-2017",2011,2017,"XXX","ARTSCO-CARSCO","ARTSCO","CARSCO",1,"Control"
"6_1_XXX",0.610997963340122,"2011-2017",2011,2017,"XXX","ARTSCO-CARSCO","ARTSCO","CARSCO",1,"Control"
"22_2_XXX",0.659763313609468,"2011-2017",2011,2017,"XXX","ARTSCO-DESCES","ARTSCO","DESCES",1,"Control"
"24_2_XXX",1.37806873977087,"2011-2017",2011,2017,"XXX","ARTSCO-DESCES","ARTSCO","DESCES",1,"Control"
"33_3_XXX",0.809725158562368,"2011-2017",2011,2017,"XXX","ARTSCO-DESCES","ARTSCO","DESCES",1,"Control"
"39_3_XXX",1.31573802541544,"2011-2017",2011,2017,"XXX","ARTSCO-DESCES","ARTSCO","DESCES",1,"Control"
"4_1_XXX",0.811077389984825,"2011-2017",2011,2017,"XXX","ARTSCO-DESCES","ARTSCO","DESCES",1,"Control"
"6_1_XXX",0.709859154929577,"2011-2017",2011,2017,"XXX","ARTSCO-DESCES","ARTSCO","DESCES",1,"Control"
"22_2_XXX",1.25128205128205,"2011-2017",2011,2017,"XXX","ARTSCO-GENALG","ARTSCO","GENALG",1,"Control"
"24_2_XXX",0.836272040302267,"2011-2017",2011,2017,"XXX","ARTSCO-GENALG","ARTSCO","GENALG",1,"Control"
"33_3_XXX",1.43695014662757,"2011-2017",2011,2017,"XXX","ARTSCO-GENALG","ARTSCO","GENALG",1,"Control"
"39_3_XXX",0.803545051698671,"2011-2017",2011,2017,"XXX","ARTSCO-GENALG","ARTSCO","GENALG",1,"Control"
"4_1_XXX",0.670454545454545,"2011-2017",2011,2017,"XXX","ARTSCO-GENALG","ARTSCO","GENALG",1,"Control"
"6_1_XXX",1.3625730994152,"2011-2017",2011,2017,"XXX","ARTSCO-GENALG","ARTSCO","GENALG",1,"Control"
"22_2_XXX",0.822784810126582,"2011-2017",2011,2017,"XXX","ARTSCO-GEUROS","ARTSCO","GEUROS",1,"Control"
"24_2_XXX",0.302588996763754,"2011-2017",2011,2017,"XXX","ARTSCO-GEUROS","ARTSCO","GEUROS",1,"Control"
"33_3_XXX",0.980561555075594,"2011-2017",2011,2017,"XXX","ARTSCO-GEUROS","ARTSCO","GEUROS",1,"Control"
"39_3_XXX",0.843283582089552,"2011-2017",2011,2017,"XXX","ARTSCO-GEUROS","ARTSCO","GEUROS",1,"Control"
"4_1_XXX",1.1703760552571,"2011-2017",2011,2017,"XXX","ARTSCO-GEUROS","ARTSCO","GEUROS",1,"Control"
"6_1_XXX",1.38056013179572,"2011-2017",2011,2017,"XXX","ARTSCO-GEUROS","ARTSCO","GEUROS",1,"Control"
"22_2_XXX",1.07235726399096,"2011-2017",2011,2017,"XXX","ARTSCO-TRIPAR","ARTSCO","TRIPAR",1,"Control"
"24_2_XXX",0.982126899016979,"2011-2017",2011,2017,"XXX","ARTSCO-TRIPAR","ARTSCO","TRIPAR",1,"Control"
"33_3_XXX",1.28387096774194,"2011-2017",2011,2017,"XXX","ARTSCO-TRIPAR","ARTSCO","TRIPAR",1,"Control"
"39_3_XXX",0.877452943532239,"2011-2017",2011,2017,"XXX","ARTSCO-TRIPAR","ARTSCO","TRIPAR",1,"Control"
"4_1_XXX",0.430379746835443,"2011-2017",2011,2017,"XXX","ARTSCO-TRIPAR","ARTSCO","TRIPAR",1,"Control"
"6_1_XXX",0.50816104461371,"2011-2017",2011,2017,"XXX","ARTSCO-TRIPAR","ARTSCO","TRIPAR",1,"Control"
"22_2_XXX",0.927125506072875,"2011-2017",2011,2017,"XXX","BISBIS-CALLEP","BISBIS","CALLEP",1,"Control"
"24_2_XXX",1.23076923076923,"2011-2017",2011,2017,"XXX","BISBIS-CALLEP","BISBIS","CALLEP",1,"Control"
"33_3_XXX",0.598513011152416,"2011-2017",2011,2017,"XXX","BISBIS-CALLEP","BISBIS","CALLEP",1,"Control"
"39_3_XXX",1.7979797979798,"2011-2017",2011,2017,"XXX","BISBIS-CALLEP","BISBIS","CALLEP",1,"Control"
"4_1_XXX",1,"2011-2017",2011,2017,"XXX","BISBIS-CALLEP","BISBIS","CALLEP",1,"Control"
"6_1_XXX",0.958810068649886,"2011-2017",2011,2017,"XXX","BISBIS-CALLEP","BISBIS","CALLEP",1,"Control"
"22_2_XXX",0.712962962962963,"2011-2017",2011,2017,"XXX","BISBIS-CARSCO","BISBIS","CARSCO",1,"Control"
"24_2_XXX",1.05490196078431,"2011-2017",2011,2017,"XXX","BISBIS-CARSCO","BISBIS","CARSCO",1,"Control"
"33_3_XXX",0.764227642276423,"2011-2017",2011,2017,"XXX","BISBIS-CARSCO","BISBIS","CARSCO",1,"Control"
"39_3_XXX",0.70353982300885,"2011-2017",2011,2017,"XXX","BISBIS-CARSCO","BISBIS","CARSCO",1,"Control"
"4_1_XXX",0.917282127031019,"2011-2017",2011,2017,"XXX","BISBIS-CARSCO","BISBIS","CARSCO",1,"Control"
"6_1_XXX",1.15087040618956,"2011-2017",2011,2017,"XXX","BISBIS-CARSCO","BISBIS","CARSCO",1,"Control"
"22_2_XXX",0.887434554973822,"2011-2017",2011,2017,"XXX","BISBIS-DESCES","BISBIS","DESCES",1,"Control"
"24_2_XXX",0.951111111111111,"2011-2017",2011,2017,"XXX","BISBIS-DESCES","BISBIS","DESCES",1,"Control"
"33_3_XXX",0.885172798216276,"2011-2017",2011,2017,"XXX","BISBIS-DESCES","BISBIS","DESCES",1,"Control"
"39_3_XXX",0.7808,"2011-2017",2011,2017,"XXX","BISBIS-DESCES","BISBIS","DESCES",1,"Control"
"4_1_XXX",0.729281767955801,"2011-2017",2011,2017,"XXX","BISBIS-DESCES","BISBIS","DESCES",1,"Control"
"6_1_XXX",0.769021739130435,"2011-2017",2011,2017,"XXX","BISBIS-DESCES","BISBIS","DESCES",1,"Control"
"22_2_XXX",1.21875,"2011-2017",2011,2017,"XXX","BISBIS-GENALG","BISBIS","GENALG",1,"Control"
"24_2_XXX",0.697841726618705,"2011-2017",2011,2017,"XXX","BISBIS-GENALG","BISBIS","GENALG",1,"Control"
"33_3_XXX",0.432098765432099,"2011-2017",2011,2017,"XXX","BISBIS-GENALG","BISBIS","GENALG",1,"Control"
"39_3_XXX",1.12962962962963,"2011-2017",2011,2017,"XXX","BISBIS-GENALG","BISBIS","GENALG",1,"Control"
"4_1_XXX",0.979885057471264,"2011-2017",2011,2017,"XXX","BISBIS-GENALG","BISBIS","GENALG",1,"Control"
"6_1_XXX",0.474878444084279,"2011-2017",2011,2017,"XXX","BISBIS-GENALG","BISBIS","GENALG",1,"Control"
"22_2_XXX",1.66111111111111,"2011-2017",2011,2017,"XXX","BISBIS-GEUROS","BISBIS","GEUROS",1,"Control"
"24_2_XXX",1.01944444444444,"2011-2017",2011,2017,"XXX","BISBIS-GEUROS","BISBIS","GEUROS",1,"Control"
"33_3_XXX",1.11352657004831,"2011-2017",2011,2017,"XXX","BISBIS-GEUROS","BISBIS","GEUROS",1,"Control"
"39_3_XXX",1.06930693069307,"2011-2017",2011,2017,"XXX","BISBIS-GEUROS","BISBIS","GEUROS",1,"Control"
"4_1_XXX",0.809490579204466,"2011-2017",2011,2017,"XXX","BISBIS-GEUROS","BISBIS","GEUROS",1,"Control"
"6_1_XXX",1.16587677725118,"2011-2017",2011,2017,"XXX","BISBIS-GEUROS","BISBIS","GEUROS",1,"Control"
"22_2_XXX",0.807757166947723,"2011-2017",2011,2017,"XXX","BISBIS-TRIPAR","BISBIS","TRIPAR",1,"Control"
"24_2_XXX",1.16091954022988,"2011-2017",2011,2017,"XXX","BISBIS-TRIPAR","BISBIS","TRIPAR",1,"Control"
"33_3_XXX",0.688679245283019,"2011-2017",2011,2017,"XXX","BISBIS-TRIPAR","BISBIS","TRIPAR",1,"Control"
"39_3_XXX",1.2262443438914,"2011-2017",2011,2017,"XXX","BISBIS-TRIPAR","BISBIS","TRIPAR",1,"Control"
"4_1_XXX",0.832535885167464,"2011-2017",2011,2017,"XXX","BISBIS-TRIPAR","BISBIS","TRIPAR",1,"Control"
"6_1_XXX",1.45356793743891,"2011-2017",2011,2017,"XXX","BISBIS-TRIPAR","BISBIS","TRIPAR",1,"Control"
"22_2_XXX",1.02094240837696,"2011-2017",2011,2017,"XXX","CALLEP-CARSCO","CALLEP","CARSCO",1,"Control"
"24_2_XXX",0.884868421052632,"2011-2017",2011,2017,"XXX","CALLEP-CARSCO","CALLEP","CARSCO",1,"Control"
"33_3_XXX",1.2093023255814,"2011-2017",2011,2017,"XXX","CALLEP-CARSCO","CALLEP","CARSCO",1,"Control"
"39_3_XXX",0.415625,"2011-2017",2011,2017,"XXX","CALLEP-CARSCO","CALLEP","CARSCO",1,"Control"
"4_1_XXX",1,"2011-2017",2011,2017,"XXX","CALLEP-CARSCO","CALLEP","CARSCO",1,"Control"
"6_1_XXX",0.917123705057891,"2011-2017",2011,2017,"XXX","CALLEP-CARSCO","CALLEP","CARSCO",1,"Control"
"22_2_XXX",0.961149961149961,"2011-2017",2011,2017,"XXX","CALLEP-DESCES","CALLEP","DESCES",1,"Control"
"24_2_XXX",0.698275862068966,"2011-2017",2011,2017,"XXX","CALLEP-DESCES","CALLEP","DESCES",1,"Control"
"33_3_XXX",0.993500738552437,"2011-2017",2011,2017,"XXX","CALLEP-DESCES","CALLEP","DESCES",1,"Control"
"39_3_XXX",0.703546646106399,"2011-2017",2011,2017,"XXX","CALLEP-DESCES","CALLEP","DESCES",1,"Control"
"4_1_XXX",1,"2011-2017",2011,2017,"XXX","CALLEP-DESCES","CALLEP","DESCES",1,"Control"
"6_1_XXX",0.996821613031387,"2011-2017",2011,2017,"XXX","CALLEP-DESCES","CALLEP","DESCES",1,"Control"
"22_2_XXX",0.902097902097902,"2011-2017",2011,2017,"XXX","CALLEP-GENALG","CALLEP","GENALG",1,"Control"
"24_2_XXX",0.962765957446808,"2011-2017",2011,2017,"XXX","CALLEP-GENALG","CALLEP","GENALG",1,"Control"
"33_3_XXX",1.35689045936396,"2011-2017",2011,2017,"XXX","CALLEP-GENALG","CALLEP","GENALG",1,"Control"
"39_3_XXX",1.38118811881188,"2011-2017",2011,2017,"XXX","CALLEP-GENALG","CALLEP","GENALG",1,"Control"
"4_1_XXX",1,"2011-2017",2011,2017,"XXX","CALLEP-GENALG","CALLEP","GENALG",1,"Control"
"6_1_XXX",1.17368421052632,"2011-2017",2011,2017,"XXX","CALLEP-GENALG","CALLEP","GENALG",1,"Control"
"22_2_XXX",1.02922755741127,"2011-2017",2011,2017,"XXX","CALLEP-GEUROS","CALLEP","GEUROS",1,"Control"
"24_2_XXX",1.37652811735941,"2011-2017",2011,2017,"XXX","CALLEP-GEUROS","CALLEP","GEUROS",1,"Control"
"33_3_XXX",1.12112869924295,"2011-2017",2011,2017,"XXX","CALLEP-GEUROS","CALLEP","GEUROS",1,"Control"
"39_3_XXX",1.17948717948718,"2011-2017",2011,2017,"XXX","CALLEP-GEUROS","CALLEP","GEUROS",1,"Control"
"4_1_XXX",1,"2011-2017",2011,2017,"XXX","CALLEP-GEUROS","CALLEP","GEUROS",1,"Control"
"6_1_XXX",1.08646080760095,"2011-2017",2011,2017,"XXX","CALLEP-GEUROS","CALLEP","GEUROS",1,"Control"
"22_2_XXX",1.16761363636364,"2011-2017",2011,2017,"XXX","CALLEP-TRIPAR","CALLEP","TRIPAR",1,"Control"
"24_2_XXX",1,"2011-2017",2011,2017,"XXX","CALLEP-TRIPAR","CALLEP","TRIPAR",1,"Control"
"33_3_XXX",1.28054298642534,"2011-2017",2011,2017,"XXX","CALLEP-TRIPAR","CALLEP","TRIPAR",1,"Control"
"39_3_XXX",1.15745393634841,"2011-2017",2011,2017,"XXX","CALLEP-TRIPAR","CALLEP","TRIPAR",1,"Control"
"4_1_XXX",1,"2011-2017",2011,2017,"XXX","CALLEP-TRIPAR","CALLEP","TRIPAR",1,"Control"
"6_1_XXX",0.909395973154362,"2011-2017",2011,2017,"XXX","CALLEP-TRIPAR","CALLEP","TRIPAR",1,"Control"
"22_2_XXX",0.831521739130435,"2011-2017",2011,2017,"XXX","CARSCO-DESCES","CARSCO","DESCES",1,"Control"
"24_2_XXX",0.827740492170022,"2011-2017",2011,2017,"XXX","CARSCO-DESCES","CARSCO","DESCES",1,"Control"
"33_3_XXX",1.01368233194527,"2011-2017",2011,2017,"XXX","CARSCO-DESCES","CARSCO","DESCES",1,"Control"
"39_3_XXX",1.24790236460717,"2011-2017",2011,2017,"XXX","CARSCO-DESCES","CARSCO","DESCES",1,"Control"
"4_1_XXX",1.0140487804878,"2011-2017",2011,2017,"XXX","CARSCO-DESCES","CARSCO","DESCES",1,"Control"
"6_1_XXX",0.988428158148505,"2011-2017",2011,2017,"XXX","CARSCO-DESCES","CARSCO","DESCES",1,"Control"
"22_2_XXX",1.42682926829268,"2011-2017",2011,2017,"XXX","CARSCO-GENALG","CARSCO","GENALG",1,"Control"
"24_2_XXX",0.892045454545455,"2011-2017",2011,2017,"XXX","CARSCO-GENALG","CARSCO","GENALG",1,"Control"
"33_3_XXX",1.06153846153846,"2011-2017",2011,2017,"XXX","CARSCO-GENALG","CARSCO","GENALG",1,"Control"
"39_3_XXX",0.604347826086957,"2011-2017",2011,2017,"XXX","CARSCO-GENALG","CARSCO","GENALG",1,"Control"
"4_1_XXX",0.827586206896552,"2011-2017",2011,2017,"XXX","CARSCO-GENALG","CARSCO","GENALG",1,"Control"
"6_1_XXX",0.501372872048325,"2011-2017",2011,2017,"XXX","CARSCO-GENALG","CARSCO","GENALG",1,"Control"
"22_2_XXX",0.536144578313253,"2011-2017",2011,2017,"XXX","CARSCO-GEUROS","CARSCO","GEUROS",1,"Control"
"24_2_XXX",1.30715532286213,"2011-2017",2011,2017,"XXX","CARSCO-GEUROS","CARSCO","GEUROS",1,"Control"
"33_3_XXX",0.86993006993007,"2011-2017",2011,2017,"XXX","CARSCO-GEUROS","CARSCO","GEUROS",1,"Control"
"39_3_XXX",0.968609865470852,"2011-2017",2011,2017,"XXX","CARSCO-GEUROS","CARSCO","GEUROS",1,"Control"
"4_1_XXX",1.0071076011846,"2011-2017",2011,2017,"XXX","CARSCO-GEUROS","CARSCO","GEUROS",1,"Control"
"6_1_XXX",0.355460385438972,"2011-2017",2011,2017,"XXX","CARSCO-GEUROS","CARSCO","GEUROS",1,"Control"
"22_2_XXX",0.873370577281192,"2011-2017",2011,2017,"XXX","CARSCO-TRIPAR","CARSCO","TRIPAR",1,"Control"
"24_2_XXX",1.08732694355698,"2011-2017",2011,2017,"XXX","CARSCO-TRIPAR","CARSCO","TRIPAR",1,"Control"
"33_3_XXX",1.02020202020202,"2011-2017",2011,2017,"XXX","CARSCO-TRIPAR","CARSCO","TRIPAR",1,"Control"
"39_3_XXX",0.946403385049365,"2011-2017",2011,2017,"XXX","CARSCO-TRIPAR","CARSCO","TRIPAR",1,"Control"
"4_1_XXX",0.905325443786982,"2011-2017",2011,2017,"XXX","CARSCO-TRIPAR","CARSCO","TRIPAR",1,"Control"
"6_1_XXX",1.43915581499776,"2011-2017",2011,2017,"XXX","CARSCO-TRIPAR","CARSCO","TRIPAR",1,"Control"
"22_2_XXX",0.606741573033708,"2011-2017",2011,2017,"XXX","DESCES-GENALG","DESCES","GENALG",1,"Control"
"24_2_XXX",0.882775119617225,"2011-2017",2011,2017,"XXX","DESCES-GENALG","DESCES","GENALG",1,"Control"
"33_3_XXX",0.77623542476402,"2011-2017",2011,2017,"XXX","DESCES-GENALG","DESCES","GENALG",1,"Control"
"39_3_XXX",1.04752396166134,"2011-2017",2011,2017,"XXX","DESCES-GENALG","DESCES","GENALG",1,"Control"
"4_1_XXX",1.02293934681182,"2011-2017",2011,2017,"XXX","DESCES-GENALG","DESCES","GENALG",1,"Control"
"6_1_XXX",1.19577308120133,"2011-2017",2011,2017,"XXX","DESCES-GENALG","DESCES","GENALG",1,"Control"
"22_2_XXX",0.809090909090909,"2011-2017",2011,2017,"XXX","DESCES-GEUROS","DESCES","GEUROS",1,"Control"
"24_2_XXX",0.397253037506603,"2011-2017",2011,2017,"XXX","DESCES-GEUROS","DESCES","GEUROS",1,"Control"
"33_3_XXX",0.897736797988265,"2011-2017",2011,2017,"XXX","DESCES-GEUROS","DESCES","GEUROS",1,"Control"
"39_3_XXX",1.06167400881057,"2011-2017",2011,2017,"XXX","DESCES-GEUROS","DESCES","GEUROS",1,"Control"
"4_1_XXX",0.278978388998035,"2011-2017",2011,2017,"XXX","DESCES-GEUROS","DESCES","GEUROS",1,"Control"
"6_1_XXX",0.981786643538595,"2011-2017",2011,2017,"XXX","DESCES-GEUROS","DESCES","GEUROS",1,"Control"
"22_2_XXX",0.766074709124311,"2011-2017",2011,2017,"XXX","DESCES-TRIPAR","DESCES","TRIPAR",1,"Control"
"24_2_XXX",0.99324650265316,"2011-2017",2011,2017,"XXX","DESCES-TRIPAR","DESCES","TRIPAR",1,"Control"
"33_3_XXX",0.726553672316384,"2011-2017",2011,2017,"XXX","DESCES-TRIPAR","DESCES","TRIPAR",1,"Control"
"39_3_XXX",0.955940846506884,"2011-2017",2011,2017,"XXX","DESCES-TRIPAR","DESCES","TRIPAR",1,"Control"
"4_1_XXX",1.22937168811506,"2011-2017",2011,2017,"XXX","DESCES-TRIPAR","DESCES","TRIPAR",1,"Control"
"6_1_XXX",0.78923622300999,"2011-2017",2011,2017,"XXX","DESCES-TRIPAR","DESCES","TRIPAR",1,"Control"
"22_2_XXX",0.909090909090909,"2011-2017",2011,2017,"XXX","GENALG-GEUROS","GENALG","GEUROS",1,"Control"
"24_2_XXX",0.945295404814004,"2011-2017",2011,2017,"XXX","GENALG-GEUROS","GENALG","GEUROS",1,"Control"
"33_3_XXX",1.11377245508982,"2011-2017",2011,2017,"XXX","GENALG-GEUROS","GENALG","GEUROS",1,"Control"
"39_3_XXX",1.66666666666667,"2011-2017",2011,2017,"XXX","GENALG-GEUROS","GENALG","GEUROS",1,"Control"
"4_1_XXX",0.985444531864674,"2011-2017",2011,2017,"XXX","GENALG-GEUROS","GENALG","GEUROS",1,"Control"
"6_1_XXX",1.18993435448578,"2011-2017",2011,2017,"XXX","GENALG-GEUROS","GENALG","GEUROS",1,"Control"
"22_2_XXX",0.599182004089979,"2011-2017",2011,2017,"XXX","GENALG-TRIPAR","GENALG","TRIPAR",1,"Control"
"24_2_XXX",0.928421052631579,"2011-2017",2011,2017,"XXX","GENALG-TRIPAR","GENALG","TRIPAR",1,"Control"
"33_3_XXX",1.3972602739726,"2011-2017",2011,2017,"XXX","GENALG-TRIPAR","GENALG","TRIPAR",1,"Control"
"39_3_XXX",1,"2011-2017",2011,2017,"XXX","GENALG-TRIPAR","GENALG","TRIPAR",1,"Control"
"4_1_XXX",0.819148936170213,"2011-2017",2011,2017,"XXX","GENALG-TRIPAR","GENALG","TRIPAR",1,"Control"
"6_1_XXX",0.35180412371134,"2011-2017",2011,2017,"XXX","GENALG-TRIPAR","GENALG","TRIPAR",1,"Control"
"22_2_XXX",1.16969696969697,"2011-2017",2011,2017,"XXX","GEUROS-TRIPAR","GEUROS","TRIPAR",1,"Control"
"24_2_XXX",1.00147167034584,"2011-2017",2011,2017,"XXX","GEUROS-TRIPAR","GEUROS","TRIPAR",1,"Control"
"33_3_XXX",1.1318407960199,"2011-2017",2011,2017,"XXX","GEUROS-TRIPAR","GEUROS","TRIPAR",1,"Control"
"39_3_XXX",1.06698564593301,"2011-2017",2011,2017,"XXX","GEUROS-TRIPAR","GEUROS","TRIPAR",1,"Control"
"4_1_XXX",0.802450229709035,"2011-2017",2011,2017,"XXX","GEUROS-TRIPAR","GEUROS","TRIPAR",1,"Control"
"6_1_XXX",0.667038275733928,"2011-2017",2011,2017,"XXX","GEUROS-TRIPAR","GEUROS","TRIPAR",1,"Control"
"22_2_XXX",1.3620253164557,"2012-2018",2012,2018,"XXX","ARTSCO-BISBIS","ARTSCO","BISBIS",1,"Control"
"24_2_XXX",1.29391891891892,"2012-2018",2012,2018,"XXX","ARTSCO-BISBIS","ARTSCO","BISBIS",1,"Control"
"33_3_XXX",0.587570621468927,"2012-2018",2012,2018,"XXX","ARTSCO-BISBIS","ARTSCO","BISBIS",1,"Control"
"39_3_XXX",0.465116279069767,"2012-2018",2012,2018,"XXX","ARTSCO-BISBIS","ARTSCO","BISBIS",1,"Control"
"4_1_XXX",1.07978723404255,"2012-2018",2012,2018,"XXX","ARTSCO-BISBIS","ARTSCO","BISBIS",1,"Control"
"6_1_XXX",0.75,"2012-2018",2012,2018,"XXX","ARTSCO-BISBIS","ARTSCO","BISBIS",1,"Control"
"22_2_XXX",0.983594332587621,"2012-2018",2012,2018,"XXX","ARTSCO-CALLEP","ARTSCO","CALLEP",1,"Control"
"24_2_XXX",0.948863636363636,"2012-2018",2012,2018,"XXX","ARTSCO-CALLEP","ARTSCO","CALLEP",1,"Control"
"33_3_XXX",1.04032258064516,"2012-2018",2012,2018,"XXX","ARTSCO-CALLEP","ARTSCO","CALLEP",1,"Control"
"39_3_XXX",0.772727272727273,"2012-2018",2012,2018,"XXX","ARTSCO-CALLEP","ARTSCO","CALLEP",1,"Control"
"4_1_XXX",1,"2012-2018",2012,2018,"XXX","ARTSCO-CALLEP","ARTSCO","CALLEP",1,"Control"
"6_1_XXX",1.1958041958042,"2012-2018",2012,2018,"XXX","ARTSCO-CALLEP","ARTSCO","CALLEP",1,"Control"
"22_2_XXX",1.15485564304462,"2012-2018",2012,2018,"XXX","ARTSCO-CARSCO","ARTSCO","CARSCO",1,"Control"
"24_2_XXX",0.368,"2012-2018",2012,2018,"XXX","ARTSCO-CARSCO","ARTSCO","CARSCO",1,"Control"
"33_3_XXX",1.0335429769392,"2012-2018",2012,2018,"XXX","ARTSCO-CARSCO","ARTSCO","CARSCO",1,"Control"
"39_3_XXX",0.899713467048711,"2012-2018",2012,2018,"XXX","ARTSCO-CARSCO","ARTSCO","CARSCO",1,"Control"
"4_1_XXX",1.11464968152866,"2012-2018",2012,2018,"XXX","ARTSCO-CARSCO","ARTSCO","CARSCO",1,"Control"
"6_1_XXX",0.665441176470588,"2012-2018",2012,2018,"XXX","ARTSCO-CARSCO","ARTSCO","CARSCO",1,"Control"
"22_2_XXX",0.653789004457652,"2012-2018",2012,2018,"XXX","ARTSCO-DESCES","ARTSCO","DESCES",1,"Control"
"24_2_XXX",1.35662784248475,"2012-2018",2012,2018,"XXX","ARTSCO-DESCES","ARTSCO","DESCES",1,"Control"
"33_3_XXX",0.617082533589251,"2012-2018",2012,2018,"XXX","ARTSCO-DESCES","ARTSCO","DESCES",1,"Control"
"39_3_XXX",1.08801441874437,"2012-2018",2012,2018,"XXX","ARTSCO-DESCES","ARTSCO","DESCES",1,"Control"
"4_1_XXX",0.830528846153846,"2012-2018",2012,2018,"XXX","ARTSCO-DESCES","ARTSCO","DESCES",1,"Control"
"6_1_XXX",0.83991683991684,"2012-2018",2012,2018,"XXX","ARTSCO-DESCES","ARTSCO","DESCES",1,"Control"
"22_2_XXX",1.26558265582656,"2012-2018",2012,2018,"XXX","ARTSCO-GENALG","ARTSCO","GENALG",1,"Control"
"24_2_XXX",0.773333333333333,"2012-2018",2012,2018,"XXX","ARTSCO-GENALG","ARTSCO","GENALG",1,"Control"
"33_3_XXX",1.67590027700831,"2012-2018",2012,2018,"XXX","ARTSCO-GENALG","ARTSCO","GENALG",1,"Control"
"39_3_XXX",1.06584362139918,"2012-2018",2012,2018,"XXX","ARTSCO-GENALG","ARTSCO","GENALG",1,"Control"
"4_1_XXX",0.595375722543353,"2012-2018",2012,2018,"XXX","ARTSCO-GENALG","ARTSCO","GENALG",1,"Control"
"6_1_XXX",1.17543859649123,"2012-2018",2012,2018,"XXX","ARTSCO-GENALG","ARTSCO","GENALG",1,"Control"
"22_2_XXX",0.887640449438202,"2012-2018",2012,2018,"XXX","ARTSCO-GEUROS","ARTSCO","GEUROS",1,"Control"
"24_2_XXX",0.523746701846966,"2012-2018",2012,2018,"XXX","ARTSCO-GEUROS","ARTSCO","GEUROS",1,"Control"
"33_3_XXX",1.03080082135524,"2012-2018",2012,2018,"XXX","ARTSCO-GEUROS","ARTSCO","GEUROS",1,"Control"
"39_3_XXX",1.11827956989247,"2012-2018",2012,2018,"XXX","ARTSCO-GEUROS","ARTSCO","GEUROS",1,"Control"
"4_1_XXX",1.16624685138539,"2012-2018",2012,2018,"XXX","ARTSCO-GEUROS","ARTSCO","GEUROS",1,"Control"
"6_1_XXX",1.37138263665595,"2012-2018",2012,2018,"XXX","ARTSCO-GEUROS","ARTSCO","GEUROS",1,"Control"
"22_2_XXX",1.06528189910979,"2012-2018",2012,2018,"XXX","ARTSCO-TRIPAR","ARTSCO","TRIPAR",1,"Control"
"24_2_XXX",1,"2012-2018",2012,2018,"XXX","ARTSCO-TRIPAR","ARTSCO","TRIPAR",1,"Control"
"33_3_XXX",1.67222222222222,"2012-2018",2012,2018,"XXX","ARTSCO-TRIPAR","ARTSCO","TRIPAR",1,"Control"
"39_3_XXX",1.05251641137856,"2012-2018",2012,2018,"XXX","ARTSCO-TRIPAR","ARTSCO","TRIPAR",1,"Control"
"4_1_XXX",0.445652173913044,"2012-2018",2012,2018,"XXX","ARTSCO-TRIPAR","ARTSCO","TRIPAR",1,"Control"
"6_1_XXX",0.540445486518171,"2012-2018",2012,2018,"XXX","ARTSCO-TRIPAR","ARTSCO","TRIPAR",1,"Control"
"22_2_XXX",0.855421686746988,"2012-2018",2012,2018,"XXX","BISBIS-CALLEP","BISBIS","CALLEP",1,"Control"
"24_2_XXX",1.22222222222222,"2012-2018",2012,2018,"XXX","BISBIS-CALLEP","BISBIS","CALLEP",1,"Control"
"33_3_XXX",0.684615384615385,"2012-2018",2012,2018,"XXX","BISBIS-CALLEP","BISBIS","CALLEP",1,"Control"
"39_3_XXX",1.60416666666667,"2012-2018",2012,2018,"XXX","BISBIS-CALLEP","BISBIS","CALLEP",1,"Control"
"4_1_XXX",1,"2012-2018",2012,2018,"XXX","BISBIS-CALLEP","BISBIS","CALLEP",1,"Control"
"6_1_XXX",1,"2012-2018",2012,2018,"XXX","BISBIS-CALLEP","BISBIS","CALLEP",1,"Control"
"22_2_XXX",0.37962962962963,"2012-2018",2012,2018,"XXX","BISBIS-CARSCO","BISBIS","CARSCO",1,"Control"
"24_2_XXX",0.707964601769911,"2012-2018",2012,2018,"XXX","BISBIS-CARSCO","BISBIS","CARSCO",1,"Control"
"33_3_XXX",0.867219917012448,"2012-2018",2012,2018,"XXX","BISBIS-CARSCO","BISBIS","CARSCO",1,"Control"
"39_3_XXX",0.976588628762542,"2012-2018",2012,2018,"XXX","BISBIS-CARSCO","BISBIS","CARSCO",1,"Control"
"4_1_XXX",0.92396694214876,"2012-2018",2012,2018,"XXX","BISBIS-CARSCO","BISBIS","CARSCO",1,"Control"
"6_1_XXX",0.883333333333333,"2012-2018",2012,2018,"XXX","BISBIS-CARSCO","BISBIS","CARSCO",1,"Control"
"22_2_XXX",0.96,"2012-2018",2012,2018,"XXX","BISBIS-DESCES","BISBIS","DESCES",1,"Control"
"24_2_XXX",0.966904607397794,"2012-2018",2012,2018,"XXX","BISBIS-DESCES","BISBIS","DESCES",1,"Control"
"33_3_XXX",0.921668362156663,"2012-2018",2012,2018,"XXX","BISBIS-DESCES","BISBIS","DESCES",1,"Control"
"39_3_XXX",0.906983836535529,"2012-2018",2012,2018,"XXX","BISBIS-DESCES","BISBIS","DESCES",1,"Control"
"4_1_XXX",0.956567796610169,"2012-2018",2012,2018,"XXX","BISBIS-DESCES","BISBIS","DESCES",1,"Control"
"6_1_XXX",0.844444444444445,"2012-2018",2012,2018,"XXX","BISBIS-DESCES","BISBIS","DESCES",1,"Control"
"22_2_XXX",1.21875,"2012-2018",2012,2018,"XXX","BISBIS-GENALG","BISBIS","GENALG",1,"Control"
"24_2_XXX",0.79646017699115,"2012-2018",2012,2018,"XXX","BISBIS-GENALG","BISBIS","GENALG",1,"Control"
"33_3_XXX",0.432098765432099,"2012-2018",2012,2018,"XXX","BISBIS-GENALG","BISBIS","GENALG",1,"Control"
"39_3_XXX",0.715025906735751,"2012-2018",2012,2018,"XXX","BISBIS-GENALG","BISBIS","GENALG",1,"Control"
"4_1_XXX",0.909822866344605,"2012-2018",2012,2018,"XXX","BISBIS-GENALG","BISBIS","GENALG",1,"Control"
"6_1_XXX",0.643835616438356,"2012-2018",2012,2018,"XXX","BISBIS-GENALG","BISBIS","GENALG",1,"Control"
"22_2_XXX",1.48255813953488,"2012-2018",2012,2018,"XXX","BISBIS-GEUROS","BISBIS","GEUROS",1,"Control"
"24_2_XXX",0.997983870967742,"2012-2018",2012,2018,"XXX","BISBIS-GEUROS","BISBIS","GEUROS",1,"Control"
"33_3_XXX",0.897196261682243,"2012-2018",2012,2018,"XXX","BISBIS-GEUROS","BISBIS","GEUROS",1,"Control"
"39_3_XXX",0.720588235294118,"2012-2018",2012,2018,"XXX","BISBIS-GEUROS","BISBIS","GEUROS",1,"Control"
"4_1_XXX",0.713737528779739,"2012-2018",2012,2018,"XXX","BISBIS-GEUROS","BISBIS","GEUROS",1,"Control"
"6_1_XXX",1.12923076923077,"2012-2018",2012,2018,"XXX","BISBIS-GEUROS","BISBIS","GEUROS",1,"Control"
"22_2_XXX",0.807757166947723,"2012-2018",2012,2018,"XXX","BISBIS-TRIPAR","BISBIS","TRIPAR",1,"Control"
"24_2_XXX",1,"2012-2018",2012,2018,"XXX","BISBIS-TRIPAR","BISBIS","TRIPAR",1,"Control"
"33_3_XXX",0.619834710743802,"2012-2018",2012,2018,"XXX","BISBIS-TRIPAR","BISBIS","TRIPAR",1,"Control"
"39_3_XXX",0.937743190661479,"2012-2018",2012,2018,"XXX","BISBIS-TRIPAR","BISBIS","TRIPAR",1,"Control"
"4_1_XXX",0.803921568627451,"2012-2018",2012,2018,"XXX","BISBIS-TRIPAR","BISBIS","TRIPAR",1,"Control"
"6_1_XXX",1.42072538860104,"2012-2018",2012,2018,"XXX","BISBIS-TRIPAR","BISBIS","TRIPAR",1,"Control"
"22_2_XXX",1.10362694300518,"2012-2018",2012,2018,"XXX","CALLEP-CARSCO","CALLEP","CARSCO",1,"Control"
"24_2_XXX",0.763313609467456,"2012-2018",2012,2018,"XXX","CALLEP-CARSCO","CALLEP","CARSCO",1,"Control"
"33_3_XXX",0.827586206896552,"2012-2018",2012,2018,"XXX","CALLEP-CARSCO","CALLEP","CARSCO",1,"Control"
"39_3_XXX",0.373983739837398,"2012-2018",2012,2018,"XXX","CALLEP-CARSCO","CALLEP","CARSCO",1,"Control"
"4_1_XXX",1,"2012-2018",2012,2018,"XXX","CALLEP-CARSCO","CALLEP","CARSCO",1,"Control"
"6_1_XXX",0.867321867321867,"2012-2018",2012,2018,"XXX","CALLEP-CARSCO","CALLEP","CARSCO",1,"Control"
"22_2_XXX",0.945628214548126,"2012-2018",2012,2018,"XXX","CALLEP-DESCES","CALLEP","DESCES",1,"Control"
"24_2_XXX",0.687539135879775,"2012-2018",2012,2018,"XXX","CALLEP-DESCES","CALLEP","DESCES",1,"Control"
"33_3_XXX",1.00752688172043,"2012-2018",2012,2018,"XXX","CALLEP-DESCES","CALLEP","DESCES",1,"Control"
"39_3_XXX",0.742012541057032,"2012-2018",2012,2018,"XXX","CALLEP-DESCES","CALLEP","DESCES",1,"Control"
"4_1_XXX",1,"2012-2018",2012,2018,"XXX","CALLEP-DESCES","CALLEP","DESCES",1,"Control"
"6_1_XXX",1.02574146614438,"2012-2018",2012,2018,"XXX","CALLEP-DESCES","CALLEP","DESCES",1,"Control"
"22_2_XXX",0.903448275862069,"2012-2018",2012,2018,"XXX","CALLEP-GENALG","CALLEP","GENALG",1,"Control"
"24_2_XXX",0.988165680473373,"2012-2018",2012,2018,"XXX","CALLEP-GENALG","CALLEP","GENALG",1,"Control"
"33_3_XXX",1.2992700729927,"2012-2018",2012,2018,"XXX","CALLEP-GENALG","CALLEP","GENALG",1,"Control"
"39_3_XXX",1.44866920152091,"2012-2018",2012,2018,"XXX","CALLEP-GENALG","CALLEP","GENALG",1,"Control"
"4_1_XXX",1,"2012-2018",2012,2018,"XXX","CALLEP-GENALG","CALLEP","GENALG",1,"Control"
"6_1_XXX",1.224,"2012-2018",2012,2018,"XXX","CALLEP-GENALG","CALLEP","GENALG",1,"Control"
"22_2_XXX",1.05790645879733,"2012-2018",2012,2018,"XXX","CALLEP-GEUROS","CALLEP","GEUROS",1,"Control"
"24_2_XXX",1.35326086956522,"2012-2018",2012,2018,"XXX","CALLEP-GEUROS","CALLEP","GEUROS",1,"Control"
"33_3_XXX",1.19866666666667,"2012-2018",2012,2018,"XXX","CALLEP-GEUROS","CALLEP","GEUROS",1,"Control"
"39_3_XXX",1.25242718446602,"2012-2018",2012,2018,"XXX","CALLEP-GEUROS","CALLEP","GEUROS",1,"Control"
"4_1_XXX",1,"2012-2018",2012,2018,"XXX","CALLEP-GEUROS","CALLEP","GEUROS",1,"Control"
"6_1_XXX",1.0713640469738,"2012-2018",2012,2018,"XXX","CALLEP-GEUROS","CALLEP","GEUROS",1,"Control"
"22_2_XXX",1.17514124293785,"2012-2018",2012,2018,"XXX","CALLEP-TRIPAR","CALLEP","TRIPAR",1,"Control"
"24_2_XXX",1,"2012-2018",2012,2018,"XXX","CALLEP-TRIPAR","CALLEP","TRIPAR",1,"Control"
"33_3_XXX",1.18382352941176,"2012-2018",2012,2018,"XXX","CALLEP-TRIPAR","CALLEP","TRIPAR",1,"Control"
"39_3_XXX",1.1340782122905,"2012-2018",2012,2018,"XXX","CALLEP-TRIPAR","CALLEP","TRIPAR",1,"Control"
"4_1_XXX",1,"2012-2018",2012,2018,"XXX","CALLEP-TRIPAR","CALLEP","TRIPAR",1,"Control"
"6_1_XXX",0.918825561312608,"2012-2018",2012,2018,"XXX","CALLEP-TRIPAR","CALLEP","TRIPAR",1,"Control"
"22_2_XXX",0.77720207253886,"2012-2018",2012,2018,"XXX","CARSCO-DESCES","CARSCO","DESCES",1,"Control"
"24_2_XXX",0.903086419753086,"2012-2018",2012,2018,"XXX","CARSCO-DESCES","CARSCO","DESCES",1,"Control"
"33_3_XXX",1.03026209132667,"2012-2018",2012,2018,"XXX","CARSCO-DESCES","CARSCO","DESCES",1,"Control"
"39_3_XXX",1.32002314814815,"2012-2018",2012,2018,"XXX","CARSCO-DESCES","CARSCO","DESCES",1,"Control"
"4_1_XXX",0.966048412448915,"2012-2018",2012,2018,"XXX","CARSCO-DESCES","CARSCO","DESCES",1,"Control"
"6_1_XXX",0.753199268738574,"2012-2018",2012,2018,"XXX","CARSCO-DESCES","CARSCO","DESCES",1,"Control"
"22_2_XXX",1.42682926829268,"2012-2018",2012,2018,"XXX","CARSCO-GENALG","CARSCO","GENALG",1,"Control"
"24_2_XXX",1.38541666666667,"2012-2018",2012,2018,"XXX","CARSCO-GENALG","CARSCO","GENALG",1,"Control"
"33_3_XXX",0.988235294117647,"2012-2018",2012,2018,"XXX","CARSCO-GENALG","CARSCO","GENALG",1,"Control"
"39_3_XXX",0.375675675675676,"2012-2018",2012,2018,"XXX","CARSCO-GENALG","CARSCO","GENALG",1,"Control"
"4_1_XXX",1,"2012-2018",2012,2018,"XXX","CARSCO-GENALG","CARSCO","GENALG",1,"Control"
"6_1_XXX",0.531823085221144,"2012-2018",2012,2018,"XXX","CARSCO-GENALG","CARSCO","GENALG",1,"Control"
"22_2_XXX",0.462025316455696,"2012-2018",2012,2018,"XXX","CARSCO-GEUROS","CARSCO","GEUROS",1,"Control"
"24_2_XXX",1.23478260869565,"2012-2018",2012,2018,"XXX","CARSCO-GEUROS","CARSCO","GEUROS",1,"Control"
"33_3_XXX",0.918973666441593,"2012-2018",2012,2018,"XXX","CARSCO-GEUROS","CARSCO","GEUROS",1,"Control"
"39_3_XXX",0.70926517571885,"2012-2018",2012,2018,"XXX","CARSCO-GEUROS","CARSCO","GEUROS",1,"Control"
"4_1_XXX",1.01646090534979,"2012-2018",2012,2018,"XXX","CARSCO-GEUROS","CARSCO","GEUROS",1,"Control"
"6_1_XXX",0.217506631299735,"2012-2018",2012,2018,"XXX","CARSCO-GEUROS","CARSCO","GEUROS",1,"Control"
"22_2_XXX",0.918063314711359,"2012-2018",2012,2018,"XXX","CARSCO-TRIPAR","CARSCO","TRIPAR",1,"Control"
"24_2_XXX",1,"2012-2018",2012,2018,"XXX","CARSCO-TRIPAR","CARSCO","TRIPAR",1,"Control"
"33_3_XXX",0.936758893280632,"2012-2018",2012,2018,"XXX","CARSCO-TRIPAR","CARSCO","TRIPAR",1,"Control"
"39_3_XXX",0.869430051813472,"2012-2018",2012,2018,"XXX","CARSCO-TRIPAR","CARSCO","TRIPAR",1,"Control"
"4_1_XXX",0.972850678733032,"2012-2018",2012,2018,"XXX","CARSCO-TRIPAR","CARSCO","TRIPAR",1,"Control"
"6_1_XXX",1.52425778421434,"2012-2018",2012,2018,"XXX","CARSCO-TRIPAR","CARSCO","TRIPAR",1,"Control"
"22_2_XXX",0.625668449197861,"2012-2018",2012,2018,"XXX","DESCES-GENALG","DESCES","GENALG",1,"Control"
"24_2_XXX",0.837654320987654,"2012-2018",2012,2018,"XXX","DESCES-GENALG","DESCES","GENALG",1,"Control"
"33_3_XXX",0.776482513938165,"2012-2018",2012,2018,"XXX","DESCES-GENALG","DESCES","GENALG",1,"Control"
"39_3_XXX",0.88955223880597,"2012-2018",2012,2018,"XXX","DESCES-GENALG","DESCES","GENALG",1,"Control"
"4_1_XXX",1.08758210822646,"2012-2018",2012,2018,"XXX","DESCES-GENALG","DESCES","GENALG",1,"Control"
"6_1_XXX",1.25061025223759,"2012-2018",2012,2018,"XXX","DESCES-GENALG","DESCES","GENALG",1,"Control"
"22_2_XXX",0.773333333333333,"2012-2018",2012,2018,"XXX","DESCES-GEUROS","DESCES","GEUROS",1,"Control"
"24_2_XXX",0.401397903145282,"2012-2018",2012,2018,"XXX","DESCES-GEUROS","DESCES","GEUROS",1,"Control"
"33_3_XXX",0.669760247486466,"2012-2018",2012,2018,"XXX","DESCES-GEUROS","DESCES","GEUROS",1,"Control"
"39_3_XXX",0.96082599453386,"2012-2018",2012,2018,"XXX","DESCES-GEUROS","DESCES","GEUROS",1,"Control"
"4_1_XXX",0.371854134565999,"2012-2018",2012,2018,"XXX","DESCES-GEUROS","DESCES","GEUROS",1,"Control"
"6_1_XXX",0.856648199445983,"2012-2018",2012,2018,"XXX","DESCES-GEUROS","DESCES","GEUROS",1,"Control"
"22_2_XXX",0.765395894428152,"2012-2018",2012,2018,"XXX","DESCES-TRIPAR","DESCES","TRIPAR",1,"Control"
"24_2_XXX",1,"2012-2018",2012,2018,"XXX","DESCES-TRIPAR","DESCES","TRIPAR",1,"Control"
"33_3_XXX",0.68052738336714,"2012-2018",2012,2018,"XXX","DESCES-TRIPAR","DESCES","TRIPAR",1,"Control"
"39_3_XXX",0.947691113698099,"2012-2018",2012,2018,"XXX","DESCES-TRIPAR","DESCES","TRIPAR",1,"Control"
"4_1_XXX",1.11320754716981,"2012-2018",2012,2018,"XXX","DESCES-TRIPAR","DESCES","TRIPAR",1,"Control"
"6_1_XXX",0.82564597923207,"2012-2018",2012,2018,"XXX","DESCES-TRIPAR","DESCES","TRIPAR",1,"Control"
"22_2_XXX",0.904109589041096,"2012-2018",2012,2018,"XXX","GENALG-GEUROS","GENALG","GEUROS",1,"Control"
"24_2_XXX",1.02086956521739,"2012-2018",2012,2018,"XXX","GENALG-GEUROS","GENALG","GEUROS",1,"Control"
"33_3_XXX",1.26419466975666,"2012-2018",2012,2018,"XXX","GENALG-GEUROS","GENALG","GEUROS",1,"Control"
"39_3_XXX",1.77294685990338,"2012-2018",2012,2018,"XXX","GENALG-GEUROS","GENALG","GEUROS",1,"Control"
"4_1_XXX",0.966760198575437,"2012-2018",2012,2018,"XXX","GENALG-GEUROS","GENALG","GEUROS",1,"Control"
"6_1_XXX",1.16845724108294,"2012-2018",2012,2018,"XXX","GENALG-GEUROS","GENALG","GEUROS",1,"Control"
"22_2_XXX",0.599182004089979,"2012-2018",2012,2018,"XXX","GENALG-TRIPAR","GENALG","TRIPAR",1,"Control"
"24_2_XXX",1,"2012-2018",2012,2018,"XXX","GENALG-TRIPAR","GENALG","TRIPAR",1,"Control"
"33_3_XXX",1.42570281124498,"2012-2018",2012,2018,"XXX","GENALG-TRIPAR","GENALG","TRIPAR",1,"Control"
"39_3_XXX",1.16266173752311,"2012-2018",2012,2018,"XXX","GENALG-TRIPAR","GENALG","TRIPAR",1,"Control"
"4_1_XXX",0.940928270042194,"2012-2018",2012,2018,"XXX","GENALG-TRIPAR","GENALG","TRIPAR",1,"Control"
"6_1_XXX",0.382947976878613,"2012-2018",2012,2018,"XXX","GENALG-TRIPAR","GENALG","TRIPAR",1,"Control"
"22_2_XXX",1.20680958385876,"2012-2018",2012,2018,"XXX","GEUROS-TRIPAR","GEUROS","TRIPAR",1,"Control"
"24_2_XXX",1,"2012-2018",2012,2018,"XXX","GEUROS-TRIPAR","GEUROS","TRIPAR",1,"Control"
"33_3_XXX",1.37122969837587,"2012-2018",2012,2018,"XXX","GEUROS-TRIPAR","GEUROS","TRIPAR",1,"Control"
"39_3_XXX",1.185303514377,"2012-2018",2012,2018,"XXX","GEUROS-TRIPAR","GEUROS","TRIPAR",1,"Control"
"4_1_XXX",0.806130903065452,"2012-2018",2012,2018,"XXX","GEUROS-TRIPAR","GEUROS","TRIPAR",1,"Control"
"6_1_XXX",0.671341244156778,"2012-2018",2012,2018,"XXX","GEUROS-TRIPAR","GEUROS","TRIPAR",1,"Control"
"22_2_XXX",1.42506142506143,"2013-2019",2013,2019,"XXX","ARTSCO-BISBIS","ARTSCO","BISBIS",1,"Control"
"24_2_XXX",1.46766169154229,"2013-2019",2013,2019,"XXX","ARTSCO-BISBIS","ARTSCO","BISBIS",1,"Control"
"33_3_XXX",0.866666666666667,"2013-2019",2013,2019,"XXX","ARTSCO-BISBIS","ARTSCO","BISBIS",1,"Control"
"39_3_XXX",0.379888268156425,"2013-2019",2013,2019,"XXX","ARTSCO-BISBIS","ARTSCO","BISBIS",1,"Control"
"4_1_XXX",1.06035665294925,"2013-2019",2013,2019,"XXX","ARTSCO-BISBIS","ARTSCO","BISBIS",1,"Control"
"6_1_XXX",1.14225053078556,"2013-2019",2013,2019,"XXX","ARTSCO-BISBIS","ARTSCO","BISBIS",1,"Control"
"22_2_XXX",0.99568345323741,"2013-2019",2013,2019,"XXX","ARTSCO-CALLEP","ARTSCO","CALLEP",1,"Control"
"24_2_XXX",1.12080536912752,"2013-2019",2013,2019,"XXX","ARTSCO-CALLEP","ARTSCO","CALLEP",1,"Control"
"33_3_XXX",0.971602434077079,"2013-2019",2013,2019,"XXX","ARTSCO-CALLEP","ARTSCO","CALLEP",1,"Control"
"39_3_XXX",1.19473684210526,"2013-2019",2013,2019,"XXX","ARTSCO-CALLEP","ARTSCO","CALLEP",1,"Control"
"4_1_XXX",1,"2013-2019",2013,2019,"XXX","ARTSCO-CALLEP","ARTSCO","CALLEP",1,"Control"
"6_1_XXX",1.1712158808933,"2013-2019",2013,2019,"XXX","ARTSCO-CALLEP","ARTSCO","CALLEP",1,"Control"
"22_2_XXX",1.11627906976744,"2013-2019",2013,2019,"XXX","ARTSCO-CARSCO","ARTSCO","CARSCO",1,"Control"
"24_2_XXX",0.578461538461538,"2013-2019",2013,2019,"XXX","ARTSCO-CARSCO","ARTSCO","CARSCO",1,"Control"
"33_3_XXX",1.10373443983402,"2013-2019",2013,2019,"XXX","ARTSCO-CARSCO","ARTSCO","CARSCO",1,"Control"
"39_3_XXX",1.01012658227848,"2013-2019",2013,2019,"XXX","ARTSCO-CARSCO","ARTSCO","CARSCO",1,"Control"
"4_1_XXX",0.97037037037037,"2013-2019",2013,2019,"XXX","ARTSCO-CARSCO","ARTSCO","CARSCO",1,"Control"
"6_1_XXX",0.989295272078501,"2013-2019",2013,2019,"XXX","ARTSCO-CARSCO","ARTSCO","CARSCO",1,"Control"
"22_2_XXX",0.653789004457652,"2013-2019",2013,2019,"XXX","ARTSCO-DESCES","ARTSCO","DESCES",1,"Control"
"24_2_XXX",1.0275824770146,"2013-2019",2013,2019,"XXX","ARTSCO-DESCES","ARTSCO","DESCES",1,"Control"
"33_3_XXX",0.551624129930394,"2013-2019",2013,2019,"XXX","ARTSCO-DESCES","ARTSCO","DESCES",1,"Control"
"39_3_XXX",0.843208383716244,"2013-2019",2013,2019,"XXX","ARTSCO-DESCES","ARTSCO","DESCES",1,"Control"
"4_1_XXX",0.898162729658793,"2013-2019",2013,2019,"XXX","ARTSCO-DESCES","ARTSCO","DESCES",1,"Control"
"6_1_XXX",0.743430420711974,"2013-2019",2013,2019,"XXX","ARTSCO-DESCES","ARTSCO","DESCES",1,"Control"
"22_2_XXX",1.30729166666667,"2013-2019",2013,2019,"XXX","ARTSCO-GENALG","ARTSCO","GENALG",1,"Control"
"24_2_XXX",0.664615384615384,"2013-2019",2013,2019,"XXX","ARTSCO-GENALG","ARTSCO","GENALG",1,"Control"
"33_3_XXX",1.55780346820809,"2013-2019",2013,2019,"XXX","ARTSCO-GENALG","ARTSCO","GENALG",1,"Control"
"39_3_XXX",0.877256317689531,"2013-2019",2013,2019,"XXX","ARTSCO-GENALG","ARTSCO","GENALG",1,"Control"
"4_1_XXX",0.880597014925373,"2013-2019",2013,2019,"XXX","ARTSCO-GENALG","ARTSCO","GENALG",1,"Control"
"6_1_XXX",1.16926070038911,"2013-2019",2013,2019,"XXX","ARTSCO-GENALG","ARTSCO","GENALG",1,"Control"
"22_2_XXX",0.933184855233853,"2013-2019",2013,2019,"XXX","ARTSCO-GEUROS","ARTSCO","GEUROS",1,"Control"
"24_2_XXX",0.986559139784946,"2013-2019",2013,2019,"XXX","ARTSCO-GEUROS","ARTSCO","GEUROS",1,"Control"
"33_3_XXX",1.25408805031447,"2013-2019",2013,2019,"XXX","ARTSCO-GEUROS","ARTSCO","GEUROS",1,"Control"
"39_3_XXX",0.779569892473118,"2013-2019",2013,2019,"XXX","ARTSCO-GEUROS","ARTSCO","GEUROS",1,"Control"
"4_1_XXX",1.1426377751237,"2013-2019",2013,2019,"XXX","ARTSCO-GEUROS","ARTSCO","GEUROS",1,"Control"
"6_1_XXX",1.48029256399837,"2013-2019",2013,2019,"XXX","ARTSCO-GEUROS","ARTSCO","GEUROS",1,"Control"
"22_2_XXX",1.03366221706326,"2013-2019",2013,2019,"XXX","ARTSCO-TRIPAR","ARTSCO","TRIPAR",1,"Control"
"24_2_XXX",1,"2013-2019",2013,2019,"XXX","ARTSCO-TRIPAR","ARTSCO","TRIPAR",1,"Control"
"33_3_XXX",1.58100558659218,"2013-2019",2013,2019,"XXX","ARTSCO-TRIPAR","ARTSCO","TRIPAR",1,"Control"
"39_3_XXX",1.16941176470588,"2013-2019",2013,2019,"XXX","ARTSCO-TRIPAR","ARTSCO","TRIPAR",1,"Control"
"4_1_XXX",0.420289855072464,"2013-2019",2013,2019,"XXX","ARTSCO-TRIPAR","ARTSCO","TRIPAR",1,"Control"
"6_1_XXX",0.790217391304348,"2013-2019",2013,2019,"XXX","ARTSCO-TRIPAR","ARTSCO","TRIPAR",1,"Control"
"22_2_XXX",0.896,"2013-2019",2013,2019,"XXX","BISBIS-CALLEP","BISBIS","CALLEP",1,"Control"
"24_2_XXX",1.26301369863014,"2013-2019",2013,2019,"XXX","BISBIS-CALLEP","BISBIS","CALLEP",1,"Control"
"33_3_XXX",0.732057416267943,"2013-2019",2013,2019,"XXX","BISBIS-CALLEP","BISBIS","CALLEP",1,"Control"
"39_3_XXX",1.4478527607362,"2013-2019",2013,2019,"XXX","BISBIS-CALLEP","BISBIS","CALLEP",1,"Control"
"4_1_XXX",1,"2013-2019",2013,2019,"XXX","BISBIS-CALLEP","BISBIS","CALLEP",1,"Control"
"6_1_XXX",1.01633393829401,"2013-2019",2013,2019,"XXX","BISBIS-CALLEP","BISBIS","CALLEP",1,"Control"
"22_2_XXX",0.441176470588235,"2013-2019",2013,2019,"XXX","BISBIS-CARSCO","BISBIS","CARSCO",1,"Control"
"24_2_XXX",0.839323467230444,"2013-2019",2013,2019,"XXX","BISBIS-CARSCO","BISBIS","CARSCO",1,"Control"
"33_3_XXX",0.94949494949495,"2013-2019",2013,2019,"XXX","BISBIS-CARSCO","BISBIS","CARSCO",1,"Control"
"39_3_XXX",0.826086956521739,"2013-2019",2013,2019,"XXX","BISBIS-CARSCO","BISBIS","CARSCO",1,"Control"
"4_1_XXX",0.897689768976898,"2013-2019",2013,2019,"XXX","BISBIS-CARSCO","BISBIS","CARSCO",1,"Control"
"6_1_XXX",1.4381402679275,"2013-2019",2013,2019,"XXX","BISBIS-CARSCO","BISBIS","CARSCO",1,"Control"
"22_2_XXX",0.881443298969072,"2013-2019",2013,2019,"XXX","BISBIS-DESCES","BISBIS","DESCES",1,"Control"
"24_2_XXX",0.914142182980667,"2013-2019",2013,2019,"XXX","BISBIS-DESCES","BISBIS","DESCES",1,"Control"
"33_3_XXX",0.950393224440411,"2013-2019",2013,2019,"XXX","BISBIS-DESCES","BISBIS","DESCES",1,"Control"
"39_3_XXX",1.03463732681337,"2013-2019",2013,2019,"XXX","BISBIS-DESCES","BISBIS","DESCES",1,"Control"
"4_1_XXX",0.998316498316498,"2013-2019",2013,2019,"XXX","BISBIS-DESCES","BISBIS","DESCES",1,"Control"
"6_1_XXX",0.673059824717389,"2013-2019",2013,2019,"XXX","BISBIS-DESCES","BISBIS","DESCES",1,"Control"
"22_2_XXX",1.26262626262626,"2013-2019",2013,2019,"XXX","BISBIS-GENALG","BISBIS","GENALG",1,"Control"
"24_2_XXX",0.957716701902748,"2013-2019",2013,2019,"XXX","BISBIS-GENALG","BISBIS","GENALG",1,"Control"
"33_3_XXX",0.529411764705882,"2013-2019",2013,2019,"XXX","BISBIS-GENALG","BISBIS","GENALG",1,"Control"
"39_3_XXX",0.992,"2013-2019",2013,2019,"XXX","BISBIS-GENALG","BISBIS","GENALG",1,"Control"
"4_1_XXX",0.960330578512397,"2013-2019",2013,2019,"XXX","BISBIS-GENALG","BISBIS","GENALG",1,"Control"
"6_1_XXX",0.726586102719033,"2013-2019",2013,2019,"XXX","BISBIS-GENALG","BISBIS","GENALG",1,"Control"
"22_2_XXX",1.44512195121951,"2013-2019",2013,2019,"XXX","BISBIS-GEUROS","BISBIS","GEUROS",1,"Control"
"24_2_XXX",0.993948562783661,"2013-2019",2013,2019,"XXX","BISBIS-GEUROS","BISBIS","GEUROS",1,"Control"
"33_3_XXX",0.994475138121547,"2013-2019",2013,2019,"XXX","BISBIS-GEUROS","BISBIS","GEUROS",1,"Control"
"39_3_XXX",1.0314465408805,"2013-2019",2013,2019,"XXX","BISBIS-GEUROS","BISBIS","GEUROS",1,"Control"
"4_1_XXX",0.784586228679722,"2013-2019",2013,2019,"XXX","BISBIS-GEUROS","BISBIS","GEUROS",1,"Control"
"6_1_XXX",1.17247987734764,"2013-2019",2013,2019,"XXX","BISBIS-GEUROS","BISBIS","GEUROS",1,"Control"
"22_2_XXX",0.838765008576329,"2013-2019",2013,2019,"XXX","BISBIS-TRIPAR","BISBIS","TRIPAR",1,"Control"
"24_2_XXX",1,"2013-2019",2013,2019,"XXX","BISBIS-TRIPAR","BISBIS","TRIPAR",1,"Control"
"33_3_XXX",0.638888888888889,"2013-2019",2013,2019,"XXX","BISBIS-TRIPAR","BISBIS","TRIPAR",1,"Control"
"39_3_XXX",0.854889589905363,"2013-2019",2013,2019,"XXX","BISBIS-TRIPAR","BISBIS","TRIPAR",1,"Control"
"4_1_XXX",0.803921568627451,"2013-2019",2013,2019,"XXX","BISBIS-TRIPAR","BISBIS","TRIPAR",1,"Control"
"6_1_XXX",1.76123595505618,"2013-2019",2013,2019,"XXX","BISBIS-TRIPAR","BISBIS","TRIPAR",1,"Control"
"22_2_XXX",1.10588235294118,"2013-2019",2013,2019,"XXX","CALLEP-CARSCO","CALLEP","CARSCO",1,"Control"
"24_2_XXX",0.709090909090909,"2013-2019",2013,2019,"XXX","CALLEP-CARSCO","CALLEP","CARSCO",1,"Control"
"33_3_XXX",0.774193548387097,"2013-2019",2013,2019,"XXX","CALLEP-CARSCO","CALLEP","CARSCO",1,"Control"
"39_3_XXX",0.588390501319261,"2013-2019",2013,2019,"XXX","CALLEP-CARSCO","CALLEP","CARSCO",1,"Control"
"4_1_XXX",1,"2013-2019",2013,2019,"XXX","CALLEP-CARSCO","CALLEP","CARSCO",1,"Control"
"6_1_XXX",0.90958904109589,"2013-2019",2013,2019,"XXX","CALLEP-CARSCO","CALLEP","CARSCO",1,"Control"
"22_2_XXX",0.937595129375951,"2013-2019",2013,2019,"XXX","CALLEP-DESCES","CALLEP","DESCES",1,"Control"
"24_2_XXX",0.728241563055062,"2013-2019",2013,2019,"XXX","CALLEP-DESCES","CALLEP","DESCES",1,"Control"
"33_3_XXX",0.993483320403413,"2013-2019",2013,2019,"XXX","CALLEP-DESCES","CALLEP","DESCES",1,"Control"
"39_3_XXX",0.830425963488844,"2013-2019",2013,2019,"XXX","CALLEP-DESCES","CALLEP","DESCES",1,"Control"
"4_1_XXX",1,"2013-2019",2013,2019,"XXX","CALLEP-DESCES","CALLEP","DESCES",1,"Control"
"6_1_XXX",0.999727297518407,"2013-2019",2013,2019,"XXX","CALLEP-DESCES","CALLEP","DESCES",1,"Control"
"22_2_XXX",0.962025316455696,"2013-2019",2013,2019,"XXX","CALLEP-GENALG","CALLEP","GENALG",1,"Control"
"24_2_XXX",1.13333333333333,"2013-2019",2013,2019,"XXX","CALLEP-GENALG","CALLEP","GENALG",1,"Control"
"33_3_XXX",1.26141078838174,"2013-2019",2013,2019,"XXX","CALLEP-GENALG","CALLEP","GENALG",1,"Control"
"39_3_XXX",1.30651340996169,"2013-2019",2013,2019,"XXX","CALLEP-GENALG","CALLEP","GENALG",1,"Control"
"4_1_XXX",1,"2013-2019",2013,2019,"XXX","CALLEP-GENALG","CALLEP","GENALG",1,"Control"
"6_1_XXX",1.21951219512195,"2013-2019",2013,2019,"XXX","CALLEP-GENALG","CALLEP","GENALG",1,"Control"
"22_2_XXX",1.07177033492823,"2013-2019",2013,2019,"XXX","CALLEP-GEUROS","CALLEP","GEUROS",1,"Control"
"24_2_XXX",1.54245283018868,"2013-2019",2013,2019,"XXX","CALLEP-GEUROS","CALLEP","GEUROS",1,"Control"
"33_3_XXX",1.11286185415903,"2013-2019",2013,2019,"XXX","CALLEP-GEUROS","CALLEP","GEUROS",1,"Control"
"39_3_XXX",1.42941176470588,"2013-2019",2013,2019,"XXX","CALLEP-GEUROS","CALLEP","GEUROS",1,"Control"
"4_1_XXX",1,"2013-2019",2013,2019,"XXX","CALLEP-GEUROS","CALLEP","GEUROS",1,"Control"
"6_1_XXX",1.07342995169082,"2013-2019",2013,2019,"XXX","CALLEP-GEUROS","CALLEP","GEUROS",1,"Control"
"22_2_XXX",1.17101449275362,"2013-2019",2013,2019,"XXX","CALLEP-TRIPAR","CALLEP","TRIPAR",1,"Control"
"24_2_XXX",1,"2013-2019",2013,2019,"XXX","CALLEP-TRIPAR","CALLEP","TRIPAR",1,"Control"
"33_3_XXX",1.15849056603774,"2013-2019",2013,2019,"XXX","CALLEP-TRIPAR","CALLEP","TRIPAR",1,"Control"
"39_3_XXX",1.13296398891967,"2013-2019",2013,2019,"XXX","CALLEP-TRIPAR","CALLEP","TRIPAR",1,"Control"
"4_1_XXX",1,"2013-2019",2013,2019,"XXX","CALLEP-TRIPAR","CALLEP","TRIPAR",1,"Control"
"6_1_XXX",0.958412098298677,"2013-2019",2013,2019,"XXX","CALLEP-TRIPAR","CALLEP","TRIPAR",1,"Control"
"22_2_XXX",0.826086956521739,"2013-2019",2013,2019,"XXX","CARSCO-DESCES","CARSCO","DESCES",1,"Control"
"24_2_XXX",0.899184149184149,"2013-2019",2013,2019,"XXX","CARSCO-DESCES","CARSCO","DESCES",1,"Control"
"33_3_XXX",0.973577867578489,"2013-2019",2013,2019,"XXX","CARSCO-DESCES","CARSCO","DESCES",1,"Control"
"39_3_XXX",1.15355805243446,"2013-2019",2013,2019,"XXX","CARSCO-DESCES","CARSCO","DESCES",1,"Control"
"4_1_XXX",1.01234567901235,"2013-2019",2013,2019,"XXX","CARSCO-DESCES","CARSCO","DESCES",1,"Control"
"6_1_XXX",0.680576254346746,"2013-2019",2013,2019,"XXX","CARSCO-DESCES","CARSCO","DESCES",1,"Control"
"22_2_XXX",1.48101265822785,"2013-2019",2013,2019,"XXX","CARSCO-GENALG","CARSCO","GENALG",1,"Control"
"24_2_XXX",1.63541666666667,"2013-2019",2013,2019,"XXX","CARSCO-GENALG","CARSCO","GENALG",1,"Control"
"33_3_XXX",0.965217391304348,"2013-2019",2013,2019,"XXX","CARSCO-GENALG","CARSCO","GENALG",1,"Control"
"39_3_XXX",0.291845493562232,"2013-2019",2013,2019,"XXX","CARSCO-GENALG","CARSCO","GENALG",1,"Control"
"4_1_XXX",1.54545454545455,"2013-2019",2013,2019,"XXX","CARSCO-GENALG","CARSCO","GENALG",1,"Control"
"6_1_XXX",0.586206896551724,"2013-2019",2013,2019,"XXX","CARSCO-GENALG","CARSCO","GENALG",1,"Control"
"22_2_XXX",0.506944444444444,"2013-2019",2013,2019,"XXX","CARSCO-GEUROS","CARSCO","GEUROS",1,"Control"
"24_2_XXX",1.09623430962343,"2013-2019",2013,2019,"XXX","CARSCO-GEUROS","CARSCO","GEUROS",1,"Control"
"33_3_XXX",1.01692420897719,"2013-2019",2013,2019,"XXX","CARSCO-GEUROS","CARSCO","GEUROS",1,"Control"
"39_3_XXX",0.549333333333333,"2013-2019",2013,2019,"XXX","CARSCO-GEUROS","CARSCO","GEUROS",1,"Control"
"4_1_XXX",0.987452073893343,"2013-2019",2013,2019,"XXX","CARSCO-GEUROS","CARSCO","GEUROS",1,"Control"
"6_1_XXX",0.519368723098996,"2013-2019",2013,2019,"XXX","CARSCO-GEUROS","CARSCO","GEUROS",1,"Control"
"22_2_XXX",0.848906560636183,"2013-2019",2013,2019,"XXX","CARSCO-TRIPAR","CARSCO","TRIPAR",1,"Control"
"24_2_XXX",1,"2013-2019",2013,2019,"XXX","CARSCO-TRIPAR","CARSCO","TRIPAR",1,"Control"
"33_3_XXX",0.905511811023622,"2013-2019",2013,2019,"XXX","CARSCO-TRIPAR","CARSCO","TRIPAR",1,"Control"
"39_3_XXX",0.939034716342083,"2013-2019",2013,2019,"XXX","CARSCO-TRIPAR","CARSCO","TRIPAR",1,"Control"
"4_1_XXX",0.990990990990991,"2013-2019",2013,2019,"XXX","CARSCO-TRIPAR","CARSCO","TRIPAR",1,"Control"
"6_1_XXX",1.47313552526063,"2013-2019",2013,2019,"XXX","CARSCO-TRIPAR","CARSCO","TRIPAR",1,"Control"
"22_2_XXX",0.572602739726027,"2013-2019",2013,2019,"XXX","DESCES-GENALG","DESCES","GENALG",1,"Control"
"24_2_XXX",0.678904428904429,"2013-2019",2013,2019,"XXX","DESCES-GENALG","DESCES","GENALG",1,"Control"
"33_3_XXX",0.82901866345575,"2013-2019",2013,2019,"XXX","DESCES-GENALG","DESCES","GENALG",1,"Control"
"39_3_XXX",1.02507836990596,"2013-2019",2013,2019,"XXX","DESCES-GENALG","DESCES","GENALG",1,"Control"
"4_1_XXX",0.95508141493543,"2013-2019",2013,2019,"XXX","DESCES-GENALG","DESCES","GENALG",1,"Control"
"6_1_XXX",1.10423102753526,"2013-2019",2013,2019,"XXX","DESCES-GENALG","DESCES","GENALG",1,"Control"
"22_2_XXX",0.697674418604651,"2013-2019",2013,2019,"XXX","DESCES-GEUROS","DESCES","GEUROS",1,"Control"
"24_2_XXX",0.673851389676687,"2013-2019",2013,2019,"XXX","DESCES-GEUROS","DESCES","GEUROS",1,"Control"
"33_3_XXX",0.393780113885239,"2013-2019",2013,2019,"XXX","DESCES-GEUROS","DESCES","GEUROS",1,"Control"
"39_3_XXX",0.949207639171069,"2013-2019",2013,2019,"XXX","DESCES-GEUROS","DESCES","GEUROS",1,"Control"
"4_1_XXX",0.38572189664358,"2013-2019",2013,2019,"XXX","DESCES-GEUROS","DESCES","GEUROS",1,"Control"
"6_1_XXX",0.697189097103918,"2013-2019",2013,2019,"XXX","DESCES-GEUROS","DESCES","GEUROS",1,"Control"
"22_2_XXX",0.798421372191864,"2013-2019",2013,2019,"XXX","DESCES-TRIPAR","DESCES","TRIPAR",1,"Control"
"24_2_XXX",1,"2013-2019",2013,2019,"XXX","DESCES-TRIPAR","DESCES","TRIPAR",1,"Control"
"33_3_XXX",0.816436712657469,"2013-2019",2013,2019,"XXX","DESCES-TRIPAR","DESCES","TRIPAR",1,"Control"
"39_3_XXX",0.935538057742782,"2013-2019",2013,2019,"XXX","DESCES-TRIPAR","DESCES","TRIPAR",1,"Control"
"4_1_XXX",1.17269076305221,"2013-2019",2013,2019,"XXX","DESCES-TRIPAR","DESCES","TRIPAR",1,"Control"
"6_1_XXX",0.804610877595211,"2013-2019",2013,2019,"XXX","DESCES-TRIPAR","DESCES","TRIPAR",1,"Control"
"22_2_XXX",0.886524822695036,"2013-2019",2013,2019,"XXX","GENALG-GEUROS","GENALG","GEUROS",1,"Control"
"24_2_XXX",1.65271966527197,"2013-2019",2013,2019,"XXX","GENALG-GEUROS","GENALG","GEUROS",1,"Control"
"33_3_XXX",1.17349726775956,"2013-2019",2013,2019,"XXX","GENALG-GEUROS","GENALG","GEUROS",1,"Control"
"39_3_XXX",1.83657587548638,"2013-2019",2013,2019,"XXX","GENALG-GEUROS","GENALG","GEUROS",1,"Control"
"4_1_XXX",1.01080704200802,"2013-2019",2013,2019,"XXX","GENALG-GEUROS","GENALG","GEUROS",1,"Control"
"6_1_XXX",1.16322787712059,"2013-2019",2013,2019,"XXX","GENALG-GEUROS","GENALG","GEUROS",1,"Control"
"22_2_XXX",0.604887983706721,"2013-2019",2013,2019,"XXX","GENALG-TRIPAR","GENALG","TRIPAR",1,"Control"
"24_2_XXX",1,"2013-2019",2013,2019,"XXX","GENALG-TRIPAR","GENALG","TRIPAR",1,"Control"
"33_3_XXX",1.40086206896552,"2013-2019",2013,2019,"XXX","GENALG-TRIPAR","GENALG","TRIPAR",1,"Control"
"39_3_XXX",1.07334273624824,"2013-2019",2013,2019,"XXX","GENALG-TRIPAR","GENALG","TRIPAR",1,"Control"
"4_1_XXX",0.900452488687783,"2013-2019",2013,2019,"XXX","GENALG-TRIPAR","GENALG","TRIPAR",1,"Control"
"6_1_XXX",0.4140625,"2013-2019",2013,2019,"XXX","GENALG-TRIPAR","GENALG","TRIPAR",1,"Control"
"22_2_XXX",1.26631158455393,"2013-2019",2013,2019,"XXX","GEUROS-TRIPAR","GEUROS","TRIPAR",1,"Control"
"24_2_XXX",1,"2013-2019",2013,2019,"XXX","GEUROS-TRIPAR","GEUROS","TRIPAR",1,"Control"
"33_3_XXX",1.19376693766938,"2013-2019",2013,2019,"XXX","GEUROS-TRIPAR","GEUROS","TRIPAR",1,"Control"
"39_3_XXX",1.15072463768116,"2013-2019",2013,2019,"XXX","GEUROS-TRIPAR","GEUROS","TRIPAR",1,"Control"
"4_1_XXX",0.837256220578346,"2013-2019",2013,2019,"XXX","GEUROS-TRIPAR","GEUROS","TRIPAR",1,"Control"
"6_1_XXX",0.883262466177039,"2013-2019",2013,2019,"XXX","GEUROS-TRIPAR","GEUROS","TRIPAR",1,"Control"
"22_2_XXX",1.39845758354756,"2014-2020",2014,2020,"XXX","ARTSCO-BISBIS","ARTSCO","BISBIS",1,"Control"
"24_2_XXX",1.36901121304791,"2014-2020",2014,2020,"XXX","ARTSCO-BISBIS","ARTSCO","BISBIS",1,"Control"
"33_3_XXX",0.820738137082601,"2014-2020",2014,2020,"XXX","ARTSCO-BISBIS","ARTSCO","BISBIS",1,"Control"
"39_3_XXX",0.704119850187266,"2014-2020",2014,2020,"XXX","ARTSCO-BISBIS","ARTSCO","BISBIS",1,"Control"
"4_1_XXX",1.20363636363636,"2014-2020",2014,2020,"XXX","ARTSCO-BISBIS","ARTSCO","BISBIS",1,"Control"
"6_1_XXX",1.3420365535248,"2014-2020",2014,2020,"XXX","ARTSCO-BISBIS","ARTSCO","BISBIS",1,"Control"
"22_2_XXX",0.981790591805766,"2014-2020",2014,2020,"XXX","ARTSCO-CALLEP","ARTSCO","CALLEP",1,"Control"
"24_2_XXX",1.09333333333333,"2014-2020",2014,2020,"XXX","ARTSCO-CALLEP","ARTSCO","CALLEP",1,"Control"
"33_3_XXX",0.963254593175853,"2014-2020",2014,2020,"XXX","ARTSCO-CALLEP","ARTSCO","CALLEP",1,"Control"
"39_3_XXX",1.71331058020478,"2014-2020",2014,2020,"XXX","ARTSCO-CALLEP","ARTSCO","CALLEP",1,"Control"
"4_1_XXX",1,"2014-2020",2014,2020,"XXX","ARTSCO-CALLEP","ARTSCO","CALLEP",1,"Control"
"6_1_XXX",1.19791666666667,"2014-2020",2014,2020,"XXX","ARTSCO-CALLEP","ARTSCO","CALLEP",1,"Control"
"22_2_XXX",1.20218579234973,"2014-2020",2014,2020,"XXX","ARTSCO-CARSCO","ARTSCO","CARSCO",1,"Control"
"24_2_XXX",0.422355588897224,"2014-2020",2014,2020,"XXX","ARTSCO-CARSCO","ARTSCO","CARSCO",1,"Control"
"33_3_XXX",1.2620320855615,"2014-2020",2014,2020,"XXX","ARTSCO-CARSCO","ARTSCO","CARSCO",1,"Control"
"39_3_XXX",1.11738148984199,"2014-2020",2014,2020,"XXX","ARTSCO-CARSCO","ARTSCO","CARSCO",1,"Control"
"4_1_XXX",0.924528301886792,"2014-2020",2014,2020,"XXX","ARTSCO-CARSCO","ARTSCO","CARSCO",1,"Control"
"6_1_XXX",0.851537645811241,"2014-2020",2014,2020,"XXX","ARTSCO-CARSCO","ARTSCO","CARSCO",1,"Control"
"22_2_XXX",0.575712143928036,"2014-2020",2014,2020,"XXX","ARTSCO-DESCES","ARTSCO","DESCES",1,"Control"
"24_2_XXX",1.00452488687783,"2014-2020",2014,2020,"XXX","ARTSCO-DESCES","ARTSCO","DESCES",1,"Control"
"33_3_XXX",0.551224944320713,"2014-2020",2014,2020,"XXX","ARTSCO-DESCES","ARTSCO","DESCES",1,"Control"
"39_3_XXX",0.818840579710145,"2014-2020",2014,2020,"XXX","ARTSCO-DESCES","ARTSCO","DESCES",1,"Control"
"4_1_XXX",0.824817518248175,"2014-2020",2014,2020,"XXX","ARTSCO-DESCES","ARTSCO","DESCES",1,"Control"
"6_1_XXX",0.84347447480135,"2014-2020",2014,2020,"XXX","ARTSCO-DESCES","ARTSCO","DESCES",1,"Control"
"22_2_XXX",1.43093922651934,"2014-2020",2014,2020,"XXX","ARTSCO-GENALG","ARTSCO","GENALG",1,"Control"
"24_2_XXX",0.652567975830816,"2014-2020",2014,2020,"XXX","ARTSCO-GENALG","ARTSCO","GENALG",1,"Control"
"33_3_XXX",1.40304182509506,"2014-2020",2014,2020,"XXX","ARTSCO-GENALG","ARTSCO","GENALG",1,"Control"
"39_3_XXX",0.932926829268293,"2014-2020",2014,2020,"XXX","ARTSCO-GENALG","ARTSCO","GENALG",1,"Control"
"4_1_XXX",0.993670886075949,"2014-2020",2014,2020,"XXX","ARTSCO-GENALG","ARTSCO","GENALG",1,"Control"
"6_1_XXX",1.38888888888889,"2014-2020",2014,2020,"XXX","ARTSCO-GENALG","ARTSCO","GENALG",1,"Control"
"22_2_XXX",0.826829268292683,"2014-2020",2014,2020,"XXX","ARTSCO-GEUROS","ARTSCO","GEUROS",1,"Control"
"24_2_XXX",0.947236180904523,"2014-2020",2014,2020,"XXX","ARTSCO-GEUROS","ARTSCO","GEUROS",1,"Control"
"33_3_XXX",1.17331499312242,"2014-2020",2014,2020,"XXX","ARTSCO-GEUROS","ARTSCO","GEUROS",1,"Control"
"39_3_XXX",1.18143459915612,"2014-2020",2014,2020,"XXX","ARTSCO-GEUROS","ARTSCO","GEUROS",1,"Control"
"4_1_XXX",1.15161572052402,"2014-2020",2014,2020,"XXX","ARTSCO-GEUROS","ARTSCO","GEUROS",1,"Control"
"6_1_XXX",1.41962651043574,"2014-2020",2014,2020,"XXX","ARTSCO-GEUROS","ARTSCO","GEUROS",1,"Control"
"22_2_XXX",0.916876574307305,"2014-2020",2014,2020,"XXX","ARTSCO-TRIPAR","ARTSCO","TRIPAR",1,"Control"
"24_2_XXX",1,"2014-2020",2014,2020,"XXX","ARTSCO-TRIPAR","ARTSCO","TRIPAR",1,"Control"
"33_3_XXX",1.27152317880795,"2014-2020",2014,2020,"XXX","ARTSCO-TRIPAR","ARTSCO","TRIPAR",1,"Control"
"39_3_XXX",1.14833127317676,"2014-2020",2014,2020,"XXX","ARTSCO-TRIPAR","ARTSCO","TRIPAR",1,"Control"
"4_1_XXX",0.311653116531165,"2014-2020",2014,2020,"XXX","ARTSCO-TRIPAR","ARTSCO","TRIPAR",1,"Control"
"6_1_XXX",0.862467866323907,"2014-2020",2014,2020,"XXX","ARTSCO-TRIPAR","ARTSCO","TRIPAR",1,"Control"
"22_2_XXX",0.824,"2014-2020",2014,2020,"XXX","BISBIS-CALLEP","BISBIS","CALLEP",1,"Control"
"24_2_XXX",1.42317380352645,"2014-2020",2014,2020,"XXX","BISBIS-CALLEP","BISBIS","CALLEP",1,"Control"
"33_3_XXX",0.756521739130435,"2014-2020",2014,2020,"XXX","BISBIS-CALLEP","BISBIS","CALLEP",1,"Control"
"39_3_XXX",1.29012345679012,"2014-2020",2014,2020,"XXX","BISBIS-CALLEP","BISBIS","CALLEP",1,"Control"
"4_1_XXX",1,"2014-2020",2014,2020,"XXX","BISBIS-CALLEP","BISBIS","CALLEP",1,"Control"
"6_1_XXX",1.04109589041096,"2014-2020",2014,2020,"XXX","BISBIS-CALLEP","BISBIS","CALLEP",1,"Control"
"22_2_XXX",0.696969696969697,"2014-2020",2014,2020,"XXX","BISBIS-CARSCO","BISBIS","CARSCO",1,"Control"
"24_2_XXX",0.907547169811321,"2014-2020",2014,2020,"XXX","BISBIS-CARSCO","BISBIS","CARSCO",1,"Control"
"33_3_XXX",1.09417040358744,"2014-2020",2014,2020,"XXX","BISBIS-CARSCO","BISBIS","CARSCO",1,"Control"
"39_3_XXX",0.974358974358974,"2014-2020",2014,2020,"XXX","BISBIS-CARSCO","BISBIS","CARSCO",1,"Control"
"4_1_XXX",0.855457227138643,"2014-2020",2014,2020,"XXX","BISBIS-CARSCO","BISBIS","CARSCO",1,"Control"
"6_1_XXX",1.52434456928839,"2014-2020",2014,2020,"XXX","BISBIS-CARSCO","BISBIS","CARSCO",1,"Control"
"22_2_XXX",0.75,"2014-2020",2014,2020,"XXX","BISBIS-DESCES","BISBIS","DESCES",1,"Control"
"24_2_XXX",0.838251714787047,"2014-2020",2014,2020,"XXX","BISBIS-DESCES","BISBIS","DESCES",1,"Control"
"33_3_XXX",1.04242952630049,"2014-2020",2014,2020,"XXX","BISBIS-DESCES","BISBIS","DESCES",1,"Control"
"39_3_XXX",1.08081264108352,"2014-2020",2014,2020,"XXX","BISBIS-DESCES","BISBIS","DESCES",1,"Control"
"4_1_XXX",0.862359550561798,"2014-2020",2014,2020,"XXX","BISBIS-DESCES","BISBIS","DESCES",1,"Control"
"6_1_XXX",0.645265685353377,"2014-2020",2014,2020,"XXX","BISBIS-DESCES","BISBIS","DESCES",1,"Control"
"22_2_XXX",1.65263157894737,"2014-2020",2014,2020,"XXX","BISBIS-GENALG","BISBIS","GENALG",1,"Control"
"24_2_XXX",1.16890595009597,"2014-2020",2014,2020,"XXX","BISBIS-GENALG","BISBIS","GENALG",1,"Control"
"33_3_XXX",0.368,"2014-2020",2014,2020,"XXX","BISBIS-GENALG","BISBIS","GENALG",1,"Control"
"39_3_XXX",0.776649746192893,"2014-2020",2014,2020,"XXX","BISBIS-GENALG","BISBIS","GENALG",1,"Control"
"4_1_XXX",0.979320531757755,"2014-2020",2014,2020,"XXX","BISBIS-GENALG","BISBIS","GENALG",1,"Control"
"6_1_XXX",0.689111747851003,"2014-2020",2014,2020,"XXX","BISBIS-GENALG","BISBIS","GENALG",1,"Control"
"22_2_XXX",1.32167832167832,"2014-2020",2014,2020,"XXX","BISBIS-GEUROS","BISBIS","GEUROS",1,"Control"
"24_2_XXX",1.17743979721166,"2014-2020",2014,2020,"XXX","BISBIS-GEUROS","BISBIS","GEUROS",1,"Control"
"33_3_XXX",0.964454116793616,"2014-2020",2014,2020,"XXX","BISBIS-GEUROS","BISBIS","GEUROS",1,"Control"
"39_3_XXX",0.688679245283019,"2014-2020",2014,2020,"XXX","BISBIS-GEUROS","BISBIS","GEUROS",1,"Control"
"4_1_XXX",0.834080717488789,"2014-2020",2014,2020,"XXX","BISBIS-GEUROS","BISBIS","GEUROS",1,"Control"
"6_1_XXX",1.25040025616394,"2014-2020",2014,2020,"XXX","BISBIS-GEUROS","BISBIS","GEUROS",1,"Control"
"22_2_XXX",0.507692307692308,"2014-2020",2014,2020,"XXX","BISBIS-TRIPAR","BISBIS","TRIPAR",1,"Control"
"24_2_XXX",1,"2014-2020",2014,2020,"XXX","BISBIS-TRIPAR","BISBIS","TRIPAR",1,"Control"
"33_3_XXX",0.377483443708609,"2014-2020",2014,2020,"XXX","BISBIS-TRIPAR","BISBIS","TRIPAR",1,"Control"
"39_3_XXX",0.810526315789474,"2014-2020",2014,2020,"XXX","BISBIS-TRIPAR","BISBIS","TRIPAR",1,"Control"
"4_1_XXX",0.779279279279279,"2014-2020",2014,2020,"XXX","BISBIS-TRIPAR","BISBIS","TRIPAR",1,"Control"
"6_1_XXX",1.78205128205128,"2014-2020",2014,2020,"XXX","BISBIS-TRIPAR","BISBIS","TRIPAR",1,"Control"
"22_2_XXX",1.12658227848101,"2014-2020",2014,2020,"XXX","CALLEP-CARSCO","CALLEP","CARSCO",1,"Control"
"24_2_XXX",0.962616822429907,"2014-2020",2014,2020,"XXX","CALLEP-CARSCO","CALLEP","CARSCO",1,"Control"
"33_3_XXX",0.8,"2014-2020",2014,2020,"XXX","CALLEP-CARSCO","CALLEP","CARSCO",1,"Control"
"39_3_XXX",1.02958579881657,"2014-2020",2014,2020,"XXX","CALLEP-CARSCO","CALLEP","CARSCO",1,"Control"
"4_1_XXX",1,"2014-2020",2014,2020,"XXX","CALLEP-CARSCO","CALLEP","CARSCO",1,"Control"
"6_1_XXX",0.908015768725361,"2014-2020",2014,2020,"XXX","CALLEP-CARSCO","CALLEP","CARSCO",1,"Control"
"22_2_XXX",0.94273127753304,"2014-2020",2014,2020,"XXX","CALLEP-DESCES","CALLEP","DESCES",1,"Control"
"24_2_XXX",0.693588162762022,"2014-2020",2014,2020,"XXX","CALLEP-DESCES","CALLEP","DESCES",1,"Control"
"33_3_XXX",0.987088841069782,"2014-2020",2014,2020,"XXX","CALLEP-DESCES","CALLEP","DESCES",1,"Control"
"39_3_XXX",0.91343150379295,"2014-2020",2014,2020,"XXX","CALLEP-DESCES","CALLEP","DESCES",1,"Control"
"4_1_XXX",1,"2014-2020",2014,2020,"XXX","CALLEP-DESCES","CALLEP","DESCES",1,"Control"
"6_1_XXX",1.00044419766796,"2014-2020",2014,2020,"XXX","CALLEP-DESCES","CALLEP","DESCES",1,"Control"
"22_2_XXX",0.971830985915493,"2014-2020",2014,2020,"XXX","CALLEP-GENALG","CALLEP","GENALG",1,"Control"
"24_2_XXX",1.22702702702703,"2014-2020",2014,2020,"XXX","CALLEP-GENALG","CALLEP","GENALG",1,"Control"
"33_3_XXX",1.33689839572193,"2014-2020",2014,2020,"XXX","CALLEP-GENALG","CALLEP","GENALG",1,"Control"
"39_3_XXX",0.90134529147982,"2014-2020",2014,2020,"XXX","CALLEP-GENALG","CALLEP","GENALG",1,"Control"
"4_1_XXX",1,"2014-2020",2014,2020,"XXX","CALLEP-GENALG","CALLEP","GENALG",1,"Control"
"6_1_XXX",1.2258064516129,"2014-2020",2014,2020,"XXX","CALLEP-GENALG","CALLEP","GENALG",1,"Control"
"22_2_XXX",1.04790419161677,"2014-2020",2014,2020,"XXX","CALLEP-GEUROS","CALLEP","GEUROS",1,"Control"
"24_2_XXX",1.58333333333333,"2014-2020",2014,2020,"XXX","CALLEP-GEUROS","CALLEP","GEUROS",1,"Control"
"33_3_XXX",1.11989100817439,"2014-2020",2014,2020,"XXX","CALLEP-GEUROS","CALLEP","GEUROS",1,"Control"
"39_3_XXX",1.11363636363636,"2014-2020",2014,2020,"XXX","CALLEP-GEUROS","CALLEP","GEUROS",1,"Control"
"4_1_XXX",1,"2014-2020",2014,2020,"XXX","CALLEP-GEUROS","CALLEP","GEUROS",1,"Control"
"6_1_XXX",1.06512357787368,"2014-2020",2014,2020,"XXX","CALLEP-GEUROS","CALLEP","GEUROS",1,"Control"
"22_2_XXX",1.18439716312057,"2014-2020",2014,2020,"XXX","CALLEP-TRIPAR","CALLEP","TRIPAR",1,"Control"
"24_2_XXX",1,"2014-2020",2014,2020,"XXX","CALLEP-TRIPAR","CALLEP","TRIPAR",1,"Control"
"33_3_XXX",1.15849056603774,"2014-2020",2014,2020,"XXX","CALLEP-TRIPAR","CALLEP","TRIPAR",1,"Control"
"39_3_XXX",1.12853470437018,"2014-2020",2014,2020,"XXX","CALLEP-TRIPAR","CALLEP","TRIPAR",1,"Control"
"4_1_XXX",1,"2014-2020",2014,2020,"XXX","CALLEP-TRIPAR","CALLEP","TRIPAR",1,"Control"
"6_1_XXX",0.984899328859061,"2014-2020",2014,2020,"XXX","CALLEP-TRIPAR","CALLEP","TRIPAR",1,"Control"
"22_2_XXX",0.830238726790451,"2014-2020",2014,2020,"XXX","CARSCO-DESCES","CARSCO","DESCES",1,"Control"
"24_2_XXX",0.754719830841263,"2014-2020",2014,2020,"XXX","CARSCO-DESCES","CARSCO","DESCES",1,"Control"
"33_3_XXX",0.92667898952557,"2014-2020",2014,2020,"XXX","CARSCO-DESCES","CARSCO","DESCES",1,"Control"
"39_3_XXX",1.07360936846508,"2014-2020",2014,2020,"XXX","CARSCO-DESCES","CARSCO","DESCES",1,"Control"
"4_1_XXX",1.03299725022915,"2014-2020",2014,2020,"XXX","CARSCO-DESCES","CARSCO","DESCES",1,"Control"
"6_1_XXX",0.687166871668717,"2014-2020",2014,2020,"XXX","CARSCO-DESCES","CARSCO","DESCES",1,"Control"
"22_2_XXX",1.43055555555556,"2014-2020",2014,2020,"XXX","CARSCO-GENALG","CARSCO","GENALG",1,"Control"
"24_2_XXX",1.83390607101947,"2014-2020",2014,2020,"XXX","CARSCO-GENALG","CARSCO","GENALG",1,"Control"
"33_3_XXX",1.03888888888889,"2014-2020",2014,2020,"XXX","CARSCO-GENALG","CARSCO","GENALG",1,"Control"
"39_3_XXX",0.388739946380697,"2014-2020",2014,2020,"XXX","CARSCO-GENALG","CARSCO","GENALG",1,"Control"
"4_1_XXX",1.09090909090909,"2014-2020",2014,2020,"XXX","CARSCO-GENALG","CARSCO","GENALG",1,"Control"
"6_1_XXX",0.584,"2014-2020",2014,2020,"XXX","CARSCO-GENALG","CARSCO","GENALG",1,"Control"
"22_2_XXX",0.608333333333333,"2014-2020",2014,2020,"XXX","CARSCO-GEUROS","CARSCO","GEUROS",1,"Control"
"24_2_XXX",1.3680981595092,"2014-2020",2014,2020,"XXX","CARSCO-GEUROS","CARSCO","GEUROS",1,"Control"
"33_3_XXX",1.02732240437158,"2014-2020",2014,2020,"XXX","CARSCO-GEUROS","CARSCO","GEUROS",1,"Control"
"39_3_XXX",0.890070921985816,"2014-2020",2014,2020,"XXX","CARSCO-GEUROS","CARSCO","GEUROS",1,"Control"
"4_1_XXX",0.989960559340265,"2014-2020",2014,2020,"XXX","CARSCO-GEUROS","CARSCO","GEUROS",1,"Control"
"6_1_XXX",0.686060606060606,"2014-2020",2014,2020,"XXX","CARSCO-GEUROS","CARSCO","GEUROS",1,"Control"
"22_2_XXX",0.962616822429907,"2014-2020",2014,2020,"XXX","CARSCO-TRIPAR","CARSCO","TRIPAR",1,"Control"
"24_2_XXX",1,"2014-2020",2014,2020,"XXX","CARSCO-TRIPAR","CARSCO","TRIPAR",1,"Control"
"33_3_XXX",0.837209302325581,"2014-2020",2014,2020,"XXX","CARSCO-TRIPAR","CARSCO","TRIPAR",1,"Control"
"39_3_XXX",0.975733063700708,"2014-2020",2014,2020,"XXX","CARSCO-TRIPAR","CARSCO","TRIPAR",1,"Control"
"4_1_XXX",1.07207207207207,"2014-2020",2014,2020,"XXX","CARSCO-TRIPAR","CARSCO","TRIPAR",1,"Control"
"6_1_XXX",1.55085374907201,"2014-2020",2014,2020,"XXX","CARSCO-TRIPAR","CARSCO","TRIPAR",1,"Control"
"22_2_XXX",0.576407506702413,"2014-2020",2014,2020,"XXX","DESCES-GENALG","DESCES","GENALG",1,"Control"
"24_2_XXX",0.647307924984876,"2014-2020",2014,2020,"XXX","DESCES-GENALG","DESCES","GENALG",1,"Control"
"33_3_XXX",0.914655679811654,"2014-2020",2014,2020,"XXX","DESCES-GENALG","DESCES","GENALG",1,"Control"
"39_3_XXX",1.11775043936731,"2014-2020",2014,2020,"XXX","DESCES-GENALG","DESCES","GENALG",1,"Control"
"4_1_XXX",0.944979367262723,"2014-2020",2014,2020,"XXX","DESCES-GENALG","DESCES","GENALG",1,"Control"
"6_1_XXX",1.09825638776182,"2014-2020",2014,2020,"XXX","DESCES-GENALG","DESCES","GENALG",1,"Control"
"22_2_XXX",0.605700712589074,"2014-2020",2014,2020,"XXX","DESCES-GEUROS","DESCES","GEUROS",1,"Control"
"24_2_XXX",0.621511627906977,"2014-2020",2014,2020,"XXX","DESCES-GEUROS","DESCES","GEUROS",1,"Control"
"33_3_XXX",0.292733564013841,"2014-2020",2014,2020,"XXX","DESCES-GEUROS","DESCES","GEUROS",1,"Control"
"39_3_XXX",1.04713958810069,"2014-2020",2014,2020,"XXX","DESCES-GEUROS","DESCES","GEUROS",1,"Control"
"4_1_XXX",0.356737222509035,"2014-2020",2014,2020,"XXX","DESCES-GEUROS","DESCES","GEUROS",1,"Control"
"6_1_XXX",0.586625086625087,"2014-2020",2014,2020,"XXX","DESCES-GEUROS","DESCES","GEUROS",1,"Control"
"22_2_XXX",0.767156862745098,"2014-2020",2014,2020,"XXX","DESCES-TRIPAR","DESCES","TRIPAR",1,"Control"
"24_2_XXX",1,"2014-2020",2014,2020,"XXX","DESCES-TRIPAR","DESCES","TRIPAR",1,"Control"
"33_3_XXX",0.844649021864212,"2014-2020",2014,2020,"XXX","DESCES-TRIPAR","DESCES","TRIPAR",1,"Control"
"39_3_XXX",0.936286478316475,"2014-2020",2014,2020,"XXX","DESCES-TRIPAR","DESCES","TRIPAR",1,"Control"
"4_1_XXX",1.20401337792642,"2014-2020",2014,2020,"XXX","DESCES-TRIPAR","DESCES","TRIPAR",1,"Control"
"6_1_XXX",0.74622041497237,"2014-2020",2014,2020,"XXX","DESCES-TRIPAR","DESCES","TRIPAR",1,"Control"
"22_2_XXX",1.12931034482759,"2014-2020",2014,2020,"XXX","GENALG-GEUROS","GENALG","GEUROS",1,"Control"
"24_2_XXX",1.69257950530035,"2014-2020",2014,2020,"XXX","GENALG-GEUROS","GENALG","GEUROS",1,"Control"
"33_3_XXX",1.11864406779661,"2014-2020",2014,2020,"XXX","GENALG-GEUROS","GENALG","GEUROS",1,"Control"
"39_3_XXX",1.67664670658683,"2014-2020",2014,2020,"XXX","GENALG-GEUROS","GENALG","GEUROS",1,"Control"
"4_1_XXX",1.02008248162094,"2014-2020",2014,2020,"XXX","GENALG-GEUROS","GENALG","GEUROS",1,"Control"
"6_1_XXX",1.10514457378896,"2014-2020",2014,2020,"XXX","GENALG-GEUROS","GENALG","GEUROS",1,"Control"
"22_2_XXX",0.70873786407767,"2014-2020",2014,2020,"XXX","GENALG-TRIPAR","GENALG","TRIPAR",1,"Control"
"24_2_XXX",1,"2014-2020",2014,2020,"XXX","GENALG-TRIPAR","GENALG","TRIPAR",1,"Control"
"33_3_XXX",1.19024390243902,"2014-2020",2014,2020,"XXX","GENALG-TRIPAR","GENALG","TRIPAR",1,"Control"
"39_3_XXX",1.04158790170132,"2014-2020",2014,2020,"XXX","GENALG-TRIPAR","GENALG","TRIPAR",1,"Control"
"4_1_XXX",0.900452488687783,"2014-2020",2014,2020,"XXX","GENALG-TRIPAR","GENALG","TRIPAR",1,"Control"
"6_1_XXX",0.41830985915493,"2014-2020",2014,2020,"XXX","GENALG-TRIPAR","GENALG","TRIPAR",1,"Control"
"22_2_XXX",1.05298013245033,"2014-2020",2014,2020,"XXX","GEUROS-TRIPAR","GEUROS","TRIPAR",1,"Control"
"24_2_XXX",1,"2014-2020",2014,2020,"XXX","GEUROS-TRIPAR","GEUROS","TRIPAR",1,"Control"
"33_3_XXX",1.14040114613181,"2014-2020",2014,2020,"XXX","GEUROS-TRIPAR","GEUROS","TRIPAR",1,"Control"
"39_3_XXX",1.20606060606061,"2014-2020",2014,2020,"XXX","GEUROS-TRIPAR","GEUROS","TRIPAR",1,"Control"
"4_1_XXX",0.801658604008293,"2014-2020",2014,2020,"XXX","GEUROS-TRIPAR","GEUROS","TRIPAR",1,"Control"
"6_1_XXX",1.02870813397129,"2014-2020",2014,2020,"XXX","GEUROS-TRIPAR","GEUROS","TRIPAR",1,"Control"
"22_2_XXX",1.37890625,"2015-2021",2015,2021,"XXX","ARTSCO-BISBIS","ARTSCO","BISBIS",1,"Control"
"24_2_XXX",1.36926889714994,"2015-2021",2015,2021,"XXX","ARTSCO-BISBIS","ARTSCO","BISBIS",1,"Control"
"33_3_XXX",0.724007561436673,"2015-2021",2015,2021,"XXX","ARTSCO-BISBIS","ARTSCO","BISBIS",1,"Control"
"39_3_XXX",0.811594202898551,"2015-2021",2015,2021,"XXX","ARTSCO-BISBIS","ARTSCO","BISBIS",1,"Control"
"4_1_XXX",1.12046058458813,"2015-2021",2015,2021,"XXX","ARTSCO-BISBIS","ARTSCO","BISBIS",1,"Control"
"6_1_XXX",1.06063618290258,"2015-2021",2015,2021,"XXX","ARTSCO-BISBIS","ARTSCO","BISBIS",1,"Control"
"22_2_XXX",0.99585277345775,"2015-2021",2015,2021,"XXX","ARTSCO-CALLEP","ARTSCO","CALLEP",1,"Control"
"24_2_XXX",0.945736434108527,"2015-2021",2015,2021,"XXX","ARTSCO-CALLEP","ARTSCO","CALLEP",1,"Control"
"33_3_XXX",0.949008498583569,"2015-2021",2015,2021,"XXX","ARTSCO-CALLEP","ARTSCO","CALLEP",1,"Control"
"39_3_XXX",1.74358974358974,"2015-2021",2015,2021,"XXX","ARTSCO-CALLEP","ARTSCO","CALLEP",1,"Control"
"4_1_XXX",1,"2015-2021",2015,2021,"XXX","ARTSCO-CALLEP","ARTSCO","CALLEP",1,"Control"
"6_1_XXX",1.19834710743802,"2015-2021",2015,2021,"XXX","ARTSCO-CALLEP","ARTSCO","CALLEP",1,"Control"
"22_2_XXX",1.30635838150289,"2015-2021",2015,2021,"XXX","ARTSCO-CARSCO","ARTSCO","CARSCO",1,"Control"
"24_2_XXX",0.836871508379888,"2015-2021",2015,2021,"XXX","ARTSCO-CARSCO","ARTSCO","CARSCO",1,"Control"
"33_3_XXX",1.29673590504451,"2015-2021",2015,2021,"XXX","ARTSCO-CARSCO","ARTSCO","CARSCO",1,"Control"
"39_3_XXX",1.07843137254902,"2015-2021",2015,2021,"XXX","ARTSCO-CARSCO","ARTSCO","CARSCO",1,"Control"
"4_1_XXX",1,"2015-2021",2015,2021,"XXX","ARTSCO-CARSCO","ARTSCO","CARSCO",1,"Control"
"6_1_XXX",1.09851088201604,"2015-2021",2015,2021,"XXX","ARTSCO-CARSCO","ARTSCO","CARSCO",1,"Control"
"22_2_XXX",0.382867132867133,"2015-2021",2015,2021,"XXX","ARTSCO-DESCES","ARTSCO","DESCES",1,"Control"
"24_2_XXX",0.931181485992692,"2015-2021",2015,2021,"XXX","ARTSCO-DESCES","ARTSCO","DESCES",1,"Control"
"33_3_XXX",0.61803084223013,"2015-2021",2015,2021,"XXX","ARTSCO-DESCES","ARTSCO","DESCES",1,"Control"
"39_3_XXX",0.715511551155116,"2015-2021",2015,2021,"XXX","ARTSCO-DESCES","ARTSCO","DESCES",1,"Control"
"4_1_XXX",0.848123620309051,"2015-2021",2015,2021,"XXX","ARTSCO-DESCES","ARTSCO","DESCES",1,"Control"
"6_1_XXX",0.872200403354209,"2015-2021",2015,2021,"XXX","ARTSCO-DESCES","ARTSCO","DESCES",1,"Control"
"22_2_XXX",1.35533980582524,"2015-2021",2015,2021,"XXX","ARTSCO-GENALG","ARTSCO","GENALG",1,"Control"
"24_2_XXX",1.06787330316742,"2015-2021",2015,2021,"XXX","ARTSCO-GENALG","ARTSCO","GENALG",1,"Control"
"33_3_XXX",1.55301455301455,"2015-2021",2015,2021,"XXX","ARTSCO-GENALG","ARTSCO","GENALG",1,"Control"
"39_3_XXX",0.8014440433213,"2015-2021",2015,2021,"XXX","ARTSCO-GENALG","ARTSCO","GENALG",1,"Control"
"4_1_XXX",1.04022988505747,"2015-2021",2015,2021,"XXX","ARTSCO-GENALG","ARTSCO","GENALG",1,"Control"
"6_1_XXX",0.891472868217054,"2015-2021",2015,2021,"XXX","ARTSCO-GENALG","ARTSCO","GENALG",1,"Control"
"22_2_XXX",1.30560271646859,"2015-2021",2015,2021,"XXX","ARTSCO-GEUROS","ARTSCO","GEUROS",1,"Control"
"24_2_XXX",1.11538461538462,"2015-2021",2015,2021,"XXX","ARTSCO-GEUROS","ARTSCO","GEUROS",1,"Control"
"33_3_XXX",1.09327846364883,"2015-2021",2015,2021,"XXX","ARTSCO-GEUROS","ARTSCO","GEUROS",1,"Control"
"39_3_XXX",1.14912280701754,"2015-2021",2015,2021,"XXX","ARTSCO-GEUROS","ARTSCO","GEUROS",1,"Control"
"4_1_XXX",1.2049987376925,"2015-2021",2015,2021,"XXX","ARTSCO-GEUROS","ARTSCO","GEUROS",1,"Control"
"6_1_XXX",1.39008533116619,"2015-2021",2015,2021,"XXX","ARTSCO-GEUROS","ARTSCO","GEUROS",1,"Control"
"22_2_XXX",0.837638376383764,"2015-2021",2015,2021,"XXX","ARTSCO-TRIPAR","ARTSCO","TRIPAR",1,"Control"
"24_2_XXX",1,"2015-2021",2015,2021,"XXX","ARTSCO-TRIPAR","ARTSCO","TRIPAR",1,"Control"
"33_3_XXX",1.06382978723404,"2015-2021",2015,2021,"XXX","ARTSCO-TRIPAR","ARTSCO","TRIPAR",1,"Control"
"39_3_XXX",1.16331360946746,"2015-2021",2015,2021,"XXX","ARTSCO-TRIPAR","ARTSCO","TRIPAR",1,"Control"
"4_1_XXX",0.538461538461538,"2015-2021",2015,2021,"XXX","ARTSCO-TRIPAR","ARTSCO","TRIPAR",1,"Control"
"6_1_XXX",1.34262948207171,"2015-2021",2015,2021,"XXX","ARTSCO-TRIPAR","ARTSCO","TRIPAR",1,"Control"
"22_2_XXX",0.86046511627907,"2015-2021",2015,2021,"XXX","BISBIS-CALLEP","BISBIS","CALLEP",1,"Control"
"24_2_XXX",1.35805626598465,"2015-2021",2015,2021,"XXX","BISBIS-CALLEP","BISBIS","CALLEP",1,"Control"
"33_3_XXX",0.859504132231405,"2015-2021",2015,2021,"XXX","BISBIS-CALLEP","BISBIS","CALLEP",1,"Control"
"39_3_XXX",1.36046511627907,"2015-2021",2015,2021,"XXX","BISBIS-CALLEP","BISBIS","CALLEP",1,"Control"
"4_1_XXX",1,"2015-2021",2015,2021,"XXX","BISBIS-CALLEP","BISBIS","CALLEP",1,"Control"
"6_1_XXX",0.998708010335917,"2015-2021",2015,2021,"XXX","BISBIS-CALLEP","BISBIS","CALLEP",1,"Control"
"22_2_XXX",1.28985507246377,"2015-2021",2015,2021,"XXX","BISBIS-CARSCO","BISBIS","CARSCO",1,"Control"
"24_2_XXX",1.23228346456693,"2015-2021",2015,2021,"XXX","BISBIS-CARSCO","BISBIS","CARSCO",1,"Control"
"33_3_XXX",1.04424778761062,"2015-2021",2015,2021,"XXX","BISBIS-CARSCO","BISBIS","CARSCO",1,"Control"
"39_3_XXX",0.909090909090909,"2015-2021",2015,2021,"XXX","BISBIS-CARSCO","BISBIS","CARSCO",1,"Control"
"4_1_XXX",0.747241725175527,"2015-2021",2015,2021,"XXX","BISBIS-CARSCO","BISBIS","CARSCO",1,"Control"
"6_1_XXX",1.27046263345196,"2015-2021",2015,2021,"XXX","BISBIS-CARSCO","BISBIS","CARSCO",1,"Control"
"22_2_XXX",0.927330173775671,"2015-2021",2015,2021,"XXX","BISBIS-DESCES","BISBIS","DESCES",1,"Control"
"24_2_XXX",0.813733760755863,"2015-2021",2015,2021,"XXX","BISBIS-DESCES","BISBIS","DESCES",1,"Control"
"33_3_XXX",1.14596749463355,"2015-2021",2015,2021,"XXX","BISBIS-DESCES","BISBIS","DESCES",1,"Control"
"39_3_XXX",1.31345454545455,"2015-2021",2015,2021,"XXX","BISBIS-DESCES","BISBIS","DESCES",1,"Control"
"4_1_XXX",0.686528497409326,"2015-2021",2015,2021,"XXX","BISBIS-DESCES","BISBIS","DESCES",1,"Control"
"6_1_XXX",0.604742288757159,"2015-2021",2015,2021,"XXX","BISBIS-DESCES","BISBIS","DESCES",1,"Control"
"22_2_XXX",1.81538461538462,"2015-2021",2015,2021,"XXX","BISBIS-GENALG","BISBIS","GENALG",1,"Control"
"24_2_XXX",1.74074074074074,"2015-2021",2015,2021,"XXX","BISBIS-GENALG","BISBIS","GENALG",1,"Control"
"33_3_XXX",0.508108108108108,"2015-2021",2015,2021,"XXX","BISBIS-GENALG","BISBIS","GENALG",1,"Control"
"39_3_XXX",0.941605839416058,"2015-2021",2015,2021,"XXX","BISBIS-GENALG","BISBIS","GENALG",1,"Control"
"4_1_XXX",0.845536609829488,"2015-2021",2015,2021,"XXX","BISBIS-GENALG","BISBIS","GENALG",1,"Control"
"6_1_XXX",0.973417721518987,"2015-2021",2015,2021,"XXX","BISBIS-GENALG","BISBIS","GENALG",1,"Control"
"22_2_XXX",0.841726618705036,"2015-2021",2015,2021,"XXX","BISBIS-GEUROS","BISBIS","GEUROS",1,"Control"
"24_2_XXX",1.26441631504923,"2015-2021",2015,2021,"XXX","BISBIS-GEUROS","BISBIS","GEUROS",1,"Control"
"33_3_XXX",0.870944741532977,"2015-2021",2015,2021,"XXX","BISBIS-GEUROS","BISBIS","GEUROS",1,"Control"
"39_3_XXX",0.931818181818182,"2015-2021",2015,2021,"XXX","BISBIS-GEUROS","BISBIS","GEUROS",1,"Control"
"4_1_XXX",0.683946488294314,"2015-2021",2015,2021,"XXX","BISBIS-GEUROS","BISBIS","GEUROS",1,"Control"
"6_1_XXX",1.33478115603074,"2015-2021",2015,2021,"XXX","BISBIS-GEUROS","BISBIS","GEUROS",1,"Control"
"22_2_XXX",0.673913043478261,"2015-2021",2015,2021,"XXX","BISBIS-TRIPAR","BISBIS","TRIPAR",1,"Control"
"24_2_XXX",1,"2015-2021",2015,2021,"XXX","BISBIS-TRIPAR","BISBIS","TRIPAR",1,"Control"
"33_3_XXX",0.377483443708609,"2015-2021",2015,2021,"XXX","BISBIS-TRIPAR","BISBIS","TRIPAR",1,"Control"
"39_3_XXX",0.810526315789474,"2015-2021",2015,2021,"XXX","BISBIS-TRIPAR","BISBIS","TRIPAR",1,"Control"
"4_1_XXX",0.530674846625767,"2015-2021",2015,2021,"XXX","BISBIS-TRIPAR","BISBIS","TRIPAR",1,"Control"
"6_1_XXX",1.28793774319066,"2015-2021",2015,2021,"XXX","BISBIS-TRIPAR","BISBIS","TRIPAR",1,"Control"
"22_2_XXX",1.06369426751592,"2015-2021",2015,2021,"XXX","CALLEP-CARSCO","CALLEP","CARSCO",1,"Control"
"24_2_XXX",1.11691022964509,"2015-2021",2015,2021,"XXX","CALLEP-CARSCO","CALLEP","CARSCO",1,"Control"
"33_3_XXX",0.62,"2015-2021",2015,2021,"XXX","CALLEP-CARSCO","CALLEP","CARSCO",1,"Control"
"39_3_XXX",0.974647887323944,"2015-2021",2015,2021,"XXX","CALLEP-CARSCO","CALLEP","CARSCO",1,"Control"
"4_1_XXX",1,"2015-2021",2015,2021,"XXX","CALLEP-CARSCO","CALLEP","CARSCO",1,"Control"
"6_1_XXX",0.968798751950078,"2015-2021",2015,2021,"XXX","CALLEP-CARSCO","CALLEP","CARSCO",1,"Control"
"22_2_XXX",0.968048533872599,"2015-2021",2015,2021,"XXX","CALLEP-DESCES","CALLEP","DESCES",1,"Control"
"24_2_XXX",0.644993498049415,"2015-2021",2015,2021,"XXX","CALLEP-DESCES","CALLEP","DESCES",1,"Control"
"33_3_XXX",1.04084278768233,"2015-2021",2015,2021,"XXX","CALLEP-DESCES","CALLEP","DESCES",1,"Control"
"39_3_XXX",0.946137491141035,"2015-2021",2015,2021,"XXX","CALLEP-DESCES","CALLEP","DESCES",1,"Control"
"4_1_XXX",1,"2015-2021",2015,2021,"XXX","CALLEP-DESCES","CALLEP","DESCES",1,"Control"
"6_1_XXX",1.00152356077919,"2015-2021",2015,2021,"XXX","CALLEP-DESCES","CALLEP","DESCES",1,"Control"
"22_2_XXX",1.01418439716312,"2015-2021",2015,2021,"XXX","CALLEP-GENALG","CALLEP","GENALG",1,"Control"
"24_2_XXX",1.5982905982906,"2015-2021",2015,2021,"XXX","CALLEP-GENALG","CALLEP","GENALG",1,"Control"
"33_3_XXX",1.46907216494845,"2015-2021",2015,2021,"XXX","CALLEP-GENALG","CALLEP","GENALG",1,"Control"
"39_3_XXX",0.867052023121387,"2015-2021",2015,2021,"XXX","CALLEP-GENALG","CALLEP","GENALG",1,"Control"
"4_1_XXX",1,"2015-2021",2015,2021,"XXX","CALLEP-GENALG","CALLEP","GENALG",1,"Control"
"6_1_XXX",0.730769230769231,"2015-2021",2015,2021,"XXX","CALLEP-GENALG","CALLEP","GENALG",1,"Control"
"22_2_XXX",1.15102974828375,"2015-2021",2015,2021,"XXX","CALLEP-GEUROS","CALLEP","GEUROS",1,"Control"
"24_2_XXX",1.80769230769231,"2015-2021",2015,2021,"XXX","CALLEP-GEUROS","CALLEP","GEUROS",1,"Control"
"33_3_XXX",1.0608596424496,"2015-2021",2015,2021,"XXX","CALLEP-GEUROS","CALLEP","GEUROS",1,"Control"
"39_3_XXX",1.18548387096774,"2015-2021",2015,2021,"XXX","CALLEP-GEUROS","CALLEP","GEUROS",1,"Control"
"4_1_XXX",1,"2015-2021",2015,2021,"XXX","CALLEP-GEUROS","CALLEP","GEUROS",1,"Control"
"6_1_XXX",1.05204127411395,"2015-2021",2015,2021,"XXX","CALLEP-GEUROS","CALLEP","GEUROS",1,"Control"
"22_2_XXX",1.13654618473896,"2015-2021",2015,2021,"XXX","CALLEP-TRIPAR","CALLEP","TRIPAR",1,"Control"
"24_2_XXX",1,"2015-2021",2015,2021,"XXX","CALLEP-TRIPAR","CALLEP","TRIPAR",1,"Control"
"33_3_XXX",1.3826714801444,"2015-2021",2015,2021,"XXX","CALLEP-TRIPAR","CALLEP","TRIPAR",1,"Control"
"39_3_XXX",1.13986013986014,"2015-2021",2015,2021,"XXX","CALLEP-TRIPAR","CALLEP","TRIPAR",1,"Control"
"4_1_XXX",1,"2015-2021",2015,2021,"XXX","CALLEP-TRIPAR","CALLEP","TRIPAR",1,"Control"
"6_1_XXX",1.12667946257198,"2015-2021",2015,2021,"XXX","CALLEP-TRIPAR","CALLEP","TRIPAR",1,"Control"
"22_2_XXX",0.729772191673213,"2015-2021",2015,2021,"XXX","CARSCO-DESCES","CARSCO","DESCES",1,"Control"
"24_2_XXX",0.858686616791355,"2015-2021",2015,2021,"XXX","CARSCO-DESCES","CARSCO","DESCES",1,"Control"
"33_3_XXX",0.895079830563702,"2015-2021",2015,2021,"XXX","CARSCO-DESCES","CARSCO","DESCES",1,"Control"
"39_3_XXX",1.10397946084724,"2015-2021",2015,2021,"XXX","CARSCO-DESCES","CARSCO","DESCES",1,"Control"
"4_1_XXX",1.06563525550867,"2015-2021",2015,2021,"XXX","CARSCO-DESCES","CARSCO","DESCES",1,"Control"
"6_1_XXX",0.780448065173116,"2015-2021",2015,2021,"XXX","CARSCO-DESCES","CARSCO","DESCES",1,"Control"
"22_2_XXX",1.63888888888889,"2015-2021",2015,2021,"XXX","CARSCO-GENALG","CARSCO","GENALG",1,"Control"
"24_2_XXX",1.49546827794562,"2015-2021",2015,2021,"XXX","CARSCO-GENALG","CARSCO","GENALG",1,"Control"
"33_3_XXX",0.960674157303371,"2015-2021",2015,2021,"XXX","CARSCO-GENALG","CARSCO","GENALG",1,"Control"
"39_3_XXX",0.359375,"2015-2021",2015,2021,"XXX","CARSCO-GENALG","CARSCO","GENALG",1,"Control"
"4_1_XXX",1.83333333333333,"2015-2021",2015,2021,"XXX","CARSCO-GENALG","CARSCO","GENALG",1,"Control"
"6_1_XXX",0.786910197869102,"2015-2021",2015,2021,"XXX","CARSCO-GENALG","CARSCO","GENALG",1,"Control"
"22_2_XXX",1.56849315068493,"2015-2021",2015,2021,"XXX","CARSCO-GEUROS","CARSCO","GEUROS",1,"Control"
"24_2_XXX",0.804755944931164,"2015-2021",2015,2021,"XXX","CARSCO-GEUROS","CARSCO","GEUROS",1,"Control"
"33_3_XXX",1.05510907003444,"2015-2021",2015,2021,"XXX","CARSCO-GEUROS","CARSCO","GEUROS",1,"Control"
"39_3_XXX",0.904059040590406,"2015-2021",2015,2021,"XXX","CARSCO-GEUROS","CARSCO","GEUROS",1,"Control"
"4_1_XXX",1.06581352833638,"2015-2021",2015,2021,"XXX","CARSCO-GEUROS","CARSCO","GEUROS",1,"Control"
"6_1_XXX",0.791608391608392,"2015-2021",2015,2021,"XXX","CARSCO-GEUROS","CARSCO","GEUROS",1,"Control"
"22_2_XXX",0.555555555555555,"2015-2021",2015,2021,"XXX","CARSCO-TRIPAR","CARSCO","TRIPAR",1,"Control"
"24_2_XXX",1,"2015-2021",2015,2021,"XXX","CARSCO-TRIPAR","CARSCO","TRIPAR",1,"Control"
"33_3_XXX",0.716475095785441,"2015-2021",2015,2021,"XXX","CARSCO-TRIPAR","CARSCO","TRIPAR",1,"Control"
"39_3_XXX",0.962635201573255,"2015-2021",2015,2021,"XXX","CARSCO-TRIPAR","CARSCO","TRIPAR",1,"Control"
"4_1_XXX",1.28080229226361,"2015-2021",2015,2021,"XXX","CARSCO-TRIPAR","CARSCO","TRIPAR",1,"Control"
"6_1_XXX",1.44444444444444,"2015-2021",2015,2021,"XXX","CARSCO-TRIPAR","CARSCO","TRIPAR",1,"Control"
"22_2_XXX",0.837667454688731,"2015-2021",2015,2021,"XXX","DESCES-GENALG","DESCES","GENALG",1,"Control"
"24_2_XXX",0.722851432378414,"2015-2021",2015,2021,"XXX","DESCES-GENALG","DESCES","GENALG",1,"Control"
"33_3_XXX",0.891067538126362,"2015-2021",2015,2021,"XXX","DESCES-GENALG","DESCES","GENALG",1,"Control"
"39_3_XXX",0.802325581395349,"2015-2021",2015,2021,"XXX","DESCES-GENALG","DESCES","GENALG",1,"Control"
"4_1_XXX",1,"2015-2021",2015,2021,"XXX","DESCES-GENALG","DESCES","GENALG",1,"Control"
"6_1_XXX",1.03041825095057,"2015-2021",2015,2021,"XXX","DESCES-GENALG","DESCES","GENALG",1,"Control"
"22_2_XXX",0.524944154877141,"2015-2021",2015,2021,"XXX","DESCES-GEUROS","DESCES","GEUROS",1,"Control"
"24_2_XXX",0.65512978986403,"2015-2021",2015,2021,"XXX","DESCES-GEUROS","DESCES","GEUROS",1,"Control"
"33_3_XXX",0.291076487252125,"2015-2021",2015,2021,"XXX","DESCES-GEUROS","DESCES","GEUROS",1,"Control"
"39_3_XXX",0.883195177091183,"2015-2021",2015,2021,"XXX","DESCES-GEUROS","DESCES","GEUROS",1,"Control"
"4_1_XXX",0.508108108108108,"2015-2021",2015,2021,"XXX","DESCES-GEUROS","DESCES","GEUROS",1,"Control"
"6_1_XXX",0.506661991584853,"2015-2021",2015,2021,"XXX","DESCES-GEUROS","DESCES","GEUROS",1,"Control"
"22_2_XXX",0.982253086419753,"2015-2021",2015,2021,"XXX","DESCES-TRIPAR","DESCES","TRIPAR",1,"Control"
"24_2_XXX",1,"2015-2021",2015,2021,"XXX","DESCES-TRIPAR","DESCES","TRIPAR",1,"Control"
"33_3_XXX",1.12742718446602,"2015-2021",2015,2021,"XXX","DESCES-TRIPAR","DESCES","TRIPAR",1,"Control"
"39_3_XXX",0.92749475290975,"2015-2021",2015,2021,"XXX","DESCES-TRIPAR","DESCES","TRIPAR",1,"Control"
"4_1_XXX",1.27868852459016,"2015-2021",2015,2021,"XXX","DESCES-TRIPAR","DESCES","TRIPAR",1,"Control"
"6_1_XXX",0.890309278350516,"2015-2021",2015,2021,"XXX","DESCES-TRIPAR","DESCES","TRIPAR",1,"Control"
"22_2_XXX",1.12676056338028,"2015-2021",2015,2021,"XXX","GENALG-GEUROS","GENALG","GEUROS",1,"Control"
"24_2_XXX",1.41624365482233,"2015-2021",2015,2021,"XXX","GENALG-GEUROS","GENALG","GEUROS",1,"Control"
"33_3_XXX",1.12187159956474,"2015-2021",2015,2021,"XXX","GENALG-GEUROS","GENALG","GEUROS",1,"Control"
"39_3_XXX",1.49438202247191,"2015-2021",2015,2021,"XXX","GENALG-GEUROS","GENALG","GEUROS",1,"Control"
"4_1_XXX",1.06581352833638,"2015-2021",2015,2021,"XXX","GENALG-GEUROS","GENALG","GEUROS",1,"Control"
"6_1_XXX",0.962583518930958,"2015-2021",2015,2021,"XXX","GENALG-GEUROS","GENALG","GEUROS",1,"Control"
"22_2_XXX",0.715789473684211,"2015-2021",2015,2021,"XXX","GENALG-TRIPAR","GENALG","TRIPAR",1,"Control"
"24_2_XXX",1,"2015-2021",2015,2021,"XXX","GENALG-TRIPAR","GENALG","TRIPAR",1,"Control"
"33_3_XXX",1.58765432098765,"2015-2021",2015,2021,"XXX","GENALG-TRIPAR","GENALG","TRIPAR",1,"Control"
"39_3_XXX",1.15916955017301,"2015-2021",2015,2021,"XXX","GENALG-TRIPAR","GENALG","TRIPAR",1,"Control"
"4_1_XXX",1.20057306590258,"2015-2021",2015,2021,"XXX","GENALG-TRIPAR","GENALG","TRIPAR",1,"Control"
"6_1_XXX",0.687150837988827,"2015-2021",2015,2021,"XXX","GENALG-TRIPAR","GENALG","TRIPAR",1,"Control"
"22_2_XXX",1.15384615384615,"2015-2021",2015,2021,"XXX","GEUROS-TRIPAR","GEUROS","TRIPAR",1,"Control"
"24_2_XXX",1,"2015-2021",2015,2021,"XXX","GEUROS-TRIPAR","GEUROS","TRIPAR",1,"Control"
"33_3_XXX",0.867605633802817,"2015-2021",2015,2021,"XXX","GEUROS-TRIPAR","GEUROS","TRIPAR",1,"Control"
"39_3_XXX",1.55913978494624,"2015-2021",2015,2021,"XXX","GEUROS-TRIPAR","GEUROS","TRIPAR",1,"Control"
"4_1_XXX",0.918762088974855,"2015-2021",2015,2021,"XXX","GEUROS-TRIPAR","GEUROS","TRIPAR",1,"Control"
"6_1_XXX",1.22627737226277,"2015-2021",2015,2021,"XXX","GEUROS-TRIPAR","GEUROS","TRIPAR",1,"Control"
"22_2_XXX",1.25663716814159,"2016-2022",2016,2022,"XXX","ARTSCO-BISBIS","ARTSCO","BISBIS",1,"Control"
"24_2_XXX",1.32403718459495,"2016-2022",2016,2022,"XXX","ARTSCO-BISBIS","ARTSCO","BISBIS",1,"Control"
"33_3_XXX",0.845871559633028,"2016-2022",2016,2022,"XXX","ARTSCO-BISBIS","ARTSCO","BISBIS",1,"Control"
"39_3_XXX",0.7,"2016-2022",2016,2022,"XXX","ARTSCO-BISBIS","ARTSCO","BISBIS",1,"Control"
"4_1_XXX",1.059181897302,"2016-2022",2016,2022,"XXX","ARTSCO-BISBIS","ARTSCO","BISBIS",1,"Control"
"6_1_XXX",0.768478260869565,"2016-2022",2016,2022,"XXX","ARTSCO-BISBIS","ARTSCO","BISBIS",1,"Control"
"22_2_XXX",1.0514419329696,"2016-2022",2016,2022,"XXX","ARTSCO-CALLEP","ARTSCO","CALLEP",1,"Control"
"24_2_XXX",0.637837837837838,"2016-2022",2016,2022,"XXX","ARTSCO-CALLEP","ARTSCO","CALLEP",1,"Control"
"33_3_XXX",1.01542416452442,"2016-2022",2016,2022,"XXX","ARTSCO-CALLEP","ARTSCO","CALLEP",1,"Control"
"39_3_XXX",1.73823529411765,"2016-2022",2016,2022,"XXX","ARTSCO-CALLEP","ARTSCO","CALLEP",1,"Control"
"4_1_XXX",1,"2016-2022",2016,2022,"XXX","ARTSCO-CALLEP","ARTSCO","CALLEP",1,"Control"
"6_1_XXX",1.07258064516129,"2016-2022",2016,2022,"XXX","ARTSCO-CALLEP","ARTSCO","CALLEP",1,"Control"
"22_2_XXX",1.42458100558659,"2016-2022",2016,2022,"XXX","ARTSCO-CARSCO","ARTSCO","CARSCO",1,"Control"
"24_2_XXX",0.812998859749145,"2016-2022",2016,2022,"XXX","ARTSCO-CARSCO","ARTSCO","CARSCO",1,"Control"
"33_3_XXX",1.208,"2016-2022",2016,2022,"XXX","ARTSCO-CARSCO","ARTSCO","CARSCO",1,"Control"
"39_3_XXX",0.827302631578947,"2016-2022",2016,2022,"XXX","ARTSCO-CARSCO","ARTSCO","CARSCO",1,"Control"
"4_1_XXX",0.84,"2016-2022",2016,2022,"XXX","ARTSCO-CARSCO","ARTSCO","CARSCO",1,"Control"
"6_1_XXX",1.05133689839572,"2016-2022",2016,2022,"XXX","ARTSCO-CARSCO","ARTSCO","CARSCO",1,"Control"
"22_2_XXX",0.497375328083989,"2016-2022",2016,2022,"XXX","ARTSCO-DESCES","ARTSCO","DESCES",1,"Control"
"24_2_XXX",1.1063829787234,"2016-2022",2016,2022,"XXX","ARTSCO-DESCES","ARTSCO","DESCES",1,"Control"
"33_3_XXX",0.621468926553672,"2016-2022",2016,2022,"XXX","ARTSCO-DESCES","ARTSCO","DESCES",1,"Control"
"39_3_XXX",1.09065420560748,"2016-2022",2016,2022,"XXX","ARTSCO-DESCES","ARTSCO","DESCES",1,"Control"
"4_1_XXX",1.09352167559669,"2016-2022",2016,2022,"XXX","ARTSCO-DESCES","ARTSCO","DESCES",1,"Control"
"6_1_XXX",0.931091912147393,"2016-2022",2016,2022,"XXX","ARTSCO-DESCES","ARTSCO","DESCES",1,"Control"
"22_2_XXX",1.31988472622478,"2016-2022",2016,2022,"XXX","ARTSCO-GENALG","ARTSCO","GENALG",1,"Control"
"24_2_XXX",0.941176470588235,"2016-2022",2016,2022,"XXX","ARTSCO-GENALG","ARTSCO","GENALG",1,"Control"
"33_3_XXX",1.32905982905983,"2016-2022",2016,2022,"XXX","ARTSCO-GENALG","ARTSCO","GENALG",1,"Control"
"39_3_XXX",0.43037088873338,"2016-2022",2016,2022,"XXX","ARTSCO-GENALG","ARTSCO","GENALG",1,"Control"
"4_1_XXX",1.05737704918033,"2016-2022",2016,2022,"XXX","ARTSCO-GENALG","ARTSCO","GENALG",1,"Control"
"6_1_XXX",0.966292134831461,"2016-2022",2016,2022,"XXX","ARTSCO-GENALG","ARTSCO","GENALG",1,"Control"
"22_2_XXX",1.52166064981949,"2016-2022",2016,2022,"XXX","ARTSCO-GEUROS","ARTSCO","GEUROS",1,"Control"
"24_2_XXX",0.874476987447699,"2016-2022",2016,2022,"XXX","ARTSCO-GEUROS","ARTSCO","GEUROS",1,"Control"
"33_3_XXX",1.11437908496732,"2016-2022",2016,2022,"XXX","ARTSCO-GEUROS","ARTSCO","GEUROS",1,"Control"
"39_3_XXX",1.25,"2016-2022",2016,2022,"XXX","ARTSCO-GEUROS","ARTSCO","GEUROS",1,"Control"
"4_1_XXX",1.0403331871986,"2016-2022",2016,2022,"XXX","ARTSCO-GEUROS","ARTSCO","GEUROS",1,"Control"
"6_1_XXX",1.28641671788568,"2016-2022",2016,2022,"XXX","ARTSCO-GEUROS","ARTSCO","GEUROS",1,"Control"
"22_2_XXX",0.889975550122249,"2016-2022",2016,2022,"XXX","ARTSCO-TRIPAR","ARTSCO","TRIPAR",1,"Control"
"24_2_XXX",1,"2016-2022",2016,2022,"XXX","ARTSCO-TRIPAR","ARTSCO","TRIPAR",1,"Control"
"33_3_XXX",1.28640776699029,"2016-2022",2016,2022,"XXX","ARTSCO-TRIPAR","ARTSCO","TRIPAR",1,"Control"
"39_3_XXX",1.14354066985646,"2016-2022",2016,2022,"XXX","ARTSCO-TRIPAR","ARTSCO","TRIPAR",1,"Control"
"4_1_XXX",0.829351535836177,"2016-2022",2016,2022,"XXX","ARTSCO-TRIPAR","ARTSCO","TRIPAR",1,"Control"
"6_1_XXX",1.02854006586169,"2016-2022",2016,2022,"XXX","ARTSCO-TRIPAR","ARTSCO","TRIPAR",1,"Control"
"22_2_XXX",1.12658227848101,"2016-2022",2016,2022,"XXX","BISBIS-CALLEP","BISBIS","CALLEP",1,"Control"
"24_2_XXX",0.798165137614679,"2016-2022",2016,2022,"XXX","BISBIS-CALLEP","BISBIS","CALLEP",1,"Control"
"33_3_XXX",1.06306306306306,"2016-2022",2016,2022,"XXX","BISBIS-CALLEP","BISBIS","CALLEP",1,"Control"
"39_3_XXX",1.10416666666667,"2016-2022",2016,2022,"XXX","BISBIS-CALLEP","BISBIS","CALLEP",1,"Control"
"4_1_XXX",1,"2016-2022",2016,2022,"XXX","BISBIS-CALLEP","BISBIS","CALLEP",1,"Control"
"6_1_XXX",0.983870967741935,"2016-2022",2016,2022,"XXX","BISBIS-CALLEP","BISBIS","CALLEP",1,"Control"
"22_2_XXX",1.33333333333333,"2016-2022",2016,2022,"XXX","BISBIS-CARSCO","BISBIS","CARSCO",1,"Control"
"24_2_XXX",1.20731707317073,"2016-2022",2016,2022,"XXX","BISBIS-CARSCO","BISBIS","CARSCO",1,"Control"
"33_3_XXX",1.03365384615385,"2016-2022",2016,2022,"XXX","BISBIS-CARSCO","BISBIS","CARSCO",1,"Control"
"39_3_XXX",1.06796116504854,"2016-2022",2016,2022,"XXX","BISBIS-CARSCO","BISBIS","CARSCO",1,"Control"
"4_1_XXX",0.792910447761194,"2016-2022",2016,2022,"XXX","BISBIS-CARSCO","BISBIS","CARSCO",1,"Control"
"6_1_XXX",1.74214755295836,"2016-2022",2016,2022,"XXX","BISBIS-CARSCO","BISBIS","CARSCO",1,"Control"
"22_2_XXX",0.872544080604534,"2016-2022",2016,2022,"XXX","BISBIS-DESCES","BISBIS","DESCES",1,"Control"
"24_2_XXX",0.784602440050484,"2016-2022",2016,2022,"XXX","BISBIS-DESCES","BISBIS","DESCES",1,"Control"
"33_3_XXX",1.09455909943715,"2016-2022",2016,2022,"XXX","BISBIS-DESCES","BISBIS","DESCES",1,"Control"
"39_3_XXX",1.23148148148148,"2016-2022",2016,2022,"XXX","BISBIS-DESCES","BISBIS","DESCES",1,"Control"
"4_1_XXX",0.568,"2016-2022",2016,2022,"XXX","BISBIS-DESCES","BISBIS","DESCES",1,"Control"
"6_1_XXX",0.616970421272782,"2016-2022",2016,2022,"XXX","BISBIS-DESCES","BISBIS","DESCES",1,"Control"
"22_2_XXX",1.73913043478261,"2016-2022",2016,2022,"XXX","BISBIS-GENALG","BISBIS","GENALG",1,"Control"
"24_2_XXX",1.55135135135135,"2016-2022",2016,2022,"XXX","BISBIS-GENALG","BISBIS","GENALG",1,"Control"
"33_3_XXX",0.604651162790698,"2016-2022",2016,2022,"XXX","BISBIS-GENALG","BISBIS","GENALG",1,"Control"
"39_3_XXX",0.916279069767442,"2016-2022",2016,2022,"XXX","BISBIS-GENALG","BISBIS","GENALG",1,"Control"
"4_1_XXX",0.855940130963517,"2016-2022",2016,2022,"XXX","BISBIS-GENALG","BISBIS","GENALG",1,"Control"
"6_1_XXX",0.912981455064194,"2016-2022",2016,2022,"XXX","BISBIS-GENALG","BISBIS","GENALG",1,"Control"
"22_2_XXX",1.28458498023715,"2016-2022",2016,2022,"XXX","BISBIS-GEUROS","BISBIS","GEUROS",1,"Control"
"24_2_XXX",0.944615384615385,"2016-2022",2016,2022,"XXX","BISBIS-GEUROS","BISBIS","GEUROS",1,"Control"
"33_3_XXX",1.10596026490066,"2016-2022",2016,2022,"XXX","BISBIS-GEUROS","BISBIS","GEUROS",1,"Control"
"39_3_XXX",0.829545454545454,"2016-2022",2016,2022,"XXX","BISBIS-GEUROS","BISBIS","GEUROS",1,"Control"
"4_1_XXX",0.562577447335812,"2016-2022",2016,2022,"XXX","BISBIS-GEUROS","BISBIS","GEUROS",1,"Control"
"6_1_XXX",1.18146530810286,"2016-2022",2016,2022,"XXX","BISBIS-GEUROS","BISBIS","GEUROS",1,"Control"
"22_2_XXX",1.10185185185185,"2016-2022",2016,2022,"XXX","BISBIS-TRIPAR","BISBIS","TRIPAR",1,"Control"
"24_2_XXX",1,"2016-2022",2016,2022,"XXX","BISBIS-TRIPAR","BISBIS","TRIPAR",1,"Control"
"33_3_XXX",0.680365296803653,"2016-2022",2016,2022,"XXX","BISBIS-TRIPAR","BISBIS","TRIPAR",1,"Control"
"39_3_XXX",0.747126436781609,"2016-2022",2016,2022,"XXX","BISBIS-TRIPAR","BISBIS","TRIPAR",1,"Control"
"4_1_XXX",0.558064516129032,"2016-2022",2016,2022,"XXX","BISBIS-TRIPAR","BISBIS","TRIPAR",1,"Control"
"6_1_XXX",1.35539033457249,"2016-2022",2016,2022,"XXX","BISBIS-TRIPAR","BISBIS","TRIPAR",1,"Control"
"22_2_XXX",1.07741935483871,"2016-2022",2016,2022,"XXX","CALLEP-CARSCO","CALLEP","CARSCO",1,"Control"
"24_2_XXX",1.31759656652361,"2016-2022",2016,2022,"XXX","CALLEP-CARSCO","CALLEP","CARSCO",1,"Control"
"33_3_XXX",0.403846153846154,"2016-2022",2016,2022,"XXX","CALLEP-CARSCO","CALLEP","CARSCO",1,"Control"
"39_3_XXX",0.902777777777778,"2016-2022",2016,2022,"XXX","CALLEP-CARSCO","CALLEP","CARSCO",1,"Control"
"4_1_XXX",1,"2016-2022",2016,2022,"XXX","CALLEP-CARSCO","CALLEP","CARSCO",1,"Control"
"6_1_XXX",1.07173601147776,"2016-2022",2016,2022,"XXX","CALLEP-CARSCO","CALLEP","CARSCO",1,"Control"
"22_2_XXX",0.977628066607347,"2016-2022",2016,2022,"XXX","CALLEP-DESCES","CALLEP","DESCES",1,"Control"
"24_2_XXX",0.88663282571912,"2016-2022",2016,2022,"XXX","CALLEP-DESCES","CALLEP","DESCES",1,"Control"
"33_3_XXX",1.12674372259864,"2016-2022",2016,2022,"XXX","CALLEP-DESCES","CALLEP","DESCES",1,"Control"
"39_3_XXX",1.20621181262729,"2016-2022",2016,2022,"XXX","CALLEP-DESCES","CALLEP","DESCES",1,"Control"
"4_1_XXX",1,"2016-2022",2016,2022,"XXX","CALLEP-DESCES","CALLEP","DESCES",1,"Control"
"6_1_XXX",1.00042693990821,"2016-2022",2016,2022,"XXX","CALLEP-DESCES","CALLEP","DESCES",1,"Control"
"22_2_XXX",1.18018018018018,"2016-2022",2016,2022,"XXX","CALLEP-GENALG","CALLEP","GENALG",1,"Control"
"24_2_XXX",1.37209302325581,"2016-2022",2016,2022,"XXX","CALLEP-GENALG","CALLEP","GENALG",1,"Control"
"33_3_XXX",1.04827586206897,"2016-2022",2016,2022,"XXX","CALLEP-GENALG","CALLEP","GENALG",1,"Control"
"39_3_XXX",0.235862068965517,"2016-2022",2016,2022,"XXX","CALLEP-GENALG","CALLEP","GENALG",1,"Control"
"4_1_XXX",1,"2016-2022",2016,2022,"XXX","CALLEP-GENALG","CALLEP","GENALG",1,"Control"
"6_1_XXX",0.586206896551724,"2016-2022",2016,2022,"XXX","CALLEP-GENALG","CALLEP","GENALG",1,"Control"
"22_2_XXX",1.06176783812567,"2016-2022",2016,2022,"XXX","CALLEP-GEUROS","CALLEP","GEUROS",1,"Control"
"24_2_XXX",1.42307692307692,"2016-2022",2016,2022,"XXX","CALLEP-GEUROS","CALLEP","GEUROS",1,"Control"
"33_3_XXX",0.937846836847947,"2016-2022",2016,2022,"XXX","CALLEP-GEUROS","CALLEP","GEUROS",1,"Control"
"39_3_XXX",1.36111111111111,"2016-2022",2016,2022,"XXX","CALLEP-GEUROS","CALLEP","GEUROS",1,"Control"
"4_1_XXX",1,"2016-2022",2016,2022,"XXX","CALLEP-GEUROS","CALLEP","GEUROS",1,"Control"
"6_1_XXX",1.0475161987041,"2016-2022",2016,2022,"XXX","CALLEP-GEUROS","CALLEP","GEUROS",1,"Control"
"22_2_XXX",1.0891364902507,"2016-2022",2016,2022,"XXX","CALLEP-TRIPAR","CALLEP","TRIPAR",1,"Control"
"24_2_XXX",1,"2016-2022",2016,2022,"XXX","CALLEP-TRIPAR","CALLEP","TRIPAR",1,"Control"
"33_3_XXX",1.40319361277445,"2016-2022",2016,2022,"XXX","CALLEP-TRIPAR","CALLEP","TRIPAR",1,"Control"
"39_3_XXX",1.158357771261,"2016-2022",2016,2022,"XXX","CALLEP-TRIPAR","CALLEP","TRIPAR",1,"Control"
"4_1_XXX",1,"2016-2022",2016,2022,"XXX","CALLEP-TRIPAR","CALLEP","TRIPAR",1,"Control"
"6_1_XXX",1.12778603268945,"2016-2022",2016,2022,"XXX","CALLEP-TRIPAR","CALLEP","TRIPAR",1,"Control"
"22_2_XXX",0.819860279441118,"2016-2022",2016,2022,"XXX","CARSCO-DESCES","CARSCO","DESCES",1,"Control"
"24_2_XXX",0.637744902039184,"2016-2022",2016,2022,"XXX","CARSCO-DESCES","CARSCO","DESCES",1,"Control"
"33_3_XXX",0.872545090180361,"2016-2022",2016,2022,"XXX","CARSCO-DESCES","CARSCO","DESCES",1,"Control"
"39_3_XXX",0.698924731182796,"2016-2022",2016,2022,"XXX","CARSCO-DESCES","CARSCO","DESCES",1,"Control"
"4_1_XXX",1.04453441295547,"2016-2022",2016,2022,"XXX","CARSCO-DESCES","CARSCO","DESCES",1,"Control"
"6_1_XXX",0.65950676213206,"2016-2022",2016,2022,"XXX","CARSCO-DESCES","CARSCO","DESCES",1,"Control"
"22_2_XXX",1.69230769230769,"2016-2022",2016,2022,"XXX","CARSCO-GENALG","CARSCO","GENALG",1,"Control"
"24_2_XXX",1.62783171521036,"2016-2022",2016,2022,"XXX","CARSCO-GENALG","CARSCO","GENALG",1,"Control"
"33_3_XXX",1,"2016-2022",2016,2022,"XXX","CARSCO-GENALG","CARSCO","GENALG",1,"Control"
"39_3_XXX",0.984418475236505,"2016-2022",2016,2022,"XXX","CARSCO-GENALG","CARSCO","GENALG",1,"Control"
"4_1_XXX",1.77777777777778,"2016-2022",2016,2022,"XXX","CARSCO-GENALG","CARSCO","GENALG",1,"Control"
"6_1_XXX",0.740223463687151,"2016-2022",2016,2022,"XXX","CARSCO-GENALG","CARSCO","GENALG",1,"Control"
"22_2_XXX",1.33823529411765,"2016-2022",2016,2022,"XXX","CARSCO-GEUROS","CARSCO","GEUROS",1,"Control"
"24_2_XXX",0.755011135857461,"2016-2022",2016,2022,"XXX","CARSCO-GEUROS","CARSCO","GEUROS",1,"Control"
"33_3_XXX",1.09470124013529,"2016-2022",2016,2022,"XXX","CARSCO-GEUROS","CARSCO","GEUROS",1,"Control"
"39_3_XXX",0.795212765957447,"2016-2022",2016,2022,"XXX","CARSCO-GEUROS","CARSCO","GEUROS",1,"Control"
"4_1_XXX",1.11070780399274,"2016-2022",2016,2022,"XXX","CARSCO-GEUROS","CARSCO","GEUROS",1,"Control"
"6_1_XXX",1.26011560693642,"2016-2022",2016,2022,"XXX","CARSCO-GEUROS","CARSCO","GEUROS",1,"Control"
"22_2_XXX",0.68503937007874,"2016-2022",2016,2022,"XXX","CARSCO-TRIPAR","CARSCO","TRIPAR",1,"Control"
"24_2_XXX",1,"2016-2022",2016,2022,"XXX","CARSCO-TRIPAR","CARSCO","TRIPAR",1,"Control"
"33_3_XXX",0.757700205338809,"2016-2022",2016,2022,"XXX","CARSCO-TRIPAR","CARSCO","TRIPAR",1,"Control"
"39_3_XXX",0.960368011323425,"2016-2022",2016,2022,"XXX","CARSCO-TRIPAR","CARSCO","TRIPAR",1,"Control"
"4_1_XXX",1.55555555555556,"2016-2022",2016,2022,"XXX","CARSCO-TRIPAR","CARSCO","TRIPAR",1,"Control"
"6_1_XXX",1.77941176470588,"2016-2022",2016,2022,"XXX","CARSCO-TRIPAR","CARSCO","TRIPAR",1,"Control"
"22_2_XXX",0.858504766683392,"2016-2022",2016,2022,"XXX","DESCES-GENALG","DESCES","GENALG",1,"Control"
"24_2_XXX",0.647540983606557,"2016-2022",2016,2022,"XXX","DESCES-GENALG","DESCES","GENALG",1,"Control"
"33_3_XXX",1.00540958268934,"2016-2022",2016,2022,"XXX","DESCES-GENALG","DESCES","GENALG",1,"Control"
"39_3_XXX",0.729463722397476,"2016-2022",2016,2022,"XXX","DESCES-GENALG","DESCES","GENALG",1,"Control"
"4_1_XXX",1,"2016-2022",2016,2022,"XXX","DESCES-GENALG","DESCES","GENALG",1,"Control"
"6_1_XXX",1.04005112910098,"2016-2022",2016,2022,"XXX","DESCES-GENALG","DESCES","GENALG",1,"Control"
"22_2_XXX",0.425909090909091,"2016-2022",2016,2022,"XXX","DESCES-GEUROS","DESCES","GEUROS",1,"Control"
"24_2_XXX",1.02945736434109,"2016-2022",2016,2022,"XXX","DESCES-GEUROS","DESCES","GEUROS",1,"Control"
"33_3_XXX",0.455741626794258,"2016-2022",2016,2022,"XXX","DESCES-GEUROS","DESCES","GEUROS",1,"Control"
"39_3_XXX",1.0041928721174,"2016-2022",2016,2022,"XXX","DESCES-GEUROS","DESCES","GEUROS",1,"Control"
"4_1_XXX",0.696030977734753,"2016-2022",2016,2022,"XXX","DESCES-GEUROS","DESCES","GEUROS",1,"Control"
"6_1_XXX",0.544473390398214,"2016-2022",2016,2022,"XXX","DESCES-GEUROS","DESCES","GEUROS",1,"Control"
"22_2_XXX",0.84720194647202,"2016-2022",2016,2022,"XXX","DESCES-TRIPAR","DESCES","TRIPAR",1,"Control"
"24_2_XXX",1,"2016-2022",2016,2022,"XXX","DESCES-TRIPAR","DESCES","TRIPAR",1,"Control"
"33_3_XXX",1.19701086956522,"2016-2022",2016,2022,"XXX","DESCES-TRIPAR","DESCES","TRIPAR",1,"Control"
"39_3_XXX",0.967908765415727,"2016-2022",2016,2022,"XXX","DESCES-TRIPAR","DESCES","TRIPAR",1,"Control"
"4_1_XXX",0.985074626865672,"2016-2022",2016,2022,"XXX","DESCES-TRIPAR","DESCES","TRIPAR",1,"Control"
"6_1_XXX",0.850478468899522,"2016-2022",2016,2022,"XXX","DESCES-TRIPAR","DESCES","TRIPAR",1,"Control"
"22_2_XXX",1.25670498084291,"2016-2022",2016,2022,"XXX","GENALG-GEUROS","GENALG","GEUROS",1,"Control"
"24_2_XXX",1.22680412371134,"2016-2022",2016,2022,"XXX","GENALG-GEUROS","GENALG","GEUROS",1,"Control"
"33_3_XXX",0.528571428571429,"2016-2022",2016,2022,"XXX","GENALG-GEUROS","GENALG","GEUROS",1,"Control"
"39_3_XXX",1.0439121756487,"2016-2022",2016,2022,"XXX","GENALG-GEUROS","GENALG","GEUROS",1,"Control"
"4_1_XXX",1.11449341208542,"2016-2022",2016,2022,"XXX","GENALG-GEUROS","GENALG","GEUROS",1,"Control"
"6_1_XXX",0.901988636363636,"2016-2022",2016,2022,"XXX","GENALG-GEUROS","GENALG","GEUROS",1,"Control"
"22_2_XXX",0.948275862068966,"2016-2022",2016,2022,"XXX","GENALG-TRIPAR","GENALG","TRIPAR",1,"Control"
"24_2_XXX",1,"2016-2022",2016,2022,"XXX","GENALG-TRIPAR","GENALG","TRIPAR",1,"Control"
"33_3_XXX",1.16896551724138,"2016-2022",2016,2022,"XXX","GENALG-TRIPAR","GENALG","TRIPAR",1,"Control"
"39_3_XXX",1.03170731707317,"2016-2022",2016,2022,"XXX","GENALG-TRIPAR","GENALG","TRIPAR",1,"Control"
"4_1_XXX",1.32863849765258,"2016-2022",2016,2022,"XXX","GENALG-TRIPAR","GENALG","TRIPAR",1,"Control"
"6_1_XXX",0.684971098265896,"2016-2022",2016,2022,"XXX","GENALG-TRIPAR","GENALG","TRIPAR",1,"Control"
"22_2_XXX",1.44891640866873,"2016-2022",2016,2022,"XXX","GEUROS-TRIPAR","GEUROS","TRIPAR",1,"Control"
"24_2_XXX",1,"2016-2022",2016,2022,"XXX","GEUROS-TRIPAR","GEUROS","TRIPAR",1,"Control"
"33_3_XXX",0.916167664670659,"2016-2022",2016,2022,"XXX","GEUROS-TRIPAR","GEUROS","TRIPAR",1,"Control"
"39_3_XXX",1.4957264957265,"2016-2022",2016,2022,"XXX","GEUROS-TRIPAR","GEUROS","TRIPAR",1,"Control"
"4_1_XXX",1.29848229342327,"2016-2022",2016,2022,"XXX","GEUROS-TRIPAR","GEUROS","TRIPAR",1,"Control"
"6_1_XXX",1.28070175438596,"2016-2022",2016,2022,"XXX","GEUROS-TRIPAR","GEUROS","TRIPAR",1,"Control"
"22_2_XXX",1.10928013876843,"2017-2023",2017,2023,"XXX","ARTSCO-BISBIS","ARTSCO","BISBIS",1,"Control"
"24_2_XXX",1.00524017467249,"2017-2023",2017,2023,"XXX","ARTSCO-BISBIS","ARTSCO","BISBIS",1,"Control"
"33_3_XXX",1.65930018416206,"2017-2023",2017,2023,"XXX","ARTSCO-BISBIS","ARTSCO","BISBIS",1,"Control"
"39_3_XXX",0.761521580102414,"2017-2023",2017,2023,"XXX","ARTSCO-BISBIS","ARTSCO","BISBIS",1,"Control"
"4_1_XXX",0.7796817625459,"2017-2023",2017,2023,"XXX","ARTSCO-BISBIS","ARTSCO","BISBIS",1,"Control"
"6_1_XXX",0.638947368421053,"2017-2023",2017,2023,"XXX","ARTSCO-BISBIS","ARTSCO","BISBIS",1,"Control"
"22_2_XXX",1,"2017-2023",2017,2023,"XXX","ARTSCO-CALLEP","ARTSCO","CALLEP",1,"Control"
"24_2_XXX",1.18971061093248,"2017-2023",2017,2023,"XXX","ARTSCO-CALLEP","ARTSCO","CALLEP",1,"Control"
"33_3_XXX",1.48484848484848,"2017-2023",2017,2023,"XXX","ARTSCO-CALLEP","ARTSCO","CALLEP",1,"Control"
"39_3_XXX",1.71891891891892,"2017-2023",2017,2023,"XXX","ARTSCO-CALLEP","ARTSCO","CALLEP",1,"Control"
"4_1_XXX",1,"2017-2023",2017,2023,"XXX","ARTSCO-CALLEP","ARTSCO","CALLEP",1,"Control"
"6_1_XXX",1.02508960573477,"2017-2023",2017,2023,"XXX","ARTSCO-CALLEP","ARTSCO","CALLEP",1,"Control"
"22_2_XXX",1.32236842105263,"2017-2023",2017,2023,"XXX","ARTSCO-CARSCO","ARTSCO","CARSCO",1,"Control"
"24_2_XXX",1.08507347254447,"2017-2023",2017,2023,"XXX","ARTSCO-CARSCO","ARTSCO","CARSCO",1,"Control"
"33_3_XXX",0.927797833935018,"2017-2023",2017,2023,"XXX","ARTSCO-CARSCO","ARTSCO","CARSCO",1,"Control"
"39_3_XXX",0.827118644067797,"2017-2023",2017,2023,"XXX","ARTSCO-CARSCO","ARTSCO","CARSCO",1,"Control"
"4_1_XXX",1.57657657657658,"2017-2023",2017,2023,"XXX","ARTSCO-CARSCO","ARTSCO","CARSCO",1,"Control"
"6_1_XXX",0.796845425867508,"2017-2023",2017,2023,"XXX","ARTSCO-CARSCO","ARTSCO","CARSCO",1,"Control"
"22_2_XXX",0.539866098600122,"2017-2023",2017,2023,"XXX","ARTSCO-DESCES","ARTSCO","DESCES",1,"Control"
"24_2_XXX",1.12029161603888,"2017-2023",2017,2023,"XXX","ARTSCO-DESCES","ARTSCO","DESCES",1,"Control"
"33_3_XXX",0.763636363636364,"2017-2023",2017,2023,"XXX","ARTSCO-DESCES","ARTSCO","DESCES",1,"Control"
"39_3_XXX",1.09065420560748,"2017-2023",2017,2023,"XXX","ARTSCO-DESCES","ARTSCO","DESCES",1,"Control"
"4_1_XXX",0.832600802598892,"2017-2023",2017,2023,"XXX","ARTSCO-DESCES","ARTSCO","DESCES",1,"Control"
"6_1_XXX",0.998678871378692,"2017-2023",2017,2023,"XXX","ARTSCO-DESCES","ARTSCO","DESCES",1,"Control"
"22_2_XXX",1.28965517241379,"2017-2023",2017,2023,"XXX","ARTSCO-GENALG","ARTSCO","GENALG",1,"Control"
"24_2_XXX",1.4,"2017-2023",2017,2023,"XXX","ARTSCO-GENALG","ARTSCO","GENALG",1,"Control"
"33_3_XXX",0.745664739884393,"2017-2023",2017,2023,"XXX","ARTSCO-GENALG","ARTSCO","GENALG",1,"Control"
"39_3_XXX",0.408095554080956,"2017-2023",2017,2023,"XXX","ARTSCO-GENALG","ARTSCO","GENALG",1,"Control"
"4_1_XXX",1.49444444444444,"2017-2023",2017,2023,"XXX","ARTSCO-GENALG","ARTSCO","GENALG",1,"Control"
"6_1_XXX",0.952861952861953,"2017-2023",2017,2023,"XXX","ARTSCO-GENALG","ARTSCO","GENALG",1,"Control"
"22_2_XXX",1.45020746887967,"2017-2023",2017,2023,"XXX","ARTSCO-GEUROS","ARTSCO","GEUROS",1,"Control"
"24_2_XXX",0.760606060606061,"2017-2023",2017,2023,"XXX","ARTSCO-GEUROS","ARTSCO","GEUROS",1,"Control"
"33_3_XXX",1.12367491166078,"2017-2023",2017,2023,"XXX","ARTSCO-GEUROS","ARTSCO","GEUROS",1,"Control"
"39_3_XXX",1.22837370242215,"2017-2023",2017,2023,"XXX","ARTSCO-GEUROS","ARTSCO","GEUROS",1,"Control"
"4_1_XXX",1.27757125154895,"2017-2023",2017,2023,"XXX","ARTSCO-GEUROS","ARTSCO","GEUROS",1,"Control"
"6_1_XXX",1.11393011010053,"2017-2023",2017,2023,"XXX","ARTSCO-GEUROS","ARTSCO","GEUROS",1,"Control"
"22_2_XXX",0.949880668257757,"2017-2023",2017,2023,"XXX","ARTSCO-TRIPAR","ARTSCO","TRIPAR",1,"Control"
"24_2_XXX",1,"2017-2023",2017,2023,"XXX","ARTSCO-TRIPAR","ARTSCO","TRIPAR",1,"Control"
"33_3_XXX",1.56371490280778,"2017-2023",2017,2023,"XXX","ARTSCO-TRIPAR","ARTSCO","TRIPAR",1,"Control"
"39_3_XXX",1.1241768579492,"2017-2023",2017,2023,"XXX","ARTSCO-TRIPAR","ARTSCO","TRIPAR",1,"Control"
"4_1_XXX",1.17174515235457,"2017-2023",2017,2023,"XXX","ARTSCO-TRIPAR","ARTSCO","TRIPAR",1,"Control"
"6_1_XXX",0.919308357348703,"2017-2023",2017,2023,"XXX","ARTSCO-TRIPAR","ARTSCO","TRIPAR",1,"Control"
"22_2_XXX",1,"2017-2023",2017,2023,"XXX","BISBIS-CALLEP","BISBIS","CALLEP",1,"Control"
"24_2_XXX",0.781818181818182,"2017-2023",2017,2023,"XXX","BISBIS-CALLEP","BISBIS","CALLEP",1,"Control"
"33_3_XXX",1.13141025641026,"2017-2023",2017,2023,"XXX","BISBIS-CALLEP","BISBIS","CALLEP",1,"Control"
"39_3_XXX",1.3397190293742,"2017-2023",2017,2023,"XXX","BISBIS-CALLEP","BISBIS","CALLEP",1,"Control"
"4_1_XXX",1,"2017-2023",2017,2023,"XXX","BISBIS-CALLEP","BISBIS","CALLEP",1,"Control"
"6_1_XXX",1.02196193265007,"2017-2023",2017,2023,"XXX","BISBIS-CALLEP","BISBIS","CALLEP",1,"Control"
"22_2_XXX",1.36514522821577,"2017-2023",2017,2023,"XXX","BISBIS-CARSCO","BISBIS","CARSCO",1,"Control"
"24_2_XXX",1.38785046728972,"2017-2023",2017,2023,"XXX","BISBIS-CARSCO","BISBIS","CARSCO",1,"Control"
"33_3_XXX",1.06506849315068,"2017-2023",2017,2023,"XXX","BISBIS-CARSCO","BISBIS","CARSCO",1,"Control"
"39_3_XXX",0.868911605532171,"2017-2023",2017,2023,"XXX","BISBIS-CARSCO","BISBIS","CARSCO",1,"Control"
"4_1_XXX",0.768076398362892,"2017-2023",2017,2023,"XXX","BISBIS-CARSCO","BISBIS","CARSCO",1,"Control"
"6_1_XXX",1.64152840623429,"2017-2023",2017,2023,"XXX","BISBIS-CARSCO","BISBIS","CARSCO",1,"Control"
"22_2_XXX",0.896373056994819,"2017-2023",2017,2023,"XXX","BISBIS-DESCES","BISBIS","DESCES",1,"Control"
"24_2_XXX",0.842747401717126,"2017-2023",2017,2023,"XXX","BISBIS-DESCES","BISBIS","DESCES",1,"Control"
"33_3_XXX",0.64056338028169,"2017-2023",2017,2023,"XXX","BISBIS-DESCES","BISBIS","DESCES",1,"Control"
"39_3_XXX",1.08139387002416,"2017-2023",2017,2023,"XXX","BISBIS-DESCES","BISBIS","DESCES",1,"Control"
"4_1_XXX",0.777158774373259,"2017-2023",2017,2023,"XXX","BISBIS-DESCES","BISBIS","DESCES",1,"Control"
"6_1_XXX",0.631488046541223,"2017-2023",2017,2023,"XXX","BISBIS-DESCES","BISBIS","DESCES",1,"Control"
"22_2_XXX",1.32432432432432,"2017-2023",2017,2023,"XXX","BISBIS-GENALG","BISBIS","GENALG",1,"Control"
"24_2_XXX",1.02216066481994,"2017-2023",2017,2023,"XXX","BISBIS-GENALG","BISBIS","GENALG",1,"Control"
"33_3_XXX",0.71191135734072,"2017-2023",2017,2023,"XXX","BISBIS-GENALG","BISBIS","GENALG",1,"Control"
"39_3_XXX",0.717283950617284,"2017-2023",2017,2023,"XXX","BISBIS-GENALG","BISBIS","GENALG",1,"Control"
"4_1_XXX",0.881331403762663,"2017-2023",2017,2023,"XXX","BISBIS-GENALG","BISBIS","GENALG",1,"Control"
"6_1_XXX",0.912981455064194,"2017-2023",2017,2023,"XXX","BISBIS-GENALG","BISBIS","GENALG",1,"Control"
"22_2_XXX",1.06086044071354,"2017-2023",2017,2023,"XXX","BISBIS-GEUROS","BISBIS","GEUROS",1,"Control"
"24_2_XXX",0.576763485477178,"2017-2023",2017,2023,"XXX","BISBIS-GEUROS","BISBIS","GEUROS",1,"Control"
"33_3_XXX",1.0976460331299,"2017-2023",2017,2023,"XXX","BISBIS-GEUROS","BISBIS","GEUROS",1,"Control"
"39_3_XXX",0.67755991285403,"2017-2023",2017,2023,"XXX","BISBIS-GEUROS","BISBIS","GEUROS",1,"Control"
"4_1_XXX",0.742155525238745,"2017-2023",2017,2023,"XXX","BISBIS-GEUROS","BISBIS","GEUROS",1,"Control"
"6_1_XXX",1.33774568792619,"2017-2023",2017,2023,"XXX","BISBIS-GEUROS","BISBIS","GEUROS",1,"Control"
"22_2_XXX",0.743223965763195,"2017-2023",2017,2023,"XXX","BISBIS-TRIPAR","BISBIS","TRIPAR",1,"Control"
"24_2_XXX",1,"2017-2023",2017,2023,"XXX","BISBIS-TRIPAR","BISBIS","TRIPAR",1,"Control"
"33_3_XXX",1.28387787895019,"2017-2023",2017,2023,"XXX","BISBIS-TRIPAR","BISBIS","TRIPAR",1,"Control"
"39_3_XXX",0.587431693989071,"2017-2023",2017,2023,"XXX","BISBIS-TRIPAR","BISBIS","TRIPAR",1,"Control"
"4_1_XXX",0.463302752293578,"2017-2023",2017,2023,"XXX","BISBIS-TRIPAR","BISBIS","TRIPAR",1,"Control"
"6_1_XXX",1.51072664359862,"2017-2023",2017,2023,"XXX","BISBIS-TRIPAR","BISBIS","TRIPAR",1,"Control"
"22_2_XXX",1,"2017-2023",2017,2023,"XXX","CALLEP-CARSCO","CALLEP","CARSCO",1,"Control"
"24_2_XXX",1.3961661341853,"2017-2023",2017,2023,"XXX","CALLEP-CARSCO","CALLEP","CARSCO",1,"Control"
"33_3_XXX",0.521739130434782,"2017-2023",2017,2023,"XXX","CALLEP-CARSCO","CALLEP","CARSCO",1,"Control"
"39_3_XXX",0.716216216216216,"2017-2023",2017,2023,"XXX","CALLEP-CARSCO","CALLEP","CARSCO",1,"Control"
"4_1_XXX",1,"2017-2023",2017,2023,"XXX","CALLEP-CARSCO","CALLEP","CARSCO",1,"Control"
"6_1_XXX",1.09256449165402,"2017-2023",2017,2023,"XXX","CALLEP-CARSCO","CALLEP","CARSCO",1,"Control"
"22_2_XXX",1,"2017-2023",2017,2023,"XXX","CALLEP-DESCES","CALLEP","DESCES",1,"Control"
"24_2_XXX",0.820069204152249,"2017-2023",2017,2023,"XXX","CALLEP-DESCES","CALLEP","DESCES",1,"Control"
"33_3_XXX",1.01569653368215,"2017-2023",2017,2023,"XXX","CALLEP-DESCES","CALLEP","DESCES",1,"Control"
"39_3_XXX",1.05265797392177,"2017-2023",2017,2023,"XXX","CALLEP-DESCES","CALLEP","DESCES",1,"Control"
"4_1_XXX",1,"2017-2023",2017,2023,"XXX","CALLEP-DESCES","CALLEP","DESCES",1,"Control"
"6_1_XXX",0.987996127783156,"2017-2023",2017,2023,"XXX","CALLEP-DESCES","CALLEP","DESCES",1,"Control"
"22_2_XXX",1,"2017-2023",2017,2023,"XXX","CALLEP-GENALG","CALLEP","GENALG",1,"Control"
"24_2_XXX",1.76521739130435,"2017-2023",2017,2023,"XXX","CALLEP-GENALG","CALLEP","GENALG",1,"Control"
"33_3_XXX",1.21739130434783,"2017-2023",2017,2023,"XXX","CALLEP-GENALG","CALLEP","GENALG",1,"Control"
"39_3_XXX",0.165763813651138,"2017-2023",2017,2023,"XXX","CALLEP-GENALG","CALLEP","GENALG",1,"Control"
"4_1_XXX",1,"2017-2023",2017,2023,"XXX","CALLEP-GENALG","CALLEP","GENALG",1,"Control"
"6_1_XXX",0.633333333333333,"2017-2023",2017,2023,"XXX","CALLEP-GENALG","CALLEP","GENALG",1,"Control"
"22_2_XXX",1,"2017-2023",2017,2023,"XXX","CALLEP-GEUROS","CALLEP","GEUROS",1,"Control"
"24_2_XXX",1.47058823529412,"2017-2023",2017,2023,"XXX","CALLEP-GEUROS","CALLEP","GEUROS",1,"Control"
"33_3_XXX",0.937846836847947,"2017-2023",2017,2023,"XXX","CALLEP-GEUROS","CALLEP","GEUROS",1,"Control"
"39_3_XXX",1.0979020979021,"2017-2023",2017,2023,"XXX","CALLEP-GEUROS","CALLEP","GEUROS",1,"Control"
"4_1_XXX",1,"2017-2023",2017,2023,"XXX","CALLEP-GEUROS","CALLEP","GEUROS",1,"Control"
"6_1_XXX",1.05927552140505,"2017-2023",2017,2023,"XXX","CALLEP-GEUROS","CALLEP","GEUROS",1,"Control"
"22_2_XXX",1,"2017-2023",2017,2023,"XXX","CALLEP-TRIPAR","CALLEP","TRIPAR",1,"Control"
"24_2_XXX",1,"2017-2023",2017,2023,"XXX","CALLEP-TRIPAR","CALLEP","TRIPAR",1,"Control"
"33_3_XXX",1.22825416409624,"2017-2023",2017,2023,"XXX","CALLEP-TRIPAR","CALLEP","TRIPAR",1,"Control"
"39_3_XXX",0.91231732776618,"2017-2023",2017,2023,"XXX","CALLEP-TRIPAR","CALLEP","TRIPAR",1,"Control"
"4_1_XXX",1,"2017-2023",2017,2023,"XXX","CALLEP-TRIPAR","CALLEP","TRIPAR",1,"Control"
"6_1_XXX",1.13695090439277,"2017-2023",2017,2023,"XXX","CALLEP-TRIPAR","CALLEP","TRIPAR",1,"Control"
"22_2_XXX",0.825441696113074,"2017-2023",2017,2023,"XXX","CARSCO-DESCES","CARSCO","DESCES",1,"Control"
"24_2_XXX",0.556967386700551,"2017-2023",2017,2023,"XXX","CARSCO-DESCES","CARSCO","DESCES",1,"Control"
"33_3_XXX",0.939032471835653,"2017-2023",2017,2023,"XXX","CARSCO-DESCES","CARSCO","DESCES",1,"Control"
"39_3_XXX",0.669376693766938,"2017-2023",2017,2023,"XXX","CARSCO-DESCES","CARSCO","DESCES",1,"Control"
"4_1_XXX",0.868323946397359,"2017-2023",2017,2023,"XXX","CARSCO-DESCES","CARSCO","DESCES",1,"Control"
"6_1_XXX",0.559986249570299,"2017-2023",2017,2023,"XXX","CARSCO-DESCES","CARSCO","DESCES",1,"Control"
"22_2_XXX",1.43548387096774,"2017-2023",2017,2023,"XXX","CARSCO-GENALG","CARSCO","GENALG",1,"Control"
"24_2_XXX",1.63654223968566,"2017-2023",2017,2023,"XXX","CARSCO-GENALG","CARSCO","GENALG",1,"Control"
"33_3_XXX",0.715789473684211,"2017-2023",2017,2023,"XXX","CARSCO-GENALG","CARSCO","GENALG",1,"Control"
"39_3_XXX",1.23738214087632,"2017-2023",2017,2023,"XXX","CARSCO-GENALG","CARSCO","GENALG",1,"Control"
"4_1_XXX",1.75,"2017-2023",2017,2023,"XXX","CARSCO-GENALG","CARSCO","GENALG",1,"Control"
"6_1_XXX",0.868263473053892,"2017-2023",2017,2023,"XXX","CARSCO-GENALG","CARSCO","GENALG",1,"Control"
"22_2_XXX",1.1496062992126,"2017-2023",2017,2023,"XXX","CARSCO-GEUROS","CARSCO","GEUROS",1,"Control"
"24_2_XXX",0.87146529562982,"2017-2023",2017,2023,"XXX","CARSCO-GEUROS","CARSCO","GEUROS",1,"Control"
"33_3_XXX",1.09534619750284,"2017-2023",2017,2023,"XXX","CARSCO-GEUROS","CARSCO","GEUROS",1,"Control"
"39_3_XXX",0.862258953168044,"2017-2023",2017,2023,"XXX","CARSCO-GEUROS","CARSCO","GEUROS",1,"Control"
"4_1_XXX",1.19768934531451,"2017-2023",2017,2023,"XXX","CARSCO-GEUROS","CARSCO","GEUROS",1,"Control"
"6_1_XXX",1.60613810741688,"2017-2023",2017,2023,"XXX","CARSCO-GEUROS","CARSCO","GEUROS",1,"Control"
"22_2_XXX",0.539267015706806,"2017-2023",2017,2023,"XXX","CARSCO-TRIPAR","CARSCO","TRIPAR",1,"Control"
"24_2_XXX",1,"2017-2023",2017,2023,"XXX","CARSCO-TRIPAR","CARSCO","TRIPAR",1,"Control"
"33_3_XXX",0.893816364772017,"2017-2023",2017,2023,"XXX","CARSCO-TRIPAR","CARSCO","TRIPAR",1,"Control"
"39_3_XXX",1.02943340691685,"2017-2023",2017,2023,"XXX","CARSCO-TRIPAR","CARSCO","TRIPAR",1,"Control"
"4_1_XXX",1.63537906137184,"2017-2023",2017,2023,"XXX","CARSCO-TRIPAR","CARSCO","TRIPAR",1,"Control"
"6_1_XXX",1.85576923076923,"2017-2023",2017,2023,"XXX","CARSCO-TRIPAR","CARSCO","TRIPAR",1,"Control"
"22_2_XXX",0.878658101356174,"2017-2023",2017,2023,"XXX","DESCES-GENALG","DESCES","GENALG",1,"Control"
"24_2_XXX",0.629984051036683,"2017-2023",2017,2023,"XXX","DESCES-GENALG","DESCES","GENALG",1,"Control"
"33_3_XXX",1.3574144486692,"2017-2023",2017,2023,"XXX","DESCES-GENALG","DESCES","GENALG",1,"Control"
"39_3_XXX",0.927027364738223,"2017-2023",2017,2023,"XXX","DESCES-GENALG","DESCES","GENALG",1,"Control"
"4_1_XXX",0.932641472488741,"2017-2023",2017,2023,"XXX","DESCES-GENALG","DESCES","GENALG",1,"Control"
"6_1_XXX",1.03556242752223,"2017-2023",2017,2023,"XXX","DESCES-GENALG","DESCES","GENALG",1,"Control"
"22_2_XXX",0.406151914626491,"2017-2023",2017,2023,"XXX","DESCES-GEUROS","DESCES","GEUROS",1,"Control"
"24_2_XXX",1.11222780569514,"2017-2023",2017,2023,"XXX","DESCES-GEUROS","DESCES","GEUROS",1,"Control"
"33_3_XXX",0.230118443316413,"2017-2023",2017,2023,"XXX","DESCES-GEUROS","DESCES","GEUROS",1,"Control"
"39_3_XXX",1.05645582854156,"2017-2023",2017,2023,"XXX","DESCES-GEUROS","DESCES","GEUROS",1,"Control"
"4_1_XXX",0.535111594991834,"2017-2023",2017,2023,"XXX","DESCES-GEUROS","DESCES","GEUROS",1,"Control"
"6_1_XXX",0.402965403624382,"2017-2023",2017,2023,"XXX","DESCES-GEUROS","DESCES","GEUROS",1,"Control"
"22_2_XXX",0.857516339869281,"2017-2023",2017,2023,"XXX","DESCES-TRIPAR","DESCES","TRIPAR",1,"Control"
"24_2_XXX",1,"2017-2023",2017,2023,"XXX","DESCES-TRIPAR","DESCES","TRIPAR",1,"Control"
"33_3_XXX",0.734111543450065,"2017-2023",2017,2023,"XXX","DESCES-TRIPAR","DESCES","TRIPAR",1,"Control"
"39_3_XXX",1.01561053049345,"2017-2023",2017,2023,"XXX","DESCES-TRIPAR","DESCES","TRIPAR",1,"Control"
"4_1_XXX",0.898638426626324,"2017-2023",2017,2023,"XXX","DESCES-TRIPAR","DESCES","TRIPAR",1,"Control"
"6_1_XXX",0.749368914532997,"2017-2023",2017,2023,"XXX","DESCES-TRIPAR","DESCES","TRIPAR",1,"Control"
"22_2_XXX",1.21666666666667,"2017-2023",2017,2023,"XXX","GENALG-GEUROS","GENALG","GEUROS",1,"Control"
"24_2_XXX",1.06716417910448,"2017-2023",2017,2023,"XXX","GENALG-GEUROS","GENALG","GEUROS",1,"Control"
"33_3_XXX",0.513684210526316,"2017-2023",2017,2023,"XXX","GENALG-GEUROS","GENALG","GEUROS",1,"Control"
"39_3_XXX",1.20033388981636,"2017-2023",2017,2023,"XXX","GENALG-GEUROS","GENALG","GEUROS",1,"Control"
"4_1_XXX",1.13420479302832,"2017-2023",2017,2023,"XXX","GENALG-GEUROS","GENALG","GEUROS",1,"Control"
"6_1_XXX",0.934782608695652,"2017-2023",2017,2023,"XXX","GENALG-GEUROS","GENALG","GEUROS",1,"Control"
"22_2_XXX",1.05649717514124,"2017-2023",2017,2023,"XXX","GENALG-TRIPAR","GENALG","TRIPAR",1,"Control"
"24_2_XXX",1,"2017-2023",2017,2023,"XXX","GENALG-TRIPAR","GENALG","TRIPAR",1,"Control"
"33_3_XXX",0.962874251497006,"2017-2023",2017,2023,"XXX","GENALG-TRIPAR","GENALG","TRIPAR",1,"Control"
"39_3_XXX",1.21541501976285,"2017-2023",2017,2023,"XXX","GENALG-TRIPAR","GENALG","TRIPAR",1,"Control"
"4_1_XXX",1.38297872340426,"2017-2023",2017,2023,"XXX","GENALG-TRIPAR","GENALG","TRIPAR",1,"Control"
"6_1_XXX",0.737373737373737,"2017-2023",2017,2023,"XXX","GENALG-TRIPAR","GENALG","TRIPAR",1,"Control"
"22_2_XXX",1.54471544715447,"2017-2023",2017,2023,"XXX","GEUROS-TRIPAR","GEUROS","TRIPAR",1,"Control"
"24_2_XXX",1,"2017-2023",2017,2023,"XXX","GEUROS-TRIPAR","GEUROS","TRIPAR",1,"Control"
"33_3_XXX",0.954397394136808,"2017-2023",2017,2023,"XXX","GEUROS-TRIPAR","GEUROS","TRIPAR",1,"Control"
"39_3_XXX",1.61935483870968,"2017-2023",2017,2023,"XXX","GEUROS-TRIPAR","GEUROS","TRIPAR",1,"Control"
"4_1_XXX",1.32794830371567,"2017-2023",2017,2023,"XXX","GEUROS-TRIPAR","GEUROS","TRIPAR",1,"Control"
"6_1_XXX",1.38544891640867,"2017-2023",2017,2023,"XXX","GEUROS-TRIPAR","GEUROS","TRIPAR",1,"Control"
"22_2_XXX",0.982439024390244,"2018-2024",2018,2024,"XXX","ARTSCO-BISBIS","ARTSCO","BISBIS",1,"Control"
"24_2_XXX",0.909142532651902,"2018-2024",2018,2024,"XXX","ARTSCO-BISBIS","ARTSCO","BISBIS",1,"Control"
"33_3_XXX",1.83701883701884,"2018-2024",2018,2024,"XXX","ARTSCO-BISBIS","ARTSCO","BISBIS",1,"Control"
"39_3_XXX",0.852760736196319,"2018-2024",2018,2024,"XXX","ARTSCO-BISBIS","ARTSCO","BISBIS",1,"Control"
"4_1_XXX",0.747634069400631,"2018-2024",2018,2024,"XXX","ARTSCO-BISBIS","ARTSCO","BISBIS",1,"Control"
"6_1_XXX",0.693548387096774,"2018-2024",2018,2024,"XXX","ARTSCO-BISBIS","ARTSCO","BISBIS",1,"Control"
"22_2_XXX",1,"2018-2024",2018,2024,"XXX","ARTSCO-CALLEP","ARTSCO","CALLEP",1,"Control"
"24_2_XXX",1.16198704103672,"2018-2024",2018,2024,"XXX","ARTSCO-CALLEP","ARTSCO","CALLEP",1,"Control"
"33_3_XXX",1.49658935879945,"2018-2024",2018,2024,"XXX","ARTSCO-CALLEP","ARTSCO","CALLEP",1,"Control"
"39_3_XXX",1.71859296482412,"2018-2024",2018,2024,"XXX","ARTSCO-CALLEP","ARTSCO","CALLEP",1,"Control"
"4_1_XXX",1,"2018-2024",2018,2024,"XXX","ARTSCO-CALLEP","ARTSCO","CALLEP",1,"Control"
"6_1_XXX",0.996197718631179,"2018-2024",2018,2024,"XXX","ARTSCO-CALLEP","ARTSCO","CALLEP",1,"Control"
"22_2_XXX",1.03378378378378,"2018-2024",2018,2024,"XXX","ARTSCO-CARSCO","ARTSCO","CARSCO",1,"Control"
"24_2_XXX",1.12270582066072,"2018-2024",2018,2024,"XXX","ARTSCO-CARSCO","ARTSCO","CARSCO",1,"Control"
"33_3_XXX",0.958518518518518,"2018-2024",2018,2024,"XXX","ARTSCO-CARSCO","ARTSCO","CARSCO",1,"Control"
"39_3_XXX",1.18688524590164,"2018-2024",2018,2024,"XXX","ARTSCO-CARSCO","ARTSCO","CARSCO",1,"Control"
"4_1_XXX",1.57657657657658,"2018-2024",2018,2024,"XXX","ARTSCO-CARSCO","ARTSCO","CARSCO",1,"Control"
"6_1_XXX",0.848218895198761,"2018-2024",2018,2024,"XXX","ARTSCO-CARSCO","ARTSCO","CARSCO",1,"Control"
"22_2_XXX",0.661616161616162,"2018-2024",2018,2024,"XXX","ARTSCO-DESCES","ARTSCO","DESCES",1,"Control"
"24_2_XXX",0.93419740777667,"2018-2024",2018,2024,"XXX","ARTSCO-DESCES","ARTSCO","DESCES",1,"Control"
"33_3_XXX",0.452674897119342,"2018-2024",2018,2024,"XXX","ARTSCO-DESCES","ARTSCO","DESCES",1,"Control"
"39_3_XXX",0.907741251325557,"2018-2024",2018,2024,"XXX","ARTSCO-DESCES","ARTSCO","DESCES",1,"Control"
"4_1_XXX",0.858062271699426,"2018-2024",2018,2024,"XXX","ARTSCO-DESCES","ARTSCO","DESCES",1,"Control"
"6_1_XXX",0.996121743529213,"2018-2024",2018,2024,"XXX","ARTSCO-DESCES","ARTSCO","DESCES",1,"Control"
"22_2_XXX",1.4113475177305,"2018-2024",2018,2024,"XXX","ARTSCO-GENALG","ARTSCO","GENALG",1,"Control"
"24_2_XXX",1.58303886925795,"2018-2024",2018,2024,"XXX","ARTSCO-GENALG","ARTSCO","GENALG",1,"Control"
"33_3_XXX",0.740053050397878,"2018-2024",2018,2024,"XXX","ARTSCO-GENALG","ARTSCO","GENALG",1,"Control"
"39_3_XXX",0.403595784252945,"2018-2024",2018,2024,"XXX","ARTSCO-GENALG","ARTSCO","GENALG",1,"Control"
"4_1_XXX",1.22685185185185,"2018-2024",2018,2024,"XXX","ARTSCO-GENALG","ARTSCO","GENALG",1,"Control"
"6_1_XXX",0.899280575539568,"2018-2024",2018,2024,"XXX","ARTSCO-GENALG","ARTSCO","GENALG",1,"Control"
"22_2_XXX",1.44078947368421,"2018-2024",2018,2024,"XXX","ARTSCO-GEUROS","ARTSCO","GEUROS",1,"Control"
"24_2_XXX",0.566,"2018-2024",2018,2024,"XXX","ARTSCO-GEUROS","ARTSCO","GEUROS",1,"Control"
"33_3_XXX",1.49339207048458,"2018-2024",2018,2024,"XXX","ARTSCO-GEUROS","ARTSCO","GEUROS",1,"Control"
"39_3_XXX",1.38769230769231,"2018-2024",2018,2024,"XXX","ARTSCO-GEUROS","ARTSCO","GEUROS",1,"Control"
"4_1_XXX",1.19348054679285,"2018-2024",2018,2024,"XXX","ARTSCO-GEUROS","ARTSCO","GEUROS",1,"Control"
"6_1_XXX",1.02156935663816,"2018-2024",2018,2024,"XXX","ARTSCO-GEUROS","ARTSCO","GEUROS",1,"Control"
"22_2_XXX",1.21695760598504,"2018-2024",2018,2024,"XXX","ARTSCO-TRIPAR","ARTSCO","TRIPAR",1,"Control"
"24_2_XXX",1,"2018-2024",2018,2024,"XXX","ARTSCO-TRIPAR","ARTSCO","TRIPAR",1,"Control"
"33_3_XXX",1.54901960784314,"2018-2024",2018,2024,"XXX","ARTSCO-TRIPAR","ARTSCO","TRIPAR",1,"Control"
"39_3_XXX",1.05285592497869,"2018-2024",2018,2024,"XXX","ARTSCO-TRIPAR","ARTSCO","TRIPAR",1,"Control"
"4_1_XXX",1.07213114754098,"2018-2024",2018,2024,"XXX","ARTSCO-TRIPAR","ARTSCO","TRIPAR",1,"Control"
"6_1_XXX",0.993013100436681,"2018-2024",2018,2024,"XXX","ARTSCO-TRIPAR","ARTSCO","TRIPAR",1,"Control"
"22_2_XXX",1,"2018-2024",2018,2024,"XXX","BISBIS-CALLEP","BISBIS","CALLEP",1,"Control"
"24_2_XXX",0.76878612716763,"2018-2024",2018,2024,"XXX","BISBIS-CALLEP","BISBIS","CALLEP",1,"Control"
"33_3_XXX",1.35901639344262,"2018-2024",2018,2024,"XXX","BISBIS-CALLEP","BISBIS","CALLEP",1,"Control"
"39_3_XXX",1.3622641509434,"2018-2024",2018,2024,"XXX","BISBIS-CALLEP","BISBIS","CALLEP",1,"Control"
"4_1_XXX",1,"2018-2024",2018,2024,"XXX","BISBIS-CALLEP","BISBIS","CALLEP",1,"Control"
"6_1_XXX",1.05585585585586,"2018-2024",2018,2024,"XXX","BISBIS-CALLEP","BISBIS","CALLEP",1,"Control"
"22_2_XXX",1.36795252225519,"2018-2024",2018,2024,"XXX","BISBIS-CARSCO","BISBIS","CARSCO",1,"Control"
"24_2_XXX",1.28070175438596,"2018-2024",2018,2024,"XXX","BISBIS-CARSCO","BISBIS","CARSCO",1,"Control"
"33_3_XXX",1.02717391304348,"2018-2024",2018,2024,"XXX","BISBIS-CARSCO","BISBIS","CARSCO",1,"Control"
"39_3_XXX",1.00587803085966,"2018-2024",2018,2024,"XXX","BISBIS-CARSCO","BISBIS","CARSCO",1,"Control"
"4_1_XXX",0.742489270386266,"2018-2024",2018,2024,"XXX","BISBIS-CARSCO","BISBIS","CARSCO",1,"Control"
"6_1_XXX",1.4647824136384,"2018-2024",2018,2024,"XXX","BISBIS-CARSCO","BISBIS","CARSCO",1,"Control"
"22_2_XXX",0.897613408635453,"2018-2024",2018,2024,"XXX","BISBIS-DESCES","BISBIS","DESCES",1,"Control"
"24_2_XXX",0.902271753107587,"2018-2024",2018,2024,"XXX","BISBIS-DESCES","BISBIS","DESCES",1,"Control"
"33_3_XXX",0.458698539176627,"2018-2024",2018,2024,"XXX","BISBIS-DESCES","BISBIS","DESCES",1,"Control"
"39_3_XXX",1.04411065690655,"2018-2024",2018,2024,"XXX","BISBIS-DESCES","BISBIS","DESCES",1,"Control"
"4_1_XXX",0.875,"2018-2024",2018,2024,"XXX","BISBIS-DESCES","BISBIS","DESCES",1,"Control"
"6_1_XXX",0.69801695054719,"2018-2024",2018,2024,"XXX","BISBIS-DESCES","BISBIS","DESCES",1,"Control"
"22_2_XXX",0.95729537366548,"2018-2024",2018,2024,"XXX","BISBIS-GENALG","BISBIS","GENALG",1,"Control"
"24_2_XXX",0.818803418803419,"2018-2024",2018,2024,"XXX","BISBIS-GENALG","BISBIS","GENALG",1,"Control"
"33_3_XXX",0.692551505546751,"2018-2024",2018,2024,"XXX","BISBIS-GENALG","BISBIS","GENALG",1,"Control"
"39_3_XXX",0.638480392156863,"2018-2024",2018,2024,"XXX","BISBIS-GENALG","BISBIS","GENALG",1,"Control"
"4_1_XXX",1.12334801762115,"2018-2024",2018,2024,"XXX","BISBIS-GENALG","BISBIS","GENALG",1,"Control"
"6_1_XXX",0.963157894736842,"2018-2024",2018,2024,"XXX","BISBIS-GENALG","BISBIS","GENALG",1,"Control"
"22_2_XXX",0.948822927328557,"2018-2024",2018,2024,"XXX","BISBIS-GEUROS","BISBIS","GEUROS",1,"Control"
"24_2_XXX",1,"2018-2024",2018,2024,"XXX","BISBIS-GEUROS","BISBIS","GEUROS",1,"Control"
"33_3_XXX",1.43354991139988,"2018-2024",2018,2024,"XXX","BISBIS-GEUROS","BISBIS","GEUROS",1,"Control"
"39_3_XXX",0.749502982107356,"2018-2024",2018,2024,"XXX","BISBIS-GEUROS","BISBIS","GEUROS",1,"Control"
"4_1_XXX",0.819832402234637,"2018-2024",2018,2024,"XXX","BISBIS-GEUROS","BISBIS","GEUROS",1,"Control"
"6_1_XXX",1.37370010063737,"2018-2024",2018,2024,"XXX","BISBIS-GEUROS","BISBIS","GEUROS",1,"Control"
"22_2_XXX",0.738441215323646,"2018-2024",2018,2024,"XXX","BISBIS-TRIPAR","BISBIS","TRIPAR",1,"Control"
"24_2_XXX",1,"2018-2024",2018,2024,"XXX","BISBIS-TRIPAR","BISBIS","TRIPAR",1,"Control"
"33_3_XXX",1.30255607720396,"2018-2024",2018,2024,"XXX","BISBIS-TRIPAR","BISBIS","TRIPAR",1,"Control"
"39_3_XXX",0.539893617021277,"2018-2024",2018,2024,"XXX","BISBIS-TRIPAR","BISBIS","TRIPAR",1,"Control"
"4_1_XXX",0.59493670886076,"2018-2024",2018,2024,"XXX","BISBIS-TRIPAR","BISBIS","TRIPAR",1,"Control"
"6_1_XXX",1.43562978427279,"2018-2024",2018,2024,"XXX","BISBIS-TRIPAR","BISBIS","TRIPAR",1,"Control"
"22_2_XXX",1,"2018-2024",2018,2024,"XXX","CALLEP-CARSCO","CALLEP","CARSCO",1,"Control"
"24_2_XXX",1.41379310344828,"2018-2024",2018,2024,"XXX","CALLEP-CARSCO","CALLEP","CARSCO",1,"Control"
"33_3_XXX",0.75,"2018-2024",2018,2024,"XXX","CALLEP-CARSCO","CALLEP","CARSCO",1,"Control"
"39_3_XXX",0.963878326996198,"2018-2024",2018,2024,"XXX","CALLEP-CARSCO","CALLEP","CARSCO",1,"Control"
"4_1_XXX",1,"2018-2024",2018,2024,"XXX","CALLEP-CARSCO","CALLEP","CARSCO",1,"Control"
"6_1_XXX",1.09964412811388,"2018-2024",2018,2024,"XXX","CALLEP-CARSCO","CALLEP","CARSCO",1,"Control"
"22_2_XXX",1,"2018-2024",2018,2024,"XXX","CALLEP-DESCES","CALLEP","DESCES",1,"Control"
"24_2_XXX",0.805280528052805,"2018-2024",2018,2024,"XXX","CALLEP-DESCES","CALLEP","DESCES",1,"Control"
"33_3_XXX",0.859627708269759,"2018-2024",2018,2024,"XXX","CALLEP-DESCES","CALLEP","DESCES",1,"Control"
"39_3_XXX",0.999248402856069,"2018-2024",2018,2024,"XXX","CALLEP-DESCES","CALLEP","DESCES",1,"Control"
"4_1_XXX",1,"2018-2024",2018,2024,"XXX","CALLEP-DESCES","CALLEP","DESCES",1,"Control"
"6_1_XXX",0.982428940568475,"2018-2024",2018,2024,"XXX","CALLEP-DESCES","CALLEP","DESCES",1,"Control"
"22_2_XXX",1,"2018-2024",2018,2024,"XXX","CALLEP-GENALG","CALLEP","GENALG",1,"Control"
"24_2_XXX",1.59171597633136,"2018-2024",2018,2024,"XXX","CALLEP-GENALG","CALLEP","GENALG",1,"Control"
"33_3_XXX",0.923076923076923,"2018-2024",2018,2024,"XXX","CALLEP-GENALG","CALLEP","GENALG",1,"Control"
"39_3_XXX",0.141339001062699,"2018-2024",2018,2024,"XXX","CALLEP-GENALG","CALLEP","GENALG",1,"Control"
"4_1_XXX",1,"2018-2024",2018,2024,"XXX","CALLEP-GENALG","CALLEP","GENALG",1,"Control"
"6_1_XXX",0.481481481481482,"2018-2024",2018,2024,"XXX","CALLEP-GENALG","CALLEP","GENALG",1,"Control"
"22_2_XXX",1,"2018-2024",2018,2024,"XXX","CALLEP-GEUROS","CALLEP","GEUROS",1,"Control"
"24_2_XXX",1.27184466019417,"2018-2024",2018,2024,"XXX","CALLEP-GEUROS","CALLEP","GEUROS",1,"Control"
"33_3_XXX",1.14107883817427,"2018-2024",2018,2024,"XXX","CALLEP-GEUROS","CALLEP","GEUROS",1,"Control"
"39_3_XXX",1.17834394904459,"2018-2024",2018,2024,"XXX","CALLEP-GEUROS","CALLEP","GEUROS",1,"Control"
"4_1_XXX",1,"2018-2024",2018,2024,"XXX","CALLEP-GEUROS","CALLEP","GEUROS",1,"Control"
"6_1_XXX",1.05332239540607,"2018-2024",2018,2024,"XXX","CALLEP-GEUROS","CALLEP","GEUROS",1,"Control"
"22_2_XXX",1,"2018-2024",2018,2024,"XXX","CALLEP-TRIPAR","CALLEP","TRIPAR",1,"Control"
"24_2_XXX",1,"2018-2024",2018,2024,"XXX","CALLEP-TRIPAR","CALLEP","TRIPAR",1,"Control"
"33_3_XXX",1.24632610216935,"2018-2024",2018,2024,"XXX","CALLEP-TRIPAR","CALLEP","TRIPAR",1,"Control"
"39_3_XXX",0.872255489021956,"2018-2024",2018,2024,"XXX","CALLEP-TRIPAR","CALLEP","TRIPAR",1,"Control"
"4_1_XXX",1,"2018-2024",2018,2024,"XXX","CALLEP-TRIPAR","CALLEP","TRIPAR",1,"Control"
"6_1_XXX",1.10738255033557,"2018-2024",2018,2024,"XXX","CALLEP-TRIPAR","CALLEP","TRIPAR",1,"Control"
"22_2_XXX",0.795325779036827,"2018-2024",2018,2024,"XXX","CARSCO-DESCES","CARSCO","DESCES",1,"Control"
"24_2_XXX",0.554659136748689,"2018-2024",2018,2024,"XXX","CARSCO-DESCES","CARSCO","DESCES",1,"Control"
"33_3_XXX",0.993786890338615,"2018-2024",2018,2024,"XXX","CARSCO-DESCES","CARSCO","DESCES",1,"Control"
"39_3_XXX",0.401378122308355,"2018-2024",2018,2024,"XXX","CARSCO-DESCES","CARSCO","DESCES",1,"Control"
"4_1_XXX",0.891968225948809,"2018-2024",2018,2024,"XXX","CARSCO-DESCES","CARSCO","DESCES",1,"Control"
"6_1_XXX",0.51099066546221,"2018-2024",2018,2024,"XXX","CARSCO-DESCES","CARSCO","DESCES",1,"Control"
"22_2_XXX",0.7,"2018-2024",2018,2024,"XXX","CARSCO-GENALG","CARSCO","GENALG",1,"Control"
"24_2_XXX",1.54172366621067,"2018-2024",2018,2024,"XXX","CARSCO-GENALG","CARSCO","GENALG",1,"Control"
"33_3_XXX",0.894117647058824,"2018-2024",2018,2024,"XXX","CARSCO-GENALG","CARSCO","GENALG",1,"Control"
"39_3_XXX",0.93993851974462,"2018-2024",2018,2024,"XXX","CARSCO-GENALG","CARSCO","GENALG",1,"Control"
"4_1_XXX",1.21212121212121,"2018-2024",2018,2024,"XXX","CARSCO-GENALG","CARSCO","GENALG",1,"Control"
"6_1_XXX",0.909465020576132,"2018-2024",2018,2024,"XXX","CARSCO-GENALG","CARSCO","GENALG",1,"Control"
"22_2_XXX",0.873239436619718,"2018-2024",2018,2024,"XXX","CARSCO-GEUROS","CARSCO","GEUROS",1,"Control"
"24_2_XXX",0.790149892933619,"2018-2024",2018,2024,"XXX","CARSCO-GEUROS","CARSCO","GEUROS",1,"Control"
"33_3_XXX",1.01918047079337,"2018-2024",2018,2024,"XXX","CARSCO-GEUROS","CARSCO","GEUROS",1,"Control"
"39_3_XXX",1.12870275791624,"2018-2024",2018,2024,"XXX","CARSCO-GEUROS","CARSCO","GEUROS",1,"Control"
"4_1_XXX",1.11917659804984,"2018-2024",2018,2024,"XXX","CARSCO-GEUROS","CARSCO","GEUROS",1,"Control"
"6_1_XXX",1.81712062256809,"2018-2024",2018,2024,"XXX","CARSCO-GEUROS","CARSCO","GEUROS",1,"Control"
"22_2_XXX",0.441048034934498,"2018-2024",2018,2024,"XXX","CARSCO-TRIPAR","CARSCO","TRIPAR",1,"Control"
"24_2_XXX",1,"2018-2024",2018,2024,"XXX","CARSCO-TRIPAR","CARSCO","TRIPAR",1,"Control"
"33_3_XXX",0.944566010211525,"2018-2024",2018,2024,"XXX","CARSCO-TRIPAR","CARSCO","TRIPAR",1,"Control"
"39_3_XXX",0.923462655054104,"2018-2024",2018,2024,"XXX","CARSCO-TRIPAR","CARSCO","TRIPAR",1,"Control"
"4_1_XXX",1.5972850678733,"2018-2024",2018,2024,"XXX","CARSCO-TRIPAR","CARSCO","TRIPAR",1,"Control"
"6_1_XXX",1.44704049844237,"2018-2024",2018,2024,"XXX","CARSCO-TRIPAR","CARSCO","TRIPAR",1,"Control"
"22_2_XXX",0.951359084406295,"2018-2024",2018,2024,"XXX","DESCES-GENALG","DESCES","GENALG",1,"Control"
"24_2_XXX",0.550070521861777,"2018-2024",2018,2024,"XXX","DESCES-GENALG","DESCES","GENALG",1,"Control"
"33_3_XXX",1.22559126743481,"2018-2024",2018,2024,"XXX","DESCES-GENALG","DESCES","GENALG",1,"Control"
"39_3_XXX",1.04013127051102,"2018-2024",2018,2024,"XXX","DESCES-GENALG","DESCES","GENALG",1,"Control"
"4_1_XXX",0.868881427814101,"2018-2024",2018,2024,"XXX","DESCES-GENALG","DESCES","GENALG",1,"Control"
"6_1_XXX",1.02890322580645,"2018-2024",2018,2024,"XXX","DESCES-GENALG","DESCES","GENALG",1,"Control"
"22_2_XXX",0.500636132315522,"2018-2024",2018,2024,"XXX","DESCES-GEUROS","DESCES","GEUROS",1,"Control"
"24_2_XXX",1.17418351477449,"2018-2024",2018,2024,"XXX","DESCES-GEUROS","DESCES","GEUROS",1,"Control"
"33_3_XXX",0.253211009174312,"2018-2024",2018,2024,"XXX","DESCES-GEUROS","DESCES","GEUROS",1,"Control"
"39_3_XXX",0.975656877897991,"2018-2024",2018,2024,"XXX","DESCES-GEUROS","DESCES","GEUROS",1,"Control"
"4_1_XXX",0.437801350048216,"2018-2024",2018,2024,"XXX","DESCES-GEUROS","DESCES","GEUROS",1,"Control"
"6_1_XXX",0.298945568538045,"2018-2024",2018,2024,"XXX","DESCES-GEUROS","DESCES","GEUROS",1,"Control"
"22_2_XXX",0.864864864864865,"2018-2024",2018,2024,"XXX","DESCES-TRIPAR","DESCES","TRIPAR",1,"Control"
"24_2_XXX",1,"2018-2024",2018,2024,"XXX","DESCES-TRIPAR","DESCES","TRIPAR",1,"Control"
"33_3_XXX",0.729493891797557,"2018-2024",2018,2024,"XXX","DESCES-TRIPAR","DESCES","TRIPAR",1,"Control"
"39_3_XXX",1.0518337408313,"2018-2024",2018,2024,"XXX","DESCES-TRIPAR","DESCES","TRIPAR",1,"Control"
"4_1_XXX",0.86151704940849,"2018-2024",2018,2024,"XXX","DESCES-TRIPAR","DESCES","TRIPAR",1,"Control"
"6_1_XXX",0.867114953570285,"2018-2024",2018,2024,"XXX","DESCES-TRIPAR","DESCES","TRIPAR",1,"Control"
"22_2_XXX",1.34074074074074,"2018-2024",2018,2024,"XXX","GENALG-GEUROS","GENALG","GEUROS",1,"Control"
"24_2_XXX",0.694174757281553,"2018-2024",2018,2024,"XXX","GENALG-GEUROS","GENALG","GEUROS",1,"Control"
"33_3_XXX",0.579119086460033,"2018-2024",2018,2024,"XXX","GENALG-GEUROS","GENALG","GEUROS",1,"Control"
"39_3_XXX",0.978428351309707,"2018-2024",2018,2024,"XXX","GENALG-GEUROS","GENALG","GEUROS",1,"Control"
"4_1_XXX",1.20267824828085,"2018-2024",2018,2024,"XXX","GENALG-GEUROS","GENALG","GEUROS",1,"Control"
"6_1_XXX",0.925805136567468,"2018-2024",2018,2024,"XXX","GENALG-GEUROS","GENALG","GEUROS",1,"Control"
"22_2_XXX",1.33488372093023,"2018-2024",2018,2024,"XXX","GENALG-TRIPAR","GENALG","TRIPAR",1,"Control"
"24_2_XXX",1,"2018-2024",2018,2024,"XXX","GENALG-TRIPAR","GENALG","TRIPAR",1,"Control"
"33_3_XXX",0.895172413793104,"2018-2024",2018,2024,"XXX","GENALG-TRIPAR","GENALG","TRIPAR",1,"Control"
"39_3_XXX",1.27011494252874,"2018-2024",2018,2024,"XXX","GENALG-TRIPAR","GENALG","TRIPAR",1,"Control"
"4_1_XXX",1.32558139534884,"2018-2024",2018,2024,"XXX","GENALG-TRIPAR","GENALG","TRIPAR",1,"Control"
"6_1_XXX",0.7997799779978,"2018-2024",2018,2024,"XXX","GENALG-TRIPAR","GENALG","TRIPAR",1,"Control"
"22_2_XXX",1.73521850899743,"2018-2024",2018,2024,"XXX","GEUROS-TRIPAR","GEUROS","TRIPAR",1,"Control"
"24_2_XXX",1,"2018-2024",2018,2024,"XXX","GEUROS-TRIPAR","GEUROS","TRIPAR",1,"Control"
"33_3_XXX",1.0859872611465,"2018-2024",2018,2024,"XXX","GEUROS-TRIPAR","GEUROS","TRIPAR",1,"Control"
"39_3_XXX",1.20095693779904,"2018-2024",2018,2024,"XXX","GEUROS-TRIPAR","GEUROS","TRIPAR",1,"Control"
"4_1_XXX",1.27629733520337,"2018-2024",2018,2024,"XXX","GEUROS-TRIPAR","GEUROS","TRIPAR",1,"Control"
"6_1_XXX",1.13614457831325,"2018-2024",2018,2024,"XXX","GEUROS-TRIPAR","GEUROS","TRIPAR",1,"Control"
"12_1_PXX",1.02752293577982,"2007-2013",2007,2013,"PXX","ARTSCO-BISBIS","ARTSCO","BISBIS",1,"+ Snow"
"16_1_PXX",0.290780141843972,"2007-2013",2007,2013,"PXX","ARTSCO-BISBIS","ARTSCO","BISBIS",1,"+ Snow"
"26_2_PXX",0.392366412213741,"2007-2013",2007,2013,"PXX","ARTSCO-BISBIS","ARTSCO","BISBIS",1,"+ Snow"
"31_2_PXX",0.873668188736682,"2007-2013",2007,2013,"PXX","ARTSCO-BISBIS","ARTSCO","BISBIS",1,"+ Snow"
"41_3_PXX",0.666666666666667,"2007-2013",2007,2013,"PXX","ARTSCO-BISBIS","ARTSCO","BISBIS",1,"+ Snow"
"46_3_PXX",1.09278350515464,"2007-2013",2007,2013,"PXX","ARTSCO-BISBIS","ARTSCO","BISBIS",1,"+ Snow"
"12_1_PXX",0.730994152046784,"2007-2013",2007,2013,"PXX","ARTSCO-CALLEP","ARTSCO","CALLEP",1,"+ Snow"
"16_1_PXX",0.45830258302583,"2007-2013",2007,2013,"PXX","ARTSCO-CALLEP","ARTSCO","CALLEP",1,"+ Snow"
"26_2_PXX",0.936426116838488,"2007-2013",2007,2013,"PXX","ARTSCO-CALLEP","ARTSCO","CALLEP",1,"+ Snow"
"31_2_PXX",0.965824665676077,"2007-2013",2007,2013,"PXX","ARTSCO-CALLEP","ARTSCO","CALLEP",1,"+ Snow"
"41_3_PXX",0.932203389830509,"2007-2013",2007,2013,"PXX","ARTSCO-CALLEP","ARTSCO","CALLEP",1,"+ Snow"
"46_3_PXX",1.42148760330579,"2007-2013",2007,2013,"PXX","ARTSCO-CALLEP","ARTSCO","CALLEP",1,"+ Snow"
"12_1_PXX",0.535612535612536,"2007-2013",2007,2013,"PXX","ARTSCO-CARSCO","ARTSCO","CARSCO",1,"+ Snow"
"16_1_PXX",1.63073852295409,"2007-2013",2007,2013,"PXX","ARTSCO-CARSCO","ARTSCO","CARSCO",1,"+ Snow"
"26_2_PXX",0.951978657180969,"2007-2013",2007,2013,"PXX","ARTSCO-CARSCO","ARTSCO","CARSCO",1,"+ Snow"
"31_2_PXX",1.10287907869482,"2007-2013",2007,2013,"PXX","ARTSCO-CARSCO","ARTSCO","CARSCO",1,"+ Snow"
"41_3_PXX",0.293637846655791,"2007-2013",2007,2013,"PXX","ARTSCO-CARSCO","ARTSCO","CARSCO",1,"+ Snow"
"46_3_PXX",1.4873786407767,"2007-2013",2007,2013,"PXX","ARTSCO-CARSCO","ARTSCO","CARSCO",1,"+ Snow"
"12_1_PXX",0.7808,"2007-2013",2007,2013,"PXX","ARTSCO-DESCES","ARTSCO","DESCES",1,"+ Snow"
"16_1_PXX",0.687914517317612,"2007-2013",2007,2013,"PXX","ARTSCO-DESCES","ARTSCO","DESCES",1,"+ Snow"
"26_2_PXX",0.792841648590022,"2007-2013",2007,2013,"PXX","ARTSCO-DESCES","ARTSCO","DESCES",1,"+ Snow"
"31_2_PXX",0.325907590759076,"2007-2013",2007,2013,"PXX","ARTSCO-DESCES","ARTSCO","DESCES",1,"+ Snow"
"41_3_PXX",1.0319606637984,"2007-2013",2007,2013,"PXX","ARTSCO-DESCES","ARTSCO","DESCES",1,"+ Snow"
"46_3_PXX",0.446266968325792,"2007-2013",2007,2013,"PXX","ARTSCO-DESCES","ARTSCO","DESCES",1,"+ Snow"
"12_1_PXX",0.666666666666667,"2007-2013",2007,2013,"PXX","ARTSCO-GENALG","ARTSCO","GENALG",1,"+ Snow"
"16_1_PXX",1.37537537537538,"2007-2013",2007,2013,"PXX","ARTSCO-GENALG","ARTSCO","GENALG",1,"+ Snow"
"26_2_PXX",1.16464471403813,"2007-2013",2007,2013,"PXX","ARTSCO-GENALG","ARTSCO","GENALG",1,"+ Snow"
"31_2_PXX",0.972853998532649,"2007-2013",2007,2013,"PXX","ARTSCO-GENALG","ARTSCO","GENALG",1,"+ Snow"
"41_3_PXX",1.20545454545455,"2007-2013",2007,2013,"PXX","ARTSCO-GENALG","ARTSCO","GENALG",1,"+ Snow"
"46_3_PXX",1.75149806133239,"2007-2013",2007,2013,"PXX","ARTSCO-GENALG","ARTSCO","GENALG",1,"+ Snow"
"12_1_PXX",0.454175152749491,"2007-2013",2007,2013,"PXX","ARTSCO-GEUROS","ARTSCO","GEUROS",1,"+ Snow"
"16_1_PXX",0.762658227848101,"2007-2013",2007,2013,"PXX","ARTSCO-GEUROS","ARTSCO","GEUROS",1,"+ Snow"
"26_2_PXX",1.2136409227683,"2007-2013",2007,2013,"PXX","ARTSCO-GEUROS","ARTSCO","GEUROS",1,"+ Snow"
"31_2_PXX",1.78897338403042,"2007-2013",2007,2013,"PXX","ARTSCO-GEUROS","ARTSCO","GEUROS",1,"+ Snow"
"41_3_PXX",0.870967741935484,"2007-2013",2007,2013,"PXX","ARTSCO-GEUROS","ARTSCO","GEUROS",1,"+ Snow"
"46_3_PXX",1.19324577861163,"2007-2013",2007,2013,"PXX","ARTSCO-GEUROS","ARTSCO","GEUROS",1,"+ Snow"
"12_1_PXX",0.234210526315789,"2007-2013",2007,2013,"PXX","ARTSCO-TRIPAR","ARTSCO","TRIPAR",1,"+ Snow"
"16_1_PXX",1.08239700374532,"2007-2013",2007,2013,"PXX","ARTSCO-TRIPAR","ARTSCO","TRIPAR",1,"+ Snow"
"26_2_PXX",0.879549393414211,"2007-2013",2007,2013,"PXX","ARTSCO-TRIPAR","ARTSCO","TRIPAR",1,"+ Snow"
"31_2_PXX",0.936866718628215,"2007-2013",2007,2013,"PXX","ARTSCO-TRIPAR","ARTSCO","TRIPAR",1,"+ Snow"
"41_3_PXX",1.71515151515152,"2007-2013",2007,2013,"PXX","ARTSCO-TRIPAR","ARTSCO","TRIPAR",1,"+ Snow"
"46_3_PXX",0.912646013204672,"2007-2013",2007,2013,"PXX","ARTSCO-TRIPAR","ARTSCO","TRIPAR",1,"+ Snow"
"12_1_PXX",1.50397877984085,"2007-2013",2007,2013,"PXX","BISBIS-CALLEP","BISBIS","CALLEP",1,"+ Snow"
"16_1_PXX",1.65753424657534,"2007-2013",2007,2013,"PXX","BISBIS-CALLEP","BISBIS","CALLEP",1,"+ Snow"
"26_2_PXX",0.975206611570248,"2007-2013",2007,2013,"PXX","BISBIS-CALLEP","BISBIS","CALLEP",1,"+ Snow"
"31_2_PXX",1.32,"2007-2013",2007,2013,"PXX","BISBIS-CALLEP","BISBIS","CALLEP",1,"+ Snow"
"41_3_PXX",0.86053412462908,"2007-2013",2007,2013,"PXX","BISBIS-CALLEP","BISBIS","CALLEP",1,"+ Snow"
"46_3_PXX",1.05687203791469,"2007-2013",2007,2013,"PXX","BISBIS-CALLEP","BISBIS","CALLEP",1,"+ Snow"
"12_1_PXX",0.841968911917099,"2007-2013",2007,2013,"PXX","BISBIS-CARSCO","BISBIS","CARSCO",1,"+ Snow"
"16_1_PXX",0.591355599214145,"2007-2013",2007,2013,"PXX","BISBIS-CARSCO","BISBIS","CARSCO",1,"+ Snow"
"26_2_PXX",0.980246913580247,"2007-2013",2007,2013,"PXX","BISBIS-CARSCO","BISBIS","CARSCO",1,"+ Snow"
"31_2_PXX",1.10619469026549,"2007-2013",2007,2013,"PXX","BISBIS-CARSCO","BISBIS","CARSCO",1,"+ Snow"
"41_3_PXX",1.1673640167364,"2007-2013",2007,2013,"PXX","BISBIS-CARSCO","BISBIS","CARSCO",1,"+ Snow"
"46_3_PXX",0.723270440251572,"2007-2013",2007,2013,"PXX","BISBIS-CARSCO","BISBIS","CARSCO",1,"+ Snow"
"12_1_PXX",1.16515151515152,"2007-2013",2007,2013,"PXX","BISBIS-DESCES","BISBIS","DESCES",1,"+ Snow"
"16_1_PXX",0.95113886847906,"2007-2013",2007,2013,"PXX","BISBIS-DESCES","BISBIS","DESCES",1,"+ Snow"
"26_2_PXX",1.13232104121475,"2007-2013",2007,2013,"PXX","BISBIS-DESCES","BISBIS","DESCES",1,"+ Snow"
"31_2_PXX",0.990005552470849,"2007-2013",2007,2013,"PXX","BISBIS-DESCES","BISBIS","DESCES",1,"+ Snow"
"41_3_PXX",0.776139410187668,"2007-2013",2007,2013,"PXX","BISBIS-DESCES","BISBIS","DESCES",1,"+ Snow"
"46_3_PXX",0.937937619350732,"2007-2013",2007,2013,"PXX","BISBIS-DESCES","BISBIS","DESCES",1,"+ Snow"
"12_1_PXX",0.423398328690808,"2007-2013",2007,2013,"PXX","BISBIS-GENALG","BISBIS","GENALG",1,"+ Snow"
"16_1_PXX",0.912023460410557,"2007-2013",2007,2013,"PXX","BISBIS-GENALG","BISBIS","GENALG",1,"+ Snow"
"26_2_PXX",0.870689655172414,"2007-2013",2007,2013,"PXX","BISBIS-GENALG","BISBIS","GENALG",1,"+ Snow"
"31_2_PXX",1.67521367521368,"2007-2013",2007,2013,"PXX","BISBIS-GENALG","BISBIS","GENALG",1,"+ Snow"
"41_3_PXX",0.990361445783133,"2007-2013",2007,2013,"PXX","BISBIS-GENALG","BISBIS","GENALG",1,"+ Snow"
"46_3_PXX",0.923869944488501,"2007-2013",2007,2013,"PXX","BISBIS-GENALG","BISBIS","GENALG",1,"+ Snow"
"12_1_PXX",0.473942969518191,"2007-2013",2007,2013,"PXX","BISBIS-GEUROS","BISBIS","GEUROS",1,"+ Snow"
"16_1_PXX",1.33641975308642,"2007-2013",2007,2013,"PXX","BISBIS-GEUROS","BISBIS","GEUROS",1,"+ Snow"
"26_2_PXX",0.675373134328358,"2007-2013",2007,2013,"PXX","BISBIS-GEUROS","BISBIS","GEUROS",1,"+ Snow"
"31_2_PXX",0.892773892773893,"2007-2013",2007,2013,"PXX","BISBIS-GEUROS","BISBIS","GEUROS",1,"+ Snow"
"41_3_PXX",1.54113345521024,"2007-2013",2007,2013,"PXX","BISBIS-GEUROS","BISBIS","GEUROS",1,"+ Snow"
"46_3_PXX",1.24460431654676,"2007-2013",2007,2013,"PXX","BISBIS-GEUROS","BISBIS","GEUROS",1,"+ Snow"
"12_1_PXX",1.24578313253012,"2007-2013",2007,2013,"PXX","BISBIS-TRIPAR","BISBIS","TRIPAR",1,"+ Snow"
"16_1_PXX",1.46600741656366,"2007-2013",2007,2013,"PXX","BISBIS-TRIPAR","BISBIS","TRIPAR",1,"+ Snow"
"26_2_PXX",1.02155172413793,"2007-2013",2007,2013,"PXX","BISBIS-TRIPAR","BISBIS","TRIPAR",1,"+ Snow"
"31_2_PXX",1.10810810810811,"2007-2013",2007,2013,"PXX","BISBIS-TRIPAR","BISBIS","TRIPAR",1,"+ Snow"
"41_3_PXX",0.287179487179487,"2007-2013",2007,2013,"PXX","BISBIS-TRIPAR","BISBIS","TRIPAR",1,"+ Snow"
"46_3_PXX",1.06615776081425,"2007-2013",2007,2013,"PXX","BISBIS-TRIPAR","BISBIS","TRIPAR",1,"+ Snow"
"12_1_PXX",0.989071038251366,"2007-2013",2007,2013,"PXX","CALLEP-CARSCO","CALLEP","CARSCO",1,"+ Snow"
"16_1_PXX",0.726872246696035,"2007-2013",2007,2013,"PXX","CALLEP-CARSCO","CALLEP","CARSCO",1,"+ Snow"
"26_2_PXX",1.14159292035398,"2007-2013",2007,2013,"PXX","CALLEP-CARSCO","CALLEP","CARSCO",1,"+ Snow"
"31_2_PXX",0.627118644067797,"2007-2013",2007,2013,"PXX","CALLEP-CARSCO","CALLEP","CARSCO",1,"+ Snow"
"41_3_PXX",1.56260434056761,"2007-2013",2007,2013,"PXX","CALLEP-CARSCO","CALLEP","CARSCO",1,"+ Snow"
"46_3_PXX",1.0288315629742,"2007-2013",2007,2013,"PXX","CALLEP-CARSCO","CALLEP","CARSCO",1,"+ Snow"
"12_1_PXX",1.527352297593,"2007-2013",2007,2013,"PXX","CALLEP-DESCES","CALLEP","DESCES",1,"+ Snow"
"16_1_PXX",1.0210273355362,"2007-2013",2007,2013,"PXX","CALLEP-DESCES","CALLEP","DESCES",1,"+ Snow"
"26_2_PXX",1.11603053435114,"2007-2013",2007,2013,"PXX","CALLEP-DESCES","CALLEP","DESCES",1,"+ Snow"
"31_2_PXX",1.05063291139241,"2007-2013",2007,2013,"PXX","CALLEP-DESCES","CALLEP","DESCES",1,"+ Snow"
"41_3_PXX",0.66769993800372,"2007-2013",2007,2013,"PXX","CALLEP-DESCES","CALLEP","DESCES",1,"+ Snow"
"46_3_PXX",0.746287519747235,"2007-2013",2007,2013,"PXX","CALLEP-DESCES","CALLEP","DESCES",1,"+ Snow"
"12_1_PXX",0.666666666666667,"2007-2013",2007,2013,"PXX","CALLEP-GENALG","CALLEP","GENALG",1,"+ Snow"
"16_1_PXX",0.490280777537797,"2007-2013",2007,2013,"PXX","CALLEP-GENALG","CALLEP","GENALG",1,"+ Snow"
"26_2_PXX",0.72093023255814,"2007-2013",2007,2013,"PXX","CALLEP-GENALG","CALLEP","GENALG",1,"+ Snow"
"31_2_PXX",1.44295302013423,"2007-2013",2007,2013,"PXX","CALLEP-GENALG","CALLEP","GENALG",1,"+ Snow"
"41_3_PXX",1.40671641791045,"2007-2013",2007,2013,"PXX","CALLEP-GENALG","CALLEP","GENALG",1,"+ Snow"
"46_3_PXX",1.509977827051,"2007-2013",2007,2013,"PXX","CALLEP-GENALG","CALLEP","GENALG",1,"+ Snow"
"12_1_PXX",0.762899262899263,"2007-2013",2007,2013,"PXX","CALLEP-GEUROS","CALLEP","GEUROS",1,"+ Snow"
"16_1_PXX",1.09620253164557,"2007-2013",2007,2013,"PXX","CALLEP-GEUROS","CALLEP","GEUROS",1,"+ Snow"
"26_2_PXX",0.799136069114471,"2007-2013",2007,2013,"PXX","CALLEP-GEUROS","CALLEP","GEUROS",1,"+ Snow"
"31_2_PXX",0.829213483146067,"2007-2013",2007,2013,"PXX","CALLEP-GEUROS","CALLEP","GEUROS",1,"+ Snow"
"41_3_PXX",0.889221556886228,"2007-2013",2007,2013,"PXX","CALLEP-GEUROS","CALLEP","GEUROS",1,"+ Snow"
"46_3_PXX",1.67901234567901,"2007-2013",2007,2013,"PXX","CALLEP-GEUROS","CALLEP","GEUROS",1,"+ Snow"
"12_1_PXX",1.17924528301887,"2007-2013",2007,2013,"PXX","CALLEP-TRIPAR","CALLEP","TRIPAR",1,"+ Snow"
"16_1_PXX",1.27922912205567,"2007-2013",2007,2013,"PXX","CALLEP-TRIPAR","CALLEP","TRIPAR",1,"+ Snow"
"26_2_PXX",1.86046511627907,"2007-2013",2007,2013,"PXX","CALLEP-TRIPAR","CALLEP","TRIPAR",1,"+ Snow"
"31_2_PXX",0.884057971014493,"2007-2013",2007,2013,"PXX","CALLEP-TRIPAR","CALLEP","TRIPAR",1,"+ Snow"
"41_3_PXX",0.860759493670886,"2007-2013",2007,2013,"PXX","CALLEP-TRIPAR","CALLEP","TRIPAR",1,"+ Snow"
"46_3_PXX",0.703092783505155,"2007-2013",2007,2013,"PXX","CALLEP-TRIPAR","CALLEP","TRIPAR",1,"+ Snow"
"12_1_PXX",0.682403433476395,"2007-2013",2007,2013,"PXX","CARSCO-DESCES","CARSCO","DESCES",1,"+ Snow"
"16_1_PXX",0.694622038360286,"2007-2013",2007,2013,"PXX","CARSCO-DESCES","CARSCO","DESCES",1,"+ Snow"
"26_2_PXX",0.932958728928502,"2007-2013",2007,2013,"PXX","CARSCO-DESCES","CARSCO","DESCES",1,"+ Snow"
"31_2_PXX",0.899456900153182,"2007-2013",2007,2013,"PXX","CARSCO-DESCES","CARSCO","DESCES",1,"+ Snow"
"41_3_PXX",0.681299885974914,"2007-2013",2007,2013,"PXX","CARSCO-DESCES","CARSCO","DESCES",1,"+ Snow"
"46_3_PXX",0.565459610027855,"2007-2013",2007,2013,"PXX","CARSCO-DESCES","CARSCO","DESCES",1,"+ Snow"
"12_1_PXX",1.34545454545455,"2007-2013",2007,2013,"PXX","CARSCO-GENALG","CARSCO","GENALG",1,"+ Snow"
"16_1_PXX",1.38489208633094,"2007-2013",2007,2013,"PXX","CARSCO-GENALG","CARSCO","GENALG",1,"+ Snow"
"26_2_PXX",0.505376344086022,"2007-2013",2007,2013,"PXX","CARSCO-GENALG","CARSCO","GENALG",1,"+ Snow"
"31_2_PXX",1.30805687203791,"2007-2013",2007,2013,"PXX","CARSCO-GENALG","CARSCO","GENALG",1,"+ Snow"
"41_3_PXX",0.935007385524372,"2007-2013",2007,2013,"PXX","CARSCO-GENALG","CARSCO","GENALG",1,"+ Snow"
"46_3_PXX",1.55093350802489,"2007-2013",2007,2013,"PXX","CARSCO-GENALG","CARSCO","GENALG",1,"+ Snow"
"12_1_PXX",1.18590522478736,"2007-2013",2007,2013,"PXX","CARSCO-GEUROS","CARSCO","GEUROS",1,"+ Snow"
"16_1_PXX",0.770114942528736,"2007-2013",2007,2013,"PXX","CARSCO-GEUROS","CARSCO","GEUROS",1,"+ Snow"
"26_2_PXX",1.10490693739425,"2007-2013",2007,2013,"PXX","CARSCO-GEUROS","CARSCO","GEUROS",1,"+ Snow"
"31_2_PXX",1.19373892498523,"2007-2013",2007,2013,"PXX","CARSCO-GEUROS","CARSCO","GEUROS",1,"+ Snow"
"41_3_PXX",1.24351050679852,"2007-2013",2007,2013,"PXX","CARSCO-GEUROS","CARSCO","GEUROS",1,"+ Snow"
"46_3_PXX",0.759795570698467,"2007-2013",2007,2013,"PXX","CARSCO-GEUROS","CARSCO","GEUROS",1,"+ Snow"
"12_1_PXX",1.24886877828054,"2007-2013",2007,2013,"PXX","CARSCO-TRIPAR","CARSCO","TRIPAR",1,"+ Snow"
"16_1_PXX",0.785522788203753,"2007-2013",2007,2013,"PXX","CARSCO-TRIPAR","CARSCO","TRIPAR",1,"+ Snow"
"26_2_PXX",1.48387096774194,"2007-2013",2007,2013,"PXX","CARSCO-TRIPAR","CARSCO","TRIPAR",1,"+ Snow"
"31_2_PXX",0.941176470588235,"2007-2013",2007,2013,"PXX","CARSCO-TRIPAR","CARSCO","TRIPAR",1,"+ Snow"
"41_3_PXX",0.472647702407002,"2007-2013",2007,2013,"PXX","CARSCO-TRIPAR","CARSCO","TRIPAR",1,"+ Snow"
"46_3_PXX",1.03112128146453,"2007-2013",2007,2013,"PXX","CARSCO-TRIPAR","CARSCO","TRIPAR",1,"+ Snow"
"12_1_PXX",0.861047835990888,"2007-2013",2007,2013,"PXX","DESCES-GENALG","DESCES","GENALG",1,"+ Snow"
"16_1_PXX",0.81453231633882,"2007-2013",2007,2013,"PXX","DESCES-GENALG","DESCES","GENALG",1,"+ Snow"
"26_2_PXX",1.05134099616858,"2007-2013",2007,2013,"PXX","DESCES-GENALG","DESCES","GENALG",1,"+ Snow"
"31_2_PXX",0.869898657901945,"2007-2013",2007,2013,"PXX","DESCES-GENALG","DESCES","GENALG",1,"+ Snow"
"41_3_PXX",0.433471318746304,"2007-2013",2007,2013,"PXX","DESCES-GENALG","DESCES","GENALG",1,"+ Snow"
"46_3_PXX",0.573755448497362,"2007-2013",2007,2013,"PXX","DESCES-GENALG","DESCES","GENALG",1,"+ Snow"
"12_1_PXX",0.889699179580675,"2007-2013",2007,2013,"PXX","DESCES-GEUROS","DESCES","GEUROS",1,"+ Snow"
"16_1_PXX",0.991511721907842,"2007-2013",2007,2013,"PXX","DESCES-GEUROS","DESCES","GEUROS",1,"+ Snow"
"26_2_PXX",0.230724637681159,"2007-2013",2007,2013,"PXX","DESCES-GEUROS","DESCES","GEUROS",1,"+ Snow"
"31_2_PXX",0.272313296903461,"2007-2013",2007,2013,"PXX","DESCES-GEUROS","DESCES","GEUROS",1,"+ Snow"
"41_3_PXX",0.341195831047723,"2007-2013",2007,2013,"PXX","DESCES-GEUROS","DESCES","GEUROS",1,"+ Snow"
"46_3_PXX",0.934691238279987,"2007-2013",2007,2013,"PXX","DESCES-GEUROS","DESCES","GEUROS",1,"+ Snow"
"12_1_PXX",0.967676767676768,"2007-2013",2007,2013,"PXX","DESCES-TRIPAR","DESCES","TRIPAR",1,"+ Snow"
"16_1_PXX",0.675904021628929,"2007-2013",2007,2013,"PXX","DESCES-TRIPAR","DESCES","TRIPAR",1,"+ Snow"
"26_2_PXX",1.01915708812261,"2007-2013",2007,2013,"PXX","DESCES-TRIPAR","DESCES","TRIPAR",1,"+ Snow"
"31_2_PXX",1.02800336040325,"2007-2013",2007,2013,"PXX","DESCES-TRIPAR","DESCES","TRIPAR",1,"+ Snow"
"41_3_PXX",1.11284840244731,"2007-2013",2007,2013,"PXX","DESCES-TRIPAR","DESCES","TRIPAR",1,"+ Snow"
"46_3_PXX",1.02768449504464,"2007-2013",2007,2013,"PXX","DESCES-TRIPAR","DESCES","TRIPAR",1,"+ Snow"
"12_1_PXX",1.28391959798995,"2007-2013",2007,2013,"PXX","GENALG-GEUROS","GENALG","GEUROS",1,"+ Snow"
"16_1_PXX",1.34408602150538,"2007-2013",2007,2013,"PXX","GENALG-GEUROS","GENALG","GEUROS",1,"+ Snow"
"26_2_PXX",0.87117903930131,"2007-2013",2007,2013,"PXX","GENALG-GEUROS","GENALG","GEUROS",1,"+ Snow"
"31_2_PXX",1.11686879823594,"2007-2013",2007,2013,"PXX","GENALG-GEUROS","GENALG","GEUROS",1,"+ Snow"
"41_3_PXX",1.31099195710456,"2007-2013",2007,2013,"PXX","GENALG-GEUROS","GENALG","GEUROS",1,"+ Snow"
"46_3_PXX",1.26478873239437,"2007-2013",2007,2013,"PXX","GENALG-GEUROS","GENALG","GEUROS",1,"+ Snow"
"12_1_PXX",1.26288659793814,"2007-2013",2007,2013,"PXX","GENALG-TRIPAR","GENALG","TRIPAR",1,"+ Snow"
"16_1_PXX",0.949826989619377,"2007-2013",2007,2013,"PXX","GENALG-TRIPAR","GENALG","TRIPAR",1,"+ Snow"
"26_2_PXX",0.342105263157895,"2007-2013",2007,2013,"PXX","GENALG-TRIPAR","GENALG","TRIPAR",1,"+ Snow"
"31_2_PXX",0.953488372093023,"2007-2013",2007,2013,"PXX","GENALG-TRIPAR","GENALG","TRIPAR",1,"+ Snow"
"41_3_PXX",1.18781725888325,"2007-2013",2007,2013,"PXX","GENALG-TRIPAR","GENALG","TRIPAR",1,"+ Snow"
"46_3_PXX",0.876940133037694,"2007-2013",2007,2013,"PXX","GENALG-TRIPAR","GENALG","TRIPAR",1,"+ Snow"
"12_1_PXX",1.32629107981221,"2007-2013",2007,2013,"PXX","GEUROS-TRIPAR","GEUROS","TRIPAR",1,"+ Snow"
"16_1_PXX",1.09090909090909,"2007-2013",2007,2013,"PXX","GEUROS-TRIPAR","GEUROS","TRIPAR",1,"+ Snow"
"26_2_PXX",0.962882096069869,"2007-2013",2007,2013,"PXX","GEUROS-TRIPAR","GEUROS","TRIPAR",1,"+ Snow"
"31_2_PXX",0.951632406287787,"2007-2013",2007,2013,"PXX","GEUROS-TRIPAR","GEUROS","TRIPAR",1,"+ Snow"
"41_3_PXX",0.730038022813688,"2007-2013",2007,2013,"PXX","GEUROS-TRIPAR","GEUROS","TRIPAR",1,"+ Snow"
"46_3_PXX",0.563451776649746,"2007-2013",2007,2013,"PXX","GEUROS-TRIPAR","GEUROS","TRIPAR",1,"+ Snow"
"12_1_PXX",0.605263157894737,"2008-2014",2008,2014,"PXX","ARTSCO-BISBIS","ARTSCO","BISBIS",1,"+ Snow"
"16_1_PXX",0.327044025157233,"2008-2014",2008,2014,"PXX","ARTSCO-BISBIS","ARTSCO","BISBIS",1,"+ Snow"
"26_2_PXX",0.473684210526316,"2008-2014",2008,2014,"PXX","ARTSCO-BISBIS","ARTSCO","BISBIS",1,"+ Snow"
"31_2_PXX",0.969432314410481,"2008-2014",2008,2014,"PXX","ARTSCO-BISBIS","ARTSCO","BISBIS",1,"+ Snow"
"41_3_PXX",0.593567251461988,"2008-2014",2008,2014,"PXX","ARTSCO-BISBIS","ARTSCO","BISBIS",1,"+ Snow"
"46_3_PXX",1.17801857585139,"2008-2014",2008,2014,"PXX","ARTSCO-BISBIS","ARTSCO","BISBIS",1,"+ Snow"
"12_1_PXX",0.267716535433071,"2008-2014",2008,2014,"PXX","ARTSCO-CALLEP","ARTSCO","CALLEP",1,"+ Snow"
"16_1_PXX",0.424778761061947,"2008-2014",2008,2014,"PXX","ARTSCO-CALLEP","ARTSCO","CALLEP",1,"+ Snow"
"26_2_PXX",0.990974729241877,"2008-2014",2008,2014,"PXX","ARTSCO-CALLEP","ARTSCO","CALLEP",1,"+ Snow"
"31_2_PXX",1.56465942744324,"2008-2014",2008,2014,"PXX","ARTSCO-CALLEP","ARTSCO","CALLEP",1,"+ Snow"
"41_3_PXX",1.13390313390313,"2008-2014",2008,2014,"PXX","ARTSCO-CALLEP","ARTSCO","CALLEP",1,"+ Snow"
"46_3_PXX",1.46899841017488,"2008-2014",2008,2014,"PXX","ARTSCO-CALLEP","ARTSCO","CALLEP",1,"+ Snow"
"12_1_PXX",0.684057971014493,"2008-2014",2008,2014,"PXX","ARTSCO-CARSCO","ARTSCO","CARSCO",1,"+ Snow"
"16_1_PXX",1.25592417061611,"2008-2014",2008,2014,"PXX","ARTSCO-CARSCO","ARTSCO","CARSCO",1,"+ Snow"
"26_2_PXX",0.924015009380863,"2008-2014",2008,2014,"PXX","ARTSCO-CARSCO","ARTSCO","CARSCO",1,"+ Snow"
"31_2_PXX",1.11098779134295,"2008-2014",2008,2014,"PXX","ARTSCO-CARSCO","ARTSCO","CARSCO",1,"+ Snow"
"41_3_PXX",0.258264462809917,"2008-2014",2008,2014,"PXX","ARTSCO-CARSCO","ARTSCO","CARSCO",1,"+ Snow"
"46_3_PXX",1.65274949083503,"2008-2014",2008,2014,"PXX","ARTSCO-CARSCO","ARTSCO","CARSCO",1,"+ Snow"
"12_1_PXX",0.587610619469027,"2008-2014",2008,2014,"PXX","ARTSCO-DESCES","ARTSCO","DESCES",1,"+ Snow"
"16_1_PXX",0.973884657236126,"2008-2014",2008,2014,"PXX","ARTSCO-DESCES","ARTSCO","DESCES",1,"+ Snow"
"26_2_PXX",0.902815013404826,"2008-2014",2008,2014,"PXX","ARTSCO-DESCES","ARTSCO","DESCES",1,"+ Snow"
"31_2_PXX",0.657666345226615,"2008-2014",2008,2014,"PXX","ARTSCO-DESCES","ARTSCO","DESCES",1,"+ Snow"
"41_3_PXX",0.989401968205905,"2008-2014",2008,2014,"PXX","ARTSCO-DESCES","ARTSCO","DESCES",1,"+ Snow"
"46_3_PXX",0.48748921484038,"2008-2014",2008,2014,"PXX","ARTSCO-DESCES","ARTSCO","DESCES",1,"+ Snow"
"12_1_PXX",0.849315068493151,"2008-2014",2008,2014,"PXX","ARTSCO-GENALG","ARTSCO","GENALG",1,"+ Snow"
"16_1_PXX",0.708333333333333,"2008-2014",2008,2014,"PXX","ARTSCO-GENALG","ARTSCO","GENALG",1,"+ Snow"
"26_2_PXX",1.21276595744681,"2008-2014",2008,2014,"PXX","ARTSCO-GENALG","ARTSCO","GENALG",1,"+ Snow"
"31_2_PXX",1.12549019607843,"2008-2014",2008,2014,"PXX","ARTSCO-GENALG","ARTSCO","GENALG",1,"+ Snow"
"41_3_PXX",1.21720841300191,"2008-2014",2008,2014,"PXX","ARTSCO-GENALG","ARTSCO","GENALG",1,"+ Snow"
"46_3_PXX",1.77335118848343,"2008-2014",2008,2014,"PXX","ARTSCO-GENALG","ARTSCO","GENALG",1,"+ Snow"
"12_1_PXX",0.498293515358362,"2008-2014",2008,2014,"PXX","ARTSCO-GEUROS","ARTSCO","GEUROS",1,"+ Snow"
"16_1_PXX",0.453703703703704,"2008-2014",2008,2014,"PXX","ARTSCO-GEUROS","ARTSCO","GEUROS",1,"+ Snow"
"26_2_PXX",1.03235747303544,"2008-2014",2008,2014,"PXX","ARTSCO-GEUROS","ARTSCO","GEUROS",1,"+ Snow"
"31_2_PXX",1.49751243781095,"2008-2014",2008,2014,"PXX","ARTSCO-GEUROS","ARTSCO","GEUROS",1,"+ Snow"
"41_3_PXX",0.748275862068965,"2008-2014",2008,2014,"PXX","ARTSCO-GEUROS","ARTSCO","GEUROS",1,"+ Snow"
"46_3_PXX",1.20366972477064,"2008-2014",2008,2014,"PXX","ARTSCO-GEUROS","ARTSCO","GEUROS",1,"+ Snow"
"12_1_PXX",0.280405405405405,"2008-2014",2008,2014,"PXX","ARTSCO-TRIPAR","ARTSCO","TRIPAR",1,"+ Snow"
"16_1_PXX",0.844709897610922,"2008-2014",2008,2014,"PXX","ARTSCO-TRIPAR","ARTSCO","TRIPAR",1,"+ Snow"
"26_2_PXX",0.868279569892473,"2008-2014",2008,2014,"PXX","ARTSCO-TRIPAR","ARTSCO","TRIPAR",1,"+ Snow"
"31_2_PXX",0.909826589595376,"2008-2014",2008,2014,"PXX","ARTSCO-TRIPAR","ARTSCO","TRIPAR",1,"+ Snow"
"41_3_PXX",1.71506849315069,"2008-2014",2008,2014,"PXX","ARTSCO-TRIPAR","ARTSCO","TRIPAR",1,"+ Snow"
"46_3_PXX",0.908775409023302,"2008-2014",2008,2014,"PXX","ARTSCO-TRIPAR","ARTSCO","TRIPAR",1,"+ Snow"
"12_1_PXX",1.31967213114754,"2008-2014",2008,2014,"PXX","BISBIS-CALLEP","BISBIS","CALLEP",1,"+ Snow"
"16_1_PXX",1.61016949152542,"2008-2014",2008,2014,"PXX","BISBIS-CALLEP","BISBIS","CALLEP",1,"+ Snow"
"26_2_PXX",0.975206611570248,"2008-2014",2008,2014,"PXX","BISBIS-CALLEP","BISBIS","CALLEP",1,"+ Snow"
"31_2_PXX",1.13397129186603,"2008-2014",2008,2014,"PXX","BISBIS-CALLEP","BISBIS","CALLEP",1,"+ Snow"
"41_3_PXX",1.47555555555556,"2008-2014",2008,2014,"PXX","BISBIS-CALLEP","BISBIS","CALLEP",1,"+ Snow"
"46_3_PXX",1.24363636363636,"2008-2014",2008,2014,"PXX","BISBIS-CALLEP","BISBIS","CALLEP",1,"+ Snow"
"12_1_PXX",0.898507462686567,"2008-2014",2008,2014,"PXX","BISBIS-CARSCO","BISBIS","CARSCO",1,"+ Snow"
"16_1_PXX",0.78117048346056,"2008-2014",2008,2014,"PXX","BISBIS-CARSCO","BISBIS","CARSCO",1,"+ Snow"
"26_2_PXX",1.065,"2008-2014",2008,2014,"PXX","BISBIS-CARSCO","BISBIS","CARSCO",1,"+ Snow"
"31_2_PXX",1.28865979381443,"2008-2014",2008,2014,"PXX","BISBIS-CARSCO","BISBIS","CARSCO",1,"+ Snow"
"41_3_PXX",1.59217877094972,"2008-2014",2008,2014,"PXX","BISBIS-CARSCO","BISBIS","CARSCO",1,"+ Snow"
"46_3_PXX",0.936305732484076,"2008-2014",2008,2014,"PXX","BISBIS-CARSCO","BISBIS","CARSCO",1,"+ Snow"
"12_1_PXX",0.893693693693694,"2008-2014",2008,2014,"PXX","BISBIS-DESCES","BISBIS","DESCES",1,"+ Snow"
"16_1_PXX",0.737128712871287,"2008-2014",2008,2014,"PXX","BISBIS-DESCES","BISBIS","DESCES",1,"+ Snow"
"26_2_PXX",0.739376770538244,"2008-2014",2008,2014,"PXX","BISBIS-DESCES","BISBIS","DESCES",1,"+ Snow"
"31_2_PXX",0.840909090909091,"2008-2014",2008,2014,"PXX","BISBIS-DESCES","BISBIS","DESCES",1,"+ Snow"
"41_3_PXX",0.727344992050874,"2008-2014",2008,2014,"PXX","BISBIS-DESCES","BISBIS","DESCES",1,"+ Snow"
"46_3_PXX",0.825548808967772,"2008-2014",2008,2014,"PXX","BISBIS-DESCES","BISBIS","DESCES",1,"+ Snow"
"12_1_PXX",0.716312056737589,"2008-2014",2008,2014,"PXX","BISBIS-GENALG","BISBIS","GENALG",1,"+ Snow"
"16_1_PXX",1.15107913669065,"2008-2014",2008,2014,"PXX","BISBIS-GENALG","BISBIS","GENALG",1,"+ Snow"
"26_2_PXX",0.945492662473795,"2008-2014",2008,2014,"PXX","BISBIS-GENALG","BISBIS","GENALG",1,"+ Snow"
"31_2_PXX",1.64814814814815,"2008-2014",2008,2014,"PXX","BISBIS-GENALG","BISBIS","GENALG",1,"+ Snow"
"41_3_PXX",1.22169587873046,"2008-2014",2008,2014,"PXX","BISBIS-GENALG","BISBIS","GENALG",1,"+ Snow"
"46_3_PXX",1.12476129853596,"2008-2014",2008,2014,"PXX","BISBIS-GENALG","BISBIS","GENALG",1,"+ Snow"
"12_1_PXX",1.02473498233216,"2008-2014",2008,2014,"PXX","BISBIS-GEUROS","BISBIS","GEUROS",1,"+ Snow"
"16_1_PXX",1.32758620689655,"2008-2014",2008,2014,"PXX","BISBIS-GEUROS","BISBIS","GEUROS",1,"+ Snow"
"26_2_PXX",1.4537037037037,"2008-2014",2008,2014,"PXX","BISBIS-GEUROS","BISBIS","GEUROS",1,"+ Snow"
"31_2_PXX",1.06965174129353,"2008-2014",2008,2014,"PXX","BISBIS-GEUROS","BISBIS","GEUROS",1,"+ Snow"
"41_3_PXX",1.50660792951542,"2008-2014",2008,2014,"PXX","BISBIS-GEUROS","BISBIS","GEUROS",1,"+ Snow"
"46_3_PXX",1.3455497382199,"2008-2014",2008,2014,"PXX","BISBIS-GEUROS","BISBIS","GEUROS",1,"+ Snow"
"12_1_PXX",1.75524475524476,"2008-2014",2008,2014,"PXX","BISBIS-TRIPAR","BISBIS","TRIPAR",1,"+ Snow"
"16_1_PXX",1.61067708333333,"2008-2014",2008,2014,"PXX","BISBIS-TRIPAR","BISBIS","TRIPAR",1,"+ Snow"
"26_2_PXX",0.748,"2008-2014",2008,2014,"PXX","BISBIS-TRIPAR","BISBIS","TRIPAR",1,"+ Snow"
"31_2_PXX",1,"2008-2014",2008,2014,"PXX","BISBIS-TRIPAR","BISBIS","TRIPAR",1,"+ Snow"
"41_3_PXX",0.786610878661088,"2008-2014",2008,2014,"PXX","BISBIS-TRIPAR","BISBIS","TRIPAR",1,"+ Snow"
"46_3_PXX",0.963394342762063,"2008-2014",2008,2014,"PXX","BISBIS-TRIPAR","BISBIS","TRIPAR",1,"+ Snow"
"12_1_PXX",0.961722488038277,"2008-2014",2008,2014,"PXX","CALLEP-CARSCO","CALLEP","CARSCO",1,"+ Snow"
"16_1_PXX",0.99468085106383,"2008-2014",2008,2014,"PXX","CALLEP-CARSCO","CALLEP","CARSCO",1,"+ Snow"
"26_2_PXX",1.2962962962963,"2008-2014",2008,2014,"PXX","CALLEP-CARSCO","CALLEP","CARSCO",1,"+ Snow"
"31_2_PXX",0.865979381443299,"2008-2014",2008,2014,"PXX","CALLEP-CARSCO","CALLEP","CARSCO",1,"+ Snow"
"41_3_PXX",1.27520435967302,"2008-2014",2008,2014,"PXX","CALLEP-CARSCO","CALLEP","CARSCO",1,"+ Snow"
"46_3_PXX",1.08510638297872,"2008-2014",2008,2014,"PXX","CALLEP-CARSCO","CALLEP","CARSCO",1,"+ Snow"
"12_1_PXX",1.3006993006993,"2008-2014",2008,2014,"PXX","CALLEP-DESCES","CALLEP","DESCES",1,"+ Snow"
"16_1_PXX",0.894214876033058,"2008-2014",2008,2014,"PXX","CALLEP-DESCES","CALLEP","DESCES",1,"+ Snow"
"26_2_PXX",0.935091277890466,"2008-2014",2008,2014,"PXX","CALLEP-DESCES","CALLEP","DESCES",1,"+ Snow"
"31_2_PXX",0.81110142400465,"2008-2014",2008,2014,"PXX","CALLEP-DESCES","CALLEP","DESCES",1,"+ Snow"
"41_3_PXX",0.711683168316832,"2008-2014",2008,2014,"PXX","CALLEP-DESCES","CALLEP","DESCES",1,"+ Snow"
"46_3_PXX",0.757796014067995,"2008-2014",2008,2014,"PXX","CALLEP-DESCES","CALLEP","DESCES",1,"+ Snow"
"12_1_PXX",1.24358974358974,"2008-2014",2008,2014,"PXX","CALLEP-GENALG","CALLEP","GENALG",1,"+ Snow"
"16_1_PXX",0.808219178082192,"2008-2014",2008,2014,"PXX","CALLEP-GENALG","CALLEP","GENALG",1,"+ Snow"
"26_2_PXX",0.827027027027027,"2008-2014",2008,2014,"PXX","CALLEP-GENALG","CALLEP","GENALG",1,"+ Snow"
"31_2_PXX",1.29712460063898,"2008-2014",2008,2014,"PXX","CALLEP-GENALG","CALLEP","GENALG",1,"+ Snow"
"41_3_PXX",1.50954820680019,"2008-2014",2008,2014,"PXX","CALLEP-GENALG","CALLEP","GENALG",1,"+ Snow"
"46_3_PXX",1.55888223552894,"2008-2014",2008,2014,"PXX","CALLEP-GENALG","CALLEP","GENALG",1,"+ Snow"
"12_1_PXX",1.75796178343949,"2008-2014",2008,2014,"PXX","CALLEP-GEUROS","CALLEP","GEUROS",1,"+ Snow"
"16_1_PXX",1.02352941176471,"2008-2014",2008,2014,"PXX","CALLEP-GEUROS","CALLEP","GEUROS",1,"+ Snow"
"26_2_PXX",1.24475524475524,"2008-2014",2008,2014,"PXX","CALLEP-GEUROS","CALLEP","GEUROS",1,"+ Snow"
"31_2_PXX",1.32852386237514,"2008-2014",2008,2014,"PXX","CALLEP-GEUROS","CALLEP","GEUROS",1,"+ Snow"
"41_3_PXX",1.41252699784017,"2008-2014",2008,2014,"PXX","CALLEP-GEUROS","CALLEP","GEUROS",1,"+ Snow"
"46_3_PXX",1.77011494252874,"2008-2014",2008,2014,"PXX","CALLEP-GEUROS","CALLEP","GEUROS",1,"+ Snow"
"12_1_PXX",1.6625,"2008-2014",2008,2014,"PXX","CALLEP-TRIPAR","CALLEP","TRIPAR",1,"+ Snow"
"16_1_PXX",1.3854351687389,"2008-2014",2008,2014,"PXX","CALLEP-TRIPAR","CALLEP","TRIPAR",1,"+ Snow"
"26_2_PXX",1.40384615384615,"2008-2014",2008,2014,"PXX","CALLEP-TRIPAR","CALLEP","TRIPAR",1,"+ Snow"
"31_2_PXX",0.772151898734177,"2008-2014",2008,2014,"PXX","CALLEP-TRIPAR","CALLEP","TRIPAR",1,"+ Snow"
"41_3_PXX",0.875,"2008-2014",2008,2014,"PXX","CALLEP-TRIPAR","CALLEP","TRIPAR",1,"+ Snow"
"46_3_PXX",0.662288930581614,"2008-2014",2008,2014,"PXX","CALLEP-TRIPAR","CALLEP","TRIPAR",1,"+ Snow"
"12_1_PXX",0.992307692307692,"2008-2014",2008,2014,"PXX","CARSCO-DESCES","CARSCO","DESCES",1,"+ Snow"
"16_1_PXX",0.822791427077888,"2008-2014",2008,2014,"PXX","CARSCO-DESCES","CARSCO","DESCES",1,"+ Snow"
"26_2_PXX",0.986528497409326,"2008-2014",2008,2014,"PXX","CARSCO-DESCES","CARSCO","DESCES",1,"+ Snow"
"31_2_PXX",0.85881646139982,"2008-2014",2008,2014,"PXX","CARSCO-DESCES","CARSCO","DESCES",1,"+ Snow"
"41_3_PXX",0.76561324303988,"2008-2014",2008,2014,"PXX","CARSCO-DESCES","CARSCO","DESCES",1,"+ Snow"
"46_3_PXX",0.608488523170204,"2008-2014",2008,2014,"PXX","CARSCO-DESCES","CARSCO","DESCES",1,"+ Snow"
"12_1_PXX",0.672064777327935,"2008-2014",2008,2014,"PXX","CARSCO-GENALG","CARSCO","GENALG",1,"+ Snow"
"16_1_PXX",1.08187134502924,"2008-2014",2008,2014,"PXX","CARSCO-GENALG","CARSCO","GENALG",1,"+ Snow"
"26_2_PXX",0.623762376237624,"2008-2014",2008,2014,"PXX","CARSCO-GENALG","CARSCO","GENALG",1,"+ Snow"
"31_2_PXX",1.37313432835821,"2008-2014",2008,2014,"PXX","CARSCO-GENALG","CARSCO","GENALG",1,"+ Snow"
"41_3_PXX",0.95371407241508,"2008-2014",2008,2014,"PXX","CARSCO-GENALG","CARSCO","GENALG",1,"+ Snow"
"46_3_PXX",1.69639794168096,"2008-2014",2008,2014,"PXX","CARSCO-GENALG","CARSCO","GENALG",1,"+ Snow"
"12_1_PXX",0.830645161290323,"2008-2014",2008,2014,"PXX","CARSCO-GEUROS","CARSCO","GEUROS",1,"+ Snow"
"16_1_PXX",0.704918032786885,"2008-2014",2008,2014,"PXX","CARSCO-GEUROS","CARSCO","GEUROS",1,"+ Snow"
"26_2_PXX",0.971311475409836,"2008-2014",2008,2014,"PXX","CARSCO-GEUROS","CARSCO","GEUROS",1,"+ Snow"
"31_2_PXX",1.26362484157161,"2008-2014",2008,2014,"PXX","CARSCO-GEUROS","CARSCO","GEUROS",1,"+ Snow"
"41_3_PXX",1.74328859060403,"2008-2014",2008,2014,"PXX","CARSCO-GEUROS","CARSCO","GEUROS",1,"+ Snow"
"46_3_PXX",0.9146110056926,"2008-2014",2008,2014,"PXX","CARSCO-GEUROS","CARSCO","GEUROS",1,"+ Snow"
"12_1_PXX",1.00398406374502,"2008-2014",2008,2014,"PXX","CARSCO-TRIPAR","CARSCO","TRIPAR",1,"+ Snow"
"16_1_PXX",0.629349470499244,"2008-2014",2008,2014,"PXX","CARSCO-TRIPAR","CARSCO","TRIPAR",1,"+ Snow"
"26_2_PXX",1.45161290322581,"2008-2014",2008,2014,"PXX","CARSCO-TRIPAR","CARSCO","TRIPAR",1,"+ Snow"
"31_2_PXX",1.02173913043478,"2008-2014",2008,2014,"PXX","CARSCO-TRIPAR","CARSCO","TRIPAR",1,"+ Snow"
"41_3_PXX",0.330708661417323,"2008-2014",2008,2014,"PXX","CARSCO-TRIPAR","CARSCO","TRIPAR",1,"+ Snow"
"46_3_PXX",0.960925449871465,"2008-2014",2008,2014,"PXX","CARSCO-TRIPAR","CARSCO","TRIPAR",1,"+ Snow"
"12_1_PXX",0.80085653104925,"2008-2014",2008,2014,"PXX","DESCES-GENALG","DESCES","GENALG",1,"+ Snow"
"16_1_PXX",0.894883203559511,"2008-2014",2008,2014,"PXX","DESCES-GENALG","DESCES","GENALG",1,"+ Snow"
"26_2_PXX",0.895859791719584,"2008-2014",2008,2014,"PXX","DESCES-GENALG","DESCES","GENALG",1,"+ Snow"
"31_2_PXX",0.63631090487239,"2008-2014",2008,2014,"PXX","DESCES-GENALG","DESCES","GENALG",1,"+ Snow"
"41_3_PXX",0.420740871717797,"2008-2014",2008,2014,"PXX","DESCES-GENALG","DESCES","GENALG",1,"+ Snow"
"46_3_PXX",0.596714391649079,"2008-2014",2008,2014,"PXX","DESCES-GENALG","DESCES","GENALG",1,"+ Snow"
"12_1_PXX",1.37393162393162,"2008-2014",2008,2014,"PXX","DESCES-GEUROS","DESCES","GEUROS",1,"+ Snow"
"16_1_PXX",0.987845303867403,"2008-2014",2008,2014,"PXX","DESCES-GEUROS","DESCES","GEUROS",1,"+ Snow"
"26_2_PXX",0.449583718778909,"2008-2014",2008,2014,"PXX","DESCES-GEUROS","DESCES","GEUROS",1,"+ Snow"
"31_2_PXX",0.352824578790882,"2008-2014",2008,2014,"PXX","DESCES-GEUROS","DESCES","GEUROS",1,"+ Snow"
"41_3_PXX",0.453522149600581,"2008-2014",2008,2014,"PXX","DESCES-GEUROS","DESCES","GEUROS",1,"+ Snow"
"46_3_PXX",0.890456828509926,"2008-2014",2008,2014,"PXX","DESCES-GEUROS","DESCES","GEUROS",1,"+ Snow"
"12_1_PXX",1.06794055201699,"2008-2014",2008,2014,"PXX","DESCES-TRIPAR","DESCES","TRIPAR",1,"+ Snow"
"16_1_PXX",0.66958041958042,"2008-2014",2008,2014,"PXX","DESCES-TRIPAR","DESCES","TRIPAR",1,"+ Snow"
"26_2_PXX",1.12373737373737,"2008-2014",2008,2014,"PXX","DESCES-TRIPAR","DESCES","TRIPAR",1,"+ Snow"
"31_2_PXX",1.02247191011236,"2008-2014",2008,2014,"PXX","DESCES-TRIPAR","DESCES","TRIPAR",1,"+ Snow"
"41_3_PXX",0.895234344230012,"2008-2014",2008,2014,"PXX","DESCES-TRIPAR","DESCES","TRIPAR",1,"+ Snow"
"46_3_PXX",1.0435964011835,"2008-2014",2008,2014,"PXX","DESCES-TRIPAR","DESCES","TRIPAR",1,"+ Snow"
"12_1_PXX",1.17948717948718,"2008-2014",2008,2014,"PXX","GENALG-GEUROS","GENALG","GEUROS",1,"+ Snow"
"16_1_PXX",1.51470588235294,"2008-2014",2008,2014,"PXX","GENALG-GEUROS","GENALG","GEUROS",1,"+ Snow"
"26_2_PXX",1.24778761061947,"2008-2014",2008,2014,"PXX","GENALG-GEUROS","GENALG","GEUROS",1,"+ Snow"
"31_2_PXX",1.39867841409692,"2008-2014",2008,2014,"PXX","GENALG-GEUROS","GENALG","GEUROS",1,"+ Snow"
"41_3_PXX",1.44531505060398,"2008-2014",2008,2014,"PXX","GENALG-GEUROS","GENALG","GEUROS",1,"+ Snow"
"46_3_PXX",1.32390745501285,"2008-2014",2008,2014,"PXX","GENALG-GEUROS","GENALG","GEUROS",1,"+ Snow"
"12_1_PXX",1.12626262626263,"2008-2014",2008,2014,"PXX","GENALG-TRIPAR","GENALG","TRIPAR",1,"+ Snow"
"16_1_PXX",0.858974358974359,"2008-2014",2008,2014,"PXX","GENALG-TRIPAR","GENALG","TRIPAR",1,"+ Snow"
"26_2_PXX",0.199004975124378,"2008-2014",2008,2014,"PXX","GENALG-TRIPAR","GENALG","TRIPAR",1,"+ Snow"
"31_2_PXX",0.921212121212121,"2008-2014",2008,2014,"PXX","GENALG-TRIPAR","GENALG","TRIPAR",1,"+ Snow"
"41_3_PXX",1.39310031774852,"2008-2014",2008,2014,"PXX","GENALG-TRIPAR","GENALG","TRIPAR",1,"+ Snow"
"46_3_PXX",0.853585657370518,"2008-2014",2008,2014,"PXX","GENALG-TRIPAR","GENALG","TRIPAR",1,"+ Snow"
"12_1_PXX",1.14070351758794,"2008-2014",2008,2014,"PXX","GEUROS-TRIPAR","GEUROS","TRIPAR",1,"+ Snow"
"16_1_PXX",1.0752688172043,"2008-2014",2008,2014,"PXX","GEUROS-TRIPAR","GEUROS","TRIPAR",1,"+ Snow"
"26_2_PXX",0.666666666666667,"2008-2014",2008,2014,"PXX","GEUROS-TRIPAR","GEUROS","TRIPAR",1,"+ Snow"
"31_2_PXX",0.9734395750332,"2008-2014",2008,2014,"PXX","GEUROS-TRIPAR","GEUROS","TRIPAR",1,"+ Snow"
"41_3_PXX",0.893081761006289,"2008-2014",2008,2014,"PXX","GEUROS-TRIPAR","GEUROS","TRIPAR",1,"+ Snow"
"46_3_PXX",0.563451776649746,"2008-2014",2008,2014,"PXX","GEUROS-TRIPAR","GEUROS","TRIPAR",1,"+ Snow"
"12_1_PXX",0.619718309859155,"2009-2015",2009,2015,"PXX","ARTSCO-BISBIS","ARTSCO","BISBIS",1,"+ Snow"
"16_1_PXX",0.242990654205608,"2009-2015",2009,2015,"PXX","ARTSCO-BISBIS","ARTSCO","BISBIS",1,"+ Snow"
"26_2_PXX",0.470845106601593,"2009-2015",2009,2015,"PXX","ARTSCO-BISBIS","ARTSCO","BISBIS",1,"+ Snow"
"31_2_PXX",1.27722772277228,"2009-2015",2009,2015,"PXX","ARTSCO-BISBIS","ARTSCO","BISBIS",1,"+ Snow"
"41_3_PXX",0.833333333333333,"2009-2015",2009,2015,"PXX","ARTSCO-BISBIS","ARTSCO","BISBIS",1,"+ Snow"
"46_3_PXX",1.07925801011804,"2009-2015",2009,2015,"PXX","ARTSCO-BISBIS","ARTSCO","BISBIS",1,"+ Snow"
"12_1_PXX",0.327759197324415,"2009-2015",2009,2015,"PXX","ARTSCO-CALLEP","ARTSCO","CALLEP",1,"+ Snow"
"16_1_PXX",0.824324324324324,"2009-2015",2009,2015,"PXX","ARTSCO-CALLEP","ARTSCO","CALLEP",1,"+ Snow"
"26_2_PXX",0.912300683371298,"2009-2015",2009,2015,"PXX","ARTSCO-CALLEP","ARTSCO","CALLEP",1,"+ Snow"
"31_2_PXX",1.52223489167617,"2009-2015",2009,2015,"PXX","ARTSCO-CALLEP","ARTSCO","CALLEP",1,"+ Snow"
"41_3_PXX",1,"2009-2015",2009,2015,"PXX","ARTSCO-CALLEP","ARTSCO","CALLEP",1,"+ Snow"
"46_3_PXX",1.57264957264957,"2009-2015",2009,2015,"PXX","ARTSCO-CALLEP","ARTSCO","CALLEP",1,"+ Snow"
"12_1_PXX",0.673202614379085,"2009-2015",2009,2015,"PXX","ARTSCO-CARSCO","ARTSCO","CARSCO",1,"+ Snow"
"16_1_PXX",1.4478527607362,"2009-2015",2009,2015,"PXX","ARTSCO-CARSCO","ARTSCO","CARSCO",1,"+ Snow"
"26_2_PXX",0.995899238429994,"2009-2015",2009,2015,"PXX","ARTSCO-CARSCO","ARTSCO","CARSCO",1,"+ Snow"
"31_2_PXX",1.31847133757962,"2009-2015",2009,2015,"PXX","ARTSCO-CARSCO","ARTSCO","CARSCO",1,"+ Snow"
"41_3_PXX",0.939306358381503,"2009-2015",2009,2015,"PXX","ARTSCO-CARSCO","ARTSCO","CARSCO",1,"+ Snow"
"46_3_PXX",1.62224669603524,"2009-2015",2009,2015,"PXX","ARTSCO-CARSCO","ARTSCO","CARSCO",1,"+ Snow"
"12_1_PXX",0.587610619469027,"2009-2015",2009,2015,"PXX","ARTSCO-DESCES","ARTSCO","DESCES",1,"+ Snow"
"16_1_PXX",0.898419864559819,"2009-2015",2009,2015,"PXX","ARTSCO-DESCES","ARTSCO","DESCES",1,"+ Snow"
"26_2_PXX",0.726598173515982,"2009-2015",2009,2015,"PXX","ARTSCO-DESCES","ARTSCO","DESCES",1,"+ Snow"
"31_2_PXX",0.437459910198845,"2009-2015",2009,2015,"PXX","ARTSCO-DESCES","ARTSCO","DESCES",1,"+ Snow"
"41_3_PXX",0.883314543404735,"2009-2015",2009,2015,"PXX","ARTSCO-DESCES","ARTSCO","DESCES",1,"+ Snow"
"46_3_PXX",0.53781157583439,"2009-2015",2009,2015,"PXX","ARTSCO-DESCES","ARTSCO","DESCES",1,"+ Snow"
"12_1_PXX",0.839041095890411,"2009-2015",2009,2015,"PXX","ARTSCO-GENALG","ARTSCO","GENALG",1,"+ Snow"
"16_1_PXX",0.521739130434782,"2009-2015",2009,2015,"PXX","ARTSCO-GENALG","ARTSCO","GENALG",1,"+ Snow"
"26_2_PXX",1.17383771296564,"2009-2015",2009,2015,"PXX","ARTSCO-GENALG","ARTSCO","GENALG",1,"+ Snow"
"31_2_PXX",1.49561403508772,"2009-2015",2009,2015,"PXX","ARTSCO-GENALG","ARTSCO","GENALG",1,"+ Snow"
"41_3_PXX",1.13410818059902,"2009-2015",2009,2015,"PXX","ARTSCO-GENALG","ARTSCO","GENALG",1,"+ Snow"
"46_3_PXX",1.76517516475893,"2009-2015",2009,2015,"PXX","ARTSCO-GENALG","ARTSCO","GENALG",1,"+ Snow"
"12_1_PXX",0.381322957198444,"2009-2015",2009,2015,"PXX","ARTSCO-GEUROS","ARTSCO","GEUROS",1,"+ Snow"
"16_1_PXX",0.37962962962963,"2009-2015",2009,2015,"PXX","ARTSCO-GEUROS","ARTSCO","GEUROS",1,"+ Snow"
"26_2_PXX",1.20121334681496,"2009-2015",2009,2015,"PXX","ARTSCO-GEUROS","ARTSCO","GEUROS",1,"+ Snow"
"31_2_PXX",1.69647696476965,"2009-2015",2009,2015,"PXX","ARTSCO-GEUROS","ARTSCO","GEUROS",1,"+ Snow"
"41_3_PXX",0.949790794979079,"2009-2015",2009,2015,"PXX","ARTSCO-GEUROS","ARTSCO","GEUROS",1,"+ Snow"
"46_3_PXX",1.28005794302269,"2009-2015",2009,2015,"PXX","ARTSCO-GEUROS","ARTSCO","GEUROS",1,"+ Snow"
"12_1_PXX",0.265957446808511,"2009-2015",2009,2015,"PXX","ARTSCO-TRIPAR","ARTSCO","TRIPAR",1,"+ Snow"
"16_1_PXX",1.05384615384615,"2009-2015",2009,2015,"PXX","ARTSCO-TRIPAR","ARTSCO","TRIPAR",1,"+ Snow"
"26_2_PXX",0.87146529562982,"2009-2015",2009,2015,"PXX","ARTSCO-TRIPAR","ARTSCO","TRIPAR",1,"+ Snow"
"31_2_PXX",1.01585204755614,"2009-2015",2009,2015,"PXX","ARTSCO-TRIPAR","ARTSCO","TRIPAR",1,"+ Snow"
"41_3_PXX",1.75272727272727,"2009-2015",2009,2015,"PXX","ARTSCO-TRIPAR","ARTSCO","TRIPAR",1,"+ Snow"
"46_3_PXX",0.881230116648993,"2009-2015",2009,2015,"PXX","ARTSCO-TRIPAR","ARTSCO","TRIPAR",1,"+ Snow"
"12_1_PXX",1.21969696969697,"2009-2015",2009,2015,"PXX","BISBIS-CALLEP","BISBIS","CALLEP",1,"+ Snow"
"16_1_PXX",1.24342105263158,"2009-2015",2009,2015,"PXX","BISBIS-CALLEP","BISBIS","CALLEP",1,"+ Snow"
"26_2_PXX",1.11570247933884,"2009-2015",2009,2015,"PXX","BISBIS-CALLEP","BISBIS","CALLEP",1,"+ Snow"
"31_2_PXX",1.69613259668508,"2009-2015",2009,2015,"PXX","BISBIS-CALLEP","BISBIS","CALLEP",1,"+ Snow"
"41_3_PXX",1.66818181818182,"2009-2015",2009,2015,"PXX","BISBIS-CALLEP","BISBIS","CALLEP",1,"+ Snow"
"46_3_PXX",1.4297520661157,"2009-2015",2009,2015,"PXX","BISBIS-CALLEP","BISBIS","CALLEP",1,"+ Snow"
"12_1_PXX",0.579335793357934,"2009-2015",2009,2015,"PXX","BISBIS-CARSCO","BISBIS","CARSCO",1,"+ Snow"
"16_1_PXX",0.492574257425743,"2009-2015",2009,2015,"PXX","BISBIS-CARSCO","BISBIS","CARSCO",1,"+ Snow"
"26_2_PXX",0.958579881656805,"2009-2015",2009,2015,"PXX","BISBIS-CARSCO","BISBIS","CARSCO",1,"+ Snow"
"31_2_PXX",1.15730337078652,"2009-2015",2009,2015,"PXX","BISBIS-CARSCO","BISBIS","CARSCO",1,"+ Snow"
"41_3_PXX",1.64473684210526,"2009-2015",2009,2015,"PXX","BISBIS-CARSCO","BISBIS","CARSCO",1,"+ Snow"
"46_3_PXX",0.810619469026549,"2009-2015",2009,2015,"PXX","BISBIS-CARSCO","BISBIS","CARSCO",1,"+ Snow"
"12_1_PXX",1.31320754716981,"2009-2015",2009,2015,"PXX","BISBIS-DESCES","BISBIS","DESCES",1,"+ Snow"
"16_1_PXX",0.86972972972973,"2009-2015",2009,2015,"PXX","BISBIS-DESCES","BISBIS","DESCES",1,"+ Snow"
"26_2_PXX",0.841502072665203,"2009-2015",2009,2015,"PXX","BISBIS-DESCES","BISBIS","DESCES",1,"+ Snow"
"31_2_PXX",0.858483754512635,"2009-2015",2009,2015,"PXX","BISBIS-DESCES","BISBIS","DESCES",1,"+ Snow"
"41_3_PXX",0.754135767256132,"2009-2015",2009,2015,"PXX","BISBIS-DESCES","BISBIS","DESCES",1,"+ Snow"
"46_3_PXX",0.839672056479162,"2009-2015",2009,2015,"PXX","BISBIS-DESCES","BISBIS","DESCES",1,"+ Snow"
"12_1_PXX",0.708171206225681,"2009-2015",2009,2015,"PXX","BISBIS-GENALG","BISBIS","GENALG",1,"+ Snow"
"16_1_PXX",1.51176470588235,"2009-2015",2009,2015,"PXX","BISBIS-GENALG","BISBIS","GENALG",1,"+ Snow"
"26_2_PXX",0.911870503597122,"2009-2015",2009,2015,"PXX","BISBIS-GENALG","BISBIS","GENALG",1,"+ Snow"
"31_2_PXX",1.64814814814815,"2009-2015",2009,2015,"PXX","BISBIS-GENALG","BISBIS","GENALG",1,"+ Snow"
"41_3_PXX",1.33446109231513,"2009-2015",2009,2015,"PXX","BISBIS-GENALG","BISBIS","GENALG",1,"+ Snow"
"46_3_PXX",1.12574454003971,"2009-2015",2009,2015,"PXX","BISBIS-GENALG","BISBIS","GENALG",1,"+ Snow"
"12_1_PXX",1.32432432432432,"2009-2015",2009,2015,"PXX","BISBIS-GEUROS","BISBIS","GEUROS",1,"+ Snow"
"16_1_PXX",1.59677419354839,"2009-2015",2009,2015,"PXX","BISBIS-GEUROS","BISBIS","GEUROS",1,"+ Snow"
"26_2_PXX",1.16587225929457,"2009-2015",2009,2015,"PXX","BISBIS-GEUROS","BISBIS","GEUROS",1,"+ Snow"
"31_2_PXX",1.03589743589744,"2009-2015",2009,2015,"PXX","BISBIS-GEUROS","BISBIS","GEUROS",1,"+ Snow"
"41_3_PXX",1.49082568807339,"2009-2015",2009,2015,"PXX","BISBIS-GEUROS","BISBIS","GEUROS",1,"+ Snow"
"46_3_PXX",1.74964234620887,"2009-2015",2009,2015,"PXX","BISBIS-GEUROS","BISBIS","GEUROS",1,"+ Snow"
"12_1_PXX",1.69230769230769,"2009-2015",2009,2015,"PXX","BISBIS-TRIPAR","BISBIS","TRIPAR",1,"+ Snow"
"16_1_PXX",1.32905982905983,"2009-2015",2009,2015,"PXX","BISBIS-TRIPAR","BISBIS","TRIPAR",1,"+ Snow"
"26_2_PXX",0.845117845117845,"2009-2015",2009,2015,"PXX","BISBIS-TRIPAR","BISBIS","TRIPAR",1,"+ Snow"
"31_2_PXX",1,"2009-2015",2009,2015,"PXX","BISBIS-TRIPAR","BISBIS","TRIPAR",1,"+ Snow"
"41_3_PXX",0.987124463519313,"2009-2015",2009,2015,"PXX","BISBIS-TRIPAR","BISBIS","TRIPAR",1,"+ Snow"
"46_3_PXX",0.863813229571984,"2009-2015",2009,2015,"PXX","BISBIS-TRIPAR","BISBIS","TRIPAR",1,"+ Snow"
"12_1_PXX",1.13953488372093,"2009-2015",2009,2015,"PXX","CALLEP-CARSCO","CALLEP","CARSCO",1,"+ Snow"
"16_1_PXX",0.981060606060606,"2009-2015",2009,2015,"PXX","CALLEP-CARSCO","CALLEP","CARSCO",1,"+ Snow"
"26_2_PXX",1.11111111111111,"2009-2015",2009,2015,"PXX","CALLEP-CARSCO","CALLEP","CARSCO",1,"+ Snow"
"31_2_PXX",1.21518987341772,"2009-2015",2009,2015,"PXX","CALLEP-CARSCO","CALLEP","CARSCO",1,"+ Snow"
"41_3_PXX",1.77272727272727,"2009-2015",2009,2015,"PXX","CALLEP-CARSCO","CALLEP","CARSCO",1,"+ Snow"
"46_3_PXX",1.17414721723519,"2009-2015",2009,2015,"PXX","CALLEP-CARSCO","CALLEP","CARSCO",1,"+ Snow"
"12_1_PXX",0.79746835443038,"2009-2015",2009,2015,"PXX","CALLEP-DESCES","CALLEP","DESCES",1,"+ Snow"
"16_1_PXX",0.960818713450292,"2009-2015",2009,2015,"PXX","CALLEP-DESCES","CALLEP","DESCES",1,"+ Snow"
"26_2_PXX",0.97741935483871,"2009-2015",2009,2015,"PXX","CALLEP-DESCES","CALLEP","DESCES",1,"+ Snow"
"31_2_PXX",0.744696024246746,"2009-2015",2009,2015,"PXX","CALLEP-DESCES","CALLEP","DESCES",1,"+ Snow"
"41_3_PXX",0.734757834757835,"2009-2015",2009,2015,"PXX","CALLEP-DESCES","CALLEP","DESCES",1,"+ Snow"
"46_3_PXX",0.744010951403148,"2009-2015",2009,2015,"PXX","CALLEP-DESCES","CALLEP","DESCES",1,"+ Snow"
"12_1_PXX",1.23383084577114,"2009-2015",2009,2015,"PXX","CALLEP-GENALG","CALLEP","GENALG",1,"+ Snow"
"16_1_PXX",1.36666666666667,"2009-2015",2009,2015,"PXX","CALLEP-GENALG","CALLEP","GENALG",1,"+ Snow"
"26_2_PXX",0.76,"2009-2015",2009,2015,"PXX","CALLEP-GENALG","CALLEP","GENALG",1,"+ Snow"
"31_2_PXX",1.76842105263158,"2009-2015",2009,2015,"PXX","CALLEP-GENALG","CALLEP","GENALG",1,"+ Snow"
"41_3_PXX",1.4968824940048,"2009-2015",2009,2015,"PXX","CALLEP-GENALG","CALLEP","GENALG",1,"+ Snow"
"46_3_PXX",1.59905341446924,"2009-2015",2009,2015,"PXX","CALLEP-GENALG","CALLEP","GENALG",1,"+ Snow"
"12_1_PXX",1.66265060240964,"2009-2015",2009,2015,"PXX","CALLEP-GEUROS","CALLEP","GEUROS",1,"+ Snow"
"16_1_PXX",1.17391304347826,"2009-2015",2009,2015,"PXX","CALLEP-GEUROS","CALLEP","GEUROS",1,"+ Snow"
"26_2_PXX",1.08383233532934,"2009-2015",2009,2015,"PXX","CALLEP-GEUROS","CALLEP","GEUROS",1,"+ Snow"
"31_2_PXX",1.45700824499411,"2009-2015",2009,2015,"PXX","CALLEP-GEUROS","CALLEP","GEUROS",1,"+ Snow"
"41_3_PXX",1.54090909090909,"2009-2015",2009,2015,"PXX","CALLEP-GEUROS","CALLEP","GEUROS",1,"+ Snow"
"46_3_PXX",1.64467766116942,"2009-2015",2009,2015,"PXX","CALLEP-GEUROS","CALLEP","GEUROS",1,"+ Snow"
"12_1_PXX",1.64397905759162,"2009-2015",2009,2015,"PXX","CALLEP-TRIPAR","CALLEP","TRIPAR",1,"+ Snow"
"16_1_PXX",1.1280487804878,"2009-2015",2009,2015,"PXX","CALLEP-TRIPAR","CALLEP","TRIPAR",1,"+ Snow"
"26_2_PXX",1.46009389671362,"2009-2015",2009,2015,"PXX","CALLEP-TRIPAR","CALLEP","TRIPAR",1,"+ Snow"
"31_2_PXX",0.992307692307692,"2009-2015",2009,2015,"PXX","CALLEP-TRIPAR","CALLEP","TRIPAR",1,"+ Snow"
"41_3_PXX",0.822784810126582,"2009-2015",2009,2015,"PXX","CALLEP-TRIPAR","CALLEP","TRIPAR",1,"+ Snow"
"46_3_PXX",0.680497925311203,"2009-2015",2009,2015,"PXX","CALLEP-TRIPAR","CALLEP","TRIPAR",1,"+ Snow"
"12_1_PXX",1.27234927234927,"2009-2015",2009,2015,"PXX","CARSCO-DESCES","CARSCO","DESCES",1,"+ Snow"
"16_1_PXX",0.766564729867482,"2009-2015",2009,2015,"PXX","CARSCO-DESCES","CARSCO","DESCES",1,"+ Snow"
"26_2_PXX",0.984538928768636,"2009-2015",2009,2015,"PXX","CARSCO-DESCES","CARSCO","DESCES",1,"+ Snow"
"31_2_PXX",0.910821098423056,"2009-2015",2009,2015,"PXX","CARSCO-DESCES","CARSCO","DESCES",1,"+ Snow"
"41_3_PXX",0.686421814134669,"2009-2015",2009,2015,"PXX","CARSCO-DESCES","CARSCO","DESCES",1,"+ Snow"
"46_3_PXX",0.648108797280068,"2009-2015",2009,2015,"PXX","CARSCO-DESCES","CARSCO","DESCES",1,"+ Snow"
"12_1_PXX",0.673076923076923,"2009-2015",2009,2015,"PXX","CARSCO-GENALG","CARSCO","GENALG",1,"+ Snow"
"16_1_PXX",1.06028368794326,"2009-2015",2009,2015,"PXX","CARSCO-GENALG","CARSCO","GENALG",1,"+ Snow"
"26_2_PXX",0.818181818181818,"2009-2015",2009,2015,"PXX","CARSCO-GENALG","CARSCO","GENALG",1,"+ Snow"
"31_2_PXX",1.29533678756477,"2009-2015",2009,2015,"PXX","CARSCO-GENALG","CARSCO","GENALG",1,"+ Snow"
"41_3_PXX",1.26600578273441,"2009-2015",2009,2015,"PXX","CARSCO-GENALG","CARSCO","GENALG",1,"+ Snow"
"46_3_PXX",1.7051605918441,"2009-2015",2009,2015,"PXX","CARSCO-GENALG","CARSCO","GENALG",1,"+ Snow"
"12_1_PXX",1.21387283236994,"2009-2015",2009,2015,"PXX","CARSCO-GEUROS","CARSCO","GEUROS",1,"+ Snow"
"16_1_PXX",0.785234899328859,"2009-2015",2009,2015,"PXX","CARSCO-GEUROS","CARSCO","GEUROS",1,"+ Snow"
"26_2_PXX",1.02456140350877,"2009-2015",2009,2015,"PXX","CARSCO-GEUROS","CARSCO","GEUROS",1,"+ Snow"
"31_2_PXX",1.23778071334214,"2009-2015",2009,2015,"PXX","CARSCO-GEUROS","CARSCO","GEUROS",1,"+ Snow"
"41_3_PXX",1.70801526717557,"2009-2015",2009,2015,"PXX","CARSCO-GEUROS","CARSCO","GEUROS",1,"+ Snow"
"46_3_PXX",1.01735579377233,"2009-2015",2009,2015,"PXX","CARSCO-GEUROS","CARSCO","GEUROS",1,"+ Snow"
"12_1_PXX",0.767676767676768,"2009-2015",2009,2015,"PXX","CARSCO-TRIPAR","CARSCO","TRIPAR",1,"+ Snow"
"16_1_PXX",0.541379310344828,"2009-2015",2009,2015,"PXX","CARSCO-TRIPAR","CARSCO","TRIPAR",1,"+ Snow"
"26_2_PXX",1.30434782608696,"2009-2015",2009,2015,"PXX","CARSCO-TRIPAR","CARSCO","TRIPAR",1,"+ Snow"
"31_2_PXX",0.894736842105263,"2009-2015",2009,2015,"PXX","CARSCO-TRIPAR","CARSCO","TRIPAR",1,"+ Snow"
"41_3_PXX",0.716510903426791,"2009-2015",2009,2015,"PXX","CARSCO-TRIPAR","CARSCO","TRIPAR",1,"+ Snow"
"46_3_PXX",0.928974069898534,"2009-2015",2009,2015,"PXX","CARSCO-TRIPAR","CARSCO","TRIPAR",1,"+ Snow"
"12_1_PXX",0.704496788008565,"2009-2015",2009,2015,"PXX","DESCES-GENALG","DESCES","GENALG",1,"+ Snow"
"16_1_PXX",0.866898148148148,"2009-2015",2009,2015,"PXX","DESCES-GENALG","DESCES","GENALG",1,"+ Snow"
"26_2_PXX",0.797875238354672,"2009-2015",2009,2015,"PXX","DESCES-GENALG","DESCES","GENALG",1,"+ Snow"
"31_2_PXX",0.720411055988661,"2009-2015",2009,2015,"PXX","DESCES-GENALG","DESCES","GENALG",1,"+ Snow"
"41_3_PXX",0.495698995337842,"2009-2015",2009,2015,"PXX","DESCES-GENALG","DESCES","GENALG",1,"+ Snow"
"46_3_PXX",0.595795297372061,"2009-2015",2009,2015,"PXX","DESCES-GENALG","DESCES","GENALG",1,"+ Snow"
"12_1_PXX",0.988425925925926,"2009-2015",2009,2015,"PXX","DESCES-GEUROS","DESCES","GEUROS",1,"+ Snow"
"16_1_PXX",0.985091743119266,"2009-2015",2009,2015,"PXX","DESCES-GEUROS","DESCES","GEUROS",1,"+ Snow"
"26_2_PXX",0.390009606147935,"2009-2015",2009,2015,"PXX","DESCES-GEUROS","DESCES","GEUROS",1,"+ Snow"
"31_2_PXX",0.583762886597938,"2009-2015",2009,2015,"PXX","DESCES-GEUROS","DESCES","GEUROS",1,"+ Snow"
"41_3_PXX",0.567096081588835,"2009-2015",2009,2015,"PXX","DESCES-GEUROS","DESCES","GEUROS",1,"+ Snow"
"46_3_PXX",0.836065573770492,"2009-2015",2009,2015,"PXX","DESCES-GEUROS","DESCES","GEUROS",1,"+ Snow"
"12_1_PXX",1.26695842450766,"2009-2015",2009,2015,"PXX","DESCES-TRIPAR","DESCES","TRIPAR",1,"+ Snow"
"16_1_PXX",0.768509378084896,"2009-2015",2009,2015,"PXX","DESCES-TRIPAR","DESCES","TRIPAR",1,"+ Snow"
"26_2_PXX",1.20598544081963,"2009-2015",2009,2015,"PXX","DESCES-TRIPAR","DESCES","TRIPAR",1,"+ Snow"
"31_2_PXX",0.997085079249408,"2009-2015",2009,2015,"PXX","DESCES-TRIPAR","DESCES","TRIPAR",1,"+ Snow"
"41_3_PXX",0.854101617939256,"2009-2015",2009,2015,"PXX","DESCES-TRIPAR","DESCES","TRIPAR",1,"+ Snow"
"46_3_PXX",1.05082562360932,"2009-2015",2009,2015,"PXX","DESCES-TRIPAR","DESCES","TRIPAR",1,"+ Snow"
"12_1_PXX",1.16352201257862,"2009-2015",2009,2015,"PXX","GENALG-GEUROS","GENALG","GEUROS",1,"+ Snow"
"16_1_PXX",1.515625,"2009-2015",2009,2015,"PXX","GENALG-GEUROS","GENALG","GEUROS",1,"+ Snow"
"26_2_PXX",1.36187399030695,"2009-2015",2009,2015,"PXX","GENALG-GEUROS","GENALG","GEUROS",1,"+ Snow"
"31_2_PXX",1.36877828054299,"2009-2015",2009,2015,"PXX","GENALG-GEUROS","GENALG","GEUROS",1,"+ Snow"
"41_3_PXX",1.5520515428959,"2009-2015",2009,2015,"PXX","GENALG-GEUROS","GENALG","GEUROS",1,"+ Snow"
"46_3_PXX",1.4404958677686,"2009-2015",2009,2015,"PXX","GENALG-GEUROS","GENALG","GEUROS",1,"+ Snow"
"12_1_PXX",1.17391304347826,"2009-2015",2009,2015,"PXX","GENALG-TRIPAR","GENALG","TRIPAR",1,"+ Snow"
"16_1_PXX",0.939306358381503,"2009-2015",2009,2015,"PXX","GENALG-TRIPAR","GENALG","TRIPAR",1,"+ Snow"
"26_2_PXX",0.231707317073171,"2009-2015",2009,2015,"PXX","GENALG-TRIPAR","GENALG","TRIPAR",1,"+ Snow"
"31_2_PXX",0.921212121212121,"2009-2015",2009,2015,"PXX","GENALG-TRIPAR","GENALG","TRIPAR",1,"+ Snow"
"41_3_PXX",1.37529246607394,"2009-2015",2009,2015,"PXX","GENALG-TRIPAR","GENALG","TRIPAR",1,"+ Snow"
"46_3_PXX",0.83609756097561,"2009-2015",2009,2015,"PXX","GENALG-TRIPAR","GENALG","TRIPAR",1,"+ Snow"
"12_1_PXX",1.49664429530201,"2009-2015",2009,2015,"PXX","GEUROS-TRIPAR","GEUROS","TRIPAR",1,"+ Snow"
"16_1_PXX",1.15469613259669,"2009-2015",2009,2015,"PXX","GEUROS-TRIPAR","GEUROS","TRIPAR",1,"+ Snow"
"26_2_PXX",0.582952815829528,"2009-2015",2009,2015,"PXX","GEUROS-TRIPAR","GEUROS","TRIPAR",1,"+ Snow"
"31_2_PXX",0.958847736625514,"2009-2015",2009,2015,"PXX","GEUROS-TRIPAR","GEUROS","TRIPAR",1,"+ Snow"
"41_3_PXX",1.01103752759382,"2009-2015",2009,2015,"PXX","GEUROS-TRIPAR","GEUROS","TRIPAR",1,"+ Snow"
"46_3_PXX",0.671361502347418,"2009-2015",2009,2015,"PXX","GEUROS-TRIPAR","GEUROS","TRIPAR",1,"+ Snow"
"12_1_PXX",0.663956639566396,"2010-2016",2010,2016,"PXX","ARTSCO-BISBIS","ARTSCO","BISBIS",1,"+ Snow"
"16_1_PXX",0.866666666666667,"2010-2016",2010,2016,"PXX","ARTSCO-BISBIS","ARTSCO","BISBIS",1,"+ Snow"
"26_2_PXX",0.456629728696981,"2010-2016",2010,2016,"PXX","ARTSCO-BISBIS","ARTSCO","BISBIS",1,"+ Snow"
"31_2_PXX",1.68645161290323,"2010-2016",2010,2016,"PXX","ARTSCO-BISBIS","ARTSCO","BISBIS",1,"+ Snow"
"41_3_PXX",0.98581560283688,"2010-2016",2010,2016,"PXX","ARTSCO-BISBIS","ARTSCO","BISBIS",1,"+ Snow"
"46_3_PXX",1.06860706860707,"2010-2016",2010,2016,"PXX","ARTSCO-BISBIS","ARTSCO","BISBIS",1,"+ Snow"
"12_1_PXX",0.673913043478261,"2010-2016",2010,2016,"PXX","ARTSCO-CALLEP","ARTSCO","CALLEP",1,"+ Snow"
"16_1_PXX",1.28220858895706,"2010-2016",2010,2016,"PXX","ARTSCO-CALLEP","ARTSCO","CALLEP",1,"+ Snow"
"26_2_PXX",0.870106761565836,"2010-2016",2010,2016,"PXX","ARTSCO-CALLEP","ARTSCO","CALLEP",1,"+ Snow"
"31_2_PXX",1.46062407132244,"2010-2016",2010,2016,"PXX","ARTSCO-CALLEP","ARTSCO","CALLEP",1,"+ Snow"
"41_3_PXX",1.15418502202643,"2010-2016",2010,2016,"PXX","ARTSCO-CALLEP","ARTSCO","CALLEP",1,"+ Snow"
"46_3_PXX",1.34949494949495,"2010-2016",2010,2016,"PXX","ARTSCO-CALLEP","ARTSCO","CALLEP",1,"+ Snow"
"12_1_PXX",0.836666666666667,"2010-2016",2010,2016,"PXX","ARTSCO-CARSCO","ARTSCO","CARSCO",1,"+ Snow"
"16_1_PXX",1.24907063197026,"2010-2016",2010,2016,"PXX","ARTSCO-CARSCO","ARTSCO","CARSCO",1,"+ Snow"
"26_2_PXX",1.06185567010309,"2010-2016",2010,2016,"PXX","ARTSCO-CARSCO","ARTSCO","CARSCO",1,"+ Snow"
"31_2_PXX",1.36363636363636,"2010-2016",2010,2016,"PXX","ARTSCO-CARSCO","ARTSCO","CARSCO",1,"+ Snow"
"41_3_PXX",0.887878787878788,"2010-2016",2010,2016,"PXX","ARTSCO-CARSCO","ARTSCO","CARSCO",1,"+ Snow"
"46_3_PXX",1.47485207100592,"2010-2016",2010,2016,"PXX","ARTSCO-CARSCO","ARTSCO","CARSCO",1,"+ Snow"
"12_1_PXX",0.474576271186441,"2010-2016",2010,2016,"PXX","ARTSCO-DESCES","ARTSCO","DESCES",1,"+ Snow"
"16_1_PXX",0.820543806646526,"2010-2016",2010,2016,"PXX","ARTSCO-DESCES","ARTSCO","DESCES",1,"+ Snow"
"26_2_PXX",0.932267884322679,"2010-2016",2010,2016,"PXX","ARTSCO-DESCES","ARTSCO","DESCES",1,"+ Snow"
"31_2_PXX",0.542828685258964,"2010-2016",2010,2016,"PXX","ARTSCO-DESCES","ARTSCO","DESCES",1,"+ Snow"
"41_3_PXX",0.726858185134519,"2010-2016",2010,2016,"PXX","ARTSCO-DESCES","ARTSCO","DESCES",1,"+ Snow"
"46_3_PXX",0.561561561561562,"2010-2016",2010,2016,"PXX","ARTSCO-DESCES","ARTSCO","DESCES",1,"+ Snow"
"12_1_PXX",1.05029585798817,"2010-2016",2010,2016,"PXX","ARTSCO-GENALG","ARTSCO","GENALG",1,"+ Snow"
"16_1_PXX",1.26315789473684,"2010-2016",2010,2016,"PXX","ARTSCO-GENALG","ARTSCO","GENALG",1,"+ Snow"
"26_2_PXX",1.08344923504868,"2010-2016",2010,2016,"PXX","ARTSCO-GENALG","ARTSCO","GENALG",1,"+ Snow"
"31_2_PXX",1.50692520775623,"2010-2016",2010,2016,"PXX","ARTSCO-GENALG","ARTSCO","GENALG",1,"+ Snow"
"41_3_PXX",1.48746238716148,"2010-2016",2010,2016,"PXX","ARTSCO-GENALG","ARTSCO","GENALG",1,"+ Snow"
"46_3_PXX",1.60430769230769,"2010-2016",2010,2016,"PXX","ARTSCO-GENALG","ARTSCO","GENALG",1,"+ Snow"
"12_1_PXX",0.478927203065134,"2010-2016",2010,2016,"PXX","ARTSCO-GEUROS","ARTSCO","GEUROS",1,"+ Snow"
"16_1_PXX",1.13888888888889,"2010-2016",2010,2016,"PXX","ARTSCO-GEUROS","ARTSCO","GEUROS",1,"+ Snow"
"26_2_PXX",1.15486725663717,"2010-2016",2010,2016,"PXX","ARTSCO-GEUROS","ARTSCO","GEUROS",1,"+ Snow"
"31_2_PXX",1.62634408602151,"2010-2016",2010,2016,"PXX","ARTSCO-GEUROS","ARTSCO","GEUROS",1,"+ Snow"
"41_3_PXX",1.0390625,"2010-2016",2010,2016,"PXX","ARTSCO-GEUROS","ARTSCO","GEUROS",1,"+ Snow"
"46_3_PXX",1.18216318785579,"2010-2016",2010,2016,"PXX","ARTSCO-GEUROS","ARTSCO","GEUROS",1,"+ Snow"
"12_1_PXX",0.257731958762887,"2010-2016",2010,2016,"PXX","ARTSCO-TRIPAR","ARTSCO","TRIPAR",1,"+ Snow"
"16_1_PXX",1.15890410958904,"2010-2016",2010,2016,"PXX","ARTSCO-TRIPAR","ARTSCO","TRIPAR",1,"+ Snow"
"26_2_PXX",0.928089887640449,"2010-2016",2010,2016,"PXX","ARTSCO-TRIPAR","ARTSCO","TRIPAR",1,"+ Snow"
"31_2_PXX",1.03460207612457,"2010-2016",2010,2016,"PXX","ARTSCO-TRIPAR","ARTSCO","TRIPAR",1,"+ Snow"
"41_3_PXX",1.78193146417445,"2010-2016",2010,2016,"PXX","ARTSCO-TRIPAR","ARTSCO","TRIPAR",1,"+ Snow"
"46_3_PXX",0.894150417827298,"2010-2016",2010,2016,"PXX","ARTSCO-TRIPAR","ARTSCO","TRIPAR",1,"+ Snow"
"12_1_PXX",1.35423197492163,"2010-2016",2010,2016,"PXX","BISBIS-CALLEP","BISBIS","CALLEP",1,"+ Snow"
"16_1_PXX",1.61538461538462,"2010-2016",2010,2016,"PXX","BISBIS-CALLEP","BISBIS","CALLEP",1,"+ Snow"
"26_2_PXX",1.20745542949757,"2010-2016",2010,2016,"PXX","BISBIS-CALLEP","BISBIS","CALLEP",1,"+ Snow"
"31_2_PXX",1.55263157894737,"2010-2016",2010,2016,"PXX","BISBIS-CALLEP","BISBIS","CALLEP",1,"+ Snow"
"41_3_PXX",1.69613259668508,"2010-2016",2010,2016,"PXX","BISBIS-CALLEP","BISBIS","CALLEP",1,"+ Snow"
"46_3_PXX",1.31060606060606,"2010-2016",2010,2016,"PXX","BISBIS-CALLEP","BISBIS","CALLEP",1,"+ Snow"
"12_1_PXX",0.721115537848605,"2010-2016",2010,2016,"PXX","BISBIS-CARSCO","BISBIS","CARSCO",1,"+ Snow"
"16_1_PXX",0.59927797833935,"2010-2016",2010,2016,"PXX","BISBIS-CARSCO","BISBIS","CARSCO",1,"+ Snow"
"26_2_PXX",0.900596421471173,"2010-2016",2010,2016,"PXX","BISBIS-CARSCO","BISBIS","CARSCO",1,"+ Snow"
"31_2_PXX",1.32627118644068,"2010-2016",2010,2016,"PXX","BISBIS-CARSCO","BISBIS","CARSCO",1,"+ Snow"
"41_3_PXX",1.44014084507042,"2010-2016",2010,2016,"PXX","BISBIS-CARSCO","BISBIS","CARSCO",1,"+ Snow"
"46_3_PXX",0.714606741573034,"2010-2016",2010,2016,"PXX","BISBIS-CARSCO","BISBIS","CARSCO",1,"+ Snow"
"12_1_PXX",1.14833333333333,"2010-2016",2010,2016,"PXX","BISBIS-DESCES","BISBIS","DESCES",1,"+ Snow"
"16_1_PXX",1.0006013229104,"2010-2016",2010,2016,"PXX","BISBIS-DESCES","BISBIS","DESCES",1,"+ Snow"
"26_2_PXX",0.708689655172414,"2010-2016",2010,2016,"PXX","BISBIS-DESCES","BISBIS","DESCES",1,"+ Snow"
"31_2_PXX",0.72047500978729,"2010-2016",2010,2016,"PXX","BISBIS-DESCES","BISBIS","DESCES",1,"+ Snow"
"41_3_PXX",0.650209594783419,"2010-2016",2010,2016,"PXX","BISBIS-DESCES","BISBIS","DESCES",1,"+ Snow"
"46_3_PXX",0.747225647348952,"2010-2016",2010,2016,"PXX","BISBIS-DESCES","BISBIS","DESCES",1,"+ Snow"
"12_1_PXX",0.892733564013841,"2010-2016",2010,2016,"PXX","BISBIS-GENALG","BISBIS","GENALG",1,"+ Snow"
"16_1_PXX",1.28260869565217,"2010-2016",2010,2016,"PXX","BISBIS-GENALG","BISBIS","GENALG",1,"+ Snow"
"26_2_PXX",1.18250950570342,"2010-2016",2010,2016,"PXX","BISBIS-GENALG","BISBIS","GENALG",1,"+ Snow"
"31_2_PXX",1.65439093484419,"2010-2016",2010,2016,"PXX","BISBIS-GENALG","BISBIS","GENALG",1,"+ Snow"
"41_3_PXX",1.39360393603936,"2010-2016",2010,2016,"PXX","BISBIS-GENALG","BISBIS","GENALG",1,"+ Snow"
"46_3_PXX",1.14265335235378,"2010-2016",2010,2016,"PXX","BISBIS-GENALG","BISBIS","GENALG",1,"+ Snow"
"12_1_PXX",1.44339622641509,"2010-2016",2010,2016,"PXX","BISBIS-GEUROS","BISBIS","GEUROS",1,"+ Snow"
"16_1_PXX",0.75,"2010-2016",2010,2016,"PXX","BISBIS-GEUROS","BISBIS","GEUROS",1,"+ Snow"
"26_2_PXX",1.37557816836263,"2010-2016",2010,2016,"PXX","BISBIS-GEUROS","BISBIS","GEUROS",1,"+ Snow"
"31_2_PXX",1.5254691689008,"2010-2016",2010,2016,"PXX","BISBIS-GEUROS","BISBIS","GEUROS",1,"+ Snow"
"41_3_PXX",1.50887573964497,"2010-2016",2010,2016,"PXX","BISBIS-GEUROS","BISBIS","GEUROS",1,"+ Snow"
"46_3_PXX",1.779299847793,"2010-2016",2010,2016,"PXX","BISBIS-GEUROS","BISBIS","GEUROS",1,"+ Snow"
"12_1_PXX",1.66115702479339,"2010-2016",2010,2016,"PXX","BISBIS-TRIPAR","BISBIS","TRIPAR",1,"+ Snow"
"16_1_PXX",1.0857908847185,"2010-2016",2010,2016,"PXX","BISBIS-TRIPAR","BISBIS","TRIPAR",1,"+ Snow"
"26_2_PXX",0.601010101010101,"2010-2016",2010,2016,"PXX","BISBIS-TRIPAR","BISBIS","TRIPAR",1,"+ Snow"
"31_2_PXX",1.13397129186603,"2010-2016",2010,2016,"PXX","BISBIS-TRIPAR","BISBIS","TRIPAR",1,"+ Snow"
"41_3_PXX",1.16363636363636,"2010-2016",2010,2016,"PXX","BISBIS-TRIPAR","BISBIS","TRIPAR",1,"+ Snow"
"46_3_PXX",0.8671875,"2010-2016",2010,2016,"PXX","BISBIS-TRIPAR","BISBIS","TRIPAR",1,"+ Snow"
"12_1_PXX",1.196,"2010-2016",2010,2016,"PXX","CALLEP-CARSCO","CALLEP","CARSCO",1,"+ Snow"
"16_1_PXX",0.94180407371484,"2010-2016",2010,2016,"PXX","CALLEP-CARSCO","CALLEP","CARSCO",1,"+ Snow"
"26_2_PXX",1.11940298507463,"2010-2016",2010,2016,"PXX","CALLEP-CARSCO","CALLEP","CARSCO",1,"+ Snow"
"31_2_PXX",1.11940298507463,"2010-2016",2010,2016,"PXX","CALLEP-CARSCO","CALLEP","CARSCO",1,"+ Snow"
"41_3_PXX",1.51965065502183,"2010-2016",2010,2016,"PXX","CALLEP-CARSCO","CALLEP","CARSCO",1,"+ Snow"
"46_3_PXX",0.967320261437909,"2010-2016",2010,2016,"PXX","CALLEP-CARSCO","CALLEP","CARSCO",1,"+ Snow"
"12_1_PXX",0.62771285475793,"2010-2016",2010,2016,"PXX","CALLEP-DESCES","CALLEP","DESCES",1,"+ Snow"
"16_1_PXX",0.990874524714829,"2010-2016",2010,2016,"PXX","CALLEP-DESCES","CALLEP","DESCES",1,"+ Snow"
"26_2_PXX",0.969287469287469,"2010-2016",2010,2016,"PXX","CALLEP-DESCES","CALLEP","DESCES",1,"+ Snow"
"31_2_PXX",0.831768284618437,"2010-2016",2010,2016,"PXX","CALLEP-DESCES","CALLEP","DESCES",1,"+ Snow"
"41_3_PXX",0.802581261950287,"2010-2016",2010,2016,"PXX","CALLEP-DESCES","CALLEP","DESCES",1,"+ Snow"
"46_3_PXX",0.702901512055578,"2010-2016",2010,2016,"PXX","CALLEP-DESCES","CALLEP","DESCES",1,"+ Snow"
"12_1_PXX",1.45486111111111,"2010-2016",2010,2016,"PXX","CALLEP-GENALG","CALLEP","GENALG",1,"+ Snow"
"16_1_PXX",1.42990654205607,"2010-2016",2010,2016,"PXX","CALLEP-GENALG","CALLEP","GENALG",1,"+ Snow"
"26_2_PXX",0.847133757961783,"2010-2016",2010,2016,"PXX","CALLEP-GENALG","CALLEP","GENALG",1,"+ Snow"
"31_2_PXX",1.72111553784861,"2010-2016",2010,2016,"PXX","CALLEP-GENALG","CALLEP","GENALG",1,"+ Snow"
"41_3_PXX",0.976391231028668,"2010-2016",2010,2016,"PXX","CALLEP-GENALG","CALLEP","GENALG",1,"+ Snow"
"46_3_PXX",1.24306472919419,"2010-2016",2010,2016,"PXX","CALLEP-GENALG","CALLEP","GENALG",1,"+ Snow"
"12_1_PXX",1.50710900473934,"2010-2016",2010,2016,"PXX","CALLEP-GEUROS","CALLEP","GEUROS",1,"+ Snow"
"16_1_PXX",0.737373737373737,"2010-2016",2010,2016,"PXX","CALLEP-GEUROS","CALLEP","GEUROS",1,"+ Snow"
"26_2_PXX",1.15730337078652,"2010-2016",2010,2016,"PXX","CALLEP-GEUROS","CALLEP","GEUROS",1,"+ Snow"
"31_2_PXX",1.27138643067847,"2010-2016",2010,2016,"PXX","CALLEP-GEUROS","CALLEP","GEUROS",1,"+ Snow"
"41_3_PXX",1.32155477031802,"2010-2016",2010,2016,"PXX","CALLEP-GEUROS","CALLEP","GEUROS",1,"+ Snow"
"46_3_PXX",1.18793828892006,"2010-2016",2010,2016,"PXX","CALLEP-GEUROS","CALLEP","GEUROS",1,"+ Snow"
"12_1_PXX",1.56846473029046,"2010-2016",2010,2016,"PXX","CALLEP-TRIPAR","CALLEP","TRIPAR",1,"+ Snow"
"16_1_PXX",0.9886925795053,"2010-2016",2010,2016,"PXX","CALLEP-TRIPAR","CALLEP","TRIPAR",1,"+ Snow"
"26_2_PXX",1.30222222222222,"2010-2016",2010,2016,"PXX","CALLEP-TRIPAR","CALLEP","TRIPAR",1,"+ Snow"
"31_2_PXX",0.97196261682243,"2010-2016",2010,2016,"PXX","CALLEP-TRIPAR","CALLEP","TRIPAR",1,"+ Snow"
"41_3_PXX",0.936363636363636,"2010-2016",2010,2016,"PXX","CALLEP-TRIPAR","CALLEP","TRIPAR",1,"+ Snow"
"46_3_PXX",0.880281690140845,"2010-2016",2010,2016,"PXX","CALLEP-TRIPAR","CALLEP","TRIPAR",1,"+ Snow"
"12_1_PXX",1.23728813559322,"2010-2016",2010,2016,"PXX","CARSCO-DESCES","CARSCO","DESCES",1,"+ Snow"
"16_1_PXX",0.683760683760684,"2010-2016",2010,2016,"PXX","CARSCO-DESCES","CARSCO","DESCES",1,"+ Snow"
"26_2_PXX",0.953532781667727,"2010-2016",2010,2016,"PXX","CARSCO-DESCES","CARSCO","DESCES",1,"+ Snow"
"31_2_PXX",0.919124516215134,"2010-2016",2010,2016,"PXX","CARSCO-DESCES","CARSCO","DESCES",1,"+ Snow"
"41_3_PXX",0.773120728929385,"2010-2016",2010,2016,"PXX","CARSCO-DESCES","CARSCO","DESCES",1,"+ Snow"
"46_3_PXX",0.740487062404871,"2010-2016",2010,2016,"PXX","CARSCO-DESCES","CARSCO","DESCES",1,"+ Snow"
"12_1_PXX",0.745454545454545,"2010-2016",2010,2016,"PXX","CARSCO-GENALG","CARSCO","GENALG",1,"+ Snow"
"16_1_PXX",1.18039215686275,"2010-2016",2010,2016,"PXX","CARSCO-GENALG","CARSCO","GENALG",1,"+ Snow"
"26_2_PXX",1.27906976744186,"2010-2016",2010,2016,"PXX","CARSCO-GENALG","CARSCO","GENALG",1,"+ Snow"
"31_2_PXX",1.27868852459016,"2010-2016",2010,2016,"PXX","CARSCO-GENALG","CARSCO","GENALG",1,"+ Snow"
"41_3_PXX",0.643781094527363,"2010-2016",2010,2016,"PXX","CARSCO-GENALG","CARSCO","GENALG",1,"+ Snow"
"46_3_PXX",1.46860229574612,"2010-2016",2010,2016,"PXX","CARSCO-GENALG","CARSCO","GENALG",1,"+ Snow"
"12_1_PXX",1.04895104895105,"2010-2016",2010,2016,"PXX","CARSCO-GEUROS","CARSCO","GEUROS",1,"+ Snow"
"16_1_PXX",0.980237154150198,"2010-2016",2010,2016,"PXX","CARSCO-GEUROS","CARSCO","GEUROS",1,"+ Snow"
"26_2_PXX",1.07023411371237,"2010-2016",2010,2016,"PXX","CARSCO-GEUROS","CARSCO","GEUROS",1,"+ Snow"
"31_2_PXX",1.21496311907271,"2010-2016",2010,2016,"PXX","CARSCO-GEUROS","CARSCO","GEUROS",1,"+ Snow"
"41_3_PXX",1.54922279792746,"2010-2016",2010,2016,"PXX","CARSCO-GEUROS","CARSCO","GEUROS",1,"+ Snow"
"46_3_PXX",0.778705636743215,"2010-2016",2010,2016,"PXX","CARSCO-GEUROS","CARSCO","GEUROS",1,"+ Snow"
"12_1_PXX",0.878612716763006,"2010-2016",2010,2016,"PXX","CARSCO-TRIPAR","CARSCO","TRIPAR",1,"+ Snow"
"16_1_PXX",0.683848797250859,"2010-2016",2010,2016,"PXX","CARSCO-TRIPAR","CARSCO","TRIPAR",1,"+ Snow"
"26_2_PXX",1.13513513513514,"2010-2016",2010,2016,"PXX","CARSCO-TRIPAR","CARSCO","TRIPAR",1,"+ Snow"
"31_2_PXX",0.974358974358974,"2010-2016",2010,2016,"PXX","CARSCO-TRIPAR","CARSCO","TRIPAR",1,"+ Snow"
"41_3_PXX",0.582043343653251,"2010-2016",2010,2016,"PXX","CARSCO-TRIPAR","CARSCO","TRIPAR",1,"+ Snow"
"46_3_PXX",0.973684210526316,"2010-2016",2010,2016,"PXX","CARSCO-TRIPAR","CARSCO","TRIPAR",1,"+ Snow"
"12_1_PXX",0.588752196836555,"2010-2016",2010,2016,"PXX","DESCES-GENALG","DESCES","GENALG",1,"+ Snow"
"16_1_PXX",0.912858013406459,"2010-2016",2010,2016,"PXX","DESCES-GENALG","DESCES","GENALG",1,"+ Snow"
"26_2_PXX",0.845813586097946,"2010-2016",2010,2016,"PXX","DESCES-GENALG","DESCES","GENALG",1,"+ Snow"
"31_2_PXX",0.781340341655716,"2010-2016",2010,2016,"PXX","DESCES-GENALG","DESCES","GENALG",1,"+ Snow"
"41_3_PXX",0.748137637460092,"2010-2016",2010,2016,"PXX","DESCES-GENALG","DESCES","GENALG",1,"+ Snow"
"46_3_PXX",0.775045054595569,"2010-2016",2010,2016,"PXX","DESCES-GENALG","DESCES","GENALG",1,"+ Snow"
"12_1_PXX",1.02032520325203,"2010-2016",2010,2016,"PXX","DESCES-GEUROS","DESCES","GEUROS",1,"+ Snow"
"16_1_PXX",1.04820012202563,"2010-2016",2010,2016,"PXX","DESCES-GEUROS","DESCES","GEUROS",1,"+ Snow"
"26_2_PXX",0.375268817204301,"2010-2016",2010,2016,"PXX","DESCES-GEUROS","DESCES","GEUROS",1,"+ Snow"
"31_2_PXX",0.532951289398281,"2010-2016",2010,2016,"PXX","DESCES-GEUROS","DESCES","GEUROS",1,"+ Snow"
"41_3_PXX",0.628279235215651,"2010-2016",2010,2016,"PXX","DESCES-GEUROS","DESCES","GEUROS",1,"+ Snow"
"46_3_PXX",0.859409947811269,"2010-2016",2010,2016,"PXX","DESCES-GEUROS","DESCES","GEUROS",1,"+ Snow"
"12_1_PXX",1.18582375478927,"2010-2016",2010,2016,"PXX","DESCES-TRIPAR","DESCES","TRIPAR",1,"+ Snow"
"16_1_PXX",0.77489837398374,"2010-2016",2010,2016,"PXX","DESCES-TRIPAR","DESCES","TRIPAR",1,"+ Snow"
"26_2_PXX",1.18373028147232,"2010-2016",2010,2016,"PXX","DESCES-TRIPAR","DESCES","TRIPAR",1,"+ Snow"
"31_2_PXX",0.985802303777123,"2010-2016",2010,2016,"PXX","DESCES-TRIPAR","DESCES","TRIPAR",1,"+ Snow"
"41_3_PXX",0.697163769441903,"2010-2016",2010,2016,"PXX","DESCES-TRIPAR","DESCES","TRIPAR",1,"+ Snow"
"46_3_PXX",1.05062743401125,"2010-2016",2010,2016,"PXX","DESCES-TRIPAR","DESCES","TRIPAR",1,"+ Snow"
"12_1_PXX",1.12154696132597,"2010-2016",2010,2016,"PXX","GENALG-GEUROS","GENALG","GEUROS",1,"+ Snow"
"16_1_PXX",0.590909090909091,"2010-2016",2010,2016,"PXX","GENALG-GEUROS","GENALG","GEUROS",1,"+ Snow"
"26_2_PXX",1.31561996779388,"2010-2016",2010,2016,"PXX","GENALG-GEUROS","GENALG","GEUROS",1,"+ Snow"
"31_2_PXX",1.29831144465291,"2010-2016",2010,2016,"PXX","GENALG-GEUROS","GENALG","GEUROS",1,"+ Snow"
"41_3_PXX",1.0950040950041,"2010-2016",2010,2016,"PXX","GENALG-GEUROS","GENALG","GEUROS",1,"+ Snow"
"46_3_PXX",1.3072625698324,"2010-2016",2010,2016,"PXX","GENALG-GEUROS","GENALG","GEUROS",1,"+ Snow"
"12_1_PXX",1.2085308056872,"2010-2016",2010,2016,"PXX","GENALG-TRIPAR","GENALG","TRIPAR",1,"+ Snow"
"16_1_PXX",0.806267806267806,"2010-2016",2010,2016,"PXX","GENALG-TRIPAR","GENALG","TRIPAR",1,"+ Snow"
"26_2_PXX",0.283582089552239,"2010-2016",2010,2016,"PXX","GENALG-TRIPAR","GENALG","TRIPAR",1,"+ Snow"
"31_2_PXX",0.935897435897436,"2010-2016",2010,2016,"PXX","GENALG-TRIPAR","GENALG","TRIPAR",1,"+ Snow"
"41_3_PXX",1.87719298245614,"2010-2016",2010,2016,"PXX","GENALG-TRIPAR","GENALG","TRIPAR",1,"+ Snow"
"46_3_PXX",0.71830985915493,"2010-2016",2010,2016,"PXX","GENALG-TRIPAR","GENALG","TRIPAR",1,"+ Snow"
"12_1_PXX",1.66417910447761,"2010-2016",2010,2016,"PXX","GEUROS-TRIPAR","GEUROS","TRIPAR",1,"+ Snow"
"16_1_PXX",1.04297994269341,"2010-2016",2010,2016,"PXX","GEUROS-TRIPAR","GEUROS","TRIPAR",1,"+ Snow"
"26_2_PXX",0.573294629898404,"2010-2016",2010,2016,"PXX","GEUROS-TRIPAR","GEUROS","TRIPAR",1,"+ Snow"
"31_2_PXX",1.00216919739696,"2010-2016",2010,2016,"PXX","GEUROS-TRIPAR","GEUROS","TRIPAR",1,"+ Snow"
"41_3_PXX",1.07692307692308,"2010-2016",2010,2016,"PXX","GEUROS-TRIPAR","GEUROS","TRIPAR",1,"+ Snow"
"46_3_PXX",0.698224852071006,"2010-2016",2010,2016,"PXX","GEUROS-TRIPAR","GEUROS","TRIPAR",1,"+ Snow"
"12_1_PXX",1.03448275862069,"2011-2017",2011,2017,"PXX","ARTSCO-BISBIS","ARTSCO","BISBIS",1,"+ Snow"
"16_1_PXX",0.351851851851852,"2011-2017",2011,2017,"PXX","ARTSCO-BISBIS","ARTSCO","BISBIS",1,"+ Snow"
"26_2_PXX",0.503832190399355,"2011-2017",2011,2017,"PXX","ARTSCO-BISBIS","ARTSCO","BISBIS",1,"+ Snow"
"31_2_PXX",1.43143297380586,"2011-2017",2011,2017,"PXX","ARTSCO-BISBIS","ARTSCO","BISBIS",1,"+ Snow"
"41_3_PXX",0.721973094170404,"2011-2017",2011,2017,"PXX","ARTSCO-BISBIS","ARTSCO","BISBIS",1,"+ Snow"
"46_3_PXX",0.471153846153846,"2011-2017",2011,2017,"PXX","ARTSCO-BISBIS","ARTSCO","BISBIS",1,"+ Snow"
"12_1_PXX",0.893617021276596,"2011-2017",2011,2017,"PXX","ARTSCO-CALLEP","ARTSCO","CALLEP",1,"+ Snow"
"16_1_PXX",1.19787985865724,"2011-2017",2011,2017,"PXX","ARTSCO-CALLEP","ARTSCO","CALLEP",1,"+ Snow"
"26_2_PXX",0.861111111111111,"2011-2017",2011,2017,"PXX","ARTSCO-CALLEP","ARTSCO","CALLEP",1,"+ Snow"
"31_2_PXX",0.927209705372617,"2011-2017",2011,2017,"PXX","ARTSCO-CALLEP","ARTSCO","CALLEP",1,"+ Snow"
"41_3_PXX",0.817708333333333,"2011-2017",2011,2017,"PXX","ARTSCO-CALLEP","ARTSCO","CALLEP",1,"+ Snow"
"46_3_PXX",1.05555555555556,"2011-2017",2011,2017,"PXX","ARTSCO-CALLEP","ARTSCO","CALLEP",1,"+ Snow"
"12_1_PXX",1.0622009569378,"2011-2017",2011,2017,"PXX","ARTSCO-CARSCO","ARTSCO","CARSCO",1,"+ Snow"
"16_1_PXX",1.06752411575563,"2011-2017",2011,2017,"PXX","ARTSCO-CARSCO","ARTSCO","CARSCO",1,"+ Snow"
"26_2_PXX",1.03935071323168,"2011-2017",2011,2017,"PXX","ARTSCO-CARSCO","ARTSCO","CARSCO",1,"+ Snow"
"31_2_PXX",1.05500982318271,"2011-2017",2011,2017,"PXX","ARTSCO-CARSCO","ARTSCO","CARSCO",1,"+ Snow"
"41_3_PXX",0.955223880597015,"2011-2017",2011,2017,"PXX","ARTSCO-CARSCO","ARTSCO","CARSCO",1,"+ Snow"
"46_3_PXX",0.80045871559633,"2011-2017",2011,2017,"PXX","ARTSCO-CARSCO","ARTSCO","CARSCO",1,"+ Snow"
"12_1_PXX",1.32835820895522,"2011-2017",2011,2017,"PXX","ARTSCO-DESCES","ARTSCO","DESCES",1,"+ Snow"
"16_1_PXX",1.03532380151388,"2011-2017",2011,2017,"PXX","ARTSCO-DESCES","ARTSCO","DESCES",1,"+ Snow"
"26_2_PXX",0.958615500376223,"2011-2017",2011,2017,"PXX","ARTSCO-DESCES","ARTSCO","DESCES",1,"+ Snow"
"31_2_PXX",0.507857733664185,"2011-2017",2011,2017,"PXX","ARTSCO-DESCES","ARTSCO","DESCES",1,"+ Snow"
"41_3_PXX",0.789499509322866,"2011-2017",2011,2017,"PXX","ARTSCO-DESCES","ARTSCO","DESCES",1,"+ Snow"
"46_3_PXX",1.43589743589744,"2011-2017",2011,2017,"PXX","ARTSCO-DESCES","ARTSCO","DESCES",1,"+ Snow"
"12_1_PXX",0.948538011695906,"2011-2017",2011,2017,"PXX","ARTSCO-GENALG","ARTSCO","GENALG",1,"+ Snow"
"16_1_PXX",1.21212121212121,"2011-2017",2011,2017,"PXX","ARTSCO-GENALG","ARTSCO","GENALG",1,"+ Snow"
"26_2_PXX",1.07957302280446,"2011-2017",2011,2017,"PXX","ARTSCO-GENALG","ARTSCO","GENALG",1,"+ Snow"
"31_2_PXX",1.16122840690979,"2011-2017",2011,2017,"PXX","ARTSCO-GENALG","ARTSCO","GENALG",1,"+ Snow"
"41_3_PXX",1.48561565017261,"2011-2017",2011,2017,"PXX","ARTSCO-GENALG","ARTSCO","GENALG",1,"+ Snow"
"46_3_PXX",1.13753581661891,"2011-2017",2011,2017,"PXX","ARTSCO-GENALG","ARTSCO","GENALG",1,"+ Snow"
"12_1_PXX",1.11363636363636,"2011-2017",2011,2017,"PXX","ARTSCO-GEUROS","ARTSCO","GEUROS",1,"+ Snow"
"16_1_PXX",1.44210526315789,"2011-2017",2011,2017,"PXX","ARTSCO-GEUROS","ARTSCO","GEUROS",1,"+ Snow"
"26_2_PXX",1.12407862407862,"2011-2017",2011,2017,"PXX","ARTSCO-GEUROS","ARTSCO","GEUROS",1,"+ Snow"
"31_2_PXX",1.57204301075269,"2011-2017",2011,2017,"PXX","ARTSCO-GEUROS","ARTSCO","GEUROS",1,"+ Snow"
"41_3_PXX",1.09030837004405,"2011-2017",2011,2017,"PXX","ARTSCO-GEUROS","ARTSCO","GEUROS",1,"+ Snow"
"46_3_PXX",0.887931034482759,"2011-2017",2011,2017,"PXX","ARTSCO-GEUROS","ARTSCO","GEUROS",1,"+ Snow"
"12_1_PXX",0.366666666666667,"2011-2017",2011,2017,"PXX","ARTSCO-TRIPAR","ARTSCO","TRIPAR",1,"+ Snow"
"16_1_PXX",0.793510324483776,"2011-2017",2011,2017,"PXX","ARTSCO-TRIPAR","ARTSCO","TRIPAR",1,"+ Snow"
"26_2_PXX",0.875998121183654,"2011-2017",2011,2017,"PXX","ARTSCO-TRIPAR","ARTSCO","TRIPAR",1,"+ Snow"
"31_2_PXX",1.17427385892116,"2011-2017",2011,2017,"PXX","ARTSCO-TRIPAR","ARTSCO","TRIPAR",1,"+ Snow"
"41_3_PXX",1.67153284671533,"2011-2017",2011,2017,"PXX","ARTSCO-TRIPAR","ARTSCO","TRIPAR",1,"+ Snow"
"46_3_PXX",1.13609467455621,"2011-2017",2011,2017,"PXX","ARTSCO-TRIPAR","ARTSCO","TRIPAR",1,"+ Snow"
"12_1_PXX",1.24825174825175,"2011-2017",2011,2017,"PXX","BISBIS-CALLEP","BISBIS","CALLEP",1,"+ Snow"
"16_1_PXX",1.1516452074392,"2011-2017",2011,2017,"PXX","BISBIS-CALLEP","BISBIS","CALLEP",1,"+ Snow"
"26_2_PXX",1.16123499142367,"2011-2017",2011,2017,"PXX","BISBIS-CALLEP","BISBIS","CALLEP",1,"+ Snow"
"31_2_PXX",1.45255474452555,"2011-2017",2011,2017,"PXX","BISBIS-CALLEP","BISBIS","CALLEP",1,"+ Snow"
"41_3_PXX",1.44585987261147,"2011-2017",2011,2017,"PXX","BISBIS-CALLEP","BISBIS","CALLEP",1,"+ Snow"
"46_3_PXX",1.15833333333333,"2011-2017",2011,2017,"PXX","BISBIS-CALLEP","BISBIS","CALLEP",1,"+ Snow"
"12_1_PXX",0.745928338762215,"2011-2017",2011,2017,"PXX","BISBIS-CARSCO","BISBIS","CARSCO",1,"+ Snow"
"16_1_PXX",1.02650602409639,"2011-2017",2011,2017,"PXX","BISBIS-CARSCO","BISBIS","CARSCO",1,"+ Snow"
"26_2_PXX",0.958333333333333,"2011-2017",2011,2017,"PXX","BISBIS-CARSCO","BISBIS","CARSCO",1,"+ Snow"
"31_2_PXX",1.25728155339806,"2011-2017",2011,2017,"PXX","BISBIS-CARSCO","BISBIS","CARSCO",1,"+ Snow"
"41_3_PXX",1.47,"2011-2017",2011,2017,"PXX","BISBIS-CARSCO","BISBIS","CARSCO",1,"+ Snow"
"46_3_PXX",0.757322175732218,"2011-2017",2011,2017,"PXX","BISBIS-CARSCO","BISBIS","CARSCO",1,"+ Snow"
"12_1_PXX",0.762295081967213,"2011-2017",2011,2017,"PXX","BISBIS-DESCES","BISBIS","DESCES",1,"+ Snow"
"16_1_PXX",0.742949234488316,"2011-2017",2011,2017,"PXX","BISBIS-DESCES","BISBIS","DESCES",1,"+ Snow"
"26_2_PXX",0.737362931265044,"2011-2017",2011,2017,"PXX","BISBIS-DESCES","BISBIS","DESCES",1,"+ Snow"
"31_2_PXX",0.7202735495257,"2011-2017",2011,2017,"PXX","BISBIS-DESCES","BISBIS","DESCES",1,"+ Snow"
"41_3_PXX",0.696954568147778,"2011-2017",2011,2017,"PXX","BISBIS-DESCES","BISBIS","DESCES",1,"+ Snow"
"46_3_PXX",0.539877300613497,"2011-2017",2011,2017,"PXX","BISBIS-DESCES","BISBIS","DESCES",1,"+ Snow"
"12_1_PXX",0.897353648757017,"2011-2017",2011,2017,"PXX","BISBIS-GENALG","BISBIS","GENALG",1,"+ Snow"
"16_1_PXX",1.1,"2011-2017",2011,2017,"PXX","BISBIS-GENALG","BISBIS","GENALG",1,"+ Snow"
"26_2_PXX",1.20661157024793,"2011-2017",2011,2017,"PXX","BISBIS-GENALG","BISBIS","GENALG",1,"+ Snow"
"31_2_PXX",1.44036697247706,"2011-2017",2011,2017,"PXX","BISBIS-GENALG","BISBIS","GENALG",1,"+ Snow"
"41_3_PXX",1.36213991769547,"2011-2017",2011,2017,"PXX","BISBIS-GENALG","BISBIS","GENALG",1,"+ Snow"
"46_3_PXX",0.852998065764023,"2011-2017",2011,2017,"PXX","BISBIS-GENALG","BISBIS","GENALG",1,"+ Snow"
"12_1_PXX",1.09565217391304,"2011-2017",2011,2017,"PXX","BISBIS-GEUROS","BISBIS","GEUROS",1,"+ Snow"
"16_1_PXX",0.643366619115549,"2011-2017",2011,2017,"PXX","BISBIS-GEUROS","BISBIS","GEUROS",1,"+ Snow"
"26_2_PXX",1.02977963073258,"2011-2017",2011,2017,"PXX","BISBIS-GEUROS","BISBIS","GEUROS",1,"+ Snow"
"31_2_PXX",1.15028901734104,"2011-2017",2011,2017,"PXX","BISBIS-GEUROS","BISBIS","GEUROS",1,"+ Snow"
"41_3_PXX",1.45346062052506,"2011-2017",2011,2017,"PXX","BISBIS-GEUROS","BISBIS","GEUROS",1,"+ Snow"
"46_3_PXX",1.63607594936709,"2011-2017",2011,2017,"PXX","BISBIS-GEUROS","BISBIS","GEUROS",1,"+ Snow"
"12_1_PXX",1.5531914893617,"2011-2017",2011,2017,"PXX","BISBIS-TRIPAR","BISBIS","TRIPAR",1,"+ Snow"
"16_1_PXX",1.4334085778781,"2011-2017",2011,2017,"PXX","BISBIS-TRIPAR","BISBIS","TRIPAR",1,"+ Snow"
"26_2_PXX",0.617753623188406,"2011-2017",2011,2017,"PXX","BISBIS-TRIPAR","BISBIS","TRIPAR",1,"+ Snow"
"31_2_PXX",1.20111731843575,"2011-2017",2011,2017,"PXX","BISBIS-TRIPAR","BISBIS","TRIPAR",1,"+ Snow"
"41_3_PXX",0.96234309623431,"2011-2017",2011,2017,"PXX","BISBIS-TRIPAR","BISBIS","TRIPAR",1,"+ Snow"
"46_3_PXX",0.909090909090909,"2011-2017",2011,2017,"PXX","BISBIS-TRIPAR","BISBIS","TRIPAR",1,"+ Snow"
"12_1_PXX",0.959501557632399,"2011-2017",2011,2017,"PXX","CALLEP-CARSCO","CALLEP","CARSCO",1,"+ Snow"
"16_1_PXX",0.933271547729379,"2011-2017",2011,2017,"PXX","CALLEP-CARSCO","CALLEP","CARSCO",1,"+ Snow"
"26_2_PXX",1.16058394160584,"2011-2017",2011,2017,"PXX","CALLEP-CARSCO","CALLEP","CARSCO",1,"+ Snow"
"31_2_PXX",1.11940298507463,"2011-2017",2011,2017,"PXX","CALLEP-CARSCO","CALLEP","CARSCO",1,"+ Snow"
"41_3_PXX",1.23420074349442,"2011-2017",2011,2017,"PXX","CALLEP-CARSCO","CALLEP","CARSCO",1,"+ Snow"
"46_3_PXX",0.698717948717949,"2011-2017",2011,2017,"PXX","CALLEP-CARSCO","CALLEP","CARSCO",1,"+ Snow"
"12_1_PXX",0.178947368421053,"2011-2017",2011,2017,"PXX","CALLEP-DESCES","CALLEP","DESCES",1,"+ Snow"
"16_1_PXX",0.995934524446346,"2011-2017",2011,2017,"PXX","CALLEP-DESCES","CALLEP","DESCES",1,"+ Snow"
"26_2_PXX",0.948538011695906,"2011-2017",2011,2017,"PXX","CALLEP-DESCES","CALLEP","DESCES",1,"+ Snow"
"31_2_PXX",0.961443622506165,"2011-2017",2011,2017,"PXX","CALLEP-DESCES","CALLEP","DESCES",1,"+ Snow"
"41_3_PXX",0.932555780933063,"2011-2017",2011,2017,"PXX","CALLEP-DESCES","CALLEP","DESCES",1,"+ Snow"
"46_3_PXX",0.742768595041322,"2011-2017",2011,2017,"PXX","CALLEP-DESCES","CALLEP","DESCES",1,"+ Snow"
"12_1_PXX",1.52801227935533,"2011-2017",2011,2017,"PXX","CALLEP-GENALG","CALLEP","GENALG",1,"+ Snow"
"16_1_PXX",1.44444444444444,"2011-2017",2011,2017,"PXX","CALLEP-GENALG","CALLEP","GENALG",1,"+ Snow"
"26_2_PXX",0.878787878787879,"2011-2017",2011,2017,"PXX","CALLEP-GENALG","CALLEP","GENALG",1,"+ Snow"
"31_2_PXX",1.18493150684931,"2011-2017",2011,2017,"PXX","CALLEP-GENALG","CALLEP","GENALG",1,"+ Snow"
"41_3_PXX",0.699173553719008,"2011-2017",2011,2017,"PXX","CALLEP-GENALG","CALLEP","GENALG",1,"+ Snow"
"46_3_PXX",0.79874213836478,"2011-2017",2011,2017,"PXX","CALLEP-GENALG","CALLEP","GENALG",1,"+ Snow"
"12_1_PXX",1.42622950819672,"2011-2017",2011,2017,"PXX","CALLEP-GEUROS","CALLEP","GEUROS",1,"+ Snow"
"16_1_PXX",0.808333333333333,"2011-2017",2011,2017,"PXX","CALLEP-GEUROS","CALLEP","GEUROS",1,"+ Snow"
"26_2_PXX",1.18823529411765,"2011-2017",2011,2017,"PXX","CALLEP-GEUROS","CALLEP","GEUROS",1,"+ Snow"
"31_2_PXX",0.800673400673401,"2011-2017",2011,2017,"PXX","CALLEP-GEUROS","CALLEP","GEUROS",1,"+ Snow"
"41_3_PXX",0.981958762886598,"2011-2017",2011,2017,"PXX","CALLEP-GEUROS","CALLEP","GEUROS",1,"+ Snow"
"46_3_PXX",1.05743243243243,"2011-2017",2011,2017,"PXX","CALLEP-GEUROS","CALLEP","GEUROS",1,"+ Snow"
"12_1_PXX",1.38613861386139,"2011-2017",2011,2017,"PXX","CALLEP-TRIPAR","CALLEP","TRIPAR",1,"+ Snow"
"16_1_PXX",0.98992443324937,"2011-2017",2011,2017,"PXX","CALLEP-TRIPAR","CALLEP","TRIPAR",1,"+ Snow"
"26_2_PXX",1.40343347639485,"2011-2017",2011,2017,"PXX","CALLEP-TRIPAR","CALLEP","TRIPAR",1,"+ Snow"
"31_2_PXX",0.97196261682243,"2011-2017",2011,2017,"PXX","CALLEP-TRIPAR","CALLEP","TRIPAR",1,"+ Snow"
"41_3_PXX",0.865384615384615,"2011-2017",2011,2017,"PXX","CALLEP-TRIPAR","CALLEP","TRIPAR",1,"+ Snow"
"46_3_PXX",0.982832618025751,"2011-2017",2011,2017,"PXX","CALLEP-TRIPAR","CALLEP","TRIPAR",1,"+ Snow"
"12_1_PXX",0.765586034912718,"2011-2017",2011,2017,"PXX","CARSCO-DESCES","CARSCO","DESCES",1,"+ Snow"
"16_1_PXX",0.615056266977105,"2011-2017",2011,2017,"PXX","CARSCO-DESCES","CARSCO","DESCES",1,"+ Snow"
"26_2_PXX",0.954448830853325,"2011-2017",2011,2017,"PXX","CARSCO-DESCES","CARSCO","DESCES",1,"+ Snow"
"31_2_PXX",0.998634190758024,"2011-2017",2011,2017,"PXX","CARSCO-DESCES","CARSCO","DESCES",1,"+ Snow"
"41_3_PXX",0.681323877068558,"2011-2017",2011,2017,"PXX","CARSCO-DESCES","CARSCO","DESCES",1,"+ Snow"
"46_3_PXX",0.764510779436153,"2011-2017",2011,2017,"PXX","CARSCO-DESCES","CARSCO","DESCES",1,"+ Snow"
"12_1_PXX",0.483777937995674,"2011-2017",2011,2017,"PXX","CARSCO-GENALG","CARSCO","GENALG",1,"+ Snow"
"16_1_PXX",1.13584905660377,"2011-2017",2011,2017,"PXX","CARSCO-GENALG","CARSCO","GENALG",1,"+ Snow"
"26_2_PXX",1.26315789473684,"2011-2017",2011,2017,"PXX","CARSCO-GENALG","CARSCO","GENALG",1,"+ Snow"
"31_2_PXX",0.576923076923077,"2011-2017",2011,2017,"PXX","CARSCO-GENALG","CARSCO","GENALG",1,"+ Snow"
"41_3_PXX",0.811384876805438,"2011-2017",2011,2017,"PXX","CARSCO-GENALG","CARSCO","GENALG",1,"+ Snow"
"46_3_PXX",1.14835549335199,"2011-2017",2011,2017,"PXX","CARSCO-GENALG","CARSCO","GENALG",1,"+ Snow"
"12_1_PXX",0.316981132075472,"2011-2017",2011,2017,"PXX","CARSCO-GEUROS","CARSCO","GEUROS",1,"+ Snow"
"16_1_PXX",0.892691951896392,"2011-2017",2011,2017,"PXX","CARSCO-GEUROS","CARSCO","GEUROS",1,"+ Snow"
"26_2_PXX",1.08921330089213,"2011-2017",2011,2017,"PXX","CARSCO-GEUROS","CARSCO","GEUROS",1,"+ Snow"
"31_2_PXX",0.92378263937897,"2011-2017",2011,2017,"PXX","CARSCO-GEUROS","CARSCO","GEUROS",1,"+ Snow"
"41_3_PXX",1.64406779661017,"2011-2017",2011,2017,"PXX","CARSCO-GEUROS","CARSCO","GEUROS",1,"+ Snow"
"46_3_PXX",0.586787564766839,"2011-2017",2011,2017,"PXX","CARSCO-GEUROS","CARSCO","GEUROS",1,"+ Snow"
"12_1_PXX",0.995515695067265,"2011-2017",2011,2017,"PXX","CARSCO-TRIPAR","CARSCO","TRIPAR",1,"+ Snow"
"16_1_PXX",0.962825278810409,"2011-2017",2011,2017,"PXX","CARSCO-TRIPAR","CARSCO","TRIPAR",1,"+ Snow"
"26_2_PXX",1.0188679245283,"2011-2017",2011,2017,"PXX","CARSCO-TRIPAR","CARSCO","TRIPAR",1,"+ Snow"
"31_2_PXX",0.974358974358974,"2011-2017",2011,2017,"PXX","CARSCO-TRIPAR","CARSCO","TRIPAR",1,"+ Snow"
"41_3_PXX",0.507122507122507,"2011-2017",2011,2017,"PXX","CARSCO-TRIPAR","CARSCO","TRIPAR",1,"+ Snow"
"46_3_PXX",1.01410437235543,"2011-2017",2011,2017,"PXX","CARSCO-TRIPAR","CARSCO","TRIPAR",1,"+ Snow"
"12_1_PXX",0.772027110289587,"2011-2017",2011,2017,"PXX","DESCES-GENALG","DESCES","GENALG",1,"+ Snow"
"16_1_PXX",0.921097770154374,"2011-2017",2011,2017,"PXX","DESCES-GENALG","DESCES","GENALG",1,"+ Snow"
"26_2_PXX",0.849442938873833,"2011-2017",2011,2017,"PXX","DESCES-GENALG","DESCES","GENALG",1,"+ Snow"
"31_2_PXX",0.891032917139614,"2011-2017",2011,2017,"PXX","DESCES-GENALG","DESCES","GENALG",1,"+ Snow"
"41_3_PXX",0.732382025284767,"2011-2017",2011,2017,"PXX","DESCES-GENALG","DESCES","GENALG",1,"+ Snow"
"46_3_PXX",1.03499562554681,"2011-2017",2011,2017,"PXX","DESCES-GENALG","DESCES","GENALG",1,"+ Snow"
"12_1_PXX",0.858024691358025,"2011-2017",2011,2017,"PXX","DESCES-GEUROS","DESCES","GEUROS",1,"+ Snow"
"16_1_PXX",1.09070488822334,"2011-2017",2011,2017,"PXX","DESCES-GEUROS","DESCES","GEUROS",1,"+ Snow"
"26_2_PXX",0.327723649247121,"2011-2017",2011,2017,"PXX","DESCES-GEUROS","DESCES","GEUROS",1,"+ Snow"
"31_2_PXX",0.442896935933148,"2011-2017",2011,2017,"PXX","DESCES-GEUROS","DESCES","GEUROS",1,"+ Snow"
"41_3_PXX",0.510295434198747,"2011-2017",2011,2017,"PXX","DESCES-GEUROS","DESCES","GEUROS",1,"+ Snow"
"46_3_PXX",0.943566591422122,"2011-2017",2011,2017,"PXX","DESCES-GEUROS","DESCES","GEUROS",1,"+ Snow"
"12_1_PXX",0.49290780141844,"2011-2017",2011,2017,"PXX","DESCES-TRIPAR","DESCES","TRIPAR",1,"+ Snow"
"16_1_PXX",0.760076775431862,"2011-2017",2011,2017,"PXX","DESCES-TRIPAR","DESCES","TRIPAR",1,"+ Snow"
"26_2_PXX",1.15225730303924,"2011-2017",2011,2017,"PXX","DESCES-TRIPAR","DESCES","TRIPAR",1,"+ Snow"
"31_2_PXX",0.929912963811269,"2011-2017",2011,2017,"PXX","DESCES-TRIPAR","DESCES","TRIPAR",1,"+ Snow"
"41_3_PXX",0.79746835443038,"2011-2017",2011,2017,"PXX","DESCES-TRIPAR","DESCES","TRIPAR",1,"+ Snow"
"46_3_PXX",1.02750146284377,"2011-2017",2011,2017,"PXX","DESCES-TRIPAR","DESCES","TRIPAR",1,"+ Snow"
"12_1_PXX",1.57275254865616,"2011-2017",2011,2017,"PXX","GENALG-GEUROS","GENALG","GEUROS",1,"+ Snow"
"16_1_PXX",0.623762376237624,"2011-2017",2011,2017,"PXX","GENALG-GEUROS","GENALG","GEUROS",1,"+ Snow"
"26_2_PXX",1.18715305313243,"2011-2017",2011,2017,"PXX","GENALG-GEUROS","GENALG","GEUROS",1,"+ Snow"
"31_2_PXX",1.03778866340098,"2011-2017",2011,2017,"PXX","GENALG-GEUROS","GENALG","GEUROS",1,"+ Snow"
"41_3_PXX",1.19600725952813,"2011-2017",2011,2017,"PXX","GENALG-GEUROS","GENALG","GEUROS",1,"+ Snow"
"46_3_PXX",0.697986577181208,"2011-2017",2011,2017,"PXX","GENALG-GEUROS","GENALG","GEUROS",1,"+ Snow"
"12_1_PXX",1.09001097694841,"2011-2017",2011,2017,"PXX","GENALG-TRIPAR","GENALG","TRIPAR",1,"+ Snow"
"16_1_PXX",0.877133105802048,"2011-2017",2011,2017,"PXX","GENALG-TRIPAR","GENALG","TRIPAR",1,"+ Snow"
"26_2_PXX",0.283582089552239,"2011-2017",2011,2017,"PXX","GENALG-TRIPAR","GENALG","TRIPAR",1,"+ Snow"
"31_2_PXX",1.35294117647059,"2011-2017",2011,2017,"PXX","GENALG-TRIPAR","GENALG","TRIPAR",1,"+ Snow"
"41_3_PXX",1.7609860664523,"2011-2017",2011,2017,"PXX","GENALG-TRIPAR","GENALG","TRIPAR",1,"+ Snow"
"46_3_PXX",1.47826086956522,"2011-2017",2011,2017,"PXX","GENALG-TRIPAR","GENALG","TRIPAR",1,"+ Snow"
"12_1_PXX",0.815068493150685,"2011-2017",2011,2017,"PXX","GEUROS-TRIPAR","GEUROS","TRIPAR",1,"+ Snow"
"16_1_PXX",0.932942162615256,"2011-2017",2011,2017,"PXX","GEUROS-TRIPAR","GEUROS","TRIPAR",1,"+ Snow"
"26_2_PXX",0.974416854778029,"2011-2017",2011,2017,"PXX","GEUROS-TRIPAR","GEUROS","TRIPAR",1,"+ Snow"
"31_2_PXX",1.07625899280576,"2011-2017",2011,2017,"PXX","GEUROS-TRIPAR","GEUROS","TRIPAR",1,"+ Snow"
"41_3_PXX",0.914893617021277,"2011-2017",2011,2017,"PXX","GEUROS-TRIPAR","GEUROS","TRIPAR",1,"+ Snow"
"46_3_PXX",0.884057971014493,"2011-2017",2011,2017,"PXX","GEUROS-TRIPAR","GEUROS","TRIPAR",1,"+ Snow"
"12_1_PXX",1.30434782608696,"2012-2018",2012,2018,"PXX","ARTSCO-BISBIS","ARTSCO","BISBIS",1,"+ Snow"
"16_1_PXX",0.419213973799127,"2012-2018",2012,2018,"PXX","ARTSCO-BISBIS","ARTSCO","BISBIS",1,"+ Snow"
"26_2_PXX",0.480899678686183,"2012-2018",2012,2018,"PXX","ARTSCO-BISBIS","ARTSCO","BISBIS",1,"+ Snow"
"31_2_PXX",1.41941747572816,"2012-2018",2012,2018,"PXX","ARTSCO-BISBIS","ARTSCO","BISBIS",1,"+ Snow"
"41_3_PXX",0.464114832535885,"2012-2018",2012,2018,"PXX","ARTSCO-BISBIS","ARTSCO","BISBIS",1,"+ Snow"
"46_3_PXX",0.48,"2012-2018",2012,2018,"PXX","ARTSCO-BISBIS","ARTSCO","BISBIS",1,"+ Snow"
"12_1_PXX",0.961111111111111,"2012-2018",2012,2018,"PXX","ARTSCO-CALLEP","ARTSCO","CALLEP",1,"+ Snow"
"16_1_PXX",1.31309904153355,"2012-2018",2012,2018,"PXX","ARTSCO-CALLEP","ARTSCO","CALLEP",1,"+ Snow"
"26_2_PXX",0.957627118644068,"2012-2018",2012,2018,"PXX","ARTSCO-CALLEP","ARTSCO","CALLEP",1,"+ Snow"
"31_2_PXX",1.12026726057906,"2012-2018",2012,2018,"PXX","ARTSCO-CALLEP","ARTSCO","CALLEP",1,"+ Snow"
"41_3_PXX",0.790419161676647,"2012-2018",2012,2018,"PXX","ARTSCO-CALLEP","ARTSCO","CALLEP",1,"+ Snow"
"46_3_PXX",1.28323699421965,"2012-2018",2012,2018,"PXX","ARTSCO-CALLEP","ARTSCO","CALLEP",1,"+ Snow"
"12_1_PXX",1.17647058823529,"2012-2018",2012,2018,"PXX","ARTSCO-CARSCO","ARTSCO","CARSCO",1,"+ Snow"
"16_1_PXX",1.04794520547945,"2012-2018",2012,2018,"PXX","ARTSCO-CARSCO","ARTSCO","CARSCO",1,"+ Snow"
"26_2_PXX",1.06144526179143,"2012-2018",2012,2018,"PXX","ARTSCO-CARSCO","ARTSCO","CARSCO",1,"+ Snow"
"31_2_PXX",0.772357723577236,"2012-2018",2012,2018,"PXX","ARTSCO-CARSCO","ARTSCO","CARSCO",1,"+ Snow"
"41_3_PXX",0.62707182320442,"2012-2018",2012,2018,"PXX","ARTSCO-CARSCO","ARTSCO","CARSCO",1,"+ Snow"
"46_3_PXX",0.644278606965174,"2012-2018",2012,2018,"PXX","ARTSCO-CARSCO","ARTSCO","CARSCO",1,"+ Snow"
"12_1_PXX",1.02397260273973,"2012-2018",2012,2018,"PXX","ARTSCO-DESCES","ARTSCO","DESCES",1,"+ Snow"
"16_1_PXX",1.0976290097629,"2012-2018",2012,2018,"PXX","ARTSCO-DESCES","ARTSCO","DESCES",1,"+ Snow"
"26_2_PXX",0.884820747520976,"2012-2018",2012,2018,"PXX","ARTSCO-DESCES","ARTSCO","DESCES",1,"+ Snow"
"31_2_PXX",0.62200956937799,"2012-2018",2012,2018,"PXX","ARTSCO-DESCES","ARTSCO","DESCES",1,"+ Snow"
"41_3_PXX",0.987941429801895,"2012-2018",2012,2018,"PXX","ARTSCO-DESCES","ARTSCO","DESCES",1,"+ Snow"
"46_3_PXX",1.38652130822597,"2012-2018",2012,2018,"PXX","ARTSCO-DESCES","ARTSCO","DESCES",1,"+ Snow"
"12_1_PXX",1.04263959390863,"2012-2018",2012,2018,"PXX","ARTSCO-GENALG","ARTSCO","GENALG",1,"+ Snow"
"16_1_PXX",1.21212121212121,"2012-2018",2012,2018,"PXX","ARTSCO-GENALG","ARTSCO","GENALG",1,"+ Snow"
"26_2_PXX",1.07347287483981,"2012-2018",2012,2018,"PXX","ARTSCO-GENALG","ARTSCO","GENALG",1,"+ Snow"
"31_2_PXX",1.45801526717557,"2012-2018",2012,2018,"PXX","ARTSCO-GENALG","ARTSCO","GENALG",1,"+ Snow"
"41_3_PXX",1.4488188976378,"2012-2018",2012,2018,"PXX","ARTSCO-GENALG","ARTSCO","GENALG",1,"+ Snow"
"46_3_PXX",1.01320132013201,"2012-2018",2012,2018,"PXX","ARTSCO-GENALG","ARTSCO","GENALG",1,"+ Snow"
"12_1_PXX",1.20143884892086,"2012-2018",2012,2018,"PXX","ARTSCO-GEUROS","ARTSCO","GEUROS",1,"+ Snow"
"16_1_PXX",1.44210526315789,"2012-2018",2012,2018,"PXX","ARTSCO-GEUROS","ARTSCO","GEUROS",1,"+ Snow"
"26_2_PXX",1.30750893921335,"2012-2018",2012,2018,"PXX","ARTSCO-GEUROS","ARTSCO","GEUROS",1,"+ Snow"
"31_2_PXX",1.44819277108434,"2012-2018",2012,2018,"PXX","ARTSCO-GEUROS","ARTSCO","GEUROS",1,"+ Snow"
"41_3_PXX",0.545833333333333,"2012-2018",2012,2018,"PXX","ARTSCO-GEUROS","ARTSCO","GEUROS",1,"+ Snow"
"46_3_PXX",0.917808219178082,"2012-2018",2012,2018,"PXX","ARTSCO-GEUROS","ARTSCO","GEUROS",1,"+ Snow"
"12_1_PXX",0.533333333333333,"2012-2018",2012,2018,"PXX","ARTSCO-TRIPAR","ARTSCO","TRIPAR",1,"+ Snow"
"16_1_PXX",0.861728395061728,"2012-2018",2012,2018,"PXX","ARTSCO-TRIPAR","ARTSCO","TRIPAR",1,"+ Snow"
"26_2_PXX",0.800897592819257,"2012-2018",2012,2018,"PXX","ARTSCO-TRIPAR","ARTSCO","TRIPAR",1,"+ Snow"
"31_2_PXX",0.575,"2012-2018",2012,2018,"PXX","ARTSCO-TRIPAR","ARTSCO","TRIPAR",1,"+ Snow"
"41_3_PXX",1.48305084745763,"2012-2018",2012,2018,"PXX","ARTSCO-TRIPAR","ARTSCO","TRIPAR",1,"+ Snow"
"46_3_PXX",1.11147540983607,"2012-2018",2012,2018,"PXX","ARTSCO-TRIPAR","ARTSCO","TRIPAR",1,"+ Snow"
"12_1_PXX",1.10683760683761,"2012-2018",2012,2018,"PXX","BISBIS-CALLEP","BISBIS","CALLEP",1,"+ Snow"
"16_1_PXX",1.26120358514725,"2012-2018",2012,2018,"PXX","BISBIS-CALLEP","BISBIS","CALLEP",1,"+ Snow"
"26_2_PXX",1.09174311926606,"2012-2018",2012,2018,"PXX","BISBIS-CALLEP","BISBIS","CALLEP",1,"+ Snow"
"31_2_PXX",1.50746268656716,"2012-2018",2012,2018,"PXX","BISBIS-CALLEP","BISBIS","CALLEP",1,"+ Snow"
"41_3_PXX",1.41666666666667,"2012-2018",2012,2018,"PXX","BISBIS-CALLEP","BISBIS","CALLEP",1,"+ Snow"
"46_3_PXX",1.15695067264574,"2012-2018",2012,2018,"PXX","BISBIS-CALLEP","BISBIS","CALLEP",1,"+ Snow"
"12_1_PXX",1.57534246575342,"2012-2018",2012,2018,"PXX","BISBIS-CARSCO","BISBIS","CARSCO",1,"+ Snow"
"16_1_PXX",1.04156479217604,"2012-2018",2012,2018,"PXX","BISBIS-CARSCO","BISBIS","CARSCO",1,"+ Snow"
"26_2_PXX",0.92741935483871,"2012-2018",2012,2018,"PXX","BISBIS-CARSCO","BISBIS","CARSCO",1,"+ Snow"
"31_2_PXX",1.18617021276596,"2012-2018",2012,2018,"PXX","BISBIS-CARSCO","BISBIS","CARSCO",1,"+ Snow"
"41_3_PXX",1.52066115702479,"2012-2018",2012,2018,"PXX","BISBIS-CARSCO","BISBIS","CARSCO",1,"+ Snow"
"46_3_PXX",0.75,"2012-2018",2012,2018,"PXX","BISBIS-CARSCO","BISBIS","CARSCO",1,"+ Snow"
"12_1_PXX",0.531347962382445,"2012-2018",2012,2018,"PXX","BISBIS-DESCES","BISBIS","DESCES",1,"+ Snow"
"16_1_PXX",0.579626047711154,"2012-2018",2012,2018,"PXX","BISBIS-DESCES","BISBIS","DESCES",1,"+ Snow"
"26_2_PXX",0.73694954797317,"2012-2018",2012,2018,"PXX","BISBIS-DESCES","BISBIS","DESCES",1,"+ Snow"
"31_2_PXX",0.71392848212053,"2012-2018",2012,2018,"PXX","BISBIS-DESCES","BISBIS","DESCES",1,"+ Snow"
"41_3_PXX",0.530120481927711,"2012-2018",2012,2018,"PXX","BISBIS-DESCES","BISBIS","DESCES",1,"+ Snow"
"46_3_PXX",0.60056657223796,"2012-2018",2012,2018,"PXX","BISBIS-DESCES","BISBIS","DESCES",1,"+ Snow"
"12_1_PXX",1.16985845129059,"2012-2018",2012,2018,"PXX","BISBIS-GENALG","BISBIS","GENALG",1,"+ Snow"
"16_1_PXX",1.12568306010929,"2012-2018",2012,2018,"PXX","BISBIS-GENALG","BISBIS","GENALG",1,"+ Snow"
"26_2_PXX",1.18250950570342,"2012-2018",2012,2018,"PXX","BISBIS-GENALG","BISBIS","GENALG",1,"+ Snow"
"31_2_PXX",1.50943396226415,"2012-2018",2012,2018,"PXX","BISBIS-GENALG","BISBIS","GENALG",1,"+ Snow"
"41_3_PXX",1.14621409921671,"2012-2018",2012,2018,"PXX","BISBIS-GENALG","BISBIS","GENALG",1,"+ Snow"
"46_3_PXX",0.872763419483101,"2012-2018",2012,2018,"PXX","BISBIS-GENALG","BISBIS","GENALG",1,"+ Snow"
"12_1_PXX",1.10362694300518,"2012-2018",2012,2018,"PXX","BISBIS-GEUROS","BISBIS","GEUROS",1,"+ Snow"
"16_1_PXX",0.654714475431607,"2012-2018",2012,2018,"PXX","BISBIS-GEUROS","BISBIS","GEUROS",1,"+ Snow"
"26_2_PXX",0.919532770927969,"2012-2018",2012,2018,"PXX","BISBIS-GEUROS","BISBIS","GEUROS",1,"+ Snow"
"31_2_PXX",1.12576064908722,"2012-2018",2012,2018,"PXX","BISBIS-GEUROS","BISBIS","GEUROS",1,"+ Snow"
"41_3_PXX",1.46473029045643,"2012-2018",2012,2018,"PXX","BISBIS-GEUROS","BISBIS","GEUROS",1,"+ Snow"
"46_3_PXX",1.63949843260188,"2012-2018",2012,2018,"PXX","BISBIS-GEUROS","BISBIS","GEUROS",1,"+ Snow"
"12_1_PXX",1.54166666666667,"2012-2018",2012,2018,"PXX","BISBIS-TRIPAR","BISBIS","TRIPAR",1,"+ Snow"
"16_1_PXX",1.48084291187739,"2012-2018",2012,2018,"PXX","BISBIS-TRIPAR","BISBIS","TRIPAR",1,"+ Snow"
"26_2_PXX",0.800314465408805,"2012-2018",2012,2018,"PXX","BISBIS-TRIPAR","BISBIS","TRIPAR",1,"+ Snow"
"31_2_PXX",1.04013377926421,"2012-2018",2012,2018,"PXX","BISBIS-TRIPAR","BISBIS","TRIPAR",1,"+ Snow"
"41_3_PXX",0.970464135021097,"2012-2018",2012,2018,"PXX","BISBIS-TRIPAR","BISBIS","TRIPAR",1,"+ Snow"
"46_3_PXX",0.920792079207921,"2012-2018",2012,2018,"PXX","BISBIS-TRIPAR","BISBIS","TRIPAR",1,"+ Snow"
"12_1_PXX",1.25149700598802,"2012-2018",2012,2018,"PXX","CALLEP-CARSCO","CALLEP","CARSCO",1,"+ Snow"
"16_1_PXX",1.02129719264279,"2012-2018",2012,2018,"PXX","CALLEP-CARSCO","CALLEP","CARSCO",1,"+ Snow"
"26_2_PXX",0.890909090909091,"2012-2018",2012,2018,"PXX","CALLEP-CARSCO","CALLEP","CARSCO",1,"+ Snow"
"31_2_PXX",1.22950819672131,"2012-2018",2012,2018,"PXX","CALLEP-CARSCO","CALLEP","CARSCO",1,"+ Snow"
"41_3_PXX",1.19626168224299,"2012-2018",2012,2018,"PXX","CALLEP-CARSCO","CALLEP","CARSCO",1,"+ Snow"
"46_3_PXX",0.769411764705882,"2012-2018",2012,2018,"PXX","CALLEP-CARSCO","CALLEP","CARSCO",1,"+ Snow"
"12_1_PXX",0.441176470588235,"2012-2018",2012,2018,"PXX","CALLEP-DESCES","CALLEP","DESCES",1,"+ Snow"
"16_1_PXX",0.895375825745403,"2012-2018",2012,2018,"PXX","CALLEP-DESCES","CALLEP","DESCES",1,"+ Snow"
"26_2_PXX",1.05354752342704,"2012-2018",2012,2018,"PXX","CALLEP-DESCES","CALLEP","DESCES",1,"+ Snow"
"31_2_PXX",0.937960844139334,"2012-2018",2012,2018,"PXX","CALLEP-DESCES","CALLEP","DESCES",1,"+ Snow"
"41_3_PXX",0.88125,"2012-2018",2012,2018,"PXX","CALLEP-DESCES","CALLEP","DESCES",1,"+ Snow"
"46_3_PXX",0.898255813953488,"2012-2018",2012,2018,"PXX","CALLEP-DESCES","CALLEP","DESCES",1,"+ Snow"
"12_1_PXX",1.5872899926954,"2012-2018",2012,2018,"PXX","CALLEP-GENALG","CALLEP","GENALG",1,"+ Snow"
"16_1_PXX",1.62015503875969,"2012-2018",2012,2018,"PXX","CALLEP-GENALG","CALLEP","GENALG",1,"+ Snow"
"26_2_PXX",0.858823529411765,"2012-2018",2012,2018,"PXX","CALLEP-GENALG","CALLEP","GENALG",1,"+ Snow"
"31_2_PXX",1.18493150684931,"2012-2018",2012,2018,"PXX","CALLEP-GENALG","CALLEP","GENALG",1,"+ Snow"
"41_3_PXX",0.695652173913044,"2012-2018",2012,2018,"PXX","CALLEP-GENALG","CALLEP","GENALG",1,"+ Snow"
"46_3_PXX",0.964556962025316,"2012-2018",2012,2018,"PXX","CALLEP-GENALG","CALLEP","GENALG",1,"+ Snow"
"12_1_PXX",1.42127659574468,"2012-2018",2012,2018,"PXX","CALLEP-GEUROS","CALLEP","GEUROS",1,"+ Snow"
"16_1_PXX",0.746666666666667,"2012-2018",2012,2018,"PXX","CALLEP-GEUROS","CALLEP","GEUROS",1,"+ Snow"
"26_2_PXX",0.985454545454545,"2012-2018",2012,2018,"PXX","CALLEP-GEUROS","CALLEP","GEUROS",1,"+ Snow"
"31_2_PXX",0.807501769285209,"2012-2018",2012,2018,"PXX","CALLEP-GEUROS","CALLEP","GEUROS",1,"+ Snow"
"41_3_PXX",0.964824120603015,"2012-2018",2012,2018,"PXX","CALLEP-GEUROS","CALLEP","GEUROS",1,"+ Snow"
"46_3_PXX",1.10566037735849,"2012-2018",2012,2018,"PXX","CALLEP-GEUROS","CALLEP","GEUROS",1,"+ Snow"
"12_1_PXX",1.33333333333333,"2012-2018",2012,2018,"PXX","CALLEP-TRIPAR","CALLEP","TRIPAR",1,"+ Snow"
"16_1_PXX",1.15218855218855,"2012-2018",2012,2018,"PXX","CALLEP-TRIPAR","CALLEP","TRIPAR",1,"+ Snow"
"26_2_PXX",1.25641025641026,"2012-2018",2012,2018,"PXX","CALLEP-TRIPAR","CALLEP","TRIPAR",1,"+ Snow"
"31_2_PXX",0.832618025751073,"2012-2018",2012,2018,"PXX","CALLEP-TRIPAR","CALLEP","TRIPAR",1,"+ Snow"
"41_3_PXX",0.856410256410256,"2012-2018",2012,2018,"PXX","CALLEP-TRIPAR","CALLEP","TRIPAR",1,"+ Snow"
"46_3_PXX",1.07052896725441,"2012-2018",2012,2018,"PXX","CALLEP-TRIPAR","CALLEP","TRIPAR",1,"+ Snow"
"12_1_PXX",0.430894308943089,"2012-2018",2012,2018,"PXX","CARSCO-DESCES","CARSCO","DESCES",1,"+ Snow"
"16_1_PXX",0.552664188351921,"2012-2018",2012,2018,"PXX","CARSCO-DESCES","CARSCO","DESCES",1,"+ Snow"
"26_2_PXX",0.969377339231031,"2012-2018",2012,2018,"PXX","CARSCO-DESCES","CARSCO","DESCES",1,"+ Snow"
"31_2_PXX",1.03996885543732,"2012-2018",2012,2018,"PXX","CARSCO-DESCES","CARSCO","DESCES",1,"+ Snow"
"41_3_PXX",0.616730038022814,"2012-2018",2012,2018,"PXX","CARSCO-DESCES","CARSCO","DESCES",1,"+ Snow"
"46_3_PXX",0.596352101506741,"2012-2018",2012,2018,"PXX","CARSCO-DESCES","CARSCO","DESCES",1,"+ Snow"
"12_1_PXX",0.763897564022486,"2012-2018",2012,2018,"PXX","CARSCO-GENALG","CARSCO","GENALG",1,"+ Snow"
"16_1_PXX",1.1219512195122,"2012-2018",2012,2018,"PXX","CARSCO-GENALG","CARSCO","GENALG",1,"+ Snow"
"26_2_PXX",1.33333333333333,"2012-2018",2012,2018,"PXX","CARSCO-GENALG","CARSCO","GENALG",1,"+ Snow"
"31_2_PXX",0.681818181818182,"2012-2018",2012,2018,"PXX","CARSCO-GENALG","CARSCO","GENALG",1,"+ Snow"
"41_3_PXX",0.577648766328012,"2012-2018",2012,2018,"PXX","CARSCO-GENALG","CARSCO","GENALG",1,"+ Snow"
"46_3_PXX",1.07170099160946,"2012-2018",2012,2018,"PXX","CARSCO-GENALG","CARSCO","GENALG",1,"+ Snow"
"12_1_PXX",0.641638225255973,"2012-2018",2012,2018,"PXX","CARSCO-GEUROS","CARSCO","GEUROS",1,"+ Snow"
"16_1_PXX",0.89452736318408,"2012-2018",2012,2018,"PXX","CARSCO-GEUROS","CARSCO","GEUROS",1,"+ Snow"
"26_2_PXX",1.06850618458611,"2012-2018",2012,2018,"PXX","CARSCO-GEUROS","CARSCO","GEUROS",1,"+ Snow"
"31_2_PXX",0.873968492123031,"2012-2018",2012,2018,"PXX","CARSCO-GEUROS","CARSCO","GEUROS",1,"+ Snow"
"41_3_PXX",1.38071065989848,"2012-2018",2012,2018,"PXX","CARSCO-GEUROS","CARSCO","GEUROS",1,"+ Snow"
"46_3_PXX",0.531120331950207,"2012-2018",2012,2018,"PXX","CARSCO-GEUROS","CARSCO","GEUROS",1,"+ Snow"
"12_1_PXX",1.40163934426229,"2012-2018",2012,2018,"PXX","CARSCO-TRIPAR","CARSCO","TRIPAR",1,"+ Snow"
"16_1_PXX",0.974358974358974,"2012-2018",2012,2018,"PXX","CARSCO-TRIPAR","CARSCO","TRIPAR",1,"+ Snow"
"26_2_PXX",0.897260273972603,"2012-2018",2012,2018,"PXX","CARSCO-TRIPAR","CARSCO","TRIPAR",1,"+ Snow"
"31_2_PXX",0.954248366013072,"2012-2018",2012,2018,"PXX","CARSCO-TRIPAR","CARSCO","TRIPAR",1,"+ Snow"
"41_3_PXX",0.556410256410257,"2012-2018",2012,2018,"PXX","CARSCO-TRIPAR","CARSCO","TRIPAR",1,"+ Snow"
"46_3_PXX",0.974105102817974,"2012-2018",2012,2018,"PXX","CARSCO-TRIPAR","CARSCO","TRIPAR",1,"+ Snow"
"12_1_PXX",0.618760469011725,"2012-2018",2012,2018,"PXX","DESCES-GENALG","DESCES","GENALG",1,"+ Snow"
"16_1_PXX",0.902017291066282,"2012-2018",2012,2018,"PXX","DESCES-GENALG","DESCES","GENALG",1,"+ Snow"
"26_2_PXX",0.826204109127652,"2012-2018",2012,2018,"PXX","DESCES-GENALG","DESCES","GENALG",1,"+ Snow"
"31_2_PXX",0.857621872581893,"2012-2018",2012,2018,"PXX","DESCES-GENALG","DESCES","GENALG",1,"+ Snow"
"41_3_PXX",0.755137735024049,"2012-2018",2012,2018,"PXX","DESCES-GENALG","DESCES","GENALG",1,"+ Snow"
"46_3_PXX",1.00802353570473,"2012-2018",2012,2018,"PXX","DESCES-GENALG","DESCES","GENALG",1,"+ Snow"
"12_1_PXX",0.78716744913928,"2012-2018",2012,2018,"PXX","DESCES-GEUROS","DESCES","GEUROS",1,"+ Snow"
"16_1_PXX",1.13780728512471,"2012-2018",2012,2018,"PXX","DESCES-GEUROS","DESCES","GEUROS",1,"+ Snow"
"26_2_PXX",0.384538152610442,"2012-2018",2012,2018,"PXX","DESCES-GEUROS","DESCES","GEUROS",1,"+ Snow"
"31_2_PXX",0.454121306376361,"2012-2018",2012,2018,"PXX","DESCES-GEUROS","DESCES","GEUROS",1,"+ Snow"
"41_3_PXX",0.829840737636211,"2012-2018",2012,2018,"PXX","DESCES-GEUROS","DESCES","GEUROS",1,"+ Snow"
"46_3_PXX",0.980898296334538,"2012-2018",2012,2018,"PXX","DESCES-GEUROS","DESCES","GEUROS",1,"+ Snow"
"12_1_PXX",0.601694915254237,"2012-2018",2012,2018,"PXX","DESCES-TRIPAR","DESCES","TRIPAR",1,"+ Snow"
"16_1_PXX",0.654313839027215,"2012-2018",2012,2018,"PXX","DESCES-TRIPAR","DESCES","TRIPAR",1,"+ Snow"
"26_2_PXX",1.19356934069503,"2012-2018",2012,2018,"PXX","DESCES-TRIPAR","DESCES","TRIPAR",1,"+ Snow"
"31_2_PXX",0.919778002018164,"2012-2018",2012,2018,"PXX","DESCES-TRIPAR","DESCES","TRIPAR",1,"+ Snow"
"41_3_PXX",0.841042893187553,"2012-2018",2012,2018,"PXX","DESCES-TRIPAR","DESCES","TRIPAR",1,"+ Snow"
"46_3_PXX",1.02512697139802,"2012-2018",2012,2018,"PXX","DESCES-TRIPAR","DESCES","TRIPAR",1,"+ Snow"
"12_1_PXX",1.61742738589212,"2012-2018",2012,2018,"PXX","GENALG-GEUROS","GENALG","GEUROS",1,"+ Snow"
"16_1_PXX",0.623762376237624,"2012-2018",2012,2018,"PXX","GENALG-GEUROS","GENALG","GEUROS",1,"+ Snow"
"26_2_PXX",1.2368177613321,"2012-2018",2012,2018,"PXX","GENALG-GEUROS","GENALG","GEUROS",1,"+ Snow"
"31_2_PXX",1.05747973470892,"2012-2018",2012,2018,"PXX","GENALG-GEUROS","GENALG","GEUROS",1,"+ Snow"
"41_3_PXX",1.01348314606742,"2012-2018",2012,2018,"PXX","GENALG-GEUROS","GENALG","GEUROS",1,"+ Snow"
"46_3_PXX",0.716312056737589,"2012-2018",2012,2018,"PXX","GENALG-GEUROS","GENALG","GEUROS",1,"+ Snow"
"12_1_PXX",1.22001982160555,"2012-2018",2012,2018,"PXX","GENALG-TRIPAR","GENALG","TRIPAR",1,"+ Snow"
"16_1_PXX",0.933147632311978,"2012-2018",2012,2018,"PXX","GENALG-TRIPAR","GENALG","TRIPAR",1,"+ Snow"
"26_2_PXX",0.431818181818182,"2012-2018",2012,2018,"PXX","GENALG-TRIPAR","GENALG","TRIPAR",1,"+ Snow"
"31_2_PXX",0.898305084745763,"2012-2018",2012,2018,"PXX","GENALG-TRIPAR","GENALG","TRIPAR",1,"+ Snow"
"41_3_PXX",1.60183066361556,"2012-2018",2012,2018,"PXX","GENALG-TRIPAR","GENALG","TRIPAR",1,"+ Snow"
"46_3_PXX",1.25,"2012-2018",2012,2018,"PXX","GENALG-TRIPAR","GENALG","TRIPAR",1,"+ Snow"
"12_1_PXX",0.820689655172414,"2012-2018",2012,2018,"PXX","GEUROS-TRIPAR","GEUROS","TRIPAR",1,"+ Snow"
"16_1_PXX",0.931365820178449,"2012-2018",2012,2018,"PXX","GEUROS-TRIPAR","GEUROS","TRIPAR",1,"+ Snow"
"26_2_PXX",0.825356842989085,"2012-2018",2012,2018,"PXX","GEUROS-TRIPAR","GEUROS","TRIPAR",1,"+ Snow"
"31_2_PXX",1.09002770083102,"2012-2018",2012,2018,"PXX","GEUROS-TRIPAR","GEUROS","TRIPAR",1,"+ Snow"
"41_3_PXX",0.335820895522388,"2012-2018",2012,2018,"PXX","GEUROS-TRIPAR","GEUROS","TRIPAR",1,"+ Snow"
"46_3_PXX",0.923076923076923,"2012-2018",2012,2018,"PXX","GEUROS-TRIPAR","GEUROS","TRIPAR",1,"+ Snow"
"12_1_PXX",1.42307692307692,"2013-2019",2013,2019,"PXX","ARTSCO-BISBIS","ARTSCO","BISBIS",1,"+ Snow"
"16_1_PXX",1.03108808290155,"2013-2019",2013,2019,"PXX","ARTSCO-BISBIS","ARTSCO","BISBIS",1,"+ Snow"
"26_2_PXX",0.589811155028546,"2013-2019",2013,2019,"PXX","ARTSCO-BISBIS","ARTSCO","BISBIS",1,"+ Snow"
"31_2_PXX",0.988405797101449,"2013-2019",2013,2019,"PXX","ARTSCO-BISBIS","ARTSCO","BISBIS",1,"+ Snow"
"41_3_PXX",0.801104972375691,"2013-2019",2013,2019,"PXX","ARTSCO-BISBIS","ARTSCO","BISBIS",1,"+ Snow"
"46_3_PXX",0.572815533980582,"2013-2019",2013,2019,"PXX","ARTSCO-BISBIS","ARTSCO","BISBIS",1,"+ Snow"
"12_1_PXX",1.15923566878981,"2013-2019",2013,2019,"PXX","ARTSCO-CALLEP","ARTSCO","CALLEP",1,"+ Snow"
"16_1_PXX",1.37406483790524,"2013-2019",2013,2019,"PXX","ARTSCO-CALLEP","ARTSCO","CALLEP",1,"+ Snow"
"26_2_PXX",0.906374501992032,"2013-2019",2013,2019,"PXX","ARTSCO-CALLEP","ARTSCO","CALLEP",1,"+ Snow"
"31_2_PXX",0.531468531468531,"2013-2019",2013,2019,"PXX","ARTSCO-CALLEP","ARTSCO","CALLEP",1,"+ Snow"
"41_3_PXX",0.896174863387978,"2013-2019",2013,2019,"PXX","ARTSCO-CALLEP","ARTSCO","CALLEP",1,"+ Snow"
"46_3_PXX",1.3551912568306,"2013-2019",2013,2019,"PXX","ARTSCO-CALLEP","ARTSCO","CALLEP",1,"+ Snow"
"12_1_PXX",1.31384615384615,"2013-2019",2013,2019,"PXX","ARTSCO-CARSCO","ARTSCO","CARSCO",1,"+ Snow"
"16_1_PXX",1.07876712328767,"2013-2019",2013,2019,"PXX","ARTSCO-CARSCO","ARTSCO","CARSCO",1,"+ Snow"
"26_2_PXX",1.05813360530342,"2013-2019",2013,2019,"PXX","ARTSCO-CARSCO","ARTSCO","CARSCO",1,"+ Snow"
"31_2_PXX",0.848101265822785,"2013-2019",2013,2019,"PXX","ARTSCO-CARSCO","ARTSCO","CARSCO",1,"+ Snow"
"41_3_PXX",0.65606936416185,"2013-2019",2013,2019,"PXX","ARTSCO-CARSCO","ARTSCO","CARSCO",1,"+ Snow"
"46_3_PXX",0.593093093093093,"2013-2019",2013,2019,"PXX","ARTSCO-CARSCO","ARTSCO","CARSCO",1,"+ Snow"
"12_1_PXX",0.852596314907873,"2013-2019",2013,2019,"PXX","ARTSCO-DESCES","ARTSCO","DESCES",1,"+ Snow"
"16_1_PXX",1.02655440414508,"2013-2019",2013,2019,"PXX","ARTSCO-DESCES","ARTSCO","DESCES",1,"+ Snow"
"26_2_PXX",0.664898320070734,"2013-2019",2013,2019,"PXX","ARTSCO-DESCES","ARTSCO","DESCES",1,"+ Snow"
"31_2_PXX",0.87719298245614,"2013-2019",2013,2019,"PXX","ARTSCO-DESCES","ARTSCO","DESCES",1,"+ Snow"
"41_3_PXX",0.629402756508423,"2013-2019",2013,2019,"PXX","ARTSCO-DESCES","ARTSCO","DESCES",1,"+ Snow"
"46_3_PXX",1.39803921568627,"2013-2019",2013,2019,"PXX","ARTSCO-DESCES","ARTSCO","DESCES",1,"+ Snow"
"12_1_PXX",1.05726405090138,"2013-2019",2013,2019,"PXX","ARTSCO-GENALG","ARTSCO","GENALG",1,"+ Snow"
"16_1_PXX",0.987654320987654,"2013-2019",2013,2019,"PXX","ARTSCO-GENALG","ARTSCO","GENALG",1,"+ Snow"
"26_2_PXX",1.13474107591755,"2013-2019",2013,2019,"PXX","ARTSCO-GENALG","ARTSCO","GENALG",1,"+ Snow"
"31_2_PXX",1.24291497975708,"2013-2019",2013,2019,"PXX","ARTSCO-GENALG","ARTSCO","GENALG",1,"+ Snow"
"41_3_PXX",1.52164009111617,"2013-2019",2013,2019,"PXX","ARTSCO-GENALG","ARTSCO","GENALG",1,"+ Snow"
"46_3_PXX",1.11803278688525,"2013-2019",2013,2019,"PXX","ARTSCO-GENALG","ARTSCO","GENALG",1,"+ Snow"
"12_1_PXX",1.51748251748252,"2013-2019",2013,2019,"PXX","ARTSCO-GEUROS","ARTSCO","GEUROS",1,"+ Snow"
"16_1_PXX",1.61538461538462,"2013-2019",2013,2019,"PXX","ARTSCO-GEUROS","ARTSCO","GEUROS",1,"+ Snow"
"26_2_PXX",1.54773869346734,"2013-2019",2013,2019,"PXX","ARTSCO-GEUROS","ARTSCO","GEUROS",1,"+ Snow"
"31_2_PXX",1.13107822410148,"2013-2019",2013,2019,"PXX","ARTSCO-GEUROS","ARTSCO","GEUROS",1,"+ Snow"
"41_3_PXX",0.626609442060086,"2013-2019",2013,2019,"PXX","ARTSCO-GEUROS","ARTSCO","GEUROS",1,"+ Snow"
"46_3_PXX",0.99097065462754,"2013-2019",2013,2019,"PXX","ARTSCO-GEUROS","ARTSCO","GEUROS",1,"+ Snow"
"12_1_PXX",0.9,"2013-2019",2013,2019,"PXX","ARTSCO-TRIPAR","ARTSCO","TRIPAR",1,"+ Snow"
"16_1_PXX",1.14626865671642,"2013-2019",2013,2019,"PXX","ARTSCO-TRIPAR","ARTSCO","TRIPAR",1,"+ Snow"
"26_2_PXX",0.601801801801802,"2013-2019",2013,2019,"PXX","ARTSCO-TRIPAR","ARTSCO","TRIPAR",1,"+ Snow"
"31_2_PXX",0.454545454545455,"2013-2019",2013,2019,"PXX","ARTSCO-TRIPAR","ARTSCO","TRIPAR",1,"+ Snow"
"41_3_PXX",1.50746268656716,"2013-2019",2013,2019,"PXX","ARTSCO-TRIPAR","ARTSCO","TRIPAR",1,"+ Snow"
"46_3_PXX",1.11147540983607,"2013-2019",2013,2019,"PXX","ARTSCO-TRIPAR","ARTSCO","TRIPAR",1,"+ Snow"
"12_1_PXX",1.29362880886427,"2013-2019",2013,2019,"PXX","BISBIS-CALLEP","BISBIS","CALLEP",1,"+ Snow"
"16_1_PXX",1.24183006535948,"2013-2019",2013,2019,"PXX","BISBIS-CALLEP","BISBIS","CALLEP",1,"+ Snow"
"26_2_PXX",1.36461126005362,"2013-2019",2013,2019,"PXX","BISBIS-CALLEP","BISBIS","CALLEP",1,"+ Snow"
"31_2_PXX",1.30890052356021,"2013-2019",2013,2019,"PXX","BISBIS-CALLEP","BISBIS","CALLEP",1,"+ Snow"
"41_3_PXX",1.02173913043478,"2013-2019",2013,2019,"PXX","BISBIS-CALLEP","BISBIS","CALLEP",1,"+ Snow"
"46_3_PXX",1.21338912133891,"2013-2019",2013,2019,"PXX","BISBIS-CALLEP","BISBIS","CALLEP",1,"+ Snow"
"12_1_PXX",1.74291115311909,"2013-2019",2013,2019,"PXX","BISBIS-CARSCO","BISBIS","CARSCO",1,"+ Snow"
"16_1_PXX",1.232477144101,"2013-2019",2013,2019,"PXX","BISBIS-CARSCO","BISBIS","CARSCO",1,"+ Snow"
"26_2_PXX",0.996932515337423,"2013-2019",2013,2019,"PXX","BISBIS-CARSCO","BISBIS","CARSCO",1,"+ Snow"
"31_2_PXX",1.46478873239437,"2013-2019",2013,2019,"PXX","BISBIS-CARSCO","BISBIS","CARSCO",1,"+ Snow"
"41_3_PXX",1.24705882352941,"2013-2019",2013,2019,"PXX","BISBIS-CARSCO","BISBIS","CARSCO",1,"+ Snow"
"46_3_PXX",0.731301939058172,"2013-2019",2013,2019,"PXX","BISBIS-CARSCO","BISBIS","CARSCO",1,"+ Snow"
"12_1_PXX",0.322603719599428,"2013-2019",2013,2019,"PXX","BISBIS-DESCES","BISBIS","DESCES",1,"+ Snow"
"16_1_PXX",0.387542778918549,"2013-2019",2013,2019,"PXX","BISBIS-DESCES","BISBIS","DESCES",1,"+ Snow"
"26_2_PXX",0.874697127033576,"2013-2019",2013,2019,"PXX","BISBIS-DESCES","BISBIS","DESCES",1,"+ Snow"
"31_2_PXX",0.751132798884629,"2013-2019",2013,2019,"PXX","BISBIS-DESCES","BISBIS","DESCES",1,"+ Snow"
"41_3_PXX",0.669039145907473,"2013-2019",2013,2019,"PXX","BISBIS-DESCES","BISBIS","DESCES",1,"+ Snow"
"46_3_PXX",0.622676579925651,"2013-2019",2013,2019,"PXX","BISBIS-DESCES","BISBIS","DESCES",1,"+ Snow"
"12_1_PXX",1.08527572484366,"2013-2019",2013,2019,"PXX","BISBIS-GENALG","BISBIS","GENALG",1,"+ Snow"
"16_1_PXX",1.05230557467309,"2013-2019",2013,2019,"PXX","BISBIS-GENALG","BISBIS","GENALG",1,"+ Snow"
"26_2_PXX",1.13559322033898,"2013-2019",2013,2019,"PXX","BISBIS-GENALG","BISBIS","GENALG",1,"+ Snow"
"31_2_PXX",1.33552631578947,"2013-2019",2013,2019,"PXX","BISBIS-GENALG","BISBIS","GENALG",1,"+ Snow"
"41_3_PXX",0.992217898832685,"2013-2019",2013,2019,"PXX","BISBIS-GENALG","BISBIS","GENALG",1,"+ Snow"
"46_3_PXX",0.909262759924386,"2013-2019",2013,2019,"PXX","BISBIS-GENALG","BISBIS","GENALG",1,"+ Snow"
"12_1_PXX",1.44668587896254,"2013-2019",2013,2019,"PXX","BISBIS-GEUROS","BISBIS","GEUROS",1,"+ Snow"
"16_1_PXX",0.968791500664011,"2013-2019",2013,2019,"PXX","BISBIS-GEUROS","BISBIS","GEUROS",1,"+ Snow"
"26_2_PXX",0.44609425435765,"2013-2019",2013,2019,"PXX","BISBIS-GEUROS","BISBIS","GEUROS",1,"+ Snow"
"31_2_PXX",1.10016694490818,"2013-2019",2013,2019,"PXX","BISBIS-GEUROS","BISBIS","GEUROS",1,"+ Snow"
"41_3_PXX",1.02816901408451,"2013-2019",2013,2019,"PXX","BISBIS-GEUROS","BISBIS","GEUROS",1,"+ Snow"
"46_3_PXX",1.64467766116942,"2013-2019",2013,2019,"PXX","BISBIS-GEUROS","BISBIS","GEUROS",1,"+ Snow"
"12_1_PXX",1.57407407407407,"2013-2019",2013,2019,"PXX","BISBIS-TRIPAR","BISBIS","TRIPAR",1,"+ Snow"
"16_1_PXX",1.58404212231673,"2013-2019",2013,2019,"PXX","BISBIS-TRIPAR","BISBIS","TRIPAR",1,"+ Snow"
"26_2_PXX",1.51623931623932,"2013-2019",2013,2019,"PXX","BISBIS-TRIPAR","BISBIS","TRIPAR",1,"+ Snow"
"31_2_PXX",1.11673151750973,"2013-2019",2013,2019,"PXX","BISBIS-TRIPAR","BISBIS","TRIPAR",1,"+ Snow"
"41_3_PXX",1.33333333333333,"2013-2019",2013,2019,"PXX","BISBIS-TRIPAR","BISBIS","TRIPAR",1,"+ Snow"
"46_3_PXX",0.931947069943289,"2013-2019",2013,2019,"PXX","BISBIS-TRIPAR","BISBIS","TRIPAR",1,"+ Snow"
"12_1_PXX",1.43850267379679,"2013-2019",2013,2019,"PXX","CALLEP-CARSCO","CALLEP","CARSCO",1,"+ Snow"
"16_1_PXX",1.04786680541103,"2013-2019",2013,2019,"PXX","CALLEP-CARSCO","CALLEP","CARSCO",1,"+ Snow"
"26_2_PXX",0.964912280701754,"2013-2019",2013,2019,"PXX","CALLEP-CARSCO","CALLEP","CARSCO",1,"+ Snow"
"31_2_PXX",1.66265060240964,"2013-2019",2013,2019,"PXX","CALLEP-CARSCO","CALLEP","CARSCO",1,"+ Snow"
"41_3_PXX",1.0272373540856,"2013-2019",2013,2019,"PXX","CALLEP-CARSCO","CALLEP","CARSCO",1,"+ Snow"
"46_3_PXX",0.698140200286123,"2013-2019",2013,2019,"PXX","CALLEP-CARSCO","CALLEP","CARSCO",1,"+ Snow"
"12_1_PXX",0.640386162510056,"2013-2019",2013,2019,"PXX","CALLEP-DESCES","CALLEP","DESCES",1,"+ Snow"
"16_1_PXX",0.877701457530575,"2013-2019",2013,2019,"PXX","CALLEP-DESCES","CALLEP","DESCES",1,"+ Snow"
"26_2_PXX",0.990839694656488,"2013-2019",2013,2019,"PXX","CALLEP-DESCES","CALLEP","DESCES",1,"+ Snow"
"31_2_PXX",1.05480427046263,"2013-2019",2013,2019,"PXX","CALLEP-DESCES","CALLEP","DESCES",1,"+ Snow"
"41_3_PXX",1.1258865248227,"2013-2019",2013,2019,"PXX","CALLEP-DESCES","CALLEP","DESCES",1,"+ Snow"
"46_3_PXX",0.92022792022792,"2013-2019",2013,2019,"PXX","CALLEP-DESCES","CALLEP","DESCES",1,"+ Snow"
"12_1_PXX",1.46883230904302,"2013-2019",2013,2019,"PXX","CALLEP-GENALG","CALLEP","GENALG",1,"+ Snow"
"16_1_PXX",1.58119658119658,"2013-2019",2013,2019,"PXX","CALLEP-GENALG","CALLEP","GENALG",1,"+ Snow"
"26_2_PXX",1.14117647058824,"2013-2019",2013,2019,"PXX","CALLEP-GENALG","CALLEP","GENALG",1,"+ Snow"
"31_2_PXX",0.741935483870968,"2013-2019",2013,2019,"PXX","CALLEP-GENALG","CALLEP","GENALG",1,"+ Snow"
"41_3_PXX",0.505747126436782,"2013-2019",2013,2019,"PXX","CALLEP-GENALG","CALLEP","GENALG",1,"+ Snow"
"46_3_PXX",1.02288329519451,"2013-2019",2013,2019,"PXX","CALLEP-GENALG","CALLEP","GENALG",1,"+ Snow"
"12_1_PXX",1.27083333333333,"2013-2019",2013,2019,"PXX","CALLEP-GEUROS","CALLEP","GEUROS",1,"+ Snow"
"16_1_PXX",0.941176470588235,"2013-2019",2013,2019,"PXX","CALLEP-GEUROS","CALLEP","GEUROS",1,"+ Snow"
"26_2_PXX",0.971875,"2013-2019",2013,2019,"PXX","CALLEP-GEUROS","CALLEP","GEUROS",1,"+ Snow"
"31_2_PXX",0.828538550057537,"2013-2019",2013,2019,"PXX","CALLEP-GEUROS","CALLEP","GEUROS",1,"+ Snow"
"41_3_PXX",0.604166666666667,"2013-2019",2013,2019,"PXX","CALLEP-GEUROS","CALLEP","GEUROS",1,"+ Snow"
"46_3_PXX",1.1495652173913,"2013-2019",2013,2019,"PXX","CALLEP-GEUROS","CALLEP","GEUROS",1,"+ Snow"
"12_1_PXX",1.52662721893491,"2013-2019",2013,2019,"PXX","CALLEP-TRIPAR","CALLEP","TRIPAR",1,"+ Snow"
"16_1_PXX",1.28420123565755,"2013-2019",2013,2019,"PXX","CALLEP-TRIPAR","CALLEP","TRIPAR",1,"+ Snow"
"26_2_PXX",1.22784810126582,"2013-2019",2013,2019,"PXX","CALLEP-TRIPAR","CALLEP","TRIPAR",1,"+ Snow"
"31_2_PXX",0.878787878787879,"2013-2019",2013,2019,"PXX","CALLEP-TRIPAR","CALLEP","TRIPAR",1,"+ Snow"
"41_3_PXX",0.966480446927374,"2013-2019",2013,2019,"PXX","CALLEP-TRIPAR","CALLEP","TRIPAR",1,"+ Snow"
"46_3_PXX",1.07322654462243,"2013-2019",2013,2019,"PXX","CALLEP-TRIPAR","CALLEP","TRIPAR",1,"+ Snow"
"12_1_PXX",0.365698086463501,"2013-2019",2013,2019,"PXX","CARSCO-DESCES","CARSCO","DESCES",1,"+ Snow"
"16_1_PXX",0.589073634204275,"2013-2019",2013,2019,"PXX","CARSCO-DESCES","CARSCO","DESCES",1,"+ Snow"
"26_2_PXX",0.932374659930043,"2013-2019",2013,2019,"PXX","CARSCO-DESCES","CARSCO","DESCES",1,"+ Snow"
"31_2_PXX",0.994929373415429,"2013-2019",2013,2019,"PXX","CARSCO-DESCES","CARSCO","DESCES",1,"+ Snow"
"41_3_PXX",0.826685006877579,"2013-2019",2013,2019,"PXX","CARSCO-DESCES","CARSCO","DESCES",1,"+ Snow"
"46_3_PXX",0.58984375,"2013-2019",2013,2019,"PXX","CARSCO-DESCES","CARSCO","DESCES",1,"+ Snow"
"12_1_PXX",0.807840971838763,"2013-2019",2013,2019,"PXX","CARSCO-GENALG","CARSCO","GENALG",1,"+ Snow"
"16_1_PXX",1.00452488687783,"2013-2019",2013,2019,"PXX","CARSCO-GENALG","CARSCO","GENALG",1,"+ Snow"
"26_2_PXX",1.63157894736842,"2013-2019",2013,2019,"PXX","CARSCO-GENALG","CARSCO","GENALG",1,"+ Snow"
"31_2_PXX",0.931818181818182,"2013-2019",2013,2019,"PXX","CARSCO-GENALG","CARSCO","GENALG",1,"+ Snow"
"41_3_PXX",0.379897785349233,"2013-2019",2013,2019,"PXX","CARSCO-GENALG","CARSCO","GENALG",1,"+ Snow"
"46_3_PXX",0.998311523849726,"2013-2019",2013,2019,"PXX","CARSCO-GENALG","CARSCO","GENALG",1,"+ Snow"
"12_1_PXX",1.02777777777778,"2013-2019",2013,2019,"PXX","CARSCO-GEUROS","CARSCO","GEUROS",1,"+ Snow"
"16_1_PXX",1.00640341515475,"2013-2019",2013,2019,"PXX","CARSCO-GEUROS","CARSCO","GEUROS",1,"+ Snow"
"26_2_PXX",1.02108678021087,"2013-2019",2013,2019,"PXX","CARSCO-GEUROS","CARSCO","GEUROS",1,"+ Snow"
"31_2_PXX",0.931320307874482,"2013-2019",2013,2019,"PXX","CARSCO-GEUROS","CARSCO","GEUROS",1,"+ Snow"
"41_3_PXX",1.20521172638436,"2013-2019",2013,2019,"PXX","CARSCO-GEUROS","CARSCO","GEUROS",1,"+ Snow"
"46_3_PXX",0.671320303151177,"2013-2019",2013,2019,"PXX","CARSCO-GEUROS","CARSCO","GEUROS",1,"+ Snow"
"12_1_PXX",1.513353115727,"2013-2019",2013,2019,"PXX","CARSCO-TRIPAR","CARSCO","TRIPAR",1,"+ Snow"
"16_1_PXX",1.30947368421053,"2013-2019",2013,2019,"PXX","CARSCO-TRIPAR","CARSCO","TRIPAR",1,"+ Snow"
"26_2_PXX",1.06691449814126,"2013-2019",2013,2019,"PXX","CARSCO-TRIPAR","CARSCO","TRIPAR",1,"+ Snow"
"31_2_PXX",0.932885906040268,"2013-2019",2013,2019,"PXX","CARSCO-TRIPAR","CARSCO","TRIPAR",1,"+ Snow"
"41_3_PXX",0.590643274853801,"2013-2019",2013,2019,"PXX","CARSCO-TRIPAR","CARSCO","TRIPAR",1,"+ Snow"
"46_3_PXX",0.972140143520473,"2013-2019",2013,2019,"PXX","CARSCO-TRIPAR","CARSCO","TRIPAR",1,"+ Snow"
"12_1_PXX",0.856251182144884,"2013-2019",2013,2019,"PXX","DESCES-GENALG","DESCES","GENALG",1,"+ Snow"
"16_1_PXX",0.954514596062458,"2013-2019",2013,2019,"PXX","DESCES-GENALG","DESCES","GENALG",1,"+ Snow"
"26_2_PXX",0.820069204152249,"2013-2019",2013,2019,"PXX","DESCES-GENALG","DESCES","GENALG",1,"+ Snow"
"31_2_PXX",0.909058101768315,"2013-2019",2013,2019,"PXX","DESCES-GENALG","DESCES","GENALG",1,"+ Snow"
"41_3_PXX",0.678601165695254,"2013-2019",2013,2019,"PXX","DESCES-GENALG","DESCES","GENALG",1,"+ Snow"
"46_3_PXX",1.01479524438573,"2013-2019",2013,2019,"PXX","DESCES-GENALG","DESCES","GENALG",1,"+ Snow"
"12_1_PXX",0.738812042310822,"2013-2019",2013,2019,"PXX","DESCES-GEUROS","DESCES","GEUROS",1,"+ Snow"
"16_1_PXX",1.06661059714045,"2013-2019",2013,2019,"PXX","DESCES-GEUROS","DESCES","GEUROS",1,"+ Snow"
"26_2_PXX",0.779768177028451,"2013-2019",2013,2019,"PXX","DESCES-GEUROS","DESCES","GEUROS",1,"+ Snow"
"31_2_PXX",0.340579710144928,"2013-2019",2013,2019,"PXX","DESCES-GEUROS","DESCES","GEUROS",1,"+ Snow"
"41_3_PXX",1.19706840390879,"2013-2019",2013,2019,"PXX","DESCES-GEUROS","DESCES","GEUROS",1,"+ Snow"
"46_3_PXX",0.989293907723681,"2013-2019",2013,2019,"PXX","DESCES-GEUROS","DESCES","GEUROS",1,"+ Snow"
"12_1_PXX",0.62603648424544,"2013-2019",2013,2019,"PXX","DESCES-TRIPAR","DESCES","TRIPAR",1,"+ Snow"
"16_1_PXX",0.404169079328315,"2013-2019",2013,2019,"PXX","DESCES-TRIPAR","DESCES","TRIPAR",1,"+ Snow"
"26_2_PXX",0.86864406779661,"2013-2019",2013,2019,"PXX","DESCES-TRIPAR","DESCES","TRIPAR",1,"+ Snow"
"31_2_PXX",0.853963838664812,"2013-2019",2013,2019,"PXX","DESCES-TRIPAR","DESCES","TRIPAR",1,"+ Snow"
"41_3_PXX",0.403697996918336,"2013-2019",2013,2019,"PXX","DESCES-TRIPAR","DESCES","TRIPAR",1,"+ Snow"
"46_3_PXX",1.02589167767503,"2013-2019",2013,2019,"PXX","DESCES-TRIPAR","DESCES","TRIPAR",1,"+ Snow"
"12_1_PXX",1.45429362880886,"2013-2019",2013,2019,"PXX","GENALG-GEUROS","GENALG","GEUROS",1,"+ Snow"
"16_1_PXX",0.741935483870968,"2013-2019",2013,2019,"PXX","GENALG-GEUROS","GENALG","GEUROS",1,"+ Snow"
"26_2_PXX",1.03172085646312,"2013-2019",2013,2019,"PXX","GENALG-GEUROS","GENALG","GEUROS",1,"+ Snow"
"31_2_PXX",1.01765744555621,"2013-2019",2013,2019,"PXX","GENALG-GEUROS","GENALG","GEUROS",1,"+ Snow"
"41_3_PXX",0.847645429362881,"2013-2019",2013,2019,"PXX","GENALG-GEUROS","GENALG","GEUROS",1,"+ Snow"
"46_3_PXX",0.777027027027027,"2013-2019",2013,2019,"PXX","GENALG-GEUROS","GENALG","GEUROS",1,"+ Snow"
"12_1_PXX",1.2058526740666,"2013-2019",2013,2019,"PXX","GENALG-TRIPAR","GENALG","TRIPAR",1,"+ Snow"
"16_1_PXX",1.07954545454545,"2013-2019",2013,2019,"PXX","GENALG-TRIPAR","GENALG","TRIPAR",1,"+ Snow"
"26_2_PXX",1.10774410774411,"2013-2019",2013,2019,"PXX","GENALG-TRIPAR","GENALG","TRIPAR",1,"+ Snow"
"31_2_PXX",0.943396226415094,"2013-2019",2013,2019,"PXX","GENALG-TRIPAR","GENALG","TRIPAR",1,"+ Snow"
"41_3_PXX",1.7122969837587,"2013-2019",2013,2019,"PXX","GENALG-TRIPAR","GENALG","TRIPAR",1,"+ Snow"
"46_3_PXX",1.4,"2013-2019",2013,2019,"PXX","GENALG-TRIPAR","GENALG","TRIPAR",1,"+ Snow"
"12_1_PXX",1.12258064516129,"2013-2019",2013,2019,"PXX","GEUROS-TRIPAR","GEUROS","TRIPAR",1,"+ Snow"
"16_1_PXX",0.899008115419297,"2013-2019",2013,2019,"PXX","GEUROS-TRIPAR","GEUROS","TRIPAR",1,"+ Snow"
"26_2_PXX",0.654155495978552,"2013-2019",2013,2019,"PXX","GEUROS-TRIPAR","GEUROS","TRIPAR",1,"+ Snow"
"31_2_PXX",1.1019955654102,"2013-2019",2013,2019,"PXX","GEUROS-TRIPAR","GEUROS","TRIPAR",1,"+ Snow"
"41_3_PXX",0.366812227074236,"2013-2019",2013,2019,"PXX","GEUROS-TRIPAR","GEUROS","TRIPAR",1,"+ Snow"
"46_3_PXX",0.939189189189189,"2013-2019",2013,2019,"PXX","GEUROS-TRIPAR","GEUROS","TRIPAR",1,"+ Snow"
"12_1_PXX",1.64415815193247,"2014-2020",2014,2020,"PXX","ARTSCO-BISBIS","ARTSCO","BISBIS",1,"+ Snow"
"16_1_PXX",1.27397260273973,"2014-2020",2014,2020,"PXX","ARTSCO-BISBIS","ARTSCO","BISBIS",1,"+ Snow"
"26_2_PXX",0.70134106560348,"2014-2020",2014,2020,"PXX","ARTSCO-BISBIS","ARTSCO","BISBIS",1,"+ Snow"
"31_2_PXX",0.742919389978214,"2014-2020",2014,2020,"PXX","ARTSCO-BISBIS","ARTSCO","BISBIS",1,"+ Snow"
"41_3_PXX",1,"2014-2020",2014,2020,"PXX","ARTSCO-BISBIS","ARTSCO","BISBIS",1,"+ Snow"
"46_3_PXX",0.815068493150685,"2014-2020",2014,2020,"PXX","ARTSCO-BISBIS","ARTSCO","BISBIS",1,"+ Snow"
"12_1_PXX",1.69685534591195,"2014-2020",2014,2020,"PXX","ARTSCO-CALLEP","ARTSCO","CALLEP",1,"+ Snow"
"16_1_PXX",1.37953795379538,"2014-2020",2014,2020,"PXX","ARTSCO-CALLEP","ARTSCO","CALLEP",1,"+ Snow"
"26_2_PXX",0.871335504885994,"2014-2020",2014,2020,"PXX","ARTSCO-CALLEP","ARTSCO","CALLEP",1,"+ Snow"
"31_2_PXX",0.532846715328467,"2014-2020",2014,2020,"PXX","ARTSCO-CALLEP","ARTSCO","CALLEP",1,"+ Snow"
"41_3_PXX",1.48633879781421,"2014-2020",2014,2020,"PXX","ARTSCO-CALLEP","ARTSCO","CALLEP",1,"+ Snow"
"46_3_PXX",1.7129840546697,"2014-2020",2014,2020,"PXX","ARTSCO-CALLEP","ARTSCO","CALLEP",1,"+ Snow"
"12_1_PXX",1.27989821882952,"2014-2020",2014,2020,"PXX","ARTSCO-CARSCO","ARTSCO","CARSCO",1,"+ Snow"
"16_1_PXX",1.4937106918239,"2014-2020",2014,2020,"PXX","ARTSCO-CARSCO","ARTSCO","CARSCO",1,"+ Snow"
"26_2_PXX",1.05826836274108,"2014-2020",2014,2020,"PXX","ARTSCO-CARSCO","ARTSCO","CARSCO",1,"+ Snow"
"31_2_PXX",0.736170212765958,"2014-2020",2014,2020,"PXX","ARTSCO-CARSCO","ARTSCO","CARSCO",1,"+ Snow"
"41_3_PXX",1.17993079584775,"2014-2020",2014,2020,"PXX","ARTSCO-CARSCO","ARTSCO","CARSCO",1,"+ Snow"
"46_3_PXX",0.422558922558923,"2014-2020",2014,2020,"PXX","ARTSCO-CARSCO","ARTSCO","CARSCO",1,"+ Snow"
"12_1_PXX",0.674545454545455,"2014-2020",2014,2020,"PXX","ARTSCO-DESCES","ARTSCO","DESCES",1,"+ Snow"
"16_1_PXX",0.82600561272217,"2014-2020",2014,2020,"PXX","ARTSCO-DESCES","ARTSCO","DESCES",1,"+ Snow"
"26_2_PXX",0.812400635930048,"2014-2020",2014,2020,"PXX","ARTSCO-DESCES","ARTSCO","DESCES",1,"+ Snow"
"31_2_PXX",1.0104821802935,"2014-2020",2014,2020,"PXX","ARTSCO-DESCES","ARTSCO","DESCES",1,"+ Snow"
"41_3_PXX",0.605573419078242,"2014-2020",2014,2020,"PXX","ARTSCO-DESCES","ARTSCO","DESCES",1,"+ Snow"
"46_3_PXX",0.8097068716963,"2014-2020",2014,2020,"PXX","ARTSCO-DESCES","ARTSCO","DESCES",1,"+ Snow"
"12_1_PXX",1.55602836879433,"2014-2020",2014,2020,"PXX","ARTSCO-GENALG","ARTSCO","GENALG",1,"+ Snow"
"16_1_PXX",1.20035778175313,"2014-2020",2014,2020,"PXX","ARTSCO-GENALG","ARTSCO","GENALG",1,"+ Snow"
"26_2_PXX",1.12008113590264,"2014-2020",2014,2020,"PXX","ARTSCO-GENALG","ARTSCO","GENALG",1,"+ Snow"
"31_2_PXX",1.33191489361702,"2014-2020",2014,2020,"PXX","ARTSCO-GENALG","ARTSCO","GENALG",1,"+ Snow"
"41_3_PXX",0.919298245614035,"2014-2020",2014,2020,"PXX","ARTSCO-GENALG","ARTSCO","GENALG",1,"+ Snow"
"46_3_PXX",1.04766633565045,"2014-2020",2014,2020,"PXX","ARTSCO-GENALG","ARTSCO","GENALG",1,"+ Snow"
"12_1_PXX",1.75663716814159,"2014-2020",2014,2020,"PXX","ARTSCO-GEUROS","ARTSCO","GEUROS",1,"+ Snow"
"16_1_PXX",1.59868421052632,"2014-2020",2014,2020,"PXX","ARTSCO-GEUROS","ARTSCO","GEUROS",1,"+ Snow"
"26_2_PXX",1.59148936170213,"2014-2020",2014,2020,"PXX","ARTSCO-GEUROS","ARTSCO","GEUROS",1,"+ Snow"
"31_2_PXX",1.0763358778626,"2014-2020",2014,2020,"PXX","ARTSCO-GEUROS","ARTSCO","GEUROS",1,"+ Snow"
"41_3_PXX",1.21509433962264,"2014-2020",2014,2020,"PXX","ARTSCO-GEUROS","ARTSCO","GEUROS",1,"+ Snow"
"46_3_PXX",1.27546071774976,"2014-2020",2014,2020,"PXX","ARTSCO-GEUROS","ARTSCO","GEUROS",1,"+ Snow"
"12_1_PXX",1.13068181818182,"2014-2020",2014,2020,"PXX","ARTSCO-TRIPAR","ARTSCO","TRIPAR",1,"+ Snow"
"16_1_PXX",1.44061302681992,"2014-2020",2014,2020,"PXX","ARTSCO-TRIPAR","ARTSCO","TRIPAR",1,"+ Snow"
"26_2_PXX",0.676602086438152,"2014-2020",2014,2020,"PXX","ARTSCO-TRIPAR","ARTSCO","TRIPAR",1,"+ Snow"
"31_2_PXX",0.488235294117647,"2014-2020",2014,2020,"PXX","ARTSCO-TRIPAR","ARTSCO","TRIPAR",1,"+ Snow"
"41_3_PXX",1.29130966952264,"2014-2020",2014,2020,"PXX","ARTSCO-TRIPAR","ARTSCO","TRIPAR",1,"+ Snow"
"46_3_PXX",1.001982160555,"2014-2020",2014,2020,"PXX","ARTSCO-TRIPAR","ARTSCO","TRIPAR",1,"+ Snow"
"12_1_PXX",1.45893719806763,"2014-2020",2014,2020,"PXX","BISBIS-CALLEP","BISBIS","CALLEP",1,"+ Snow"
"16_1_PXX",1.22020867655135,"2014-2020",2014,2020,"PXX","BISBIS-CALLEP","BISBIS","CALLEP",1,"+ Snow"
"26_2_PXX",1.32478632478632,"2014-2020",2014,2020,"PXX","BISBIS-CALLEP","BISBIS","CALLEP",1,"+ Snow"
"31_2_PXX",1.16719242902208,"2014-2020",2014,2020,"PXX","BISBIS-CALLEP","BISBIS","CALLEP",1,"+ Snow"
"41_3_PXX",1.14583333333333,"2014-2020",2014,2020,"PXX","BISBIS-CALLEP","BISBIS","CALLEP",1,"+ Snow"
"46_3_PXX",1.10043668122271,"2014-2020",2014,2020,"PXX","BISBIS-CALLEP","BISBIS","CALLEP",1,"+ Snow"
"12_1_PXX",1.5760449596066,"2014-2020",2014,2020,"PXX","BISBIS-CARSCO","BISBIS","CARSCO",1,"+ Snow"
"16_1_PXX",1.62082830719743,"2014-2020",2014,2020,"PXX","BISBIS-CARSCO","BISBIS","CARSCO",1,"+ Snow"
"26_2_PXX",1.00903614457831,"2014-2020",2014,2020,"PXX","BISBIS-CARSCO","BISBIS","CARSCO",1,"+ Snow"
"31_2_PXX",1.49640287769784,"2014-2020",2014,2020,"PXX","BISBIS-CARSCO","BISBIS","CARSCO",1,"+ Snow"
"41_3_PXX",1.34653465346535,"2014-2020",2014,2020,"PXX","BISBIS-CARSCO","BISBIS","CARSCO",1,"+ Snow"
"46_3_PXX",1.2734375,"2014-2020",2014,2020,"PXX","BISBIS-CARSCO","BISBIS","CARSCO",1,"+ Snow"
"12_1_PXX",0.341262729124236,"2014-2020",2014,2020,"PXX","BISBIS-DESCES","BISBIS","DESCES",1,"+ Snow"
"16_1_PXX",0.451541693370362,"2014-2020",2014,2020,"PXX","BISBIS-DESCES","BISBIS","DESCES",1,"+ Snow"
"26_2_PXX",0.894089511445166,"2014-2020",2014,2020,"PXX","BISBIS-DESCES","BISBIS","DESCES",1,"+ Snow"
"31_2_PXX",0.649410558687852,"2014-2020",2014,2020,"PXX","BISBIS-DESCES","BISBIS","DESCES",1,"+ Snow"
"41_3_PXX",0.66903073286052,"2014-2020",2014,2020,"PXX","BISBIS-DESCES","BISBIS","DESCES",1,"+ Snow"
"46_3_PXX",0.796365579903795,"2014-2020",2014,2020,"PXX","BISBIS-DESCES","BISBIS","DESCES",1,"+ Snow"
"12_1_PXX",1.18737373737374,"2014-2020",2014,2020,"PXX","BISBIS-GENALG","BISBIS","GENALG",1,"+ Snow"
"16_1_PXX",1.12232243517475,"2014-2020",2014,2020,"PXX","BISBIS-GENALG","BISBIS","GENALG",1,"+ Snow"
"26_2_PXX",1.14444444444444,"2014-2020",2014,2020,"PXX","BISBIS-GENALG","BISBIS","GENALG",1,"+ Snow"
"31_2_PXX",1.11870503597122,"2014-2020",2014,2020,"PXX","BISBIS-GENALG","BISBIS","GENALG",1,"+ Snow"
"41_3_PXX",1.12612612612613,"2014-2020",2014,2020,"PXX","BISBIS-GENALG","BISBIS","GENALG",1,"+ Snow"
"46_3_PXX",1.04790419161677,"2014-2020",2014,2020,"PXX","BISBIS-GENALG","BISBIS","GENALG",1,"+ Snow"
"12_1_PXX",1.52868288205599,"2014-2020",2014,2020,"PXX","BISBIS-GEUROS","BISBIS","GEUROS",1,"+ Snow"
"16_1_PXX",1.09215578716402,"2014-2020",2014,2020,"PXX","BISBIS-GEUROS","BISBIS","GEUROS",1,"+ Snow"
"26_2_PXX",0.51178247734139,"2014-2020",2014,2020,"PXX","BISBIS-GEUROS","BISBIS","GEUROS",1,"+ Snow"
"31_2_PXX",0.877399380804953,"2014-2020",2014,2020,"PXX","BISBIS-GEUROS","BISBIS","GEUROS",1,"+ Snow"
"41_3_PXX",1.15730337078652,"2014-2020",2014,2020,"PXX","BISBIS-GEUROS","BISBIS","GEUROS",1,"+ Snow"
"46_3_PXX",0.979057591623037,"2014-2020",2014,2020,"PXX","BISBIS-GEUROS","BISBIS","GEUROS",1,"+ Snow"
"12_1_PXX",1.43759474482062,"2014-2020",2014,2020,"PXX","BISBIS-TRIPAR","BISBIS","TRIPAR",1,"+ Snow"
"16_1_PXX",1.68059339993945,"2014-2020",2014,2020,"PXX","BISBIS-TRIPAR","BISBIS","TRIPAR",1,"+ Snow"
"26_2_PXX",1.53195164075993,"2014-2020",2014,2020,"PXX","BISBIS-TRIPAR","BISBIS","TRIPAR",1,"+ Snow"
"31_2_PXX",1.0313315926893,"2014-2020",2014,2020,"PXX","BISBIS-TRIPAR","BISBIS","TRIPAR",1,"+ Snow"
"41_3_PXX",1.6865671641791,"2014-2020",2014,2020,"PXX","BISBIS-TRIPAR","BISBIS","TRIPAR",1,"+ Snow"
"46_3_PXX",0.905325443786982,"2014-2020",2014,2020,"PXX","BISBIS-TRIPAR","BISBIS","TRIPAR",1,"+ Snow"
"12_1_PXX",1.51473759884975,"2014-2020",2014,2020,"PXX","CALLEP-CARSCO","CALLEP","CARSCO",1,"+ Snow"
"16_1_PXX",1.41204819277108,"2014-2020",2014,2020,"PXX","CALLEP-CARSCO","CALLEP","CARSCO",1,"+ Snow"
"26_2_PXX",1.06896551724138,"2014-2020",2014,2020,"PXX","CALLEP-CARSCO","CALLEP","CARSCO",1,"+ Snow"
"31_2_PXX",1.56989247311828,"2014-2020",2014,2020,"PXX","CALLEP-CARSCO","CALLEP","CARSCO",1,"+ Snow"
"41_3_PXX",0.855,"2014-2020",2014,2020,"PXX","CALLEP-CARSCO","CALLEP","CARSCO",1,"+ Snow"
"46_3_PXX",0.670433145009416,"2014-2020",2014,2020,"PXX","CALLEP-CARSCO","CALLEP","CARSCO",1,"+ Snow"
"12_1_PXX",0.741750623902394,"2014-2020",2014,2020,"PXX","CALLEP-DESCES","CALLEP","DESCES",1,"+ Snow"
"16_1_PXX",0.898595188115614,"2014-2020",2014,2020,"PXX","CALLEP-DESCES","CALLEP","DESCES",1,"+ Snow"
"26_2_PXX",0.907012195121951,"2014-2020",2014,2020,"PXX","CALLEP-DESCES","CALLEP","DESCES",1,"+ Snow"
"31_2_PXX",1.07701019252548,"2014-2020",2014,2020,"PXX","CALLEP-DESCES","CALLEP","DESCES",1,"+ Snow"
"41_3_PXX",0.799763033175355,"2014-2020",2014,2020,"PXX","CALLEP-DESCES","CALLEP","DESCES",1,"+ Snow"
"46_3_PXX",0.692765113974232,"2014-2020",2014,2020,"PXX","CALLEP-DESCES","CALLEP","DESCES",1,"+ Snow"
"12_1_PXX",0.933206106870229,"2014-2020",2014,2020,"PXX","CALLEP-GENALG","CALLEP","GENALG",1,"+ Snow"
"16_1_PXX",1.71794871794872,"2014-2020",2014,2020,"PXX","CALLEP-GENALG","CALLEP","GENALG",1,"+ Snow"
"26_2_PXX",1.28070175438596,"2014-2020",2014,2020,"PXX","CALLEP-GENALG","CALLEP","GENALG",1,"+ Snow"
"31_2_PXX",0.741935483870968,"2014-2020",2014,2020,"PXX","CALLEP-GENALG","CALLEP","GENALG",1,"+ Snow"
"41_3_PXX",1.02803738317757,"2014-2020",2014,2020,"PXX","CALLEP-GENALG","CALLEP","GENALG",1,"+ Snow"
"46_3_PXX",1.04503311258278,"2014-2020",2014,2020,"PXX","CALLEP-GENALG","CALLEP","GENALG",1,"+ Snow"
"12_1_PXX",1.31535269709544,"2014-2020",2014,2020,"PXX","CALLEP-GEUROS","CALLEP","GEUROS",1,"+ Snow"
"16_1_PXX",1.25301204819277,"2014-2020",2014,2020,"PXX","CALLEP-GEUROS","CALLEP","GEUROS",1,"+ Snow"
"26_2_PXX",0.884615384615385,"2014-2020",2014,2020,"PXX","CALLEP-GEUROS","CALLEP","GEUROS",1,"+ Snow"
"31_2_PXX",0.806993006993007,"2014-2020",2014,2020,"PXX","CALLEP-GEUROS","CALLEP","GEUROS",1,"+ Snow"
"41_3_PXX",0.8125,"2014-2020",2014,2020,"PXX","CALLEP-GEUROS","CALLEP","GEUROS",1,"+ Snow"
"46_3_PXX",1.20282413350449,"2014-2020",2014,2020,"PXX","CALLEP-GEUROS","CALLEP","GEUROS",1,"+ Snow"
"12_1_PXX",1.37093690248566,"2014-2020",2014,2020,"PXX","CALLEP-TRIPAR","CALLEP","TRIPAR",1,"+ Snow"
"16_1_PXX",1.22843256379101,"2014-2020",2014,2020,"PXX","CALLEP-TRIPAR","CALLEP","TRIPAR",1,"+ Snow"
"26_2_PXX",1.40579710144928,"2014-2020",2014,2020,"PXX","CALLEP-TRIPAR","CALLEP","TRIPAR",1,"+ Snow"
"31_2_PXX",0.878787878787879,"2014-2020",2014,2020,"PXX","CALLEP-TRIPAR","CALLEP","TRIPAR",1,"+ Snow"
"41_3_PXX",1.72885032537961,"2014-2020",2014,2020,"PXX","CALLEP-TRIPAR","CALLEP","TRIPAR",1,"+ Snow"
"46_3_PXX",1.02113606340819,"2014-2020",2014,2020,"PXX","CALLEP-TRIPAR","CALLEP","TRIPAR",1,"+ Snow"
"12_1_PXX",0.669886167644015,"2014-2020",2014,2020,"PXX","CARSCO-DESCES","CARSCO","DESCES",1,"+ Snow"
"16_1_PXX",0.595157830217591,"2014-2020",2014,2020,"PXX","CARSCO-DESCES","CARSCO","DESCES",1,"+ Snow"
"26_2_PXX",0.945489443378119,"2014-2020",2014,2020,"PXX","CARSCO-DESCES","CARSCO","DESCES",1,"+ Snow"
"31_2_PXX",0.976838448176028,"2014-2020",2014,2020,"PXX","CARSCO-DESCES","CARSCO","DESCES",1,"+ Snow"
"41_3_PXX",0.511578947368421,"2014-2020",2014,2020,"PXX","CARSCO-DESCES","CARSCO","DESCES",1,"+ Snow"
"46_3_PXX",0.706856879889554,"2014-2020",2014,2020,"PXX","CARSCO-DESCES","CARSCO","DESCES",1,"+ Snow"
"12_1_PXX",0.7847809377402,"2014-2020",2014,2020,"PXX","CARSCO-GENALG","CARSCO","GENALG",1,"+ Snow"
"16_1_PXX",1.21455938697318,"2014-2020",2014,2020,"PXX","CARSCO-GENALG","CARSCO","GENALG",1,"+ Snow"
"26_2_PXX",1.63157894736842,"2014-2020",2014,2020,"PXX","CARSCO-GENALG","CARSCO","GENALG",1,"+ Snow"
"31_2_PXX",0.833333333333333,"2014-2020",2014,2020,"PXX","CARSCO-GENALG","CARSCO","GENALG",1,"+ Snow"
"41_3_PXX",0.77742946708464,"2014-2020",2014,2020,"PXX","CARSCO-GENALG","CARSCO","GENALG",1,"+ Snow"
"46_3_PXX",0.928727272727273,"2014-2020",2014,2020,"PXX","CARSCO-GENALG","CARSCO","GENALG",1,"+ Snow"
"12_1_PXX",1.05333333333333,"2014-2020",2014,2020,"PXX","CARSCO-GEUROS","CARSCO","GEUROS",1,"+ Snow"
"16_1_PXX",1.05048076923077,"2014-2020",2014,2020,"PXX","CARSCO-GEUROS","CARSCO","GEUROS",1,"+ Snow"
"26_2_PXX",1.03450862715679,"2014-2020",2014,2020,"PXX","CARSCO-GEUROS","CARSCO","GEUROS",1,"+ Snow"
"31_2_PXX",0.857656362329259,"2014-2020",2014,2020,"PXX","CARSCO-GEUROS","CARSCO","GEUROS",1,"+ Snow"
"41_3_PXX",1.18794326241135,"2014-2020",2014,2020,"PXX","CARSCO-GEUROS","CARSCO","GEUROS",1,"+ Snow"
"46_3_PXX",0.919942816297355,"2014-2020",2014,2020,"PXX","CARSCO-GEUROS","CARSCO","GEUROS",1,"+ Snow"
"12_1_PXX",1.55076923076923,"2014-2020",2014,2020,"PXX","CARSCO-TRIPAR","CARSCO","TRIPAR",1,"+ Snow"
"16_1_PXX",1.78546712802768,"2014-2020",2014,2020,"PXX","CARSCO-TRIPAR","CARSCO","TRIPAR",1,"+ Snow"
"26_2_PXX",1.05447470817121,"2014-2020",2014,2020,"PXX","CARSCO-TRIPAR","CARSCO","TRIPAR",1,"+ Snow"
"31_2_PXX",0.89937106918239,"2014-2020",2014,2020,"PXX","CARSCO-TRIPAR","CARSCO","TRIPAR",1,"+ Snow"
"41_3_PXX",1.12655367231638,"2014-2020",2014,2020,"PXX","CARSCO-TRIPAR","CARSCO","TRIPAR",1,"+ Snow"
"46_3_PXX",0.92883079157589,"2014-2020",2014,2020,"PXX","CARSCO-TRIPAR","CARSCO","TRIPAR",1,"+ Snow"
"12_1_PXX",0.950414763724485,"2014-2020",2014,2020,"PXX","DESCES-GENALG","DESCES","GENALG",1,"+ Snow"
"16_1_PXX",0.926250101304806,"2014-2020",2014,2020,"PXX","DESCES-GENALG","DESCES","GENALG",1,"+ Snow"
"26_2_PXX",0.834409418913787,"2014-2020",2014,2020,"PXX","DESCES-GENALG","DESCES","GENALG",1,"+ Snow"
"31_2_PXX",0.822814128546613,"2014-2020",2014,2020,"PXX","DESCES-GENALG","DESCES","GENALG",1,"+ Snow"
"41_3_PXX",1.01244555071562,"2014-2020",2014,2020,"PXX","DESCES-GENALG","DESCES","GENALG",1,"+ Snow"
"46_3_PXX",0.999726887887478,"2014-2020",2014,2020,"PXX","DESCES-GENALG","DESCES","GENALG",1,"+ Snow"
"12_1_PXX",0.760614934114202,"2014-2020",2014,2020,"PXX","DESCES-GEUROS","DESCES","GEUROS",1,"+ Snow"
"16_1_PXX",0.978527607361963,"2014-2020",2014,2020,"PXX","DESCES-GEUROS","DESCES","GEUROS",1,"+ Snow"
"26_2_PXX",0.832993890020367,"2014-2020",2014,2020,"PXX","DESCES-GEUROS","DESCES","GEUROS",1,"+ Snow"
"31_2_PXX",0.548302872062663,"2014-2020",2014,2020,"PXX","DESCES-GEUROS","DESCES","GEUROS",1,"+ Snow"
"41_3_PXX",0.754859611231101,"2014-2020",2014,2020,"PXX","DESCES-GEUROS","DESCES","GEUROS",1,"+ Snow"
"46_3_PXX",0.940111610181026,"2014-2020",2014,2020,"PXX","DESCES-GEUROS","DESCES","GEUROS",1,"+ Snow"
"12_1_PXX",0.824384787472036,"2014-2020",2014,2020,"PXX","DESCES-TRIPAR","DESCES","TRIPAR",1,"+ Snow"
"16_1_PXX",0.407556965676377,"2014-2020",2014,2020,"PXX","DESCES-TRIPAR","DESCES","TRIPAR",1,"+ Snow"
"26_2_PXX",0.901823281907434,"2014-2020",2014,2020,"PXX","DESCES-TRIPAR","DESCES","TRIPAR",1,"+ Snow"
"31_2_PXX",0.741266375545851,"2014-2020",2014,2020,"PXX","DESCES-TRIPAR","DESCES","TRIPAR",1,"+ Snow"
"41_3_PXX",0.627853221612251,"2014-2020",2014,2020,"PXX","DESCES-TRIPAR","DESCES","TRIPAR",1,"+ Snow"
"46_3_PXX",1.02156996587031,"2014-2020",2014,2020,"PXX","DESCES-TRIPAR","DESCES","TRIPAR",1,"+ Snow"
"12_1_PXX",1.46445497630332,"2014-2020",2014,2020,"PXX","GENALG-GEUROS","GENALG","GEUROS",1,"+ Snow"
"16_1_PXX",1.11764705882353,"2014-2020",2014,2020,"PXX","GENALG-GEUROS","GENALG","GEUROS",1,"+ Snow"
"26_2_PXX",1.04408523144747,"2014-2020",2014,2020,"PXX","GENALG-GEUROS","GENALG","GEUROS",1,"+ Snow"
"31_2_PXX",1.06901509705248,"2014-2020",2014,2020,"PXX","GENALG-GEUROS","GENALG","GEUROS",1,"+ Snow"
"41_3_PXX",1.23985239852399,"2014-2020",2014,2020,"PXX","GENALG-GEUROS","GENALG","GEUROS",1,"+ Snow"
"46_3_PXX",1.13333333333333,"2014-2020",2014,2020,"PXX","GENALG-GEUROS","GENALG","GEUROS",1,"+ Snow"
"12_1_PXX",0.741339491916859,"2014-2020",2014,2020,"PXX","GENALG-TRIPAR","GENALG","TRIPAR",1,"+ Snow"
"16_1_PXX",1.16635397123202,"2014-2020",2014,2020,"PXX","GENALG-TRIPAR","GENALG","TRIPAR",1,"+ Snow"
"26_2_PXX",1.09824561403509,"2014-2020",2014,2020,"PXX","GENALG-TRIPAR","GENALG","TRIPAR",1,"+ Snow"
"31_2_PXX",0.943396226415094,"2014-2020",2014,2020,"PXX","GENALG-TRIPAR","GENALG","TRIPAR",1,"+ Snow"
"41_3_PXX",1.02341137123746,"2014-2020",2014,2020,"PXX","GENALG-TRIPAR","GENALG","TRIPAR",1,"+ Snow"
"46_3_PXX",1.25,"2014-2020",2014,2020,"PXX","GENALG-TRIPAR","GENALG","TRIPAR",1,"+ Snow"
"12_1_PXX",1.05063291139241,"2014-2020",2014,2020,"PXX","GEUROS-TRIPAR","GEUROS","TRIPAR",1,"+ Snow"
"16_1_PXX",1.09344660194175,"2014-2020",2014,2020,"PXX","GEUROS-TRIPAR","GEUROS","TRIPAR",1,"+ Snow"
"26_2_PXX",0.69873417721519,"2014-2020",2014,2020,"PXX","GEUROS-TRIPAR","GEUROS","TRIPAR",1,"+ Snow"
"31_2_PXX",1.16711229946524,"2014-2020",2014,2020,"PXX","GEUROS-TRIPAR","GEUROS","TRIPAR",1,"+ Snow"
"41_3_PXX",0.787072243346008,"2014-2020",2014,2020,"PXX","GEUROS-TRIPAR","GEUROS","TRIPAR",1,"+ Snow"
"46_3_PXX",0.96875,"2014-2020",2014,2020,"PXX","GEUROS-TRIPAR","GEUROS","TRIPAR",1,"+ Snow"
"12_1_PXX",1.67523849025301,"2015-2021",2015,2021,"PXX","ARTSCO-BISBIS","ARTSCO","BISBIS",1,"+ Snow"
"16_1_PXX",1.10721483272874,"2015-2021",2015,2021,"PXX","ARTSCO-BISBIS","ARTSCO","BISBIS",1,"+ Snow"
"26_2_PXX",0.747723440134907,"2015-2021",2015,2021,"PXX","ARTSCO-BISBIS","ARTSCO","BISBIS",1,"+ Snow"
"31_2_PXX",1.17716262975779,"2015-2021",2015,2021,"PXX","ARTSCO-BISBIS","ARTSCO","BISBIS",1,"+ Snow"
"41_3_PXX",1.46060606060606,"2015-2021",2015,2021,"PXX","ARTSCO-BISBIS","ARTSCO","BISBIS",1,"+ Snow"
"46_3_PXX",0.840989399293286,"2015-2021",2015,2021,"PXX","ARTSCO-BISBIS","ARTSCO","BISBIS",1,"+ Snow"
"12_1_PXX",1.25734265734266,"2015-2021",2015,2021,"PXX","ARTSCO-CALLEP","ARTSCO","CALLEP",1,"+ Snow"
"16_1_PXX",1.43150684931507,"2015-2021",2015,2021,"PXX","ARTSCO-CALLEP","ARTSCO","CALLEP",1,"+ Snow"
"26_2_PXX",0.822058823529412,"2015-2021",2015,2021,"PXX","ARTSCO-CALLEP","ARTSCO","CALLEP",1,"+ Snow"
"31_2_PXX",0.804241435562806,"2015-2021",2015,2021,"PXX","ARTSCO-CALLEP","ARTSCO","CALLEP",1,"+ Snow"
"41_3_PXX",1.37748344370861,"2015-2021",2015,2021,"PXX","ARTSCO-CALLEP","ARTSCO","CALLEP",1,"+ Snow"
"46_3_PXX",1.77358490566038,"2015-2021",2015,2021,"PXX","ARTSCO-CALLEP","ARTSCO","CALLEP",1,"+ Snow"
"12_1_PXX",0.712449799196787,"2015-2021",2015,2021,"PXX","ARTSCO-CARSCO","ARTSCO","CARSCO",1,"+ Snow"
"16_1_PXX",1.68524590163934,"2015-2021",2015,2021,"PXX","ARTSCO-CARSCO","ARTSCO","CARSCO",1,"+ Snow"
"26_2_PXX",1.03883495145631,"2015-2021",2015,2021,"PXX","ARTSCO-CARSCO","ARTSCO","CARSCO",1,"+ Snow"
"31_2_PXX",1.27473426001635,"2015-2021",2015,2021,"PXX","ARTSCO-CARSCO","ARTSCO","CARSCO",1,"+ Snow"
"41_3_PXX",1.26296296296296,"2015-2021",2015,2021,"PXX","ARTSCO-CARSCO","ARTSCO","CARSCO",1,"+ Snow"
"46_3_PXX",0.349494949494949,"2015-2021",2015,2021,"PXX","ARTSCO-CARSCO","ARTSCO","CARSCO",1,"+ Snow"
"12_1_PXX",0.700994035785288,"2015-2021",2015,2021,"PXX","ARTSCO-DESCES","ARTSCO","DESCES",1,"+ Snow"
"16_1_PXX",0.917335852621634,"2015-2021",2015,2021,"PXX","ARTSCO-DESCES","ARTSCO","DESCES",1,"+ Snow"
"26_2_PXX",0.895424836601307,"2015-2021",2015,2021,"PXX","ARTSCO-DESCES","ARTSCO","DESCES",1,"+ Snow"
"31_2_PXX",0.507692307692308,"2015-2021",2015,2021,"PXX","ARTSCO-DESCES","ARTSCO","DESCES",1,"+ Snow"
"41_3_PXX",0.680634201585504,"2015-2021",2015,2021,"PXX","ARTSCO-DESCES","ARTSCO","DESCES",1,"+ Snow"
"46_3_PXX",0.709046454767726,"2015-2021",2015,2021,"PXX","ARTSCO-DESCES","ARTSCO","DESCES",1,"+ Snow"
"12_1_PXX",1.68947368421053,"2015-2021",2015,2021,"PXX","ARTSCO-GENALG","ARTSCO","GENALG",1,"+ Snow"
"16_1_PXX",1.07407407407407,"2015-2021",2015,2021,"PXX","ARTSCO-GENALG","ARTSCO","GENALG",1,"+ Snow"
"26_2_PXX",1.11633938495739,"2015-2021",2015,2021,"PXX","ARTSCO-GENALG","ARTSCO","GENALG",1,"+ Snow"
"31_2_PXX",1,"2015-2021",2015,2021,"PXX","ARTSCO-GENALG","ARTSCO","GENALG",1,"+ Snow"
"41_3_PXX",1.21338912133891,"2015-2021",2015,2021,"PXX","ARTSCO-GENALG","ARTSCO","GENALG",1,"+ Snow"
"46_3_PXX",1.04975124378109,"2015-2021",2015,2021,"PXX","ARTSCO-GENALG","ARTSCO","GENALG",1,"+ Snow"
"12_1_PXX",1.78423236514523,"2015-2021",2015,2021,"PXX","ARTSCO-GEUROS","ARTSCO","GEUROS",1,"+ Snow"
"16_1_PXX",1.42205323193916,"2015-2021",2015,2021,"PXX","ARTSCO-GEUROS","ARTSCO","GEUROS",1,"+ Snow"
"26_2_PXX",1.65,"2015-2021",2015,2021,"PXX","ARTSCO-GEUROS","ARTSCO","GEUROS",1,"+ Snow"
"31_2_PXX",0.873170731707317,"2015-2021",2015,2021,"PXX","ARTSCO-GEUROS","ARTSCO","GEUROS",1,"+ Snow"
"41_3_PXX",1.21338912133891,"2015-2021",2015,2021,"PXX","ARTSCO-GEUROS","ARTSCO","GEUROS",1,"+ Snow"
"46_3_PXX",1.27458617332035,"2015-2021",2015,2021,"PXX","ARTSCO-GEUROS","ARTSCO","GEUROS",1,"+ Snow"
"12_1_PXX",0.85781990521327,"2015-2021",2015,2021,"PXX","ARTSCO-TRIPAR","ARTSCO","TRIPAR",1,"+ Snow"
"16_1_PXX",1.34380776340111,"2015-2021",2015,2021,"PXX","ARTSCO-TRIPAR","ARTSCO","TRIPAR",1,"+ Snow"
"26_2_PXX",0.548271752085816,"2015-2021",2015,2021,"PXX","ARTSCO-TRIPAR","ARTSCO","TRIPAR",1,"+ Snow"
"31_2_PXX",1.32127351664255,"2015-2021",2015,2021,"PXX","ARTSCO-TRIPAR","ARTSCO","TRIPAR",1,"+ Snow"
"41_3_PXX",1.59481582537517,"2015-2021",2015,2021,"PXX","ARTSCO-TRIPAR","ARTSCO","TRIPAR",1,"+ Snow"
"46_3_PXX",0.992039800995025,"2015-2021",2015,2021,"PXX","ARTSCO-TRIPAR","ARTSCO","TRIPAR",1,"+ Snow"
"12_1_PXX",1.31996179560649,"2015-2021",2015,2021,"PXX","BISBIS-CALLEP","BISBIS","CALLEP",1,"+ Snow"
"16_1_PXX",1.06600660066007,"2015-2021",2015,2021,"PXX","BISBIS-CALLEP","BISBIS","CALLEP",1,"+ Snow"
"26_2_PXX",1.17008797653959,"2015-2021",2015,2021,"PXX","BISBIS-CALLEP","BISBIS","CALLEP",1,"+ Snow"
"31_2_PXX",1.10541310541311,"2015-2021",2015,2021,"PXX","BISBIS-CALLEP","BISBIS","CALLEP",1,"+ Snow"
"41_3_PXX",1.3125,"2015-2021",2015,2021,"PXX","BISBIS-CALLEP","BISBIS","CALLEP",1,"+ Snow"
"46_3_PXX",1.0048309178744,"2015-2021",2015,2021,"PXX","BISBIS-CALLEP","BISBIS","CALLEP",1,"+ Snow"
"12_1_PXX",0.967604969334801,"2015-2021",2015,2021,"PXX","BISBIS-CARSCO","BISBIS","CARSCO",1,"+ Snow"
"16_1_PXX",1.50779833151977,"2015-2021",2015,2021,"PXX","BISBIS-CARSCO","BISBIS","CARSCO",1,"+ Snow"
"26_2_PXX",0.959866220735786,"2015-2021",2015,2021,"PXX","BISBIS-CARSCO","BISBIS","CARSCO",1,"+ Snow"
"31_2_PXX",1.64367816091954,"2015-2021",2015,2021,"PXX","BISBIS-CARSCO","BISBIS","CARSCO",1,"+ Snow"
"41_3_PXX",1.43255813953488,"2015-2021",2015,2021,"PXX","BISBIS-CARSCO","BISBIS","CARSCO",1,"+ Snow"
"46_3_PXX",1.12589928057554,"2015-2021",2015,2021,"PXX","BISBIS-CARSCO","BISBIS","CARSCO",1,"+ Snow"
"12_1_PXX",0.318122213480199,"2015-2021",2015,2021,"PXX","BISBIS-DESCES","BISBIS","DESCES",1,"+ Snow"
"16_1_PXX",0.459643804471391,"2015-2021",2015,2021,"PXX","BISBIS-DESCES","BISBIS","DESCES",1,"+ Snow"
"26_2_PXX",1.25831399845321,"2015-2021",2015,2021,"PXX","BISBIS-DESCES","BISBIS","DESCES",1,"+ Snow"
"31_2_PXX",0.55264483627204,"2015-2021",2015,2021,"PXX","BISBIS-DESCES","BISBIS","DESCES",1,"+ Snow"
"41_3_PXX",0.640096618357488,"2015-2021",2015,2021,"PXX","BISBIS-DESCES","BISBIS","DESCES",1,"+ Snow"
"46_3_PXX",0.817477096546864,"2015-2021",2015,2021,"PXX","BISBIS-DESCES","BISBIS","DESCES",1,"+ Snow"
"12_1_PXX",1.23936418887331,"2015-2021",2015,2021,"PXX","BISBIS-GENALG","BISBIS","GENALG",1,"+ Snow"
"16_1_PXX",1.14682926829268,"2015-2021",2015,2021,"PXX","BISBIS-GENALG","BISBIS","GENALG",1,"+ Snow"
"26_2_PXX",1.071875,"2015-2021",2015,2021,"PXX","BISBIS-GENALG","BISBIS","GENALG",1,"+ Snow"
"31_2_PXX",1,"2015-2021",2015,2021,"PXX","BISBIS-GENALG","BISBIS","GENALG",1,"+ Snow"
"41_3_PXX",1.24806201550388,"2015-2021",2015,2021,"PXX","BISBIS-GENALG","BISBIS","GENALG",1,"+ Snow"
"46_3_PXX",1.14598540145985,"2015-2021",2015,2021,"PXX","BISBIS-GENALG","BISBIS","GENALG",1,"+ Snow"
"12_1_PXX",1.54972257789159,"2015-2021",2015,2021,"PXX","BISBIS-GEUROS","BISBIS","GEUROS",1,"+ Snow"
"16_1_PXX",1.08143480368396,"2015-2021",2015,2021,"PXX","BISBIS-GEUROS","BISBIS","GEUROS",1,"+ Snow"
"26_2_PXX",0.701971572673086,"2015-2021",2015,2021,"PXX","BISBIS-GEUROS","BISBIS","GEUROS",1,"+ Snow"
"31_2_PXX",0.799369085173502,"2015-2021",2015,2021,"PXX","BISBIS-GEUROS","BISBIS","GEUROS",1,"+ Snow"
"41_3_PXX",1.25,"2015-2021",2015,2021,"PXX","BISBIS-GEUROS","BISBIS","GEUROS",1,"+ Snow"
"46_3_PXX",1.07547169811321,"2015-2021",2015,2021,"PXX","BISBIS-GEUROS","BISBIS","GEUROS",1,"+ Snow"
"12_1_PXX",1.27440395861448,"2015-2021",2015,2021,"PXX","BISBIS-TRIPAR","BISBIS","TRIPAR",1,"+ Snow"
"16_1_PXX",1.71115914617671,"2015-2021",2015,2021,"PXX","BISBIS-TRIPAR","BISBIS","TRIPAR",1,"+ Snow"
"26_2_PXX",1.18014329580348,"2015-2021",2015,2021,"PXX","BISBIS-TRIPAR","BISBIS","TRIPAR",1,"+ Snow"
"31_2_PXX",1.28402366863905,"2015-2021",2015,2021,"PXX","BISBIS-TRIPAR","BISBIS","TRIPAR",1,"+ Snow"
"41_3_PXX",1.71734892787524,"2015-2021",2015,2021,"PXX","BISBIS-TRIPAR","BISBIS","TRIPAR",1,"+ Snow"
"46_3_PXX",0.956204379562044,"2015-2021",2015,2021,"PXX","BISBIS-TRIPAR","BISBIS","TRIPAR",1,"+ Snow"
"12_1_PXX",1.19257988419472,"2015-2021",2015,2021,"PXX","CALLEP-CARSCO","CALLEP","CARSCO",1,"+ Snow"
"16_1_PXX",1.53720930232558,"2015-2021",2015,2021,"PXX","CALLEP-CARSCO","CALLEP","CARSCO",1,"+ Snow"
"26_2_PXX",1.22222222222222,"2015-2021",2015,2021,"PXX","CALLEP-CARSCO","CALLEP","CARSCO",1,"+ Snow"
"31_2_PXX",1.16279069767442,"2015-2021",2015,2021,"PXX","CALLEP-CARSCO","CALLEP","CARSCO",1,"+ Snow"
"41_3_PXX",0.850746268656716,"2015-2021",2015,2021,"PXX","CALLEP-CARSCO","CALLEP","CARSCO",1,"+ Snow"
"46_3_PXX",0.315035799522673,"2015-2021",2015,2021,"PXX","CALLEP-CARSCO","CALLEP","CARSCO",1,"+ Snow"
"12_1_PXX",0.792261110540901,"2015-2021",2015,2021,"PXX","CALLEP-DESCES","CALLEP","DESCES",1,"+ Snow"
"16_1_PXX",0.972972972972973,"2015-2021",2015,2021,"PXX","CALLEP-DESCES","CALLEP","DESCES",1,"+ Snow"
"26_2_PXX",0.774809160305344,"2015-2021",2015,2021,"PXX","CALLEP-DESCES","CALLEP","DESCES",1,"+ Snow"
"31_2_PXX",1.07701019252548,"2015-2021",2015,2021,"PXX","CALLEP-DESCES","CALLEP","DESCES",1,"+ Snow"
"41_3_PXX",0.824324324324324,"2015-2021",2015,2021,"PXX","CALLEP-DESCES","CALLEP","DESCES",1,"+ Snow"
"46_3_PXX",0.703846153846154,"2015-2021",2015,2021,"PXX","CALLEP-DESCES","CALLEP","DESCES",1,"+ Snow"
"12_1_PXX",0.81941309255079,"2015-2021",2015,2021,"PXX","CALLEP-GENALG","CALLEP","GENALG",1,"+ Snow"
"16_1_PXX",1.22875816993464,"2015-2021",2015,2021,"PXX","CALLEP-GENALG","CALLEP","GENALG",1,"+ Snow"
"26_2_PXX",0.973333333333333,"2015-2021",2015,2021,"PXX","CALLEP-GENALG","CALLEP","GENALG",1,"+ Snow"
"31_2_PXX",1,"2015-2021",2015,2021,"PXX","CALLEP-GENALG","CALLEP","GENALG",1,"+ Snow"
"41_3_PXX",1.16831683168317,"2015-2021",2015,2021,"PXX","CALLEP-GENALG","CALLEP","GENALG",1,"+ Snow"
"46_3_PXX",1.08273894436519,"2015-2021",2015,2021,"PXX","CALLEP-GENALG","CALLEP","GENALG",1,"+ Snow"
"12_1_PXX",1.04327666151468,"2015-2021",2015,2021,"PXX","CALLEP-GEUROS","CALLEP","GEUROS",1,"+ Snow"
"16_1_PXX",0.873493975903614,"2015-2021",2015,2021,"PXX","CALLEP-GEUROS","CALLEP","GEUROS",1,"+ Snow"
"26_2_PXX",0.793388429752066,"2015-2021",2015,2021,"PXX","CALLEP-GEUROS","CALLEP","GEUROS",1,"+ Snow"
"31_2_PXX",0.844802342606149,"2015-2021",2015,2021,"PXX","CALLEP-GEUROS","CALLEP","GEUROS",1,"+ Snow"
"41_3_PXX",0.770588235294118,"2015-2021",2015,2021,"PXX","CALLEP-GEUROS","CALLEP","GEUROS",1,"+ Snow"
"46_3_PXX",1.25726141078838,"2015-2021",2015,2021,"PXX","CALLEP-GEUROS","CALLEP","GEUROS",1,"+ Snow"
"12_1_PXX",1.67172675521822,"2015-2021",2015,2021,"PXX","CALLEP-TRIPAR","CALLEP","TRIPAR",1,"+ Snow"
"16_1_PXX",1.12416851441242,"2015-2021",2015,2021,"PXX","CALLEP-TRIPAR","CALLEP","TRIPAR",1,"+ Snow"
"26_2_PXX",1.44808743169399,"2015-2021",2015,2021,"PXX","CALLEP-TRIPAR","CALLEP","TRIPAR",1,"+ Snow"
"31_2_PXX",0.75,"2015-2021",2015,2021,"PXX","CALLEP-TRIPAR","CALLEP","TRIPAR",1,"+ Snow"
"41_3_PXX",1.81838074398249,"2015-2021",2015,2021,"PXX","CALLEP-TRIPAR","CALLEP","TRIPAR",1,"+ Snow"
"46_3_PXX",1.03708987161198,"2015-2021",2015,2021,"PXX","CALLEP-TRIPAR","CALLEP","TRIPAR",1,"+ Snow"
"12_1_PXX",0.849229011993147,"2015-2021",2015,2021,"PXX","CARSCO-DESCES","CARSCO","DESCES",1,"+ Snow"
"16_1_PXX",0.741343248896119,"2015-2021",2015,2021,"PXX","CARSCO-DESCES","CARSCO","DESCES",1,"+ Snow"
"26_2_PXX",0.876739562624254,"2015-2021",2015,2021,"PXX","CARSCO-DESCES","CARSCO","DESCES",1,"+ Snow"
"31_2_PXX",0.745887691435054,"2015-2021",2015,2021,"PXX","CARSCO-DESCES","CARSCO","DESCES",1,"+ Snow"
"41_3_PXX",0.516613076098607,"2015-2021",2015,2021,"PXX","CARSCO-DESCES","CARSCO","DESCES",1,"+ Snow"
"46_3_PXX",0.978540772532189,"2015-2021",2015,2021,"PXX","CARSCO-DESCES","CARSCO","DESCES",1,"+ Snow"
"12_1_PXX",0.807986406117247,"2015-2021",2015,2021,"PXX","CARSCO-GENALG","CARSCO","GENALG",1,"+ Snow"
"16_1_PXX",1.19264892268695,"2015-2021",2015,2021,"PXX","CARSCO-GENALG","CARSCO","GENALG",1,"+ Snow"
"26_2_PXX",1.57575757575758,"2015-2021",2015,2021,"PXX","CARSCO-GENALG","CARSCO","GENALG",1,"+ Snow"
"31_2_PXX",1,"2015-2021",2015,2021,"PXX","CARSCO-GENALG","CARSCO","GENALG",1,"+ Snow"
"41_3_PXX",0.864306784660767,"2015-2021",2015,2021,"PXX","CARSCO-GENALG","CARSCO","GENALG",1,"+ Snow"
"46_3_PXX",0.900507614213198,"2015-2021",2015,2021,"PXX","CARSCO-GENALG","CARSCO","GENALG",1,"+ Snow"
"12_1_PXX",0.783387622149837,"2015-2021",2015,2021,"PXX","CARSCO-GEUROS","CARSCO","GEUROS",1,"+ Snow"
"16_1_PXX",1.11221945137157,"2015-2021",2015,2021,"PXX","CARSCO-GEUROS","CARSCO","GEUROS",1,"+ Snow"
"26_2_PXX",0.995776135163675,"2015-2021",2015,2021,"PXX","CARSCO-GEUROS","CARSCO","GEUROS",1,"+ Snow"
"31_2_PXX",0.82538517975055,"2015-2021",2015,2021,"PXX","CARSCO-GEUROS","CARSCO","GEUROS",1,"+ Snow"
"41_3_PXX",1.20415224913495,"2015-2021",2015,2021,"PXX","CARSCO-GEUROS","CARSCO","GEUROS",1,"+ Snow"
"46_3_PXX",0.916583912611718,"2015-2021",2015,2021,"PXX","CARSCO-GEUROS","CARSCO","GEUROS",1,"+ Snow"
"12_1_PXX",1.4424040066778,"2015-2021",2015,2021,"PXX","CARSCO-TRIPAR","CARSCO","TRIPAR",1,"+ Snow"
"16_1_PXX",1.69180327868852,"2015-2021",2015,2021,"PXX","CARSCO-TRIPAR","CARSCO","TRIPAR",1,"+ Snow"
"26_2_PXX",1.08985507246377,"2015-2021",2015,2021,"PXX","CARSCO-TRIPAR","CARSCO","TRIPAR",1,"+ Snow"
"31_2_PXX",1.34385964912281,"2015-2021",2015,2021,"PXX","CARSCO-TRIPAR","CARSCO","TRIPAR",1,"+ Snow"
"41_3_PXX",1.19078242229368,"2015-2021",2015,2021,"PXX","CARSCO-TRIPAR","CARSCO","TRIPAR",1,"+ Snow"
"46_3_PXX",0.971573604060914,"2015-2021",2015,2021,"PXX","CARSCO-TRIPAR","CARSCO","TRIPAR",1,"+ Snow"
"12_1_PXX",0.938904781364937,"2015-2021",2015,2021,"PXX","DESCES-GENALG","DESCES","GENALG",1,"+ Snow"
"16_1_PXX",0.92111481369282,"2015-2021",2015,2021,"PXX","DESCES-GENALG","DESCES","GENALG",1,"+ Snow"
"26_2_PXX",0.81110029211295,"2015-2021",2015,2021,"PXX","DESCES-GENALG","DESCES","GENALG",1,"+ Snow"
"31_2_PXX",1,"2015-2021",2015,2021,"PXX","DESCES-GENALG","DESCES","GENALG",1,"+ Snow"
"41_3_PXX",1.00511182108626,"2015-2021",2015,2021,"PXX","DESCES-GENALG","DESCES","GENALG",1,"+ Snow"
"46_3_PXX",0.97729320598306,"2015-2021",2015,2021,"PXX","DESCES-GENALG","DESCES","GENALG",1,"+ Snow"
"12_1_PXX",0.764611689351481,"2015-2021",2015,2021,"PXX","DESCES-GEUROS","DESCES","GEUROS",1,"+ Snow"
"16_1_PXX",0.966945150744642,"2015-2021",2015,2021,"PXX","DESCES-GEUROS","DESCES","GEUROS",1,"+ Snow"
"26_2_PXX",0.973684210526316,"2015-2021",2015,2021,"PXX","DESCES-GEUROS","DESCES","GEUROS",1,"+ Snow"
"31_2_PXX",0.810666666666667,"2015-2021",2015,2021,"PXX","DESCES-GEUROS","DESCES","GEUROS",1,"+ Snow"
"41_3_PXX",0.768292682926829,"2015-2021",2015,2021,"PXX","DESCES-GEUROS","DESCES","GEUROS",1,"+ Snow"
"46_3_PXX",0.894453419493807,"2015-2021",2015,2021,"PXX","DESCES-GEUROS","DESCES","GEUROS",1,"+ Snow"
"12_1_PXX",0.804700162074554,"2015-2021",2015,2021,"PXX","DESCES-TRIPAR","DESCES","TRIPAR",1,"+ Snow"
"16_1_PXX",0.46640229125358,"2015-2021",2015,2021,"PXX","DESCES-TRIPAR","DESCES","TRIPAR",1,"+ Snow"
"26_2_PXX",0.505938242280285,"2015-2021",2015,2021,"PXX","DESCES-TRIPAR","DESCES","TRIPAR",1,"+ Snow"
"31_2_PXX",0.434963579604579,"2015-2021",2015,2021,"PXX","DESCES-TRIPAR","DESCES","TRIPAR",1,"+ Snow"
"41_3_PXX",0.609453471196455,"2015-2021",2015,2021,"PXX","DESCES-TRIPAR","DESCES","TRIPAR",1,"+ Snow"
"46_3_PXX",1.01766083979095,"2015-2021",2015,2021,"PXX","DESCES-TRIPAR","DESCES","TRIPAR",1,"+ Snow"
"12_1_PXX",1.54624277456647,"2015-2021",2015,2021,"PXX","GENALG-GEUROS","GENALG","GEUROS",1,"+ Snow"
"16_1_PXX",1.06315789473684,"2015-2021",2015,2021,"PXX","GENALG-GEUROS","GENALG","GEUROS",1,"+ Snow"
"26_2_PXX",1.05430809399478,"2015-2021",2015,2021,"PXX","GENALG-GEUROS","GENALG","GEUROS",1,"+ Snow"
"31_2_PXX",1,"2015-2021",2015,2021,"PXX","GENALG-GEUROS","GENALG","GEUROS",1,"+ Snow"
"41_3_PXX",1.29963898916967,"2015-2021",2015,2021,"PXX","GENALG-GEUROS","GENALG","GEUROS",1,"+ Snow"
"46_3_PXX",1.1875,"2015-2021",2015,2021,"PXX","GENALG-GEUROS","GENALG","GEUROS",1,"+ Snow"
"12_1_PXX",0.604895104895105,"2015-2021",2015,2021,"PXX","GENALG-TRIPAR","GENALG","TRIPAR",1,"+ Snow"
"16_1_PXX",1.19042123485286,"2015-2021",2015,2021,"PXX","GENALG-TRIPAR","GENALG","TRIPAR",1,"+ Snow"
"26_2_PXX",0.988748241912799,"2015-2021",2015,2021,"PXX","GENALG-TRIPAR","GENALG","TRIPAR",1,"+ Snow"
"31_2_PXX",1,"2015-2021",2015,2021,"PXX","GENALG-TRIPAR","GENALG","TRIPAR",1,"+ Snow"
"41_3_PXX",1.11480362537764,"2015-2021",2015,2021,"PXX","GENALG-TRIPAR","GENALG","TRIPAR",1,"+ Snow"
"46_3_PXX",0.7,"2015-2021",2015,2021,"PXX","GENALG-TRIPAR","GENALG","TRIPAR",1,"+ Snow"
"12_1_PXX",0.855670103092784,"2015-2021",2015,2021,"PXX","GEUROS-TRIPAR","GEUROS","TRIPAR",1,"+ Snow"
"16_1_PXX",1.10652920962199,"2015-2021",2015,2021,"PXX","GEUROS-TRIPAR","GEUROS","TRIPAR",1,"+ Snow"
"26_2_PXX",0.432348367029549,"2015-2021",2015,2021,"PXX","GEUROS-TRIPAR","GEUROS","TRIPAR",1,"+ Snow"
"31_2_PXX",1.11695137976347,"2015-2021",2015,2021,"PXX","GEUROS-TRIPAR","GEUROS","TRIPAR",1,"+ Snow"
"41_3_PXX",0.851668726823239,"2015-2021",2015,2021,"PXX","GEUROS-TRIPAR","GEUROS","TRIPAR",1,"+ Snow"
"46_3_PXX",0.8125,"2015-2021",2015,2021,"PXX","GEUROS-TRIPAR","GEUROS","TRIPAR",1,"+ Snow"
"12_1_PXX",1.55777374470659,"2016-2022",2016,2022,"PXX","ARTSCO-BISBIS","ARTSCO","BISBIS",1,"+ Snow"
"16_1_PXX",1.01860877270713,"2016-2022",2016,2022,"PXX","ARTSCO-BISBIS","ARTSCO","BISBIS",1,"+ Snow"
"26_2_PXX",1.09251101321586,"2016-2022",2016,2022,"PXX","ARTSCO-BISBIS","ARTSCO","BISBIS",1,"+ Snow"
"31_2_PXX",1.14665801427644,"2016-2022",2016,2022,"PXX","ARTSCO-BISBIS","ARTSCO","BISBIS",1,"+ Snow"
"41_3_PXX",1.52406417112299,"2016-2022",2016,2022,"PXX","ARTSCO-BISBIS","ARTSCO","BISBIS",1,"+ Snow"
"46_3_PXX",1.00967741935484,"2016-2022",2016,2022,"PXX","ARTSCO-BISBIS","ARTSCO","BISBIS",1,"+ Snow"
"12_1_PXX",1.38150289017341,"2016-2022",2016,2022,"PXX","ARTSCO-CALLEP","ARTSCO","CALLEP",1,"+ Snow"
"16_1_PXX",1.23204419889503,"2016-2022",2016,2022,"PXX","ARTSCO-CALLEP","ARTSCO","CALLEP",1,"+ Snow"
"26_2_PXX",0.682269503546099,"2016-2022",2016,2022,"PXX","ARTSCO-CALLEP","ARTSCO","CALLEP",1,"+ Snow"
"31_2_PXX",0.807137433561124,"2016-2022",2016,2022,"PXX","ARTSCO-CALLEP","ARTSCO","CALLEP",1,"+ Snow"
"41_3_PXX",1.36842105263158,"2016-2022",2016,2022,"PXX","ARTSCO-CALLEP","ARTSCO","CALLEP",1,"+ Snow"
"46_3_PXX",1.72608695652174,"2016-2022",2016,2022,"PXX","ARTSCO-CALLEP","ARTSCO","CALLEP",1,"+ Snow"
"12_1_PXX",0.749785775492716,"2016-2022",2016,2022,"PXX","ARTSCO-CARSCO","ARTSCO","CARSCO",1,"+ Snow"
"16_1_PXX",1.15981735159817,"2016-2022",2016,2022,"PXX","ARTSCO-CARSCO","ARTSCO","CARSCO",1,"+ Snow"
"26_2_PXX",1,"2016-2022",2016,2022,"PXX","ARTSCO-CARSCO","ARTSCO","CARSCO",1,"+ Snow"
"31_2_PXX",1.19563581640331,"2016-2022",2016,2022,"PXX","ARTSCO-CARSCO","ARTSCO","CARSCO",1,"+ Snow"
"41_3_PXX",1.22857142857143,"2016-2022",2016,2022,"PXX","ARTSCO-CARSCO","ARTSCO","CARSCO",1,"+ Snow"
"46_3_PXX",0.396145610278373,"2016-2022",2016,2022,"PXX","ARTSCO-CARSCO","ARTSCO","CARSCO",1,"+ Snow"
"12_1_PXX",0.801795809777187,"2016-2022",2016,2022,"PXX","ARTSCO-DESCES","ARTSCO","DESCES",1,"+ Snow"
"16_1_PXX",0.981879368366554,"2016-2022",2016,2022,"PXX","ARTSCO-DESCES","ARTSCO","DESCES",1,"+ Snow"
"26_2_PXX",1.51918158567775,"2016-2022",2016,2022,"PXX","ARTSCO-DESCES","ARTSCO","DESCES",1,"+ Snow"
"31_2_PXX",0.48335552596538,"2016-2022",2016,2022,"PXX","ARTSCO-DESCES","ARTSCO","DESCES",1,"+ Snow"
"41_3_PXX",0.676437429537768,"2016-2022",2016,2022,"PXX","ARTSCO-DESCES","ARTSCO","DESCES",1,"+ Snow"
"46_3_PXX",0.532445923460898,"2016-2022",2016,2022,"PXX","ARTSCO-DESCES","ARTSCO","DESCES",1,"+ Snow"
"12_1_PXX",1.35754189944134,"2016-2022",2016,2022,"PXX","ARTSCO-GENALG","ARTSCO","GENALG",1,"+ Snow"
"16_1_PXX",0.867924528301887,"2016-2022",2016,2022,"PXX","ARTSCO-GENALG","ARTSCO","GENALG",1,"+ Snow"
"26_2_PXX",1.04172876304024,"2016-2022",2016,2022,"PXX","ARTSCO-GENALG","ARTSCO","GENALG",1,"+ Snow"
"31_2_PXX",1,"2016-2022",2016,2022,"PXX","ARTSCO-GENALG","ARTSCO","GENALG",1,"+ Snow"
"41_3_PXX",1.23628691983122,"2016-2022",2016,2022,"PXX","ARTSCO-GENALG","ARTSCO","GENALG",1,"+ Snow"
"46_3_PXX",1.13218884120172,"2016-2022",2016,2022,"PXX","ARTSCO-GENALG","ARTSCO","GENALG",1,"+ Snow"
"12_1_PXX",1.65562913907285,"2016-2022",2016,2022,"PXX","ARTSCO-GEUROS","ARTSCO","GEUROS",1,"+ Snow"
"16_1_PXX",1.39130434782609,"2016-2022",2016,2022,"PXX","ARTSCO-GEUROS","ARTSCO","GEUROS",1,"+ Snow"
"26_2_PXX",1,"2016-2022",2016,2022,"PXX","ARTSCO-GEUROS","ARTSCO","GEUROS",1,"+ Snow"
"31_2_PXX",1.05765765765766,"2016-2022",2016,2022,"PXX","ARTSCO-GEUROS","ARTSCO","GEUROS",1,"+ Snow"
"41_3_PXX",1.4572864321608,"2016-2022",2016,2022,"PXX","ARTSCO-GEUROS","ARTSCO","GEUROS",1,"+ Snow"
"46_3_PXX",1.41429731925264,"2016-2022",2016,2022,"PXX","ARTSCO-GEUROS","ARTSCO","GEUROS",1,"+ Snow"
"12_1_PXX",0.848684210526316,"2016-2022",2016,2022,"PXX","ARTSCO-TRIPAR","ARTSCO","TRIPAR",1,"+ Snow"
"16_1_PXX",1.20164609053498,"2016-2022",2016,2022,"PXX","ARTSCO-TRIPAR","ARTSCO","TRIPAR",1,"+ Snow"
"26_2_PXX",0.612377850162866,"2016-2022",2016,2022,"PXX","ARTSCO-TRIPAR","ARTSCO","TRIPAR",1,"+ Snow"
"31_2_PXX",1.30885380919698,"2016-2022",2016,2022,"PXX","ARTSCO-TRIPAR","ARTSCO","TRIPAR",1,"+ Snow"
"41_3_PXX",1.60791826309068,"2016-2022",2016,2022,"PXX","ARTSCO-TRIPAR","ARTSCO","TRIPAR",1,"+ Snow"
"46_3_PXX",0.986074847693647,"2016-2022",2016,2022,"PXX","ARTSCO-TRIPAR","ARTSCO","TRIPAR",1,"+ Snow"
"12_1_PXX",1.41728395061728,"2016-2022",2016,2022,"PXX","BISBIS-CALLEP","BISBIS","CALLEP",1,"+ Snow"
"16_1_PXX",1.03496843127732,"2016-2022",2016,2022,"PXX","BISBIS-CALLEP","BISBIS","CALLEP",1,"+ Snow"
"26_2_PXX",1.22769230769231,"2016-2022",2016,2022,"PXX","BISBIS-CALLEP","BISBIS","CALLEP",1,"+ Snow"
"31_2_PXX",1.09248554913295,"2016-2022",2016,2022,"PXX","BISBIS-CALLEP","BISBIS","CALLEP",1,"+ Snow"
"41_3_PXX",1.3304347826087,"2016-2022",2016,2022,"PXX","BISBIS-CALLEP","BISBIS","CALLEP",1,"+ Snow"
"46_3_PXX",1.05050505050505,"2016-2022",2016,2022,"PXX","BISBIS-CALLEP","BISBIS","CALLEP",1,"+ Snow"
"12_1_PXX",1.0318946091177,"2016-2022",2016,2022,"PXX","BISBIS-CARSCO","BISBIS","CARSCO",1,"+ Snow"
"16_1_PXX",1.15352601156069,"2016-2022",2016,2022,"PXX","BISBIS-CARSCO","BISBIS","CARSCO",1,"+ Snow"
"26_2_PXX",1.06691449814126,"2016-2022",2016,2022,"PXX","BISBIS-CARSCO","BISBIS","CARSCO",1,"+ Snow"
"31_2_PXX",1.63966480446927,"2016-2022",2016,2022,"PXX","BISBIS-CARSCO","BISBIS","CARSCO",1,"+ Snow"
"41_3_PXX",1.50480769230769,"2016-2022",2016,2022,"PXX","BISBIS-CARSCO","BISBIS","CARSCO",1,"+ Snow"
"46_3_PXX",0.878048780487805,"2016-2022",2016,2022,"PXX","BISBIS-CARSCO","BISBIS","CARSCO",1,"+ Snow"
"12_1_PXX",0.484347627389748,"2016-2022",2016,2022,"PXX","BISBIS-DESCES","BISBIS","DESCES",1,"+ Snow"
"16_1_PXX",0.443582716193364,"2016-2022",2016,2022,"PXX","BISBIS-DESCES","BISBIS","DESCES",1,"+ Snow"
"26_2_PXX",1.19932432432432,"2016-2022",2016,2022,"PXX","BISBIS-DESCES","BISBIS","DESCES",1,"+ Snow"
"31_2_PXX",0.577963600590261,"2016-2022",2016,2022,"PXX","BISBIS-DESCES","BISBIS","DESCES",1,"+ Snow"
"41_3_PXX",0.632941176470588,"2016-2022",2016,2022,"PXX","BISBIS-DESCES","BISBIS","DESCES",1,"+ Snow"
"46_3_PXX",0.906382978723404,"2016-2022",2016,2022,"PXX","BISBIS-DESCES","BISBIS","DESCES",1,"+ Snow"
"12_1_PXX",0.949965729952022,"2016-2022",2016,2022,"PXX","BISBIS-GENALG","BISBIS","GENALG",1,"+ Snow"
"16_1_PXX",1.1394540942928,"2016-2022",2016,2022,"PXX","BISBIS-GENALG","BISBIS","GENALG",1,"+ Snow"
"26_2_PXX",1.11683848797251,"2016-2022",2016,2022,"PXX","BISBIS-GENALG","BISBIS","GENALG",1,"+ Snow"
"31_2_PXX",1,"2016-2022",2016,2022,"PXX","BISBIS-GENALG","BISBIS","GENALG",1,"+ Snow"
"41_3_PXX",1.06134969325153,"2016-2022",2016,2022,"PXX","BISBIS-GENALG","BISBIS","GENALG",1,"+ Snow"
"46_3_PXX",1.47863247863248,"2016-2022",2016,2022,"PXX","BISBIS-GENALG","BISBIS","GENALG",1,"+ Snow"
"12_1_PXX",1.43988269794721,"2016-2022",2016,2022,"PXX","BISBIS-GEUROS","BISBIS","GEUROS",1,"+ Snow"
"16_1_PXX",1.05547300643883,"2016-2022",2016,2022,"PXX","BISBIS-GEUROS","BISBIS","GEUROS",1,"+ Snow"
"26_2_PXX",0.89051094890511,"2016-2022",2016,2022,"PXX","BISBIS-GEUROS","BISBIS","GEUROS",1,"+ Snow"
"31_2_PXX",0.761409127301842,"2016-2022",2016,2022,"PXX","BISBIS-GEUROS","BISBIS","GEUROS",1,"+ Snow"
"41_3_PXX",1.41975308641975,"2016-2022",2016,2022,"PXX","BISBIS-GEUROS","BISBIS","GEUROS",1,"+ Snow"
"46_3_PXX",1.29508196721311,"2016-2022",2016,2022,"PXX","BISBIS-GEUROS","BISBIS","GEUROS",1,"+ Snow"
"12_1_PXX",1.38385020479813,"2016-2022",2016,2022,"PXX","BISBIS-TRIPAR","BISBIS","TRIPAR",1,"+ Snow"
"16_1_PXX",1.7031035429827,"2016-2022",2016,2022,"PXX","BISBIS-TRIPAR","BISBIS","TRIPAR",1,"+ Snow"
"26_2_PXX",0.85377358490566,"2016-2022",2016,2022,"PXX","BISBIS-TRIPAR","BISBIS","TRIPAR",1,"+ Snow"
"31_2_PXX",1.26543209876543,"2016-2022",2016,2022,"PXX","BISBIS-TRIPAR","BISBIS","TRIPAR",1,"+ Snow"
"41_3_PXX",1.81259842519685,"2016-2022",2016,2022,"PXX","BISBIS-TRIPAR","BISBIS","TRIPAR",1,"+ Snow"
"46_3_PXX",0.821782178217822,"2016-2022",2016,2022,"PXX","BISBIS-TRIPAR","BISBIS","TRIPAR",1,"+ Snow"
"12_1_PXX",1.1898597626753,"2016-2022",2016,2022,"PXX","CALLEP-CARSCO","CALLEP","CARSCO",1,"+ Snow"
"16_1_PXX",1.0238683127572,"2016-2022",2016,2022,"PXX","CALLEP-CARSCO","CALLEP","CARSCO",1,"+ Snow"
"26_2_PXX",1.36363636363636,"2016-2022",2016,2022,"PXX","CALLEP-CARSCO","CALLEP","CARSCO",1,"+ Snow"
"31_2_PXX",1.11940298507463,"2016-2022",2016,2022,"PXX","CALLEP-CARSCO","CALLEP","CARSCO",1,"+ Snow"
"41_3_PXX",0.757225433526012,"2016-2022",2016,2022,"PXX","CALLEP-CARSCO","CALLEP","CARSCO",1,"+ Snow"
"46_3_PXX",0.225352112676056,"2016-2022",2016,2022,"PXX","CALLEP-CARSCO","CALLEP","CARSCO",1,"+ Snow"
"12_1_PXX",0.773072113380575,"2016-2022",2016,2022,"PXX","CALLEP-DESCES","CALLEP","DESCES",1,"+ Snow"
"16_1_PXX",0.996459944932477,"2016-2022",2016,2022,"PXX","CALLEP-DESCES","CALLEP","DESCES",1,"+ Snow"
"26_2_PXX",0.773700305810398,"2016-2022",2016,2022,"PXX","CALLEP-DESCES","CALLEP","DESCES",1,"+ Snow"
"31_2_PXX",1.0873410724157,"2016-2022",2016,2022,"PXX","CALLEP-DESCES","CALLEP","DESCES",1,"+ Snow"
"41_3_PXX",0.823312883435583,"2016-2022",2016,2022,"PXX","CALLEP-DESCES","CALLEP","DESCES",1,"+ Snow"
"46_3_PXX",0.548623853211009,"2016-2022",2016,2022,"PXX","CALLEP-DESCES","CALLEP","DESCES",1,"+ Snow"
"12_1_PXX",0.836923076923077,"2016-2022",2016,2022,"PXX","CALLEP-GENALG","CALLEP","GENALG",1,"+ Snow"
"16_1_PXX",1.1,"2016-2022",2016,2022,"PXX","CALLEP-GENALG","CALLEP","GENALG",1,"+ Snow"
"26_2_PXX",0.852272727272727,"2016-2022",2016,2022,"PXX","CALLEP-GENALG","CALLEP","GENALG",1,"+ Snow"
"31_2_PXX",1,"2016-2022",2016,2022,"PXX","CALLEP-GENALG","CALLEP","GENALG",1,"+ Snow"
"41_3_PXX",1.25806451612903,"2016-2022",2016,2022,"PXX","CALLEP-GENALG","CALLEP","GENALG",1,"+ Snow"
"46_3_PXX",1.0976290097629,"2016-2022",2016,2022,"PXX","CALLEP-GENALG","CALLEP","GENALG",1,"+ Snow"
"12_1_PXX",1.15761821366025,"2016-2022",2016,2022,"PXX","CALLEP-GEUROS","CALLEP","GEUROS",1,"+ Snow"
"16_1_PXX",0.491935483870968,"2016-2022",2016,2022,"PXX","CALLEP-GEUROS","CALLEP","GEUROS",1,"+ Snow"
"26_2_PXX",0.711086226203807,"2016-2022",2016,2022,"PXX","CALLEP-GEUROS","CALLEP","GEUROS",1,"+ Snow"
"31_2_PXX",0.894634146341463,"2016-2022",2016,2022,"PXX","CALLEP-GEUROS","CALLEP","GEUROS",1,"+ Snow"
"41_3_PXX",0.874015748031496,"2016-2022",2016,2022,"PXX","CALLEP-GEUROS","CALLEP","GEUROS",1,"+ Snow"
"46_3_PXX",1.27586206896552,"2016-2022",2016,2022,"PXX","CALLEP-GEUROS","CALLEP","GEUROS",1,"+ Snow"
"12_1_PXX",1.56347826086957,"2016-2022",2016,2022,"PXX","CALLEP-TRIPAR","CALLEP","TRIPAR",1,"+ Snow"
"16_1_PXX",1.07445589919817,"2016-2022",2016,2022,"PXX","CALLEP-TRIPAR","CALLEP","TRIPAR",1,"+ Snow"
"26_2_PXX",1.32248062015504,"2016-2022",2016,2022,"PXX","CALLEP-TRIPAR","CALLEP","TRIPAR",1,"+ Snow"
"31_2_PXX",0.641221374045801,"2016-2022",2016,2022,"PXX","CALLEP-TRIPAR","CALLEP","TRIPAR",1,"+ Snow"
"41_3_PXX",1.75959595959596,"2016-2022",2016,2022,"PXX","CALLEP-TRIPAR","CALLEP","TRIPAR",1,"+ Snow"
"46_3_PXX",1.03708987161198,"2016-2022",2016,2022,"PXX","CALLEP-TRIPAR","CALLEP","TRIPAR",1,"+ Snow"
"12_1_PXX",0.852824578790882,"2016-2022",2016,2022,"PXX","CARSCO-DESCES","CARSCO","DESCES",1,"+ Snow"
"16_1_PXX",0.905251141552511,"2016-2022",2016,2022,"PXX","CARSCO-DESCES","CARSCO","DESCES",1,"+ Snow"
"26_2_PXX",0.911351351351351,"2016-2022",2016,2022,"PXX","CARSCO-DESCES","CARSCO","DESCES",1,"+ Snow"
"31_2_PXX",0.791323448654585,"2016-2022",2016,2022,"PXX","CARSCO-DESCES","CARSCO","DESCES",1,"+ Snow"
"41_3_PXX",0.506607929515418,"2016-2022",2016,2022,"PXX","CARSCO-DESCES","CARSCO","DESCES",1,"+ Snow"
"46_3_PXX",1.28532360984503,"2016-2022",2016,2022,"PXX","CARSCO-DESCES","CARSCO","DESCES",1,"+ Snow"
"12_1_PXX",0.846222619579794,"2016-2022",2016,2022,"PXX","CARSCO-GENALG","CARSCO","GENALG",1,"+ Snow"
"16_1_PXX",0.944677284157586,"2016-2022",2016,2022,"PXX","CARSCO-GENALG","CARSCO","GENALG",1,"+ Snow"
"26_2_PXX",1.25,"2016-2022",2016,2022,"PXX","CARSCO-GENALG","CARSCO","GENALG",1,"+ Snow"
"31_2_PXX",1,"2016-2022",2016,2022,"PXX","CARSCO-GENALG","CARSCO","GENALG",1,"+ Snow"
"41_3_PXX",0.974910394265233,"2016-2022",2016,2022,"PXX","CARSCO-GENALG","CARSCO","GENALG",1,"+ Snow"
"46_3_PXX",0.868456375838926,"2016-2022",2016,2022,"PXX","CARSCO-GENALG","CARSCO","GENALG",1,"+ Snow"
"12_1_PXX",0.815254237288136,"2016-2022",2016,2022,"PXX","CARSCO-GEUROS","CARSCO","GEUROS",1,"+ Snow"
"16_1_PXX",0.994142259414226,"2016-2022",2016,2022,"PXX","CARSCO-GEUROS","CARSCO","GEUROS",1,"+ Snow"
"26_2_PXX",0.89247311827957,"2016-2022",2016,2022,"PXX","CARSCO-GEUROS","CARSCO","GEUROS",1,"+ Snow"
"31_2_PXX",0.728061716489875,"2016-2022",2016,2022,"PXX","CARSCO-GEUROS","CARSCO","GEUROS",1,"+ Snow"
"41_3_PXX",1.63636363636364,"2016-2022",2016,2022,"PXX","CARSCO-GEUROS","CARSCO","GEUROS",1,"+ Snow"
"46_3_PXX",0.81750924784217,"2016-2022",2016,2022,"PXX","CARSCO-GEUROS","CARSCO","GEUROS",1,"+ Snow"
"12_1_PXX",1.44623200677392,"2016-2022",2016,2022,"PXX","CARSCO-TRIPAR","CARSCO","TRIPAR",1,"+ Snow"
"16_1_PXX",1.07976071784646,"2016-2022",2016,2022,"PXX","CARSCO-TRIPAR","CARSCO","TRIPAR",1,"+ Snow"
"26_2_PXX",1.13921901528014,"2016-2022",2016,2022,"PXX","CARSCO-TRIPAR","CARSCO","TRIPAR",1,"+ Snow"
"31_2_PXX",1.27372262773723,"2016-2022",2016,2022,"PXX","CARSCO-TRIPAR","CARSCO","TRIPAR",1,"+ Snow"
"41_3_PXX",1.12918108419839,"2016-2022",2016,2022,"PXX","CARSCO-TRIPAR","CARSCO","TRIPAR",1,"+ Snow"
"46_3_PXX",0.939643347050754,"2016-2022",2016,2022,"PXX","CARSCO-TRIPAR","CARSCO","TRIPAR",1,"+ Snow"
"12_1_PXX",0.982930539124556,"2016-2022",2016,2022,"PXX","DESCES-GENALG","DESCES","GENALG",1,"+ Snow"
"16_1_PXX",0.924128862590401,"2016-2022",2016,2022,"PXX","DESCES-GENALG","DESCES","GENALG",1,"+ Snow"
"26_2_PXX",0.818373812038015,"2016-2022",2016,2022,"PXX","DESCES-GENALG","DESCES","GENALG",1,"+ Snow"
"31_2_PXX",1,"2016-2022",2016,2022,"PXX","DESCES-GENALG","DESCES","GENALG",1,"+ Snow"
"41_3_PXX",1.00639795265515,"2016-2022",2016,2022,"PXX","DESCES-GENALG","DESCES","GENALG",1,"+ Snow"
"46_3_PXX",0.973405698778833,"2016-2022",2016,2022,"PXX","DESCES-GENALG","DESCES","GENALG",1,"+ Snow"
"12_1_PXX",0.811258278145695,"2016-2022",2016,2022,"PXX","DESCES-GEUROS","DESCES","GEUROS",1,"+ Snow"
"16_1_PXX",0.9825161035888,"2016-2022",2016,2022,"PXX","DESCES-GEUROS","DESCES","GEUROS",1,"+ Snow"
"26_2_PXX",1.3972602739726,"2016-2022",2016,2022,"PXX","DESCES-GEUROS","DESCES","GEUROS",1,"+ Snow"
"31_2_PXX",0.616519174041298,"2016-2022",2016,2022,"PXX","DESCES-GEUROS","DESCES","GEUROS",1,"+ Snow"
"41_3_PXX",0.737819025522042,"2016-2022",2016,2022,"PXX","DESCES-GEUROS","DESCES","GEUROS",1,"+ Snow"
"46_3_PXX",0.90455878432418,"2016-2022",2016,2022,"PXX","DESCES-GEUROS","DESCES","GEUROS",1,"+ Snow"
"12_1_PXX",0.856007944389275,"2016-2022",2016,2022,"PXX","DESCES-TRIPAR","DESCES","TRIPAR",1,"+ Snow"
"16_1_PXX",0.460204324067474,"2016-2022",2016,2022,"PXX","DESCES-TRIPAR","DESCES","TRIPAR",1,"+ Snow"
"26_2_PXX",0.167553191489362,"2016-2022",2016,2022,"PXX","DESCES-TRIPAR","DESCES","TRIPAR",1,"+ Snow"
"31_2_PXX",0.452026680348897,"2016-2022",2016,2022,"PXX","DESCES-TRIPAR","DESCES","TRIPAR",1,"+ Snow"
"41_3_PXX",0.604075691411936,"2016-2022",2016,2022,"PXX","DESCES-TRIPAR","DESCES","TRIPAR",1,"+ Snow"
"46_3_PXX",1.03761242845462,"2016-2022",2016,2022,"PXX","DESCES-TRIPAR","DESCES","TRIPAR",1,"+ Snow"
"12_1_PXX",1.21951219512195,"2016-2022",2016,2022,"PXX","GENALG-GEUROS","GENALG","GEUROS",1,"+ Snow"
"16_1_PXX",0.825,"2016-2022",2016,2022,"PXX","GENALG-GEUROS","GENALG","GEUROS",1,"+ Snow"
"26_2_PXX",0.916181606519208,"2016-2022",2016,2022,"PXX","GENALG-GEUROS","GENALG","GEUROS",1,"+ Snow"
"31_2_PXX",1,"2016-2022",2016,2022,"PXX","GENALG-GEUROS","GENALG","GEUROS",1,"+ Snow"
"41_3_PXX",1.06417112299465,"2016-2022",2016,2022,"PXX","GENALG-GEUROS","GENALG","GEUROS",1,"+ Snow"
"46_3_PXX",1.64814814814815,"2016-2022",2016,2022,"PXX","GENALG-GEUROS","GENALG","GEUROS",1,"+ Snow"
"12_1_PXX",0.497584541062802,"2016-2022",2016,2022,"PXX","GENALG-TRIPAR","GENALG","TRIPAR",1,"+ Snow"
"16_1_PXX",1.18213866039953,"2016-2022",2016,2022,"PXX","GENALG-TRIPAR","GENALG","TRIPAR",1,"+ Snow"
"26_2_PXX",1.16693944353519,"2016-2022",2016,2022,"PXX","GENALG-TRIPAR","GENALG","TRIPAR",1,"+ Snow"
"31_2_PXX",1,"2016-2022",2016,2022,"PXX","GENALG-TRIPAR","GENALG","TRIPAR",1,"+ Snow"
"41_3_PXX",1.11357340720222,"2016-2022",2016,2022,"PXX","GENALG-TRIPAR","GENALG","TRIPAR",1,"+ Snow"
"46_3_PXX",0.730769230769231,"2016-2022",2016,2022,"PXX","GENALG-TRIPAR","GENALG","TRIPAR",1,"+ Snow"
"12_1_PXX",0.836363636363636,"2016-2022",2016,2022,"PXX","GEUROS-TRIPAR","GEUROS","TRIPAR",1,"+ Snow"
"16_1_PXX",1.05744431418523,"2016-2022",2016,2022,"PXX","GEUROS-TRIPAR","GEUROS","TRIPAR",1,"+ Snow"
"26_2_PXX",0.548022598870057,"2016-2022",2016,2022,"PXX","GEUROS-TRIPAR","GEUROS","TRIPAR",1,"+ Snow"
"31_2_PXX",1.3931330472103,"2016-2022",2016,2022,"PXX","GEUROS-TRIPAR","GEUROS","TRIPAR",1,"+ Snow"
"41_3_PXX",1.15226939970717,"2016-2022",2016,2022,"PXX","GEUROS-TRIPAR","GEUROS","TRIPAR",1,"+ Snow"
"46_3_PXX",0.826086956521739,"2016-2022",2016,2022,"PXX","GEUROS-TRIPAR","GEUROS","TRIPAR",1,"+ Snow"
"12_1_PXX",1.55771643663739,"2017-2023",2017,2023,"PXX","ARTSCO-BISBIS","ARTSCO","BISBIS",1,"+ Snow"
"16_1_PXX",0.993707865168539,"2017-2023",2017,2023,"PXX","ARTSCO-BISBIS","ARTSCO","BISBIS",1,"+ Snow"
"26_2_PXX",0.843691148775895,"2017-2023",2017,2023,"PXX","ARTSCO-BISBIS","ARTSCO","BISBIS",1,"+ Snow"
"31_2_PXX",0.87799043062201,"2017-2023",2017,2023,"PXX","ARTSCO-BISBIS","ARTSCO","BISBIS",1,"+ Snow"
"41_3_PXX",1.75502008032129,"2017-2023",2017,2023,"PXX","ARTSCO-BISBIS","ARTSCO","BISBIS",1,"+ Snow"
"46_3_PXX",1.09259259259259,"2017-2023",2017,2023,"PXX","ARTSCO-BISBIS","ARTSCO","BISBIS",1,"+ Snow"
"12_1_PXX",1.4640625,"2017-2023",2017,2023,"PXX","ARTSCO-CALLEP","ARTSCO","CALLEP",1,"+ Snow"
"16_1_PXX",1.57142857142857,"2017-2023",2017,2023,"PXX","ARTSCO-CALLEP","ARTSCO","CALLEP",1,"+ Snow"
"26_2_PXX",0.93733681462141,"2017-2023",2017,2023,"PXX","ARTSCO-CALLEP","ARTSCO","CALLEP",1,"+ Snow"
"31_2_PXX",0.779865771812081,"2017-2023",2017,2023,"PXX","ARTSCO-CALLEP","ARTSCO","CALLEP",1,"+ Snow"
"41_3_PXX",1.6580310880829,"2017-2023",2017,2023,"PXX","ARTSCO-CALLEP","ARTSCO","CALLEP",1,"+ Snow"
"46_3_PXX",1.67223382045929,"2017-2023",2017,2023,"PXX","ARTSCO-CALLEP","ARTSCO","CALLEP",1,"+ Snow"
"12_1_PXX",0.752001731227007,"2017-2023",2017,2023,"PXX","ARTSCO-CARSCO","ARTSCO","CARSCO",1,"+ Snow"
"16_1_PXX",1.15981735159817,"2017-2023",2017,2023,"PXX","ARTSCO-CARSCO","ARTSCO","CARSCO",1,"+ Snow"
"26_2_PXX",0.9828418230563,"2017-2023",2017,2023,"PXX","ARTSCO-CARSCO","ARTSCO","CARSCO",1,"+ Snow"
"31_2_PXX",1.10356422326833,"2017-2023",2017,2023,"PXX","ARTSCO-CARSCO","ARTSCO","CARSCO",1,"+ Snow"
"41_3_PXX",1.04693140794224,"2017-2023",2017,2023,"PXX","ARTSCO-CARSCO","ARTSCO","CARSCO",1,"+ Snow"
"46_3_PXX",0.845181674565561,"2017-2023",2017,2023,"PXX","ARTSCO-CARSCO","ARTSCO","CARSCO",1,"+ Snow"
"12_1_PXX",0.756974290849418,"2017-2023",2017,2023,"PXX","ARTSCO-DESCES","ARTSCO","DESCES",1,"+ Snow"
"16_1_PXX",1.05168986083499,"2017-2023",2017,2023,"PXX","ARTSCO-DESCES","ARTSCO","DESCES",1,"+ Snow"
"26_2_PXX",1.33233979135618,"2017-2023",2017,2023,"PXX","ARTSCO-DESCES","ARTSCO","DESCES",1,"+ Snow"
"31_2_PXX",0.609494640122512,"2017-2023",2017,2023,"PXX","ARTSCO-DESCES","ARTSCO","DESCES",1,"+ Snow"
"41_3_PXX",0.603520536462699,"2017-2023",2017,2023,"PXX","ARTSCO-DESCES","ARTSCO","DESCES",1,"+ Snow"
"46_3_PXX",0.469314079422383,"2017-2023",2017,2023,"PXX","ARTSCO-DESCES","ARTSCO","DESCES",1,"+ Snow"
"12_1_PXX",1.27234042553191,"2017-2023",2017,2023,"PXX","ARTSCO-GENALG","ARTSCO","GENALG",1,"+ Snow"
"16_1_PXX",0.867924528301887,"2017-2023",2017,2023,"PXX","ARTSCO-GENALG","ARTSCO","GENALG",1,"+ Snow"
"26_2_PXX",1.12738853503185,"2017-2023",2017,2023,"PXX","ARTSCO-GENALG","ARTSCO","GENALG",1,"+ Snow"
"31_2_PXX",1,"2017-2023",2017,2023,"PXX","ARTSCO-GENALG","ARTSCO","GENALG",1,"+ Snow"
"41_3_PXX",1.22569444444444,"2017-2023",2017,2023,"PXX","ARTSCO-GENALG","ARTSCO","GENALG",1,"+ Snow"
"46_3_PXX",0.764090644973852,"2017-2023",2017,2023,"PXX","ARTSCO-GENALG","ARTSCO","GENALG",1,"+ Snow"
"12_1_PXX",1.35129740518962,"2017-2023",2017,2023,"PXX","ARTSCO-GEUROS","ARTSCO","GEUROS",1,"+ Snow"
"16_1_PXX",1.22875816993464,"2017-2023",2017,2023,"PXX","ARTSCO-GEUROS","ARTSCO","GEUROS",1,"+ Snow"
"26_2_PXX",0.5904,"2017-2023",2017,2023,"PXX","ARTSCO-GEUROS","ARTSCO","GEUROS",1,"+ Snow"
"31_2_PXX",1.14402618657938,"2017-2023",2017,2023,"PXX","ARTSCO-GEUROS","ARTSCO","GEUROS",1,"+ Snow"
"41_3_PXX",1.6,"2017-2023",2017,2023,"PXX","ARTSCO-GEUROS","ARTSCO","GEUROS",1,"+ Snow"
"46_3_PXX",1.38601210490921,"2017-2023",2017,2023,"PXX","ARTSCO-GEUROS","ARTSCO","GEUROS",1,"+ Snow"
"12_1_PXX",1.33642930856553,"2017-2023",2017,2023,"PXX","ARTSCO-TRIPAR","ARTSCO","TRIPAR",1,"+ Snow"
"16_1_PXX",0.91812865497076,"2017-2023",2017,2023,"PXX","ARTSCO-TRIPAR","ARTSCO","TRIPAR",1,"+ Snow"
"26_2_PXX",0.861896838602329,"2017-2023",2017,2023,"PXX","ARTSCO-TRIPAR","ARTSCO","TRIPAR",1,"+ Snow"
"31_2_PXX",1.16904909881914,"2017-2023",2017,2023,"PXX","ARTSCO-TRIPAR","ARTSCO","TRIPAR",1,"+ Snow"
"41_3_PXX",1.51135005973716,"2017-2023",2017,2023,"PXX","ARTSCO-TRIPAR","ARTSCO","TRIPAR",1,"+ Snow"
"46_3_PXX",0.960142348754448,"2017-2023",2017,2023,"PXX","ARTSCO-TRIPAR","ARTSCO","TRIPAR",1,"+ Snow"
"12_1_PXX",1.54444444444444,"2017-2023",2017,2023,"PXX","BISBIS-CALLEP","BISBIS","CALLEP",1,"+ Snow"
"16_1_PXX",1.06806028196403,"2017-2023",2017,2023,"PXX","BISBIS-CALLEP","BISBIS","CALLEP",1,"+ Snow"
"26_2_PXX",1.06896551724138,"2017-2023",2017,2023,"PXX","BISBIS-CALLEP","BISBIS","CALLEP",1,"+ Snow"
"31_2_PXX",1.20382165605096,"2017-2023",2017,2023,"PXX","BISBIS-CALLEP","BISBIS","CALLEP",1,"+ Snow"
"41_3_PXX",1.51807228915663,"2017-2023",2017,2023,"PXX","BISBIS-CALLEP","BISBIS","CALLEP",1,"+ Snow"
"46_3_PXX",1.04458598726115,"2017-2023",2017,2023,"PXX","BISBIS-CALLEP","BISBIS","CALLEP",1,"+ Snow"
"12_1_PXX",1.09813687511529,"2017-2023",2017,2023,"PXX","BISBIS-CARSCO","BISBIS","CARSCO",1,"+ Snow"
"16_1_PXX",1.15746564174237,"2017-2023",2017,2023,"PXX","BISBIS-CARSCO","BISBIS","CARSCO",1,"+ Snow"
"26_2_PXX",1.06691449814126,"2017-2023",2017,2023,"PXX","BISBIS-CARSCO","BISBIS","CARSCO",1,"+ Snow"
"31_2_PXX",1.58520900321543,"2017-2023",2017,2023,"PXX","BISBIS-CARSCO","BISBIS","CARSCO",1,"+ Snow"
"41_3_PXX",1.3,"2017-2023",2017,2023,"PXX","BISBIS-CARSCO","BISBIS","CARSCO",1,"+ Snow"
"46_3_PXX",1.06752411575563,"2017-2023",2017,2023,"PXX","BISBIS-CARSCO","BISBIS","CARSCO",1,"+ Snow"
"12_1_PXX",0.551077443553725,"2017-2023",2017,2023,"PXX","BISBIS-DESCES","BISBIS","DESCES",1,"+ Snow"
"16_1_PXX",0.435519715537495,"2017-2023",2017,2023,"PXX","BISBIS-DESCES","BISBIS","DESCES",1,"+ Snow"
"26_2_PXX",1.3125,"2017-2023",2017,2023,"PXX","BISBIS-DESCES","BISBIS","DESCES",1,"+ Snow"
"31_2_PXX",0.6991643454039,"2017-2023",2017,2023,"PXX","BISBIS-DESCES","BISBIS","DESCES",1,"+ Snow"
"41_3_PXX",0.536878216123499,"2017-2023",2017,2023,"PXX","BISBIS-DESCES","BISBIS","DESCES",1,"+ Snow"
"46_3_PXX",0.874626865671642,"2017-2023",2017,2023,"PXX","BISBIS-DESCES","BISBIS","DESCES",1,"+ Snow"
"12_1_PXX",0.878740157480315,"2017-2023",2017,2023,"PXX","BISBIS-GENALG","BISBIS","GENALG",1,"+ Snow"
"16_1_PXX",1.14271306101866,"2017-2023",2017,2023,"PXX","BISBIS-GENALG","BISBIS","GENALG",1,"+ Snow"
"26_2_PXX",0.847222222222222,"2017-2023",2017,2023,"PXX","BISBIS-GENALG","BISBIS","GENALG",1,"+ Snow"
"31_2_PXX",1,"2017-2023",2017,2023,"PXX","BISBIS-GENALG","BISBIS","GENALG",1,"+ Snow"
"41_3_PXX",1.01709401709402,"2017-2023",2017,2023,"PXX","BISBIS-GENALG","BISBIS","GENALG",1,"+ Snow"
"46_3_PXX",0.806004618937644,"2017-2023",2017,2023,"PXX","BISBIS-GENALG","BISBIS","GENALG",1,"+ Snow"
"12_1_PXX",1.22598001537279,"2017-2023",2017,2023,"PXX","BISBIS-GEUROS","BISBIS","GEUROS",1,"+ Snow"
"16_1_PXX",1.03247082699137,"2017-2023",2017,2023,"PXX","BISBIS-GEUROS","BISBIS","GEUROS",1,"+ Snow"
"26_2_PXX",1.32743362831858,"2017-2023",2017,2023,"PXX","BISBIS-GEUROS","BISBIS","GEUROS",1,"+ Snow"
"31_2_PXX",0.659305993690852,"2017-2023",2017,2023,"PXX","BISBIS-GEUROS","BISBIS","GEUROS",1,"+ Snow"
"41_3_PXX",1.76258992805755,"2017-2023",2017,2023,"PXX","BISBIS-GEUROS","BISBIS","GEUROS",1,"+ Snow"
"46_3_PXX",1.35175879396985,"2017-2023",2017,2023,"PXX","BISBIS-GEUROS","BISBIS","GEUROS",1,"+ Snow"
"12_1_PXX",1.50650084793669,"2017-2023",2017,2023,"PXX","BISBIS-TRIPAR","BISBIS","TRIPAR",1,"+ Snow"
"16_1_PXX",1.72799208704253,"2017-2023",2017,2023,"PXX","BISBIS-TRIPAR","BISBIS","TRIPAR",1,"+ Snow"
"26_2_PXX",0.717821782178218,"2017-2023",2017,2023,"PXX","BISBIS-TRIPAR","BISBIS","TRIPAR",1,"+ Snow"
"31_2_PXX",1.17551963048499,"2017-2023",2017,2023,"PXX","BISBIS-TRIPAR","BISBIS","TRIPAR",1,"+ Snow"
"41_3_PXX",1.32921810699588,"2017-2023",2017,2023,"PXX","BISBIS-TRIPAR","BISBIS","TRIPAR",1,"+ Snow"
"46_3_PXX",0.760683760683761,"2017-2023",2017,2023,"PXX","BISBIS-TRIPAR","BISBIS","TRIPAR",1,"+ Snow"
"12_1_PXX",1.17282292366241,"2017-2023",2017,2023,"PXX","CALLEP-CARSCO","CALLEP","CARSCO",1,"+ Snow"
"16_1_PXX",1.01138211382114,"2017-2023",2017,2023,"PXX","CALLEP-CARSCO","CALLEP","CARSCO",1,"+ Snow"
"26_2_PXX",1.33333333333333,"2017-2023",2017,2023,"PXX","CALLEP-CARSCO","CALLEP","CARSCO",1,"+ Snow"
"31_2_PXX",1.16279069767442,"2017-2023",2017,2023,"PXX","CALLEP-CARSCO","CALLEP","CARSCO",1,"+ Snow"
"41_3_PXX",0.685567010309278,"2017-2023",2017,2023,"PXX","CALLEP-CARSCO","CALLEP","CARSCO",1,"+ Snow"
"46_3_PXX",0.470873786407767,"2017-2023",2017,2023,"PXX","CALLEP-CARSCO","CALLEP","CARSCO",1,"+ Snow"
"12_1_PXX",0.746262754093174,"2017-2023",2017,2023,"PXX","CALLEP-DESCES","CALLEP","DESCES",1,"+ Snow"
"16_1_PXX",0.997987927565392,"2017-2023",2017,2023,"PXX","CALLEP-DESCES","CALLEP","DESCES",1,"+ Snow"
"26_2_PXX",0.815699658703072,"2017-2023",2017,2023,"PXX","CALLEP-DESCES","CALLEP","DESCES",1,"+ Snow"
"31_2_PXX",1.12121212121212,"2017-2023",2017,2023,"PXX","CALLEP-DESCES","CALLEP","DESCES",1,"+ Snow"
"41_3_PXX",0.717117117117117,"2017-2023",2017,2023,"PXX","CALLEP-DESCES","CALLEP","DESCES",1,"+ Snow"
"46_3_PXX",0.698126301179736,"2017-2023",2017,2023,"PXX","CALLEP-DESCES","CALLEP","DESCES",1,"+ Snow"
"12_1_PXX",0.917721518987342,"2017-2023",2017,2023,"PXX","CALLEP-GENALG","CALLEP","GENALG",1,"+ Snow"
"16_1_PXX",1.04666666666667,"2017-2023",2017,2023,"PXX","CALLEP-GENALG","CALLEP","GENALG",1,"+ Snow"
"26_2_PXX",0.69620253164557,"2017-2023",2017,2023,"PXX","CALLEP-GENALG","CALLEP","GENALG",1,"+ Snow"
"31_2_PXX",1,"2017-2023",2017,2023,"PXX","CALLEP-GENALG","CALLEP","GENALG",1,"+ Snow"
"41_3_PXX",1.13934426229508,"2017-2023",2017,2023,"PXX","CALLEP-GENALG","CALLEP","GENALG",1,"+ Snow"
"46_3_PXX",1.22700119474313,"2017-2023",2017,2023,"PXX","CALLEP-GENALG","CALLEP","GENALG",1,"+ Snow"
"12_1_PXX",1.46685878962536,"2017-2023",2017,2023,"PXX","CALLEP-GEUROS","CALLEP","GEUROS",1,"+ Snow"
"16_1_PXX",0.746376811594203,"2017-2023",2017,2023,"PXX","CALLEP-GEUROS","CALLEP","GEUROS",1,"+ Snow"
"26_2_PXX",0.732374100719424,"2017-2023",2017,2023,"PXX","CALLEP-GEUROS","CALLEP","GEUROS",1,"+ Snow"
"31_2_PXX",0.869244935543278,"2017-2023",2017,2023,"PXX","CALLEP-GEUROS","CALLEP","GEUROS",1,"+ Snow"
"41_3_PXX",1.43243243243243,"2017-2023",2017,2023,"PXX","CALLEP-GEUROS","CALLEP","GEUROS",1,"+ Snow"
"46_3_PXX",1.43781094527363,"2017-2023",2017,2023,"PXX","CALLEP-GEUROS","CALLEP","GEUROS",1,"+ Snow"
"12_1_PXX",1.48588957055215,"2017-2023",2017,2023,"PXX","CALLEP-TRIPAR","CALLEP","TRIPAR",1,"+ Snow"
"16_1_PXX",1.15166666666667,"2017-2023",2017,2023,"PXX","CALLEP-TRIPAR","CALLEP","TRIPAR",1,"+ Snow"
"26_2_PXX",1.29382303839733,"2017-2023",2017,2023,"PXX","CALLEP-TRIPAR","CALLEP","TRIPAR",1,"+ Snow"
"31_2_PXX",0.669322709163347,"2017-2023",2017,2023,"PXX","CALLEP-TRIPAR","CALLEP","TRIPAR",1,"+ Snow"
"41_3_PXX",1.27326732673267,"2017-2023",2017,2023,"PXX","CALLEP-TRIPAR","CALLEP","TRIPAR",1,"+ Snow"
"46_3_PXX",0.99232245681382,"2017-2023",2017,2023,"PXX","CALLEP-TRIPAR","CALLEP","TRIPAR",1,"+ Snow"
"12_1_PXX",0.820259865255053,"2017-2023",2017,2023,"PXX","CARSCO-DESCES","CARSCO","DESCES",1,"+ Snow"
"16_1_PXX",0.883853392768697,"2017-2023",2017,2023,"PXX","CARSCO-DESCES","CARSCO","DESCES",1,"+ Snow"
"26_2_PXX",0.910735826296743,"2017-2023",2017,2023,"PXX","CARSCO-DESCES","CARSCO","DESCES",1,"+ Snow"
"31_2_PXX",0.820943245403677,"2017-2023",2017,2023,"PXX","CARSCO-DESCES","CARSCO","DESCES",1,"+ Snow"
"41_3_PXX",0.711892797319933,"2017-2023",2017,2023,"PXX","CARSCO-DESCES","CARSCO","DESCES",1,"+ Snow"
"46_3_PXX",0.894043887147335,"2017-2023",2017,2023,"PXX","CARSCO-DESCES","CARSCO","DESCES",1,"+ Snow"
"12_1_PXX",0.858040493367466,"2017-2023",2017,2023,"PXX","CARSCO-GENALG","CARSCO","GENALG",1,"+ Snow"
"16_1_PXX",0.944677284157586,"2017-2023",2017,2023,"PXX","CARSCO-GENALG","CARSCO","GENALG",1,"+ Snow"
"26_2_PXX",1.06896551724138,"2017-2023",2017,2023,"PXX","CARSCO-GENALG","CARSCO","GENALG",1,"+ Snow"
"31_2_PXX",1,"2017-2023",2017,2023,"PXX","CARSCO-GENALG","CARSCO","GENALG",1,"+ Snow"
"41_3_PXX",0.989655172413793,"2017-2023",2017,2023,"PXX","CARSCO-GENALG","CARSCO","GENALG",1,"+ Snow"
"46_3_PXX",0.340674466620785,"2017-2023",2017,2023,"PXX","CARSCO-GENALG","CARSCO","GENALG",1,"+ Snow"
"12_1_PXX",0.902033271719039,"2017-2023",2017,2023,"PXX","CARSCO-GEUROS","CARSCO","GEUROS",1,"+ Snow"
"16_1_PXX",0.999157540016849,"2017-2023",2017,2023,"PXX","CARSCO-GEUROS","CARSCO","GEUROS",1,"+ Snow"
"26_2_PXX",0.910077519379845,"2017-2023",2017,2023,"PXX","CARSCO-GEUROS","CARSCO","GEUROS",1,"+ Snow"
"31_2_PXX",0.715604801477378,"2017-2023",2017,2023,"PXX","CARSCO-GEUROS","CARSCO","GEUROS",1,"+ Snow"
"41_3_PXX",1.23529411764706,"2017-2023",2017,2023,"PXX","CARSCO-GEUROS","CARSCO","GEUROS",1,"+ Snow"
"46_3_PXX",0.917965545529122,"2017-2023",2017,2023,"PXX","CARSCO-GEUROS","CARSCO","GEUROS",1,"+ Snow"
"12_1_PXX",1.38782318598832,"2017-2023",2017,2023,"PXX","CARSCO-TRIPAR","CARSCO","TRIPAR",1,"+ Snow"
"16_1_PXX",1.12456344586729,"2017-2023",2017,2023,"PXX","CARSCO-TRIPAR","CARSCO","TRIPAR",1,"+ Snow"
"26_2_PXX",1.13479052823315,"2017-2023",2017,2023,"PXX","CARSCO-TRIPAR","CARSCO","TRIPAR",1,"+ Snow"
"31_2_PXX",1.19758064516129,"2017-2023",2017,2023,"PXX","CARSCO-TRIPAR","CARSCO","TRIPAR",1,"+ Snow"
"41_3_PXX",1.30202140309156,"2017-2023",2017,2023,"PXX","CARSCO-TRIPAR","CARSCO","TRIPAR",1,"+ Snow"
"46_3_PXX",0.934916446789798,"2017-2023",2017,2023,"PXX","CARSCO-TRIPAR","CARSCO","TRIPAR",1,"+ Snow"
"12_1_PXX",0.993906838771747,"2017-2023",2017,2023,"PXX","DESCES-GENALG","DESCES","GENALG",1,"+ Snow"
"16_1_PXX",0.914029764484901,"2017-2023",2017,2023,"PXX","DESCES-GENALG","DESCES","GENALG",1,"+ Snow"
"26_2_PXX",0.886792452830189,"2017-2023",2017,2023,"PXX","DESCES-GENALG","DESCES","GENALG",1,"+ Snow"
"31_2_PXX",1,"2017-2023",2017,2023,"PXX","DESCES-GENALG","DESCES","GENALG",1,"+ Snow"
"41_3_PXX",1.0009425070688,"2017-2023",2017,2023,"PXX","DESCES-GENALG","DESCES","GENALG",1,"+ Snow"
"46_3_PXX",1.23020290896032,"2017-2023",2017,2023,"PXX","DESCES-GENALG","DESCES","GENALG",1,"+ Snow"
"12_1_PXX",0.930902111324376,"2017-2023",2017,2023,"PXX","DESCES-GEUROS","DESCES","GEUROS",1,"+ Snow"
"16_1_PXX",1.00708604483008,"2017-2023",2017,2023,"PXX","DESCES-GEUROS","DESCES","GEUROS",1,"+ Snow"
"26_2_PXX",1.18032786885246,"2017-2023",2017,2023,"PXX","DESCES-GEUROS","DESCES","GEUROS",1,"+ Snow"
"31_2_PXX",0.567028985507246,"2017-2023",2017,2023,"PXX","DESCES-GEUROS","DESCES","GEUROS",1,"+ Snow"
"41_3_PXX",0.559738134206219,"2017-2023",2017,2023,"PXX","DESCES-GEUROS","DESCES","GEUROS",1,"+ Snow"
"46_3_PXX",0.899906279287723,"2017-2023",2017,2023,"PXX","DESCES-GEUROS","DESCES","GEUROS",1,"+ Snow"
"12_1_PXX",0.733580018501388,"2017-2023",2017,2023,"PXX","DESCES-TRIPAR","DESCES","TRIPAR",1,"+ Snow"
"16_1_PXX",0.513027128659683,"2017-2023",2017,2023,"PXX","DESCES-TRIPAR","DESCES","TRIPAR",1,"+ Snow"
"26_2_PXX",0.184210526315789,"2017-2023",2017,2023,"PXX","DESCES-TRIPAR","DESCES","TRIPAR",1,"+ Snow"
"31_2_PXX",0.37946103423161,"2017-2023",2017,2023,"PXX","DESCES-TRIPAR","DESCES","TRIPAR",1,"+ Snow"
"41_3_PXX",0.784239733629301,"2017-2023",2017,2023,"PXX","DESCES-TRIPAR","DESCES","TRIPAR",1,"+ Snow"
"46_3_PXX",1.04721111745669,"2017-2023",2017,2023,"PXX","DESCES-TRIPAR","DESCES","TRIPAR",1,"+ Snow"
"12_1_PXX",0.898305084745763,"2017-2023",2017,2023,"PXX","GENALG-GEUROS","GENALG","GEUROS",1,"+ Snow"
"16_1_PXX",0.8125,"2017-2023",2017,2023,"PXX","GENALG-GEUROS","GENALG","GEUROS",1,"+ Snow"
"26_2_PXX",0.969879518072289,"2017-2023",2017,2023,"PXX","GENALG-GEUROS","GENALG","GEUROS",1,"+ Snow"
"31_2_PXX",1,"2017-2023",2017,2023,"PXX","GENALG-GEUROS","GENALG","GEUROS",1,"+ Snow"
"41_3_PXX",1.06936416184971,"2017-2023",2017,2023,"PXX","GENALG-GEUROS","GENALG","GEUROS",1,"+ Snow"
"46_3_PXX",0.975490196078431,"2017-2023",2017,2023,"PXX","GENALG-GEUROS","GENALG","GEUROS",1,"+ Snow"
"12_1_PXX",0.77984496124031,"2017-2023",2017,2023,"PXX","GENALG-TRIPAR","GENALG","TRIPAR",1,"+ Snow"
"16_1_PXX",1.29129662522202,"2017-2023",2017,2023,"PXX","GENALG-TRIPAR","GENALG","TRIPAR",1,"+ Snow"
"26_2_PXX",1.11971830985915,"2017-2023",2017,2023,"PXX","GENALG-TRIPAR","GENALG","TRIPAR",1,"+ Snow"
"31_2_PXX",1,"2017-2023",2017,2023,"PXX","GENALG-TRIPAR","GENALG","TRIPAR",1,"+ Snow"
"41_3_PXX",1.03883495145631,"2017-2023",2017,2023,"PXX","GENALG-TRIPAR","GENALG","TRIPAR",1,"+ Snow"
"46_3_PXX",1.1319018404908,"2017-2023",2017,2023,"PXX","GENALG-TRIPAR","GENALG","TRIPAR",1,"+ Snow"
"12_1_PXX",0.863905325443787,"2017-2023",2017,2023,"PXX","GEUROS-TRIPAR","GEUROS","TRIPAR",1,"+ Snow"
"16_1_PXX",0.901256732495512,"2017-2023",2017,2023,"PXX","GEUROS-TRIPAR","GEUROS","TRIPAR",1,"+ Snow"
"26_2_PXX",0.635135135135135,"2017-2023",2017,2023,"PXX","GEUROS-TRIPAR","GEUROS","TRIPAR",1,"+ Snow"
"31_2_PXX",1.33858921161826,"2017-2023",2017,2023,"PXX","GEUROS-TRIPAR","GEUROS","TRIPAR",1,"+ Snow"
"41_3_PXX",0.983210912906611,"2017-2023",2017,2023,"PXX","GEUROS-TRIPAR","GEUROS","TRIPAR",1,"+ Snow"
"46_3_PXX",0.826086956521739,"2017-2023",2017,2023,"PXX","GEUROS-TRIPAR","GEUROS","TRIPAR",1,"+ Snow"
"12_1_PXX",1.22146739130435,"2018-2024",2018,2024,"PXX","ARTSCO-BISBIS","ARTSCO","BISBIS",1,"+ Snow"
"16_1_PXX",1.44222539229672,"2018-2024",2018,2024,"PXX","ARTSCO-BISBIS","ARTSCO","BISBIS",1,"+ Snow"
"26_2_PXX",0.787786259541985,"2018-2024",2018,2024,"PXX","ARTSCO-BISBIS","ARTSCO","BISBIS",1,"+ Snow"
"31_2_PXX",0.758620689655172,"2018-2024",2018,2024,"PXX","ARTSCO-BISBIS","ARTSCO","BISBIS",1,"+ Snow"
"41_3_PXX",1.82213438735178,"2018-2024",2018,2024,"PXX","ARTSCO-BISBIS","ARTSCO","BISBIS",1,"+ Snow"
"46_3_PXX",0.981788079470199,"2018-2024",2018,2024,"PXX","ARTSCO-BISBIS","ARTSCO","BISBIS",1,"+ Snow"
"12_1_PXX",1.37769784172662,"2018-2024",2018,2024,"PXX","ARTSCO-CALLEP","ARTSCO","CALLEP",1,"+ Snow"
"16_1_PXX",1.63297872340426,"2018-2024",2018,2024,"PXX","ARTSCO-CALLEP","ARTSCO","CALLEP",1,"+ Snow"
"26_2_PXX",0.986760446834919,"2018-2024",2018,2024,"PXX","ARTSCO-CALLEP","ARTSCO","CALLEP",1,"+ Snow"
"31_2_PXX",0.954491017964072,"2018-2024",2018,2024,"PXX","ARTSCO-CALLEP","ARTSCO","CALLEP",1,"+ Snow"
"41_3_PXX",1.59893048128342,"2018-2024",2018,2024,"PXX","ARTSCO-CALLEP","ARTSCO","CALLEP",1,"+ Snow"
"46_3_PXX",1.14035087719298,"2018-2024",2018,2024,"PXX","ARTSCO-CALLEP","ARTSCO","CALLEP",1,"+ Snow"
"12_1_PXX",0.775454735521639,"2018-2024",2018,2024,"PXX","ARTSCO-CARSCO","ARTSCO","CARSCO",1,"+ Snow"
"16_1_PXX",1.16593886462882,"2018-2024",2018,2024,"PXX","ARTSCO-CARSCO","ARTSCO","CARSCO",1,"+ Snow"
"26_2_PXX",1.01682085786375,"2018-2024",2018,2024,"PXX","ARTSCO-CARSCO","ARTSCO","CARSCO",1,"+ Snow"
"31_2_PXX",1.32279534109817,"2018-2024",2018,2024,"PXX","ARTSCO-CARSCO","ARTSCO","CARSCO",1,"+ Snow"
"41_3_PXX",1.12227074235808,"2018-2024",2018,2024,"PXX","ARTSCO-CARSCO","ARTSCO","CARSCO",1,"+ Snow"
"46_3_PXX",1.35352532274081,"2018-2024",2018,2024,"PXX","ARTSCO-CARSCO","ARTSCO","CARSCO",1,"+ Snow"
"12_1_PXX",0.704363581458553,"2018-2024",2018,2024,"PXX","ARTSCO-DESCES","ARTSCO","DESCES",1,"+ Snow"
"16_1_PXX",0.957420924574209,"2018-2024",2018,2024,"PXX","ARTSCO-DESCES","ARTSCO","DESCES",1,"+ Snow"
"26_2_PXX",1.05279034690799,"2018-2024",2018,2024,"PXX","ARTSCO-DESCES","ARTSCO","DESCES",1,"+ Snow"
"31_2_PXX",0.707782672540382,"2018-2024",2018,2024,"PXX","ARTSCO-DESCES","ARTSCO","DESCES",1,"+ Snow"
"41_3_PXX",0.595541401273885,"2018-2024",2018,2024,"PXX","ARTSCO-DESCES","ARTSCO","DESCES",1,"+ Snow"
"46_3_PXX",0.28675466545289,"2018-2024",2018,2024,"PXX","ARTSCO-DESCES","ARTSCO","DESCES",1,"+ Snow"
"12_1_PXX",1.42727272727273,"2018-2024",2018,2024,"PXX","ARTSCO-GENALG","ARTSCO","GENALG",1,"+ Snow"
"16_1_PXX",0.940298507462687,"2018-2024",2018,2024,"PXX","ARTSCO-GENALG","ARTSCO","GENALG",1,"+ Snow"
"26_2_PXX",1.35275590551181,"2018-2024",2018,2024,"PXX","ARTSCO-GENALG","ARTSCO","GENALG",1,"+ Snow"
"31_2_PXX",1.04319136172765,"2018-2024",2018,2024,"PXX","ARTSCO-GENALG","ARTSCO","GENALG",1,"+ Snow"
"41_3_PXX",1.22569444444444,"2018-2024",2018,2024,"PXX","ARTSCO-GENALG","ARTSCO","GENALG",1,"+ Snow"
"46_3_PXX",0.834654586636467,"2018-2024",2018,2024,"PXX","ARTSCO-GENALG","ARTSCO","GENALG",1,"+ Snow"
"12_1_PXX",1.4,"2018-2024",2018,2024,"PXX","ARTSCO-GEUROS","ARTSCO","GEUROS",1,"+ Snow"
"16_1_PXX",1.20805369127517,"2018-2024",2018,2024,"PXX","ARTSCO-GEUROS","ARTSCO","GEUROS",1,"+ Snow"
"26_2_PXX",0.43492636008416,"2018-2024",2018,2024,"PXX","ARTSCO-GEUROS","ARTSCO","GEUROS",1,"+ Snow"
"31_2_PXX",1.01901743264659,"2018-2024",2018,2024,"PXX","ARTSCO-GEUROS","ARTSCO","GEUROS",1,"+ Snow"
"41_3_PXX",1.58910891089109,"2018-2024",2018,2024,"PXX","ARTSCO-GEUROS","ARTSCO","GEUROS",1,"+ Snow"
"46_3_PXX",1.15105241436236,"2018-2024",2018,2024,"PXX","ARTSCO-GEUROS","ARTSCO","GEUROS",1,"+ Snow"
"12_1_PXX",1.2491103202847,"2018-2024",2018,2024,"PXX","ARTSCO-TRIPAR","ARTSCO","TRIPAR",1,"+ Snow"
"16_1_PXX",1.29203539823009,"2018-2024",2018,2024,"PXX","ARTSCO-TRIPAR","ARTSCO","TRIPAR",1,"+ Snow"
"26_2_PXX",1.1703056768559,"2018-2024",2018,2024,"PXX","ARTSCO-TRIPAR","ARTSCO","TRIPAR",1,"+ Snow"
"31_2_PXX",1.04845814977974,"2018-2024",2018,2024,"PXX","ARTSCO-TRIPAR","ARTSCO","TRIPAR",1,"+ Snow"
"41_3_PXX",1.48928121059269,"2018-2024",2018,2024,"PXX","ARTSCO-TRIPAR","ARTSCO","TRIPAR",1,"+ Snow"
"46_3_PXX",0.95386586928663,"2018-2024",2018,2024,"PXX","ARTSCO-TRIPAR","ARTSCO","TRIPAR",1,"+ Snow"
"12_1_PXX",1.16308243727599,"2018-2024",2018,2024,"PXX","BISBIS-CALLEP","BISBIS","CALLEP",1,"+ Snow"
"16_1_PXX",0.923497267759563,"2018-2024",2018,2024,"PXX","BISBIS-CALLEP","BISBIS","CALLEP",1,"+ Snow"
"26_2_PXX",1.17064846416382,"2018-2024",2018,2024,"PXX","BISBIS-CALLEP","BISBIS","CALLEP",1,"+ Snow"
"31_2_PXX",1.04458598726115,"2018-2024",2018,2024,"PXX","BISBIS-CALLEP","BISBIS","CALLEP",1,"+ Snow"
"41_3_PXX",1.55487804878049,"2018-2024",2018,2024,"PXX","BISBIS-CALLEP","BISBIS","CALLEP",1,"+ Snow"
"46_3_PXX",1.33333333333333,"2018-2024",2018,2024,"PXX","BISBIS-CALLEP","BISBIS","CALLEP",1,"+ Snow"
"12_1_PXX",0.91055381400209,"2018-2024",2018,2024,"PXX","BISBIS-CARSCO","BISBIS","CARSCO",1,"+ Snow"
"16_1_PXX",1.00821636425882,"2018-2024",2018,2024,"PXX","BISBIS-CARSCO","BISBIS","CARSCO",1,"+ Snow"
"26_2_PXX",1.07086614173228,"2018-2024",2018,2024,"PXX","BISBIS-CARSCO","BISBIS","CARSCO",1,"+ Snow"
"31_2_PXX",1.06263982102908,"2018-2024",2018,2024,"PXX","BISBIS-CARSCO","BISBIS","CARSCO",1,"+ Snow"
"41_3_PXX",1.06796116504854,"2018-2024",2018,2024,"PXX","BISBIS-CARSCO","BISBIS","CARSCO",1,"+ Snow"
"46_3_PXX",0.817155756207675,"2018-2024",2018,2024,"PXX","BISBIS-CARSCO","BISBIS","CARSCO",1,"+ Snow"
"12_1_PXX",0.919094339622642,"2018-2024",2018,2024,"PXX","BISBIS-DESCES","BISBIS","DESCES",1,"+ Snow"
"16_1_PXX",0.761340652990465,"2018-2024",2018,2024,"PXX","BISBIS-DESCES","BISBIS","DESCES",1,"+ Snow"
"26_2_PXX",1.26515151515151,"2018-2024",2018,2024,"PXX","BISBIS-DESCES","BISBIS","DESCES",1,"+ Snow"
"31_2_PXX",0.672514619883041,"2018-2024",2018,2024,"PXX","BISBIS-DESCES","BISBIS","DESCES",1,"+ Snow"
"41_3_PXX",0.527169505271695,"2018-2024",2018,2024,"PXX","BISBIS-DESCES","BISBIS","DESCES",1,"+ Snow"
"46_3_PXX",0.993876301285977,"2018-2024",2018,2024,"PXX","BISBIS-DESCES","BISBIS","DESCES",1,"+ Snow"
"12_1_PXX",0.81447963800905,"2018-2024",2018,2024,"PXX","BISBIS-GENALG","BISBIS","GENALG",1,"+ Snow"
"16_1_PXX",0.765217391304348,"2018-2024",2018,2024,"PXX","BISBIS-GENALG","BISBIS","GENALG",1,"+ Snow"
"26_2_PXX",0.798076923076923,"2018-2024",2018,2024,"PXX","BISBIS-GENALG","BISBIS","GENALG",1,"+ Snow"
"31_2_PXX",0.909967845659164,"2018-2024",2018,2024,"PXX","BISBIS-GENALG","BISBIS","GENALG",1,"+ Snow"
"41_3_PXX",1.03305785123967,"2018-2024",2018,2024,"PXX","BISBIS-GENALG","BISBIS","GENALG",1,"+ Snow"
"46_3_PXX",0.888040712468193,"2018-2024",2018,2024,"PXX","BISBIS-GENALG","BISBIS","GENALG",1,"+ Snow"
"12_1_PXX",1.37735849056604,"2018-2024",2018,2024,"PXX","BISBIS-GEUROS","BISBIS","GEUROS",1,"+ Snow"
"16_1_PXX",1.45435244161359,"2018-2024",2018,2024,"PXX","BISBIS-GEUROS","BISBIS","GEUROS",1,"+ Snow"
"26_2_PXX",1.33250207813799,"2018-2024",2018,2024,"PXX","BISBIS-GEUROS","BISBIS","GEUROS",1,"+ Snow"
"31_2_PXX",0.664383561643836,"2018-2024",2018,2024,"PXX","BISBIS-GEUROS","BISBIS","GEUROS",1,"+ Snow"
"41_3_PXX",1.67979002624672,"2018-2024",2018,2024,"PXX","BISBIS-GEUROS","BISBIS","GEUROS",1,"+ Snow"
"46_3_PXX",1.80239520958084,"2018-2024",2018,2024,"PXX","BISBIS-GEUROS","BISBIS","GEUROS",1,"+ Snow"
"12_1_PXX",0.966863905325444,"2018-2024",2018,2024,"PXX","BISBIS-TRIPAR","BISBIS","TRIPAR",1,"+ Snow"
"16_1_PXX",0.7824,"2018-2024",2018,2024,"PXX","BISBIS-TRIPAR","BISBIS","TRIPAR",1,"+ Snow"
"26_2_PXX",0.801282051282051,"2018-2024",2018,2024,"PXX","BISBIS-TRIPAR","BISBIS","TRIPAR",1,"+ Snow"
"31_2_PXX",1.24347826086957,"2018-2024",2018,2024,"PXX","BISBIS-TRIPAR","BISBIS","TRIPAR",1,"+ Snow"
"41_3_PXX",1.4564907275321,"2018-2024",2018,2024,"PXX","BISBIS-TRIPAR","BISBIS","TRIPAR",1,"+ Snow"
"46_3_PXX",0.858823529411765,"2018-2024",2018,2024,"PXX","BISBIS-TRIPAR","BISBIS","TRIPAR",1,"+ Snow"
"12_1_PXX",1.17024972855592,"2018-2024",2018,2024,"PXX","CALLEP-CARSCO","CALLEP","CARSCO",1,"+ Snow"
"16_1_PXX",1.02157164869029,"2018-2024",2018,2024,"PXX","CALLEP-CARSCO","CALLEP","CARSCO",1,"+ Snow"
"26_2_PXX",1.33333333333333,"2018-2024",2018,2024,"PXX","CALLEP-CARSCO","CALLEP","CARSCO",1,"+ Snow"
"31_2_PXX",1.03448275862069,"2018-2024",2018,2024,"PXX","CALLEP-CARSCO","CALLEP","CARSCO",1,"+ Snow"
"41_3_PXX",0.95,"2018-2024",2018,2024,"PXX","CALLEP-CARSCO","CALLEP","CARSCO",1,"+ Snow"
"46_3_PXX",0.406896551724138,"2018-2024",2018,2024,"PXX","CALLEP-CARSCO","CALLEP","CARSCO",1,"+ Snow"
"12_1_PXX",0.69588828549263,"2018-2024",2018,2024,"PXX","CALLEP-DESCES","CALLEP","DESCES",1,"+ Snow"
"16_1_PXX",1.14732142857143,"2018-2024",2018,2024,"PXX","CALLEP-DESCES","CALLEP","DESCES",1,"+ Snow"
"26_2_PXX",0.956923076923077,"2018-2024",2018,2024,"PXX","CALLEP-DESCES","CALLEP","DESCES",1,"+ Snow"
"31_2_PXX",0.969981238273921,"2018-2024",2018,2024,"PXX","CALLEP-DESCES","CALLEP","DESCES",1,"+ Snow"
"41_3_PXX",0.742073693230506,"2018-2024",2018,2024,"PXX","CALLEP-DESCES","CALLEP","DESCES",1,"+ Snow"
"46_3_PXX",0.85819209039548,"2018-2024",2018,2024,"PXX","CALLEP-DESCES","CALLEP","DESCES",1,"+ Snow"
"12_1_PXX",1.10687022900763,"2018-2024",2018,2024,"PXX","CALLEP-GENALG","CALLEP","GENALG",1,"+ Snow"
"16_1_PXX",1.14,"2018-2024",2018,2024,"PXX","CALLEP-GENALG","CALLEP","GENALG",1,"+ Snow"
"26_2_PXX",0.868544600938967,"2018-2024",2018,2024,"PXX","CALLEP-GENALG","CALLEP","GENALG",1,"+ Snow"
"31_2_PXX",1.33333333333333,"2018-2024",2018,2024,"PXX","CALLEP-GENALG","CALLEP","GENALG",1,"+ Snow"
"41_3_PXX",1.12727272727273,"2018-2024",2018,2024,"PXX","CALLEP-GENALG","CALLEP","GENALG",1,"+ Snow"
"46_3_PXX",1.15940488841658,"2018-2024",2018,2024,"PXX","CALLEP-GENALG","CALLEP","GENALG",1,"+ Snow"
"12_1_PXX",1.56565656565657,"2018-2024",2018,2024,"PXX","CALLEP-GEUROS","CALLEP","GEUROS",1,"+ Snow"
"16_1_PXX",0.712328767123288,"2018-2024",2018,2024,"PXX","CALLEP-GEUROS","CALLEP","GEUROS",1,"+ Snow"
"26_2_PXX",0.789,"2018-2024",2018,2024,"PXX","CALLEP-GEUROS","CALLEP","GEUROS",1,"+ Snow"
"31_2_PXX",1.06697459584296,"2018-2024",2018,2024,"PXX","CALLEP-GEUROS","CALLEP","GEUROS",1,"+ Snow"
"41_3_PXX",1.28888888888889,"2018-2024",2018,2024,"PXX","CALLEP-GEUROS","CALLEP","GEUROS",1,"+ Snow"
"46_3_PXX",1.41398601398601,"2018-2024",2018,2024,"PXX","CALLEP-GEUROS","CALLEP","GEUROS",1,"+ Snow"
"12_1_PXX",1.37894736842105,"2018-2024",2018,2024,"PXX","CALLEP-TRIPAR","CALLEP","TRIPAR",1,"+ Snow"
"16_1_PXX",1.18666666666667,"2018-2024",2018,2024,"PXX","CALLEP-TRIPAR","CALLEP","TRIPAR",1,"+ Snow"
"26_2_PXX",1.19477434679335,"2018-2024",2018,2024,"PXX","CALLEP-TRIPAR","CALLEP","TRIPAR",1,"+ Snow"
"31_2_PXX",1.0379746835443,"2018-2024",2018,2024,"PXX","CALLEP-TRIPAR","CALLEP","TRIPAR",1,"+ Snow"
"41_3_PXX",1.12814645308924,"2018-2024",2018,2024,"PXX","CALLEP-TRIPAR","CALLEP","TRIPAR",1,"+ Snow"
"46_3_PXX",1.00631911532385,"2018-2024",2018,2024,"PXX","CALLEP-TRIPAR","CALLEP","TRIPAR",1,"+ Snow"
"12_1_PXX",0.791979010494753,"2018-2024",2018,2024,"PXX","CARSCO-DESCES","CARSCO","DESCES",1,"+ Snow"
"16_1_PXX",0.979665940450254,"2018-2024",2018,2024,"PXX","CARSCO-DESCES","CARSCO","DESCES",1,"+ Snow"
"26_2_PXX",0.804195804195804,"2018-2024",2018,2024,"PXX","CARSCO-DESCES","CARSCO","DESCES",1,"+ Snow"
"31_2_PXX",0.739783152627189,"2018-2024",2018,2024,"PXX","CARSCO-DESCES","CARSCO","DESCES",1,"+ Snow"
"41_3_PXX",0.785773366418528,"2018-2024",2018,2024,"PXX","CARSCO-DESCES","CARSCO","DESCES",1,"+ Snow"
"46_3_PXX",0.715127701375246,"2018-2024",2018,2024,"PXX","CARSCO-DESCES","CARSCO","DESCES",1,"+ Snow"
"12_1_PXX",0.88549788371575,"2018-2024",2018,2024,"PXX","CARSCO-GENALG","CARSCO","GENALG",1,"+ Snow"
"16_1_PXX",1.03966437833715,"2018-2024",2018,2024,"PXX","CARSCO-GENALG","CARSCO","GENALG",1,"+ Snow"
"26_2_PXX",1.16091954022988,"2018-2024",2018,2024,"PXX","CARSCO-GENALG","CARSCO","GENALG",1,"+ Snow"
"31_2_PXX",1.21830985915493,"2018-2024",2018,2024,"PXX","CARSCO-GENALG","CARSCO","GENALG",1,"+ Snow"
"41_3_PXX",1,"2018-2024",2018,2024,"PXX","CARSCO-GENALG","CARSCO","GENALG",1,"+ Snow"
"46_3_PXX",0.558104738154613,"2018-2024",2018,2024,"PXX","CARSCO-GENALG","CARSCO","GENALG",1,"+ Snow"
"12_1_PXX",0.918656056587091,"2018-2024",2018,2024,"PXX","CARSCO-GEUROS","CARSCO","GEUROS",1,"+ Snow"
"16_1_PXX",0.972994440031771,"2018-2024",2018,2024,"PXX","CARSCO-GEUROS","CARSCO","GEUROS",1,"+ Snow"
"26_2_PXX",0.893860561914672,"2018-2024",2018,2024,"PXX","CARSCO-GEUROS","CARSCO","GEUROS",1,"+ Snow"
"31_2_PXX",0.763763763763764,"2018-2024",2018,2024,"PXX","CARSCO-GEUROS","CARSCO","GEUROS",1,"+ Snow"
"41_3_PXX",0.784313725490196,"2018-2024",2018,2024,"PXX","CARSCO-GEUROS","CARSCO","GEUROS",1,"+ Snow"
"46_3_PXX",0.898819561551433,"2018-2024",2018,2024,"PXX","CARSCO-GEUROS","CARSCO","GEUROS",1,"+ Snow"
"12_1_PXX",1.38348323793949,"2018-2024",2018,2024,"PXX","CARSCO-TRIPAR","CARSCO","TRIPAR",1,"+ Snow"
"16_1_PXX",1.0059880239521,"2018-2024",2018,2024,"PXX","CARSCO-TRIPAR","CARSCO","TRIPAR",1,"+ Snow"
"26_2_PXX",1.19895287958115,"2018-2024",2018,2024,"PXX","CARSCO-TRIPAR","CARSCO","TRIPAR",1,"+ Snow"
"31_2_PXX",1.21305841924399,"2018-2024",2018,2024,"PXX","CARSCO-TRIPAR","CARSCO","TRIPAR",1,"+ Snow"
"41_3_PXX",1.74049586776859,"2018-2024",2018,2024,"PXX","CARSCO-TRIPAR","CARSCO","TRIPAR",1,"+ Snow"
"46_3_PXX",0.944608131997643,"2018-2024",2018,2024,"PXX","CARSCO-TRIPAR","CARSCO","TRIPAR",1,"+ Snow"
"12_1_PXX",0.927318691736451,"2018-2024",2018,2024,"PXX","DESCES-GENALG","DESCES","GENALG",1,"+ Snow"
"16_1_PXX",0.982289690069576,"2018-2024",2018,2024,"PXX","DESCES-GENALG","DESCES","GENALG",1,"+ Snow"
"26_2_PXX",0.75,"2018-2024",2018,2024,"PXX","DESCES-GENALG","DESCES","GENALG",1,"+ Snow"
"31_2_PXX",0.99247412982126,"2018-2024",2018,2024,"PXX","DESCES-GENALG","DESCES","GENALG",1,"+ Snow"
"41_3_PXX",0.997775800711744,"2018-2024",2018,2024,"PXX","DESCES-GENALG","DESCES","GENALG",1,"+ Snow"
"46_3_PXX",1.17235772357724,"2018-2024",2018,2024,"PXX","DESCES-GENALG","DESCES","GENALG",1,"+ Snow"
"12_1_PXX",0.874292897548711,"2018-2024",2018,2024,"PXX","DESCES-GEUROS","DESCES","GEUROS",1,"+ Snow"
"16_1_PXX",0.899280575539568,"2018-2024",2018,2024,"PXX","DESCES-GEUROS","DESCES","GEUROS",1,"+ Snow"
"26_2_PXX",1.41943319838057,"2018-2024",2018,2024,"PXX","DESCES-GEUROS","DESCES","GEUROS",1,"+ Snow"
"31_2_PXX",0.652083333333333,"2018-2024",2018,2024,"PXX","DESCES-GEUROS","DESCES","GEUROS",1,"+ Snow"
"41_3_PXX",0.494219653179191,"2018-2024",2018,2024,"PXX","DESCES-GEUROS","DESCES","GEUROS",1,"+ Snow"
"46_3_PXX",0.935464138247438,"2018-2024",2018,2024,"PXX","DESCES-GEUROS","DESCES","GEUROS",1,"+ Snow"
"12_1_PXX",0.733808674985146,"2018-2024",2018,2024,"PXX","DESCES-TRIPAR","DESCES","TRIPAR",1,"+ Snow"
"16_1_PXX",0.694894146948941,"2018-2024",2018,2024,"PXX","DESCES-TRIPAR","DESCES","TRIPAR",1,"+ Snow"
"26_2_PXX",0.317073170731707,"2018-2024",2018,2024,"PXX","DESCES-TRIPAR","DESCES","TRIPAR",1,"+ Snow"
"31_2_PXX",0.409240924092409,"2018-2024",2018,2024,"PXX","DESCES-TRIPAR","DESCES","TRIPAR",1,"+ Snow"
"41_3_PXX",0.776363250583492,"2018-2024",2018,2024,"PXX","DESCES-TRIPAR","DESCES","TRIPAR",1,"+ Snow"
"46_3_PXX",1.0427443085024,"2018-2024",2018,2024,"PXX","DESCES-TRIPAR","DESCES","TRIPAR",1,"+ Snow"
"12_1_PXX",0.966850828729282,"2018-2024",2018,2024,"PXX","GENALG-GEUROS","GENALG","GEUROS",1,"+ Snow"
"16_1_PXX",0.598837209302326,"2018-2024",2018,2024,"PXX","GENALG-GEUROS","GENALG","GEUROS",1,"+ Snow"
"26_2_PXX",0.58860195903829,"2018-2024",2018,2024,"PXX","GENALG-GEUROS","GENALG","GEUROS",1,"+ Snow"
"31_2_PXX",1.00463499420626,"2018-2024",2018,2024,"PXX","GENALG-GEUROS","GENALG","GEUROS",1,"+ Snow"
"41_3_PXX",1.06433823529412,"2018-2024",2018,2024,"PXX","GENALG-GEUROS","GENALG","GEUROS",1,"+ Snow"
"46_3_PXX",0.935,"2018-2024",2018,2024,"PXX","GENALG-GEUROS","GENALG","GEUROS",1,"+ Snow"
"12_1_PXX",0.872495446265938,"2018-2024",2018,2024,"PXX","GENALG-TRIPAR","GENALG","TRIPAR",1,"+ Snow"
"16_1_PXX",1.23926380368098,"2018-2024",2018,2024,"PXX","GENALG-TRIPAR","GENALG","TRIPAR",1,"+ Snow"
"26_2_PXX",1.41176470588235,"2018-2024",2018,2024,"PXX","GENALG-TRIPAR","GENALG","TRIPAR",1,"+ Snow"
"31_2_PXX",0.987096774193548,"2018-2024",2018,2024,"PXX","GENALG-TRIPAR","GENALG","TRIPAR",1,"+ Snow"
"41_3_PXX",1.03018867924528,"2018-2024",2018,2024,"PXX","GENALG-TRIPAR","GENALG","TRIPAR",1,"+ Snow"
"46_3_PXX",1.12264150943396,"2018-2024",2018,2024,"PXX","GENALG-TRIPAR","GENALG","TRIPAR",1,"+ Snow"
"12_1_PXX",0.856164383561644,"2018-2024",2018,2024,"PXX","GEUROS-TRIPAR","GEUROS","TRIPAR",1,"+ Snow"
"16_1_PXX",0.927927927927928,"2018-2024",2018,2024,"PXX","GEUROS-TRIPAR","GEUROS","TRIPAR",1,"+ Snow"
"26_2_PXX",0.388429752066116,"2018-2024",2018,2024,"PXX","GEUROS-TRIPAR","GEUROS","TRIPAR",1,"+ Snow"
"31_2_PXX",1.25691699604743,"2018-2024",2018,2024,"PXX","GEUROS-TRIPAR","GEUROS","TRIPAR",1,"+ Snow"
"41_3_PXX",1.11800766283525,"2018-2024",2018,2024,"PXX","GEUROS-TRIPAR","GEUROS","TRIPAR",1,"+ Snow"
"46_3_PXX",0.826086956521739,"2018-2024",2018,2024,"PXX","GEUROS-TRIPAR","GEUROS","TRIPAR",1,"+ Snow"
"17_2_XNX",1.49238578680203,"2007-2013",2007,2013,"XNX","ARTSCO-BISBIS","ARTSCO","BISBIS",1,"+ Nitrogen"
"20_2_XNX",1.42944785276074,"2007-2013",2007,2013,"XNX","ARTSCO-BISBIS","ARTSCO","BISBIS",1,"+ Nitrogen"
"35_3_XNX",0.907172995780591,"2007-2013",2007,2013,"XNX","ARTSCO-BISBIS","ARTSCO","BISBIS",1,"+ Nitrogen"
"37_3_XNX",0.713101160862355,"2007-2013",2007,2013,"XNX","ARTSCO-BISBIS","ARTSCO","BISBIS",1,"+ Nitrogen"
"5_1_XNX",1.43664383561644,"2007-2013",2007,2013,"XNX","ARTSCO-BISBIS","ARTSCO","BISBIS",1,"+ Nitrogen"
"7_1_XNX",1.35971223021583,"2007-2013",2007,2013,"XNX","ARTSCO-BISBIS","ARTSCO","BISBIS",1,"+ Nitrogen"
"17_2_XNX",1.09514370664024,"2007-2013",2007,2013,"XNX","ARTSCO-CALLEP","ARTSCO","CALLEP",1,"+ Nitrogen"
"20_2_XNX",1.43410852713178,"2007-2013",2007,2013,"XNX","ARTSCO-CALLEP","ARTSCO","CALLEP",1,"+ Nitrogen"
"35_3_XNX",1.27016129032258,"2007-2013",2007,2013,"XNX","ARTSCO-CALLEP","ARTSCO","CALLEP",1,"+ Nitrogen"
"37_3_XNX",1.51231011000524,"2007-2013",2007,2013,"XNX","ARTSCO-CALLEP","ARTSCO","CALLEP",1,"+ Nitrogen"
"5_1_XNX",1.08250825082508,"2007-2013",2007,2013,"XNX","ARTSCO-CALLEP","ARTSCO","CALLEP",1,"+ Nitrogen"
"7_1_XNX",1.14571948998178,"2007-2013",2007,2013,"XNX","ARTSCO-CALLEP","ARTSCO","CALLEP",1,"+ Nitrogen"
"17_2_XNX",0.5625,"2007-2013",2007,2013,"XNX","ARTSCO-CARSCO","ARTSCO","CARSCO",1,"+ Nitrogen"
"20_2_XNX",0.556473829201102,"2007-2013",2007,2013,"XNX","ARTSCO-CARSCO","ARTSCO","CARSCO",1,"+ Nitrogen"
"35_3_XNX",0.526845637583893,"2007-2013",2007,2013,"XNX","ARTSCO-CARSCO","ARTSCO","CARSCO",1,"+ Nitrogen"
"37_3_XNX",0.853300733496333,"2007-2013",2007,2013,"XNX","ARTSCO-CARSCO","ARTSCO","CARSCO",1,"+ Nitrogen"
"5_1_XNX",1.15703703703704,"2007-2013",2007,2013,"XNX","ARTSCO-CARSCO","ARTSCO","CARSCO",1,"+ Nitrogen"
"7_1_XNX",1.10980392156863,"2007-2013",2007,2013,"XNX","ARTSCO-CARSCO","ARTSCO","CARSCO",1,"+ Nitrogen"
"17_2_XNX",0.609943618657099,"2007-2013",2007,2013,"XNX","ARTSCO-DESCES","ARTSCO","DESCES",1,"+ Nitrogen"
"20_2_XNX",0.642217730291655,"2007-2013",2007,2013,"XNX","ARTSCO-DESCES","ARTSCO","DESCES",1,"+ Nitrogen"
"35_3_XNX",1.04782928623988,"2007-2013",2007,2013,"XNX","ARTSCO-DESCES","ARTSCO","DESCES",1,"+ Nitrogen"
"37_3_XNX",0.561674839683138,"2007-2013",2007,2013,"XNX","ARTSCO-DESCES","ARTSCO","DESCES",1,"+ Nitrogen"
"5_1_XNX",0.732590529247911,"2007-2013",2007,2013,"XNX","ARTSCO-DESCES","ARTSCO","DESCES",1,"+ Nitrogen"
"7_1_XNX",0.811792268645061,"2007-2013",2007,2013,"XNX","ARTSCO-DESCES","ARTSCO","DESCES",1,"+ Nitrogen"
"17_2_XNX",1.40034364261168,"2007-2013",2007,2013,"XNX","ARTSCO-GENALG","ARTSCO","GENALG",1,"+ Nitrogen"
"20_2_XNX",1.19521912350598,"2007-2013",2007,2013,"XNX","ARTSCO-GENALG","ARTSCO","GENALG",1,"+ Nitrogen"
"35_3_XNX",1.39622641509434,"2007-2013",2007,2013,"XNX","ARTSCO-GENALG","ARTSCO","GENALG",1,"+ Nitrogen"
"37_3_XNX",1.27644230769231,"2007-2013",2007,2013,"XNX","ARTSCO-GENALG","ARTSCO","GENALG",1,"+ Nitrogen"
"5_1_XNX",1.33240997229917,"2007-2013",2007,2013,"XNX","ARTSCO-GENALG","ARTSCO","GENALG",1,"+ Nitrogen"
"7_1_XNX",1.60099750623441,"2007-2013",2007,2013,"XNX","ARTSCO-GENALG","ARTSCO","GENALG",1,"+ Nitrogen"
"17_2_XNX",1.49893842887473,"2007-2013",2007,2013,"XNX","ARTSCO-GEUROS","ARTSCO","GEUROS",1,"+ Nitrogen"
"20_2_XNX",1.58102766798419,"2007-2013",2007,2013,"XNX","ARTSCO-GEUROS","ARTSCO","GEUROS",1,"+ Nitrogen"
"35_3_XNX",1.47169811320755,"2007-2013",2007,2013,"XNX","ARTSCO-GEUROS","ARTSCO","GEUROS",1,"+ Nitrogen"
"37_3_XNX",1.75583482944345,"2007-2013",2007,2013,"XNX","ARTSCO-GEUROS","ARTSCO","GEUROS",1,"+ Nitrogen"
"5_1_XNX",1.05687203791469,"2007-2013",2007,2013,"XNX","ARTSCO-GEUROS","ARTSCO","GEUROS",1,"+ Nitrogen"
"7_1_XNX",1.13780918727915,"2007-2013",2007,2013,"XNX","ARTSCO-GEUROS","ARTSCO","GEUROS",1,"+ Nitrogen"
"17_2_XNX",1.20373831775701,"2007-2013",2007,2013,"XNX","ARTSCO-TRIPAR","ARTSCO","TRIPAR",1,"+ Nitrogen"
"20_2_XNX",0.962128043282236,"2007-2013",2007,2013,"XNX","ARTSCO-TRIPAR","ARTSCO","TRIPAR",1,"+ Nitrogen"
"35_3_XNX",0.962962962962963,"2007-2013",2007,2013,"XNX","ARTSCO-TRIPAR","ARTSCO","TRIPAR",1,"+ Nitrogen"
"37_3_XNX",1.13859154929577,"2007-2013",2007,2013,"XNX","ARTSCO-TRIPAR","ARTSCO","TRIPAR",1,"+ Nitrogen"
"5_1_XNX",1.32669322709163,"2007-2013",2007,2013,"XNX","ARTSCO-TRIPAR","ARTSCO","TRIPAR",1,"+ Nitrogen"
"7_1_XNX",1.1877133105802,"2007-2013",2007,2013,"XNX","ARTSCO-TRIPAR","ARTSCO","TRIPAR",1,"+ Nitrogen"
"17_2_XNX",1.04918032786885,"2007-2013",2007,2013,"XNX","BISBIS-CALLEP","BISBIS","CALLEP",1,"+ Nitrogen"
"20_2_XNX",1.42005185825411,"2007-2013",2007,2013,"XNX","BISBIS-CALLEP","BISBIS","CALLEP",1,"+ Nitrogen"
"35_3_XNX",1.03978779840849,"2007-2013",2007,2013,"XNX","BISBIS-CALLEP","BISBIS","CALLEP",1,"+ Nitrogen"
"37_3_XNX",0.610324729392173,"2007-2013",2007,2013,"XNX","BISBIS-CALLEP","BISBIS","CALLEP",1,"+ Nitrogen"
"5_1_XNX",0.946666666666667,"2007-2013",2007,2013,"XNX","BISBIS-CALLEP","BISBIS","CALLEP",1,"+ Nitrogen"
"7_1_XNX",1.63013698630137,"2007-2013",2007,2013,"XNX","BISBIS-CALLEP","BISBIS","CALLEP",1,"+ Nitrogen"
"17_2_XNX",0.855967078189301,"2007-2013",2007,2013,"XNX","BISBIS-CARSCO","BISBIS","CARSCO",1,"+ Nitrogen"
"20_2_XNX",1.12983425414365,"2007-2013",2007,2013,"XNX","BISBIS-CARSCO","BISBIS","CARSCO",1,"+ Nitrogen"
"35_3_XNX",1.27463312368973,"2007-2013",2007,2013,"XNX","BISBIS-CARSCO","BISBIS","CARSCO",1,"+ Nitrogen"
"37_3_XNX",1.15948275862069,"2007-2013",2007,2013,"XNX","BISBIS-CARSCO","BISBIS","CARSCO",1,"+ Nitrogen"
"5_1_XNX",0.707925200356189,"2007-2013",2007,2013,"XNX","BISBIS-CARSCO","BISBIS","CARSCO",1,"+ Nitrogen"
"7_1_XNX",1.20588235294118,"2007-2013",2007,2013,"XNX","BISBIS-CARSCO","BISBIS","CARSCO",1,"+ Nitrogen"
"17_2_XNX",0.98280309544282,"2007-2013",2007,2013,"XNX","BISBIS-DESCES","BISBIS","DESCES",1,"+ Nitrogen"
"20_2_XNX",0.616117850953206,"2007-2013",2007,2013,"XNX","BISBIS-DESCES","BISBIS","DESCES",1,"+ Nitrogen"
"35_3_XNX",0.829165063485956,"2007-2013",2007,2013,"XNX","BISBIS-DESCES","BISBIS","DESCES",1,"+ Nitrogen"
"37_3_XNX",0.759498787388844,"2007-2013",2007,2013,"XNX","BISBIS-DESCES","BISBIS","DESCES",1,"+ Nitrogen"
"5_1_XNX",0.548099483810418,"2007-2013",2007,2013,"XNX","BISBIS-DESCES","BISBIS","DESCES",1,"+ Nitrogen"
"7_1_XNX",0.956592956592957,"2007-2013",2007,2013,"XNX","BISBIS-DESCES","BISBIS","DESCES",1,"+ Nitrogen"
"17_2_XNX",1.23668639053254,"2007-2013",2007,2013,"XNX","BISBIS-GENALG","BISBIS","GENALG",1,"+ Nitrogen"
"20_2_XNX",0.992,"2007-2013",2007,2013,"XNX","BISBIS-GENALG","BISBIS","GENALG",1,"+ Nitrogen"
"35_3_XNX",1.07035175879397,"2007-2013",2007,2013,"XNX","BISBIS-GENALG","BISBIS","GENALG",1,"+ Nitrogen"
"37_3_XNX",0.539748953974895,"2007-2013",2007,2013,"XNX","BISBIS-GENALG","BISBIS","GENALG",1,"+ Nitrogen"
"5_1_XNX",1.51362984218077,"2007-2013",2007,2013,"XNX","BISBIS-GENALG","BISBIS","GENALG",1,"+ Nitrogen"
"7_1_XNX",1.3680981595092,"2007-2013",2007,2013,"XNX","BISBIS-GENALG","BISBIS","GENALG",1,"+ Nitrogen"
"17_2_XNX",1.02457466918715,"2007-2013",2007,2013,"XNX","BISBIS-GEUROS","BISBIS","GEUROS",1,"+ Nitrogen"
"20_2_XNX",1.16282135794331,"2007-2013",2007,2013,"XNX","BISBIS-GEUROS","BISBIS","GEUROS",1,"+ Nitrogen"
"35_3_XNX",1.1605415860735,"2007-2013",2007,2013,"XNX","BISBIS-GEUROS","BISBIS","GEUROS",1,"+ Nitrogen"
"37_3_XNX",0.510526315789474,"2007-2013",2007,2013,"XNX","BISBIS-GEUROS","BISBIS","GEUROS",1,"+ Nitrogen"
"5_1_XNX",1.22669104204753,"2007-2013",2007,2013,"XNX","BISBIS-GEUROS","BISBIS","GEUROS",1,"+ Nitrogen"
"7_1_XNX",1.01342281879195,"2007-2013",2007,2013,"XNX","BISBIS-GEUROS","BISBIS","GEUROS",1,"+ Nitrogen"
"17_2_XNX",1.31147540983607,"2007-2013",2007,2013,"XNX","BISBIS-TRIPAR","BISBIS","TRIPAR",1,"+ Nitrogen"
"20_2_XNX",0.726696832579185,"2007-2013",2007,2013,"XNX","BISBIS-TRIPAR","BISBIS","TRIPAR",1,"+ Nitrogen"
"35_3_XNX",1.27835051546392,"2007-2013",2007,2013,"XNX","BISBIS-TRIPAR","BISBIS","TRIPAR",1,"+ Nitrogen"
"37_3_XNX",0.261480787253983,"2007-2013",2007,2013,"XNX","BISBIS-TRIPAR","BISBIS","TRIPAR",1,"+ Nitrogen"
"5_1_XNX",0.89031950405341,"2007-2013",2007,2013,"XNX","BISBIS-TRIPAR","BISBIS","TRIPAR",1,"+ Nitrogen"
"7_1_XNX",1.20689655172414,"2007-2013",2007,2013,"XNX","BISBIS-TRIPAR","BISBIS","TRIPAR",1,"+ Nitrogen"
"17_2_XNX",0.888178913738019,"2007-2013",2007,2013,"XNX","CALLEP-CARSCO","CALLEP","CARSCO",1,"+ Nitrogen"
"20_2_XNX",0.800918836140888,"2007-2013",2007,2013,"XNX","CALLEP-CARSCO","CALLEP","CARSCO",1,"+ Nitrogen"
"35_3_XNX",0.565217391304348,"2007-2013",2007,2013,"XNX","CALLEP-CARSCO","CALLEP","CARSCO",1,"+ Nitrogen"
"37_3_XNX",0.797647058823529,"2007-2013",2007,2013,"XNX","CALLEP-CARSCO","CALLEP","CARSCO",1,"+ Nitrogen"
"5_1_XNX",1.21903599755949,"2007-2013",2007,2013,"XNX","CALLEP-CARSCO","CALLEP","CARSCO",1,"+ Nitrogen"
"7_1_XNX",1.15642458100559,"2007-2013",2007,2013,"XNX","CALLEP-CARSCO","CALLEP","CARSCO",1,"+ Nitrogen"
"17_2_XNX",0.977663482733284,"2007-2013",2007,2013,"XNX","CALLEP-DESCES","CALLEP","DESCES",1,"+ Nitrogen"
"20_2_XNX",0.784570596797671,"2007-2013",2007,2013,"XNX","CALLEP-DESCES","CALLEP","DESCES",1,"+ Nitrogen"
"35_3_XNX",0.773268019594122,"2007-2013",2007,2013,"XNX","CALLEP-DESCES","CALLEP","DESCES",1,"+ Nitrogen"
"37_3_XNX",0.827105291174279,"2007-2013",2007,2013,"XNX","CALLEP-DESCES","CALLEP","DESCES",1,"+ Nitrogen"
"5_1_XNX",0.906387989402414,"2007-2013",2007,2013,"XNX","CALLEP-DESCES","CALLEP","DESCES",1,"+ Nitrogen"
"7_1_XNX",0.915787316873271,"2007-2013",2007,2013,"XNX","CALLEP-DESCES","CALLEP","DESCES",1,"+ Nitrogen"
"17_2_XNX",1.13333333333333,"2007-2013",2007,2013,"XNX","CALLEP-GENALG","CALLEP","GENALG",1,"+ Nitrogen"
"20_2_XNX",0.878048780487805,"2007-2013",2007,2013,"XNX","CALLEP-GENALG","CALLEP","GENALG",1,"+ Nitrogen"
"35_3_XNX",1.67248908296943,"2007-2013",2007,2013,"XNX","CALLEP-GENALG","CALLEP","GENALG",1,"+ Nitrogen"
"37_3_XNX",1.24282560706402,"2007-2013",2007,2013,"XNX","CALLEP-GENALG","CALLEP","GENALG",1,"+ Nitrogen"
"5_1_XNX",0.75992438563327,"2007-2013",2007,2013,"XNX","CALLEP-GENALG","CALLEP","GENALG",1,"+ Nitrogen"
"7_1_XNX",1.4576802507837,"2007-2013",2007,2013,"XNX","CALLEP-GENALG","CALLEP","GENALG",1,"+ Nitrogen"
"17_2_XNX",1.02033898305085,"2007-2013",2007,2013,"XNX","CALLEP-GEUROS","CALLEP","GEUROS",1,"+ Nitrogen"
"20_2_XNX",1.28750237056704,"2007-2013",2007,2013,"XNX","CALLEP-GEUROS","CALLEP","GEUROS",1,"+ Nitrogen"
"35_3_XNX",1.52448453608247,"2007-2013",2007,2013,"XNX","CALLEP-GEUROS","CALLEP","GEUROS",1,"+ Nitrogen"
"37_3_XNX",1.44444444444444,"2007-2013",2007,2013,"XNX","CALLEP-GEUROS","CALLEP","GEUROS",1,"+ Nitrogen"
"5_1_XNX",1.28384279475983,"2007-2013",2007,2013,"XNX","CALLEP-GEUROS","CALLEP","GEUROS",1,"+ Nitrogen"
"7_1_XNX",1.12801796743403,"2007-2013",2007,2013,"XNX","CALLEP-GEUROS","CALLEP","GEUROS",1,"+ Nitrogen"
"17_2_XNX",0.929577464788732,"2007-2013",2007,2013,"XNX","CALLEP-TRIPAR","CALLEP","TRIPAR",1,"+ Nitrogen"
"20_2_XNX",0.580645161290323,"2007-2013",2007,2013,"XNX","CALLEP-TRIPAR","CALLEP","TRIPAR",1,"+ Nitrogen"
"35_3_XNX",0.806179775280899,"2007-2013",2007,2013,"XNX","CALLEP-TRIPAR","CALLEP","TRIPAR",1,"+ Nitrogen"
"37_3_XNX",1.26241134751773,"2007-2013",2007,2013,"XNX","CALLEP-TRIPAR","CALLEP","TRIPAR",1,"+ Nitrogen"
"5_1_XNX",1.35149863760218,"2007-2013",2007,2013,"XNX","CALLEP-TRIPAR","CALLEP","TRIPAR",1,"+ Nitrogen"
"7_1_XNX",1.15674891146589,"2007-2013",2007,2013,"XNX","CALLEP-TRIPAR","CALLEP","TRIPAR",1,"+ Nitrogen"
"17_2_XNX",1.21468767585819,"2007-2013",2007,2013,"XNX","CARSCO-DESCES","CARSCO","DESCES",1,"+ Nitrogen"
"20_2_XNX",1.13039568345324,"2007-2013",2007,2013,"XNX","CARSCO-DESCES","CARSCO","DESCES",1,"+ Nitrogen"
"35_3_XNX",0.690331304935767,"2007-2013",2007,2013,"XNX","CARSCO-DESCES","CARSCO","DESCES",1,"+ Nitrogen"
"37_3_XNX",1.01228070175439,"2007-2013",2007,2013,"XNX","CARSCO-DESCES","CARSCO","DESCES",1,"+ Nitrogen"
"5_1_XNX",0.902349933032997,"2007-2013",2007,2013,"XNX","CARSCO-DESCES","CARSCO","DESCES",1,"+ Nitrogen"
"7_1_XNX",0.770132916340891,"2007-2013",2007,2013,"XNX","CARSCO-DESCES","CARSCO","DESCES",1,"+ Nitrogen"
"17_2_XNX",0.491452991452991,"2007-2013",2007,2013,"XNX","CARSCO-GENALG","CARSCO","GENALG",1,"+ Nitrogen"
"20_2_XNX",0.786290322580645,"2007-2013",2007,2013,"XNX","CARSCO-GENALG","CARSCO","GENALG",1,"+ Nitrogen"
"35_3_XNX",0.899641577060932,"2007-2013",2007,2013,"XNX","CARSCO-GENALG","CARSCO","GENALG",1,"+ Nitrogen"
"37_3_XNX",0.288888888888889,"2007-2013",2007,2013,"XNX","CARSCO-GENALG","CARSCO","GENALG",1,"+ Nitrogen"
"5_1_XNX",0.517157852240614,"2007-2013",2007,2013,"XNX","CARSCO-GENALG","CARSCO","GENALG",1,"+ Nitrogen"
"7_1_XNX",0.822784810126582,"2007-2013",2007,2013,"XNX","CARSCO-GENALG","CARSCO","GENALG",1,"+ Nitrogen"
"17_2_XNX",0.516835016835017,"2007-2013",2007,2013,"XNX","CARSCO-GEUROS","CARSCO","GEUROS",1,"+ Nitrogen"
"20_2_XNX",0.644140905823149,"2007-2013",2007,2013,"XNX","CARSCO-GEUROS","CARSCO","GEUROS",1,"+ Nitrogen"
"35_3_XNX",1.05365296803653,"2007-2013",2007,2013,"XNX","CARSCO-GEUROS","CARSCO","GEUROS",1,"+ Nitrogen"
"37_3_XNX",0.89247311827957,"2007-2013",2007,2013,"XNX","CARSCO-GEUROS","CARSCO","GEUROS",1,"+ Nitrogen"
"5_1_XNX",1.42408098028769,"2007-2013",2007,2013,"XNX","CARSCO-GEUROS","CARSCO","GEUROS",1,"+ Nitrogen"
"7_1_XNX",1.22380106571936,"2007-2013",2007,2013,"XNX","CARSCO-GEUROS","CARSCO","GEUROS",1,"+ Nitrogen"
"17_2_XNX",0.81283422459893,"2007-2013",2007,2013,"XNX","CARSCO-TRIPAR","CARSCO","TRIPAR",1,"+ Nitrogen"
"20_2_XNX",1.14975041597338,"2007-2013",2007,2013,"XNX","CARSCO-TRIPAR","CARSCO","TRIPAR",1,"+ Nitrogen"
"35_3_XNX",1.47149122807018,"2007-2013",2007,2013,"XNX","CARSCO-TRIPAR","CARSCO","TRIPAR",1,"+ Nitrogen"
"37_3_XNX",0.594501718213058,"2007-2013",2007,2013,"XNX","CARSCO-TRIPAR","CARSCO","TRIPAR",1,"+ Nitrogen"
"5_1_XNX",1.63997760358343,"2007-2013",2007,2013,"XNX","CARSCO-TRIPAR","CARSCO","TRIPAR",1,"+ Nitrogen"
"7_1_XNX",1.48275862068966,"2007-2013",2007,2013,"XNX","CARSCO-TRIPAR","CARSCO","TRIPAR",1,"+ Nitrogen"
"17_2_XNX",0.770114942528736,"2007-2013",2007,2013,"XNX","DESCES-GENALG","DESCES","GENALG",1,"+ Nitrogen"
"20_2_XNX",0.995967741935484,"2007-2013",2007,2013,"XNX","DESCES-GENALG","DESCES","GENALG",1,"+ Nitrogen"
"35_3_XNX",0.686567164179104,"2007-2013",2007,2013,"XNX","DESCES-GENALG","DESCES","GENALG",1,"+ Nitrogen"
"37_3_XNX",1.0214254481854,"2007-2013",2007,2013,"XNX","DESCES-GENALG","DESCES","GENALG",1,"+ Nitrogen"
"5_1_XNX",0.633647798742138,"2007-2013",2007,2013,"XNX","DESCES-GENALG","DESCES","GENALG",1,"+ Nitrogen"
"7_1_XNX",0.813461154383863,"2007-2013",2007,2013,"XNX","DESCES-GENALG","DESCES","GENALG",1,"+ Nitrogen"
"17_2_XNX",0.469270833333333,"2007-2013",2007,2013,"XNX","DESCES-GEUROS","DESCES","GEUROS",1,"+ Nitrogen"
"20_2_XNX",0.309285237140949,"2007-2013",2007,2013,"XNX","DESCES-GEUROS","DESCES","GEUROS",1,"+ Nitrogen"
"35_3_XNX",0.637091394262842,"2007-2013",2007,2013,"XNX","DESCES-GEUROS","DESCES","GEUROS",1,"+ Nitrogen"
"37_3_XNX",0.778006589785832,"2007-2013",2007,2013,"XNX","DESCES-GEUROS","DESCES","GEUROS",1,"+ Nitrogen"
"5_1_XNX",0.75995449374289,"2007-2013",2007,2013,"XNX","DESCES-GEUROS","DESCES","GEUROS",1,"+ Nitrogen"
"7_1_XNX",0.445799930289299,"2007-2013",2007,2013,"XNX","DESCES-GEUROS","DESCES","GEUROS",1,"+ Nitrogen"
"17_2_XNX",0.884648995048063,"2007-2013",2007,2013,"XNX","DESCES-TRIPAR","DESCES","TRIPAR",1,"+ Nitrogen"
"20_2_XNX",1.11014537343281,"2007-2013",2007,2013,"XNX","DESCES-TRIPAR","DESCES","TRIPAR",1,"+ Nitrogen"
"35_3_XNX",0.91466252909232,"2007-2013",2007,2013,"XNX","DESCES-TRIPAR","DESCES","TRIPAR",1,"+ Nitrogen"
"37_3_XNX",1.15422831839291,"2007-2013",2007,2013,"XNX","DESCES-TRIPAR","DESCES","TRIPAR",1,"+ Nitrogen"
"5_1_XNX",1.01728857513327,"2007-2013",2007,2013,"XNX","DESCES-TRIPAR","DESCES","TRIPAR",1,"+ Nitrogen"
"7_1_XNX",0.825115562403698,"2007-2013",2007,2013,"XNX","DESCES-TRIPAR","DESCES","TRIPAR",1,"+ Nitrogen"
"17_2_XNX",1.55769230769231,"2007-2013",2007,2013,"XNX","GENALG-GEUROS","GENALG","GEUROS",1,"+ Nitrogen"
"20_2_XNX",1.03166536356529,"2007-2013",2007,2013,"XNX","GENALG-GEUROS","GENALG","GEUROS",1,"+ Nitrogen"
"35_3_XNX",1.49163879598662,"2007-2013",2007,2013,"XNX","GENALG-GEUROS","GENALG","GEUROS",1,"+ Nitrogen"
"37_3_XNX",1.44041450777202,"2007-2013",2007,2013,"XNX","GENALG-GEUROS","GENALG","GEUROS",1,"+ Nitrogen"
"5_1_XNX",0.861111111111111,"2007-2013",2007,2013,"XNX","GENALG-GEUROS","GENALG","GEUROS",1,"+ Nitrogen"
"7_1_XNX",1.34119960668633,"2007-2013",2007,2013,"XNX","GENALG-GEUROS","GENALG","GEUROS",1,"+ Nitrogen"
"17_2_XNX",1.72566371681416,"2007-2013",2007,2013,"XNX","GENALG-TRIPAR","GENALG","TRIPAR",1,"+ Nitrogen"
"20_2_XNX",1.17647058823529,"2007-2013",2007,2013,"XNX","GENALG-TRIPAR","GENALG","TRIPAR",1,"+ Nitrogen"
"35_3_XNX",1.07865168539326,"2007-2013",2007,2013,"XNX","GENALG-TRIPAR","GENALG","TRIPAR",1,"+ Nitrogen"
"37_3_XNX",1.77115987460815,"2007-2013",2007,2013,"XNX","GENALG-TRIPAR","GENALG","TRIPAR",1,"+ Nitrogen"
"5_1_XNX",0.498755186721992,"2007-2013",2007,2013,"XNX","GENALG-TRIPAR","GENALG","TRIPAR",1,"+ Nitrogen"
"7_1_XNX",1.02123142250531,"2007-2013",2007,2013,"XNX","GENALG-TRIPAR","GENALG","TRIPAR",1,"+ Nitrogen"
"17_2_XNX",1.4122621564482,"2007-2013",2007,2013,"XNX","GEUROS-TRIPAR","GEUROS","TRIPAR",1,"+ Nitrogen"
"20_2_XNX",0.883547213177552,"2007-2013",2007,2013,"XNX","GEUROS-TRIPAR","GEUROS","TRIPAR",1,"+ Nitrogen"
"35_3_XNX",1.15322580645161,"2007-2013",2007,2013,"XNX","GEUROS-TRIPAR","GEUROS","TRIPAR",1,"+ Nitrogen"
"37_3_XNX",1.29898074745187,"2007-2013",2007,2013,"XNX","GEUROS-TRIPAR","GEUROS","TRIPAR",1,"+ Nitrogen"
"5_1_XNX",1.4,"2007-2013",2007,2013,"XNX","GEUROS-TRIPAR","GEUROS","TRIPAR",1,"+ Nitrogen"
"7_1_XNX",1.00166389351082,"2007-2013",2007,2013,"XNX","GEUROS-TRIPAR","GEUROS","TRIPAR",1,"+ Nitrogen"
"17_2_XNX",1.50880281690141,"2008-2014",2008,2014,"XNX","ARTSCO-BISBIS","ARTSCO","BISBIS",1,"+ Nitrogen"
"20_2_XNX",1.33143939393939,"2008-2014",2008,2014,"XNX","ARTSCO-BISBIS","ARTSCO","BISBIS",1,"+ Nitrogen"
"35_3_XNX",1.08032128514056,"2008-2014",2008,2014,"XNX","ARTSCO-BISBIS","ARTSCO","BISBIS",1,"+ Nitrogen"
"37_3_XNX",0.673549655850541,"2008-2014",2008,2014,"XNX","ARTSCO-BISBIS","ARTSCO","BISBIS",1,"+ Nitrogen"
"5_1_XNX",1.46511627906977,"2008-2014",2008,2014,"XNX","ARTSCO-BISBIS","ARTSCO","BISBIS",1,"+ Nitrogen"
"7_1_XNX",1.58333333333333,"2008-2014",2008,2014,"XNX","ARTSCO-BISBIS","ARTSCO","BISBIS",1,"+ Nitrogen"
"17_2_XNX",1.10072689511942,"2008-2014",2008,2014,"XNX","ARTSCO-CALLEP","ARTSCO","CALLEP",1,"+ Nitrogen"
"20_2_XNX",1.22997172478794,"2008-2014",2008,2014,"XNX","ARTSCO-CALLEP","ARTSCO","CALLEP",1,"+ Nitrogen"
"35_3_XNX",0.935294117647059,"2008-2014",2008,2014,"XNX","ARTSCO-CALLEP","ARTSCO","CALLEP",1,"+ Nitrogen"
"37_3_XNX",1.42957746478873,"2008-2014",2008,2014,"XNX","ARTSCO-CALLEP","ARTSCO","CALLEP",1,"+ Nitrogen"
"5_1_XNX",1.09400324149109,"2008-2014",2008,2014,"XNX","ARTSCO-CALLEP","ARTSCO","CALLEP",1,"+ Nitrogen"
"7_1_XNX",1.35011990407674,"2008-2014",2008,2014,"XNX","ARTSCO-CALLEP","ARTSCO","CALLEP",1,"+ Nitrogen"
"17_2_XNX",0.720070422535211,"2008-2014",2008,2014,"XNX","ARTSCO-CARSCO","ARTSCO","CARSCO",1,"+ Nitrogen"
"20_2_XNX",0.617414248021108,"2008-2014",2008,2014,"XNX","ARTSCO-CARSCO","ARTSCO","CARSCO",1,"+ Nitrogen"
"35_3_XNX",0.574,"2008-2014",2008,2014,"XNX","ARTSCO-CARSCO","ARTSCO","CARSCO",1,"+ Nitrogen"
"37_3_XNX",1.03831417624521,"2008-2014",2008,2014,"XNX","ARTSCO-CARSCO","ARTSCO","CARSCO",1,"+ Nitrogen"
"5_1_XNX",1.17699115044248,"2008-2014",2008,2014,"XNX","ARTSCO-CARSCO","ARTSCO","CARSCO",1,"+ Nitrogen"
"7_1_XNX",1.16143497757848,"2008-2014",2008,2014,"XNX","ARTSCO-CARSCO","ARTSCO","CARSCO",1,"+ Nitrogen"
"17_2_XNX",0.581597222222222,"2008-2014",2008,2014,"XNX","ARTSCO-DESCES","ARTSCO","DESCES",1,"+ Nitrogen"
"20_2_XNX",0.732743964637878,"2008-2014",2008,2014,"XNX","ARTSCO-DESCES","ARTSCO","DESCES",1,"+ Nitrogen"
"35_3_XNX",1.10835401157982,"2008-2014",2008,2014,"XNX","ARTSCO-DESCES","ARTSCO","DESCES",1,"+ Nitrogen"
"37_3_XNX",1.11756906077348,"2008-2014",2008,2014,"XNX","ARTSCO-DESCES","ARTSCO","DESCES",1,"+ Nitrogen"
"5_1_XNX",0.655946601941748,"2008-2014",2008,2014,"XNX","ARTSCO-DESCES","ARTSCO","DESCES",1,"+ Nitrogen"
"7_1_XNX",0.866599462365591,"2008-2014",2008,2014,"XNX","ARTSCO-DESCES","ARTSCO","DESCES",1,"+ Nitrogen"
"17_2_XNX",1.252408477842,"2008-2014",2008,2014,"XNX","ARTSCO-GENALG","ARTSCO","GENALG",1,"+ Nitrogen"
"20_2_XNX",1.26849894291755,"2008-2014",2008,2014,"XNX","ARTSCO-GENALG","ARTSCO","GENALG",1,"+ Nitrogen"
"35_3_XNX",1.13461538461538,"2008-2014",2008,2014,"XNX","ARTSCO-GENALG","ARTSCO","GENALG",1,"+ Nitrogen"
"37_3_XNX",1.48387096774194,"2008-2014",2008,2014,"XNX","ARTSCO-GENALG","ARTSCO","GENALG",1,"+ Nitrogen"
"5_1_XNX",1.74871794871795,"2008-2014",2008,2014,"XNX","ARTSCO-GENALG","ARTSCO","GENALG",1,"+ Nitrogen"
"7_1_XNX",1.66275659824047,"2008-2014",2008,2014,"XNX","ARTSCO-GENALG","ARTSCO","GENALG",1,"+ Nitrogen"
"17_2_XNX",1.25765765765766,"2008-2014",2008,2014,"XNX","ARTSCO-GEUROS","ARTSCO","GEUROS",1,"+ Nitrogen"
"20_2_XNX",1.78134556574924,"2008-2014",2008,2014,"XNX","ARTSCO-GEUROS","ARTSCO","GEUROS",1,"+ Nitrogen"
"35_3_XNX",1.25193798449612,"2008-2014",2008,2014,"XNX","ARTSCO-GEUROS","ARTSCO","GEUROS",1,"+ Nitrogen"
"37_3_XNX",1.31509846827133,"2008-2014",2008,2014,"XNX","ARTSCO-GEUROS","ARTSCO","GEUROS",1,"+ Nitrogen"
"5_1_XNX",1.12608695652174,"2008-2014",2008,2014,"XNX","ARTSCO-GEUROS","ARTSCO","GEUROS",1,"+ Nitrogen"
"7_1_XNX",0.992307692307692,"2008-2014",2008,2014,"XNX","ARTSCO-GEUROS","ARTSCO","GEUROS",1,"+ Nitrogen"
"17_2_XNX",1.10772357723577,"2008-2014",2008,2014,"XNX","ARTSCO-TRIPAR","ARTSCO","TRIPAR",1,"+ Nitrogen"
"20_2_XNX",0.98457087753134,"2008-2014",2008,2014,"XNX","ARTSCO-TRIPAR","ARTSCO","TRIPAR",1,"+ Nitrogen"
"35_3_XNX",0.912280701754386,"2008-2014",2008,2014,"XNX","ARTSCO-TRIPAR","ARTSCO","TRIPAR",1,"+ Nitrogen"
"37_3_XNX",1.40049751243781,"2008-2014",2008,2014,"XNX","ARTSCO-TRIPAR","ARTSCO","TRIPAR",1,"+ Nitrogen"
"5_1_XNX",1.40362225097025,"2008-2014",2008,2014,"XNX","ARTSCO-TRIPAR","ARTSCO","TRIPAR",1,"+ Nitrogen"
"7_1_XNX",1.34645669291339,"2008-2014",2008,2014,"XNX","ARTSCO-TRIPAR","ARTSCO","TRIPAR",1,"+ Nitrogen"
"17_2_XNX",1.04918032786885,"2008-2014",2008,2014,"XNX","BISBIS-CALLEP","BISBIS","CALLEP",1,"+ Nitrogen"
"20_2_XNX",1.53647752394989,"2008-2014",2008,2014,"XNX","BISBIS-CALLEP","BISBIS","CALLEP",1,"+ Nitrogen"
"35_3_XNX",0.964980544747082,"2008-2014",2008,2014,"XNX","BISBIS-CALLEP","BISBIS","CALLEP",1,"+ Nitrogen"
"37_3_XNX",0.670083876980429,"2008-2014",2008,2014,"XNX","BISBIS-CALLEP","BISBIS","CALLEP",1,"+ Nitrogen"
"5_1_XNX",0.983525535420099,"2008-2014",2008,2014,"XNX","BISBIS-CALLEP","BISBIS","CALLEP",1,"+ Nitrogen"
"7_1_XNX",1.72164948453608,"2008-2014",2008,2014,"XNX","BISBIS-CALLEP","BISBIS","CALLEP",1,"+ Nitrogen"
"17_2_XNX",0.859550561797753,"2008-2014",2008,2014,"XNX","BISBIS-CARSCO","BISBIS","CARSCO",1,"+ Nitrogen"
"20_2_XNX",1.37086092715232,"2008-2014",2008,2014,"XNX","BISBIS-CARSCO","BISBIS","CARSCO",1,"+ Nitrogen"
"35_3_XNX",1.17026378896882,"2008-2014",2008,2014,"XNX","BISBIS-CARSCO","BISBIS","CARSCO",1,"+ Nitrogen"
"37_3_XNX",1.14096916299559,"2008-2014",2008,2014,"XNX","BISBIS-CARSCO","BISBIS","CARSCO",1,"+ Nitrogen"
"5_1_XNX",0.77024,"2008-2014",2008,2014,"XNX","BISBIS-CARSCO","BISBIS","CARSCO",1,"+ Nitrogen"
"7_1_XNX",1.24475524475524,"2008-2014",2008,2014,"XNX","BISBIS-CARSCO","BISBIS","CARSCO",1,"+ Nitrogen"
"17_2_XNX",0.990595611285266,"2008-2014",2008,2014,"XNX","BISBIS-DESCES","BISBIS","DESCES",1,"+ Nitrogen"
"20_2_XNX",0.428855721393035,"2008-2014",2008,2014,"XNX","BISBIS-DESCES","BISBIS","DESCES",1,"+ Nitrogen"
"35_3_XNX",0.768736616702355,"2008-2014",2008,2014,"XNX","BISBIS-DESCES","BISBIS","DESCES",1,"+ Nitrogen"
"37_3_XNX",0.39907192575406,"2008-2014",2008,2014,"XNX","BISBIS-DESCES","BISBIS","DESCES",1,"+ Nitrogen"
"5_1_XNX",0.615700359158543,"2008-2014",2008,2014,"XNX","BISBIS-DESCES","BISBIS","DESCES",1,"+ Nitrogen"
"7_1_XNX",0.922651933701658,"2008-2014",2008,2014,"XNX","BISBIS-DESCES","BISBIS","DESCES",1,"+ Nitrogen"
"17_2_XNX",1.24806201550388,"2008-2014",2008,2014,"XNX","BISBIS-GENALG","BISBIS","GENALG",1,"+ Nitrogen"
"20_2_XNX",0.898550724637681,"2008-2014",2008,2014,"XNX","BISBIS-GENALG","BISBIS","GENALG",1,"+ Nitrogen"
"35_3_XNX",1.224,"2008-2014",2008,2014,"XNX","BISBIS-GENALG","BISBIS","GENALG",1,"+ Nitrogen"
"37_3_XNX",0.607105538140021,"2008-2014",2008,2014,"XNX","BISBIS-GENALG","BISBIS","GENALG",1,"+ Nitrogen"
"5_1_XNX",1.42540322580645,"2008-2014",2008,2014,"XNX","BISBIS-GENALG","BISBIS","GENALG",1,"+ Nitrogen"
"7_1_XNX",1.46408839779006,"2008-2014",2008,2014,"XNX","BISBIS-GENALG","BISBIS","GENALG",1,"+ Nitrogen"
"17_2_XNX",0.921212121212121,"2008-2014",2008,2014,"XNX","BISBIS-GEUROS","BISBIS","GEUROS",1,"+ Nitrogen"
"20_2_XNX",1.61538461538462,"2008-2014",2008,2014,"XNX","BISBIS-GEUROS","BISBIS","GEUROS",1,"+ Nitrogen"
"35_3_XNX",0.946454413892909,"2008-2014",2008,2014,"XNX","BISBIS-GEUROS","BISBIS","GEUROS",1,"+ Nitrogen"
"37_3_XNX",0.528985507246377,"2008-2014",2008,2014,"XNX","BISBIS-GEUROS","BISBIS","GEUROS",1,"+ Nitrogen"
"5_1_XNX",1.23540489642185,"2008-2014",2008,2014,"XNX","BISBIS-GEUROS","BISBIS","GEUROS",1,"+ Nitrogen"
"7_1_XNX",1.11136363636364,"2008-2014",2008,2014,"XNX","BISBIS-GEUROS","BISBIS","GEUROS",1,"+ Nitrogen"
"17_2_XNX",1.33333333333333,"2008-2014",2008,2014,"XNX","BISBIS-TRIPAR","BISBIS","TRIPAR",1,"+ Nitrogen"
"20_2_XNX",0.831957989497374,"2008-2014",2008,2014,"XNX","BISBIS-TRIPAR","BISBIS","TRIPAR",1,"+ Nitrogen"
"35_3_XNX",0.772413793103448,"2008-2014",2008,2014,"XNX","BISBIS-TRIPAR","BISBIS","TRIPAR",1,"+ Nitrogen"
"37_3_XNX",0.265967588179218,"2008-2014",2008,2014,"XNX","BISBIS-TRIPAR","BISBIS","TRIPAR",1,"+ Nitrogen"
"5_1_XNX",0.983813859382903,"2008-2014",2008,2014,"XNX","BISBIS-TRIPAR","BISBIS","TRIPAR",1,"+ Nitrogen"
"7_1_XNX",1.12068965517241,"2008-2014",2008,2014,"XNX","BISBIS-TRIPAR","BISBIS","TRIPAR",1,"+ Nitrogen"
"17_2_XNX",0.781420765027322,"2008-2014",2008,2014,"XNX","CALLEP-CARSCO","CALLEP","CARSCO",1,"+ Nitrogen"
"20_2_XNX",1.44415243101183,"2008-2014",2008,2014,"XNX","CALLEP-CARSCO","CALLEP","CARSCO",1,"+ Nitrogen"
"35_3_XNX",0.960629921259843,"2008-2014",2008,2014,"XNX","CALLEP-CARSCO","CALLEP","CARSCO",1,"+ Nitrogen"
"37_3_XNX",1.01261829652997,"2008-2014",2008,2014,"XNX","CALLEP-CARSCO","CALLEP","CARSCO",1,"+ Nitrogen"
"5_1_XNX",1.19389110225764,"2008-2014",2008,2014,"XNX","CALLEP-CARSCO","CALLEP","CARSCO",1,"+ Nitrogen"
"7_1_XNX",1.1903052064632,"2008-2014",2008,2014,"XNX","CALLEP-CARSCO","CALLEP","CARSCO",1,"+ Nitrogen"
"17_2_XNX",0.952667578659371,"2008-2014",2008,2014,"XNX","CALLEP-DESCES","CALLEP","DESCES",1,"+ Nitrogen"
"20_2_XNX",0.788718321373422,"2008-2014",2008,2014,"XNX","CALLEP-DESCES","CALLEP","DESCES",1,"+ Nitrogen"
"35_3_XNX",0.950535861500412,"2008-2014",2008,2014,"XNX","CALLEP-DESCES","CALLEP","DESCES",1,"+ Nitrogen"
"37_3_XNX",0.957214581969002,"2008-2014",2008,2014,"XNX","CALLEP-DESCES","CALLEP","DESCES",1,"+ Nitrogen"
"5_1_XNX",0.839080459770115,"2008-2014",2008,2014,"XNX","CALLEP-DESCES","CALLEP","DESCES",1,"+ Nitrogen"
"7_1_XNX",0.891261128878901,"2008-2014",2008,2014,"XNX","CALLEP-DESCES","CALLEP","DESCES",1,"+ Nitrogen"
"17_2_XNX",1.30588235294118,"2008-2014",2008,2014,"XNX","CALLEP-GENALG","CALLEP","GENALG",1,"+ Nitrogen"
"20_2_XNX",0.654450261780105,"2008-2014",2008,2014,"XNX","CALLEP-GENALG","CALLEP","GENALG",1,"+ Nitrogen"
"35_3_XNX",1.25925925925926,"2008-2014",2008,2014,"XNX","CALLEP-GENALG","CALLEP","GENALG",1,"+ Nitrogen"
"37_3_XNX",1.1448087431694,"2008-2014",2008,2014,"XNX","CALLEP-GENALG","CALLEP","GENALG",1,"+ Nitrogen"
"5_1_XNX",0.852054794520548,"2008-2014",2008,2014,"XNX","CALLEP-GENALG","CALLEP","GENALG",1,"+ Nitrogen"
"7_1_XNX",1.54755043227666,"2008-2014",2008,2014,"XNX","CALLEP-GENALG","CALLEP","GENALG",1,"+ Nitrogen"
"17_2_XNX",1.19745222929936,"2008-2014",2008,2014,"XNX","CALLEP-GEUROS","CALLEP","GEUROS",1,"+ Nitrogen"
"20_2_XNX",1.38366469639978,"2008-2014",2008,2014,"XNX","CALLEP-GEUROS","CALLEP","GEUROS",1,"+ Nitrogen"
"35_3_XNX",1.59718670076726,"2008-2014",2008,2014,"XNX","CALLEP-GEUROS","CALLEP","GEUROS",1,"+ Nitrogen"
"37_3_XNX",1.07407407407407,"2008-2014",2008,2014,"XNX","CALLEP-GEUROS","CALLEP","GEUROS",1,"+ Nitrogen"
"5_1_XNX",1.3009900990099,"2008-2014",2008,2014,"XNX","CALLEP-GEUROS","CALLEP","GEUROS",1,"+ Nitrogen"
"7_1_XNX",1.23037249283668,"2008-2014",2008,2014,"XNX","CALLEP-GEUROS","CALLEP","GEUROS",1,"+ Nitrogen"
"17_2_XNX",0.903225806451613,"2008-2014",2008,2014,"XNX","CALLEP-TRIPAR","CALLEP","TRIPAR",1,"+ Nitrogen"
"20_2_XNX",0.861702127659574,"2008-2014",2008,2014,"XNX","CALLEP-TRIPAR","CALLEP","TRIPAR",1,"+ Nitrogen"
"35_3_XNX",1.21610169491525,"2008-2014",2008,2014,"XNX","CALLEP-TRIPAR","CALLEP","TRIPAR",1,"+ Nitrogen"
"37_3_XNX",1.29039301310044,"2008-2014",2008,2014,"XNX","CALLEP-TRIPAR","CALLEP","TRIPAR",1,"+ Nitrogen"
"5_1_XNX",1.26815642458101,"2008-2014",2008,2014,"XNX","CALLEP-TRIPAR","CALLEP","TRIPAR",1,"+ Nitrogen"
"7_1_XNX",1.06754772393539,"2008-2014",2008,2014,"XNX","CALLEP-TRIPAR","CALLEP","TRIPAR",1,"+ Nitrogen"
"17_2_XNX",1.06008359456635,"2008-2014",2008,2014,"XNX","CARSCO-DESCES","CARSCO","DESCES",1,"+ Nitrogen"
"20_2_XNX",0.874389392882066,"2008-2014",2008,2014,"XNX","CARSCO-DESCES","CARSCO","DESCES",1,"+ Nitrogen"
"35_3_XNX",0.525135344160866,"2008-2014",2008,2014,"XNX","CARSCO-DESCES","CARSCO","DESCES",1,"+ Nitrogen"
"37_3_XNX",0.898550724637681,"2008-2014",2008,2014,"XNX","CARSCO-DESCES","CARSCO","DESCES",1,"+ Nitrogen"
"5_1_XNX",0.726774495388317,"2008-2014",2008,2014,"XNX","CARSCO-DESCES","CARSCO","DESCES",1,"+ Nitrogen"
"7_1_XNX",0.773829292593823,"2008-2014",2008,2014,"XNX","CARSCO-DESCES","CARSCO","DESCES",1,"+ Nitrogen"
"17_2_XNX",0.868217054263566,"2008-2014",2008,2014,"XNX","CARSCO-GENALG","CARSCO","GENALG",1,"+ Nitrogen"
"20_2_XNX",0.603715170278638,"2008-2014",2008,2014,"XNX","CARSCO-GENALG","CARSCO","GENALG",1,"+ Nitrogen"
"35_3_XNX",1.39095744680851,"2008-2014",2008,2014,"XNX","CARSCO-GENALG","CARSCO","GENALG",1,"+ Nitrogen"
"37_3_XNX",0.711442786069652,"2008-2014",2008,2014,"XNX","CARSCO-GENALG","CARSCO","GENALG",1,"+ Nitrogen"
"5_1_XNX",0.708807669263032,"2008-2014",2008,2014,"XNX","CARSCO-GENALG","CARSCO","GENALG",1,"+ Nitrogen"
"7_1_XNX",0.875912408759124,"2008-2014",2008,2014,"XNX","CARSCO-GENALG","CARSCO","GENALG",1,"+ Nitrogen"
"17_2_XNX",1.13333333333333,"2008-2014",2008,2014,"XNX","CARSCO-GEUROS","CARSCO","GEUROS",1,"+ Nitrogen"
"20_2_XNX",1.12089810017271,"2008-2014",2008,2014,"XNX","CARSCO-GEUROS","CARSCO","GEUROS",1,"+ Nitrogen"
"35_3_XNX",1.20912951167728,"2008-2014",2008,2014,"XNX","CARSCO-GEUROS","CARSCO","GEUROS",1,"+ Nitrogen"
"37_3_XNX",1.28735632183908,"2008-2014",2008,2014,"XNX","CARSCO-GEUROS","CARSCO","GEUROS",1,"+ Nitrogen"
"5_1_XNX",1.47761194029851,"2008-2014",2008,2014,"XNX","CARSCO-GEUROS","CARSCO","GEUROS",1,"+ Nitrogen"
"7_1_XNX",1.28468468468468,"2008-2014",2008,2014,"XNX","CARSCO-GEUROS","CARSCO","GEUROS",1,"+ Nitrogen"
"17_2_XNX",1.40196078431373,"2008-2014",2008,2014,"XNX","CARSCO-TRIPAR","CARSCO","TRIPAR",1,"+ Nitrogen"
"20_2_XNX",1.15739484396201,"2008-2014",2008,2014,"XNX","CARSCO-TRIPAR","CARSCO","TRIPAR",1,"+ Nitrogen"
"35_3_XNX",1.52777777777778,"2008-2014",2008,2014,"XNX","CARSCO-TRIPAR","CARSCO","TRIPAR",1,"+ Nitrogen"
"37_3_XNX",0.665529010238908,"2008-2014",2008,2014,"XNX","CARSCO-TRIPAR","CARSCO","TRIPAR",1,"+ Nitrogen"
"5_1_XNX",1.60830324909747,"2008-2014",2008,2014,"XNX","CARSCO-TRIPAR","CARSCO","TRIPAR",1,"+ Nitrogen"
"7_1_XNX",1.44636678200692,"2008-2014",2008,2014,"XNX","CARSCO-TRIPAR","CARSCO","TRIPAR",1,"+ Nitrogen"
"17_2_XNX",0.844504021447721,"2008-2014",2008,2014,"XNX","DESCES-GENALG","DESCES","GENALG",1,"+ Nitrogen"
"20_2_XNX",1.01835872957591,"2008-2014",2008,2014,"XNX","DESCES-GENALG","DESCES","GENALG",1,"+ Nitrogen"
"35_3_XNX",0.792502179598954,"2008-2014",2008,2014,"XNX","DESCES-GENALG","DESCES","GENALG",1,"+ Nitrogen"
"37_3_XNX",1.13796192609183,"2008-2014",2008,2014,"XNX","DESCES-GENALG","DESCES","GENALG",1,"+ Nitrogen"
"5_1_XNX",0.83217665615142,"2008-2014",2008,2014,"XNX","DESCES-GENALG","DESCES","GENALG",1,"+ Nitrogen"
"7_1_XNX",0.810038871049518,"2008-2014",2008,2014,"XNX","DESCES-GENALG","DESCES","GENALG",1,"+ Nitrogen"
"17_2_XNX",0.75013150973172,"2008-2014",2008,2014,"XNX","DESCES-GEUROS","DESCES","GEUROS",1,"+ Nitrogen"
"20_2_XNX",0.491881566380134,"2008-2014",2008,2014,"XNX","DESCES-GEUROS","DESCES","GEUROS",1,"+ Nitrogen"
"35_3_XNX",0.703496503496503,"2008-2014",2008,2014,"XNX","DESCES-GEUROS","DESCES","GEUROS",1,"+ Nitrogen"
"37_3_XNX",1.12749349522984,"2008-2014",2008,2014,"XNX","DESCES-GEUROS","DESCES","GEUROS",1,"+ Nitrogen"
"5_1_XNX",0.667283950617284,"2008-2014",2008,2014,"XNX","DESCES-GEUROS","DESCES","GEUROS",1,"+ Nitrogen"
"7_1_XNX",0.467049576783555,"2008-2014",2008,2014,"XNX","DESCES-GEUROS","DESCES","GEUROS",1,"+ Nitrogen"
"17_2_XNX",0.980413492927095,"2008-2014",2008,2014,"XNX","DESCES-TRIPAR","DESCES","TRIPAR",1,"+ Nitrogen"
"20_2_XNX",1.07355484751934,"2008-2014",2008,2014,"XNX","DESCES-TRIPAR","DESCES","TRIPAR",1,"+ Nitrogen"
"35_3_XNX",0.894554883318928,"2008-2014",2008,2014,"XNX","DESCES-TRIPAR","DESCES","TRIPAR",1,"+ Nitrogen"
"37_3_XNX",1.33794162826421,"2008-2014",2008,2014,"XNX","DESCES-TRIPAR","DESCES","TRIPAR",1,"+ Nitrogen"
"5_1_XNX",0.820937944102321,"2008-2014",2008,2014,"XNX","DESCES-TRIPAR","DESCES","TRIPAR",1,"+ Nitrogen"
"7_1_XNX",0.86620644312952,"2008-2014",2008,2014,"XNX","DESCES-TRIPAR","DESCES","TRIPAR",1,"+ Nitrogen"
"17_2_XNX",1.41379310344828,"2008-2014",2008,2014,"XNX","GENALG-GEUROS","GENALG","GEUROS",1,"+ Nitrogen"
"20_2_XNX",1.0561282932417,"2008-2014",2008,2014,"XNX","GENALG-GEUROS","GENALG","GEUROS",1,"+ Nitrogen"
"35_3_XNX",1.39846153846154,"2008-2014",2008,2014,"XNX","GENALG-GEUROS","GENALG","GEUROS",1,"+ Nitrogen"
"37_3_XNX",1.60453400503778,"2008-2014",2008,2014,"XNX","GENALG-GEUROS","GENALG","GEUROS",1,"+ Nitrogen"
"5_1_XNX",0.880239520958084,"2008-2014",2008,2014,"XNX","GENALG-GEUROS","GENALG","GEUROS",1,"+ Nitrogen"
"7_1_XNX",1.38407960199005,"2008-2014",2008,2014,"XNX","GENALG-GEUROS","GENALG","GEUROS",1,"+ Nitrogen"
"17_2_XNX",1.41509433962264,"2008-2014",2008,2014,"XNX","GENALG-TRIPAR","GENALG","TRIPAR",1,"+ Nitrogen"
"20_2_XNX",1.0059880239521,"2008-2014",2008,2014,"XNX","GENALG-TRIPAR","GENALG","TRIPAR",1,"+ Nitrogen"
"35_3_XNX",1.67307692307692,"2008-2014",2008,2014,"XNX","GENALG-TRIPAR","GENALG","TRIPAR",1,"+ Nitrogen"
"37_3_XNX",1.75730994152047,"2008-2014",2008,2014,"XNX","GENALG-TRIPAR","GENALG","TRIPAR",1,"+ Nitrogen"
"5_1_XNX",0.980806142034549,"2008-2014",2008,2014,"XNX","GENALG-TRIPAR","GENALG","TRIPAR",1,"+ Nitrogen"
"7_1_XNX",0.997885835095137,"2008-2014",2008,2014,"XNX","GENALG-TRIPAR","GENALG","TRIPAR",1,"+ Nitrogen"
"17_2_XNX",1.10112359550562,"2008-2014",2008,2014,"XNX","GEUROS-TRIPAR","GEUROS","TRIPAR",1,"+ Nitrogen"
"20_2_XNX",0.923788786064235,"2008-2014",2008,2014,"XNX","GEUROS-TRIPAR","GEUROS","TRIPAR",1,"+ Nitrogen"
"35_3_XNX",1.33731343283582,"2008-2014",2008,2014,"XNX","GEUROS-TRIPAR","GEUROS","TRIPAR",1,"+ Nitrogen"
"37_3_XNX",1.48670756646217,"2008-2014",2008,2014,"XNX","GEUROS-TRIPAR","GEUROS","TRIPAR",1,"+ Nitrogen"
"5_1_XNX",1.56580937972769,"2008-2014",2008,2014,"XNX","GEUROS-TRIPAR","GEUROS","TRIPAR",1,"+ Nitrogen"
"7_1_XNX",1.02730375426621,"2008-2014",2008,2014,"XNX","GEUROS-TRIPAR","GEUROS","TRIPAR",1,"+ Nitrogen"
"17_2_XNX",1.63132530120482,"2009-2015",2009,2015,"XNX","ARTSCO-BISBIS","ARTSCO","BISBIS",1,"+ Nitrogen"
"20_2_XNX",1.4065335753176,"2009-2015",2009,2015,"XNX","ARTSCO-BISBIS","ARTSCO","BISBIS",1,"+ Nitrogen"
"35_3_XNX",1.10033444816054,"2009-2015",2009,2015,"XNX","ARTSCO-BISBIS","ARTSCO","BISBIS",1,"+ Nitrogen"
"37_3_XNX",0.930682976554536,"2009-2015",2009,2015,"XNX","ARTSCO-BISBIS","ARTSCO","BISBIS",1,"+ Nitrogen"
"5_1_XNX",0.885106382978723,"2009-2015",2009,2015,"XNX","ARTSCO-BISBIS","ARTSCO","BISBIS",1,"+ Nitrogen"
"7_1_XNX",1.54938271604938,"2009-2015",2009,2015,"XNX","ARTSCO-BISBIS","ARTSCO","BISBIS",1,"+ Nitrogen"
"17_2_XNX",1.07759303246239,"2009-2015",2009,2015,"XNX","ARTSCO-CALLEP","ARTSCO","CALLEP",1,"+ Nitrogen"
"20_2_XNX",1.14310051107325,"2009-2015",2009,2015,"XNX","ARTSCO-CALLEP","ARTSCO","CALLEP",1,"+ Nitrogen"
"35_3_XNX",1.25886524822695,"2009-2015",2009,2015,"XNX","ARTSCO-CALLEP","ARTSCO","CALLEP",1,"+ Nitrogen"
"37_3_XNX",0.704819277108434,"2009-2015",2009,2015,"XNX","ARTSCO-CALLEP","ARTSCO","CALLEP",1,"+ Nitrogen"
"5_1_XNX",1.43256997455471,"2009-2015",2009,2015,"XNX","ARTSCO-CALLEP","ARTSCO","CALLEP",1,"+ Nitrogen"
"7_1_XNX",1.3915857605178,"2009-2015",2009,2015,"XNX","ARTSCO-CALLEP","ARTSCO","CALLEP",1,"+ Nitrogen"
"17_2_XNX",0.754342431761787,"2009-2015",2009,2015,"XNX","ARTSCO-CARSCO","ARTSCO","CARSCO",1,"+ Nitrogen"
"20_2_XNX",0.516129032258065,"2009-2015",2009,2015,"XNX","ARTSCO-CARSCO","ARTSCO","CARSCO",1,"+ Nitrogen"
"35_3_XNX",0.691743119266055,"2009-2015",2009,2015,"XNX","ARTSCO-CARSCO","ARTSCO","CARSCO",1,"+ Nitrogen"
"37_3_XNX",1.32432432432432,"2009-2015",2009,2015,"XNX","ARTSCO-CARSCO","ARTSCO","CARSCO",1,"+ Nitrogen"
"5_1_XNX",1.57703404500866,"2009-2015",2009,2015,"XNX","ARTSCO-CARSCO","ARTSCO","CARSCO",1,"+ Nitrogen"
"7_1_XNX",0.832214765100671,"2009-2015",2009,2015,"XNX","ARTSCO-CARSCO","ARTSCO","CARSCO",1,"+ Nitrogen"
"17_2_XNX",0.645099904852521,"2009-2015",2009,2015,"XNX","ARTSCO-DESCES","ARTSCO","DESCES",1,"+ Nitrogen"
"20_2_XNX",0.786224821312541,"2009-2015",2009,2015,"XNX","ARTSCO-DESCES","ARTSCO","DESCES",1,"+ Nitrogen"
"35_3_XNX",1.07741935483871,"2009-2015",2009,2015,"XNX","ARTSCO-DESCES","ARTSCO","DESCES",1,"+ Nitrogen"
"37_3_XNX",1.09502762430939,"2009-2015",2009,2015,"XNX","ARTSCO-DESCES","ARTSCO","DESCES",1,"+ Nitrogen"
"5_1_XNX",0.740819209039548,"2009-2015",2009,2015,"XNX","ARTSCO-DESCES","ARTSCO","DESCES",1,"+ Nitrogen"
"7_1_XNX",0.734964028776979,"2009-2015",2009,2015,"XNX","ARTSCO-DESCES","ARTSCO","DESCES",1,"+ Nitrogen"
"17_2_XNX",1.34261838440111,"2009-2015",2009,2015,"XNX","ARTSCO-GENALG","ARTSCO","GENALG",1,"+ Nitrogen"
"20_2_XNX",1.10831721470019,"2009-2015",2009,2015,"XNX","ARTSCO-GENALG","ARTSCO","GENALG",1,"+ Nitrogen"
"35_3_XNX",1.01149425287356,"2009-2015",2009,2015,"XNX","ARTSCO-GENALG","ARTSCO","GENALG",1,"+ Nitrogen"
"37_3_XNX",1.34959349593496,"2009-2015",2009,2015,"XNX","ARTSCO-GENALG","ARTSCO","GENALG",1,"+ Nitrogen"
"5_1_XNX",1.60869565217391,"2009-2015",2009,2015,"XNX","ARTSCO-GENALG","ARTSCO","GENALG",1,"+ Nitrogen"
"7_1_XNX",1.77278250303767,"2009-2015",2009,2015,"XNX","ARTSCO-GENALG","ARTSCO","GENALG",1,"+ Nitrogen"
"17_2_XNX",1.1063829787234,"2009-2015",2009,2015,"XNX","ARTSCO-GEUROS","ARTSCO","GEUROS",1,"+ Nitrogen"
"20_2_XNX",1.58082975679542,"2009-2015",2009,2015,"XNX","ARTSCO-GEUROS","ARTSCO","GEUROS",1,"+ Nitrogen"
"35_3_XNX",1.3080229226361,"2009-2015",2009,2015,"XNX","ARTSCO-GEUROS","ARTSCO","GEUROS",1,"+ Nitrogen"
"37_3_XNX",1.41131105398458,"2009-2015",2009,2015,"XNX","ARTSCO-GEUROS","ARTSCO","GEUROS",1,"+ Nitrogen"
"5_1_XNX",1.10382513661202,"2009-2015",2009,2015,"XNX","ARTSCO-GEUROS","ARTSCO","GEUROS",1,"+ Nitrogen"
"7_1_XNX",1.5048231511254,"2009-2015",2009,2015,"XNX","ARTSCO-GEUROS","ARTSCO","GEUROS",1,"+ Nitrogen"
"17_2_XNX",1.15015015015015,"2009-2015",2009,2015,"XNX","ARTSCO-TRIPAR","ARTSCO","TRIPAR",1,"+ Nitrogen"
"20_2_XNX",0.923981900452489,"2009-2015",2009,2015,"XNX","ARTSCO-TRIPAR","ARTSCO","TRIPAR",1,"+ Nitrogen"
"35_3_XNX",0.771929824561403,"2009-2015",2009,2015,"XNX","ARTSCO-TRIPAR","ARTSCO","TRIPAR",1,"+ Nitrogen"
"37_3_XNX",1.14873417721519,"2009-2015",2009,2015,"XNX","ARTSCO-TRIPAR","ARTSCO","TRIPAR",1,"+ Nitrogen"
"5_1_XNX",1.21731748726655,"2009-2015",2009,2015,"XNX","ARTSCO-TRIPAR","ARTSCO","TRIPAR",1,"+ Nitrogen"
"7_1_XNX",1.50445103857567,"2009-2015",2009,2015,"XNX","ARTSCO-TRIPAR","ARTSCO","TRIPAR",1,"+ Nitrogen"
"17_2_XNX",1,"2009-2015",2009,2015,"XNX","BISBIS-CALLEP","BISBIS","CALLEP",1,"+ Nitrogen"
"20_2_XNX",1.49779735682819,"2009-2015",2009,2015,"XNX","BISBIS-CALLEP","BISBIS","CALLEP",1,"+ Nitrogen"
"35_3_XNX",1.12080536912752,"2009-2015",2009,2015,"XNX","BISBIS-CALLEP","BISBIS","CALLEP",1,"+ Nitrogen"
"37_3_XNX",1.01533406352683,"2009-2015",2009,2015,"XNX","BISBIS-CALLEP","BISBIS","CALLEP",1,"+ Nitrogen"
"5_1_XNX",0.989342806394316,"2009-2015",2009,2015,"XNX","BISBIS-CALLEP","BISBIS","CALLEP",1,"+ Nitrogen"
"7_1_XNX",1.81132075471698,"2009-2015",2009,2015,"XNX","BISBIS-CALLEP","BISBIS","CALLEP",1,"+ Nitrogen"
"17_2_XNX",0.805263157894737,"2009-2015",2009,2015,"XNX","BISBIS-CARSCO","BISBIS","CARSCO",1,"+ Nitrogen"
"20_2_XNX",1.29106029106029,"2009-2015",2009,2015,"XNX","BISBIS-CARSCO","BISBIS","CARSCO",1,"+ Nitrogen"
"35_3_XNX",1.16990291262136,"2009-2015",2009,2015,"XNX","BISBIS-CARSCO","BISBIS","CARSCO",1,"+ Nitrogen"
"37_3_XNX",1.07296137339056,"2009-2015",2009,2015,"XNX","BISBIS-CARSCO","BISBIS","CARSCO",1,"+ Nitrogen"
"5_1_XNX",0.764938923737207,"2009-2015",2009,2015,"XNX","BISBIS-CARSCO","BISBIS","CARSCO",1,"+ Nitrogen"
"7_1_XNX",1.1,"2009-2015",2009,2015,"XNX","BISBIS-CARSCO","BISBIS","CARSCO",1,"+ Nitrogen"
"17_2_XNX",0.977236633139227,"2009-2015",2009,2015,"XNX","BISBIS-DESCES","BISBIS","DESCES",1,"+ Nitrogen"
"20_2_XNX",0.4656,"2009-2015",2009,2015,"XNX","BISBIS-DESCES","BISBIS","DESCES",1,"+ Nitrogen"
"35_3_XNX",0.769066893907115,"2009-2015",2009,2015,"XNX","BISBIS-DESCES","BISBIS","DESCES",1,"+ Nitrogen"
"37_3_XNX",0.514415781487102,"2009-2015",2009,2015,"XNX","BISBIS-DESCES","BISBIS","DESCES",1,"+ Nitrogen"
"5_1_XNX",0.854597701149425,"2009-2015",2009,2015,"XNX","BISBIS-DESCES","BISBIS","DESCES",1,"+ Nitrogen"
"7_1_XNX",0.903196892739767,"2009-2015",2009,2015,"XNX","BISBIS-DESCES","BISBIS","DESCES",1,"+ Nitrogen"
"17_2_XNX",1.1027397260274,"2009-2015",2009,2015,"XNX","BISBIS-GENALG","BISBIS","GENALG",1,"+ Nitrogen"
"20_2_XNX",0.914893617021277,"2009-2015",2009,2015,"XNX","BISBIS-GENALG","BISBIS","GENALG",1,"+ Nitrogen"
"35_3_XNX",1.1953125,"2009-2015",2009,2015,"XNX","BISBIS-GENALG","BISBIS","GENALG",1,"+ Nitrogen"
"37_3_XNX",0.59718026183283,"2009-2015",2009,2015,"XNX","BISBIS-GENALG","BISBIS","GENALG",1,"+ Nitrogen"
"5_1_XNX",0.872437357630979,"2009-2015",2009,2015,"XNX","BISBIS-GENALG","BISBIS","GENALG",1,"+ Nitrogen"
"7_1_XNX",1.61736334405145,"2009-2015",2009,2015,"XNX","BISBIS-GENALG","BISBIS","GENALG",1,"+ Nitrogen"
"17_2_XNX",0.932515337423313,"2009-2015",2009,2015,"XNX","BISBIS-GEUROS","BISBIS","GEUROS",1,"+ Nitrogen"
"20_2_XNX",1.59249329758713,"2009-2015",2009,2015,"XNX","BISBIS-GEUROS","BISBIS","GEUROS",1,"+ Nitrogen"
"35_3_XNX",0.966371681415929,"2009-2015",2009,2015,"XNX","BISBIS-GEUROS","BISBIS","GEUROS",1,"+ Nitrogen"
"37_3_XNX",0.485915492957746,"2009-2015",2009,2015,"XNX","BISBIS-GEUROS","BISBIS","GEUROS",1,"+ Nitrogen"
"5_1_XNX",1.43589743589744,"2009-2015",2009,2015,"XNX","BISBIS-GEUROS","BISBIS","GEUROS",1,"+ Nitrogen"
"7_1_XNX",1.37158469945355,"2009-2015",2009,2015,"XNX","BISBIS-GEUROS","BISBIS","GEUROS",1,"+ Nitrogen"
"17_2_XNX",1.13333333333333,"2009-2015",2009,2015,"XNX","BISBIS-TRIPAR","BISBIS","TRIPAR",1,"+ Nitrogen"
"20_2_XNX",0.879350348027842,"2009-2015",2009,2015,"XNX","BISBIS-TRIPAR","BISBIS","TRIPAR",1,"+ Nitrogen"
"35_3_XNX",0.736842105263158,"2009-2015",2009,2015,"XNX","BISBIS-TRIPAR","BISBIS","TRIPAR",1,"+ Nitrogen"
"37_3_XNX",0.309501411100659,"2009-2015",2009,2015,"XNX","BISBIS-TRIPAR","BISBIS","TRIPAR",1,"+ Nitrogen"
"5_1_XNX",1.08700265251989,"2009-2015",2009,2015,"XNX","BISBIS-TRIPAR","BISBIS","TRIPAR",1,"+ Nitrogen"
"7_1_XNX",1.20574162679426,"2009-2015",2009,2015,"XNX","BISBIS-TRIPAR","BISBIS","TRIPAR",1,"+ Nitrogen"
"17_2_XNX",0.845730027548209,"2009-2015",2009,2015,"XNX","CALLEP-CARSCO","CALLEP","CARSCO",1,"+ Nitrogen"
"20_2_XNX",1.46979865771812,"2009-2015",2009,2015,"XNX","CALLEP-CARSCO","CALLEP","CARSCO",1,"+ Nitrogen"
"35_3_XNX",1.30126582278481,"2009-2015",2009,2015,"XNX","CALLEP-CARSCO","CALLEP","CARSCO",1,"+ Nitrogen"
"37_3_XNX",1.71794871794872,"2009-2015",2009,2015,"XNX","CALLEP-CARSCO","CALLEP","CARSCO",1,"+ Nitrogen"
"5_1_XNX",1.19325551232166,"2009-2015",2009,2015,"XNX","CALLEP-CARSCO","CALLEP","CARSCO",1,"+ Nitrogen"
"7_1_XNX",1.12,"2009-2015",2009,2015,"XNX","CALLEP-CARSCO","CALLEP","CARSCO",1,"+ Nitrogen"
"17_2_XNX",0.962843972621875,"2009-2015",2009,2015,"XNX","CALLEP-DESCES","CALLEP","DESCES",1,"+ Nitrogen"
"20_2_XNX",0.783260680034874,"2009-2015",2009,2015,"XNX","CALLEP-DESCES","CALLEP","DESCES",1,"+ Nitrogen"
"35_3_XNX",0.882403433476395,"2009-2015",2009,2015,"XNX","CALLEP-DESCES","CALLEP","DESCES",1,"+ Nitrogen"
"37_3_XNX",0.905766210455463,"2009-2015",2009,2015,"XNX","CALLEP-DESCES","CALLEP","DESCES",1,"+ Nitrogen"
"5_1_XNX",0.786223277909739,"2009-2015",2009,2015,"XNX","CALLEP-DESCES","CALLEP","DESCES",1,"+ Nitrogen"
"7_1_XNX",0.90282976493487,"2009-2015",2009,2015,"XNX","CALLEP-DESCES","CALLEP","DESCES",1,"+ Nitrogen"
"17_2_XNX",1.29946524064171,"2009-2015",2009,2015,"XNX","CALLEP-GENALG","CALLEP","GENALG",1,"+ Nitrogen"
"20_2_XNX",0.838541666666667,"2009-2015",2009,2015,"XNX","CALLEP-GENALG","CALLEP","GENALG",1,"+ Nitrogen"
"35_3_XNX",1.36936936936937,"2009-2015",2009,2015,"XNX","CALLEP-GENALG","CALLEP","GENALG",1,"+ Nitrogen"
"37_3_XNX",0.803370786516854,"2009-2015",2009,2015,"XNX","CALLEP-GENALG","CALLEP","GENALG",1,"+ Nitrogen"
"5_1_XNX",1.15613382899628,"2009-2015",2009,2015,"XNX","CALLEP-GENALG","CALLEP","GENALG",1,"+ Nitrogen"
"7_1_XNX",1.55516014234875,"2009-2015",2009,2015,"XNX","CALLEP-GENALG","CALLEP","GENALG",1,"+ Nitrogen"
"17_2_XNX",1.10980392156863,"2009-2015",2009,2015,"XNX","CALLEP-GEUROS","CALLEP","GEUROS",1,"+ Nitrogen"
"20_2_XNX",1.42374616171955,"2009-2015",2009,2015,"XNX","CALLEP-GEUROS","CALLEP","GEUROS",1,"+ Nitrogen"
"35_3_XNX",1.37591240875912,"2009-2015",2009,2015,"XNX","CALLEP-GEUROS","CALLEP","GEUROS",1,"+ Nitrogen"
"37_3_XNX",1.21806853582555,"2009-2015",2009,2015,"XNX","CALLEP-GEUROS","CALLEP","GEUROS",1,"+ Nitrogen"
"5_1_XNX",1.21441774491682,"2009-2015",2009,2015,"XNX","CALLEP-GEUROS","CALLEP","GEUROS",1,"+ Nitrogen"
"7_1_XNX",1.36467236467236,"2009-2015",2009,2015,"XNX","CALLEP-GEUROS","CALLEP","GEUROS",1,"+ Nitrogen"
"17_2_XNX",1,"2009-2015",2009,2015,"XNX","CALLEP-TRIPAR","CALLEP","TRIPAR",1,"+ Nitrogen"
"20_2_XNX",0.889733840304182,"2009-2015",2009,2015,"XNX","CALLEP-TRIPAR","CALLEP","TRIPAR",1,"+ Nitrogen"
"35_3_XNX",1.38518518518519,"2009-2015",2009,2015,"XNX","CALLEP-TRIPAR","CALLEP","TRIPAR",1,"+ Nitrogen"
"37_3_XNX",0.858870967741935,"2009-2015",2009,2015,"XNX","CALLEP-TRIPAR","CALLEP","TRIPAR",1,"+ Nitrogen"
"5_1_XNX",1.19095477386935,"2009-2015",2009,2015,"XNX","CALLEP-TRIPAR","CALLEP","TRIPAR",1,"+ Nitrogen"
"7_1_XNX",1.1712158808933,"2009-2015",2009,2015,"XNX","CALLEP-TRIPAR","CALLEP","TRIPAR",1,"+ Nitrogen"
"17_2_XNX",1.05487480021311,"2009-2015",2009,2015,"XNX","CARSCO-DESCES","CARSCO","DESCES",1,"+ Nitrogen"
"20_2_XNX",0.841755319148936,"2009-2015",2009,2015,"XNX","CARSCO-DESCES","CARSCO","DESCES",1,"+ Nitrogen"
"35_3_XNX",0.524874662553027,"2009-2015",2009,2015,"XNX","CARSCO-DESCES","CARSCO","DESCES",1,"+ Nitrogen"
"37_3_XNX",0.91331546023235,"2009-2015",2009,2015,"XNX","CARSCO-DESCES","CARSCO","DESCES",1,"+ Nitrogen"
"5_1_XNX",0.548510201086159,"2009-2015",2009,2015,"XNX","CARSCO-DESCES","CARSCO","DESCES",1,"+ Nitrogen"
"7_1_XNX",0.871088142405972,"2009-2015",2009,2015,"XNX","CARSCO-DESCES","CARSCO","DESCES",1,"+ Nitrogen"
"17_2_XNX",0.962686567164179,"2009-2015",2009,2015,"XNX","CARSCO-GENALG","CARSCO","GENALG",1,"+ Nitrogen"
"20_2_XNX",0.758620689655172,"2009-2015",2009,2015,"XNX","CARSCO-GENALG","CARSCO","GENALG",1,"+ Nitrogen"
"35_3_XNX",1.35561497326203,"2009-2015",2009,2015,"XNX","CARSCO-GENALG","CARSCO","GENALG",1,"+ Nitrogen"
"37_3_XNX",0.776649746192893,"2009-2015",2009,2015,"XNX","CARSCO-GENALG","CARSCO","GENALG",1,"+ Nitrogen"
"5_1_XNX",1.05220633934121,"2009-2015",2009,2015,"XNX","CARSCO-GENALG","CARSCO","GENALG",1,"+ Nitrogen"
"7_1_XNX",0.866666666666667,"2009-2015",2009,2015,"XNX","CARSCO-GENALG","CARSCO","GENALG",1,"+ Nitrogen"
"17_2_XNX",1.22516556291391,"2009-2015",2009,2015,"XNX","CARSCO-GEUROS","CARSCO","GEUROS",1,"+ Nitrogen"
"20_2_XNX",1.22257551669316,"2009-2015",2009,2015,"XNX","CARSCO-GEUROS","CARSCO","GEUROS",1,"+ Nitrogen"
"35_3_XNX",1.36251541307028,"2009-2015",2009,2015,"XNX","CARSCO-GEUROS","CARSCO","GEUROS",1,"+ Nitrogen"
"37_3_XNX",1.27058823529412,"2009-2015",2009,2015,"XNX","CARSCO-GEUROS","CARSCO","GEUROS",1,"+ Nitrogen"
"5_1_XNX",1.34130781499203,"2009-2015",2009,2015,"XNX","CARSCO-GEUROS","CARSCO","GEUROS",1,"+ Nitrogen"
"7_1_XNX",1.50156739811912,"2009-2015",2009,2015,"XNX","CARSCO-GEUROS","CARSCO","GEUROS",1,"+ Nitrogen"
"17_2_XNX",1.49074074074074,"2009-2015",2009,2015,"XNX","CARSCO-TRIPAR","CARSCO","TRIPAR",1,"+ Nitrogen"
"20_2_XNX",1.13575757575758,"2009-2015",2009,2015,"XNX","CARSCO-TRIPAR","CARSCO","TRIPAR",1,"+ Nitrogen"
"35_3_XNX",1.43969849246231,"2009-2015",2009,2015,"XNX","CARSCO-TRIPAR","CARSCO","TRIPAR",1,"+ Nitrogen"
"37_3_XNX",0.745318352059925,"2009-2015",2009,2015,"XNX","CARSCO-TRIPAR","CARSCO","TRIPAR",1,"+ Nitrogen"
"5_1_XNX",1.50575373993096,"2009-2015",2009,2015,"XNX","CARSCO-TRIPAR","CARSCO","TRIPAR",1,"+ Nitrogen"
"7_1_XNX",1.1536231884058,"2009-2015",2009,2015,"XNX","CARSCO-TRIPAR","CARSCO","TRIPAR",1,"+ Nitrogen"
"17_2_XNX",0.859247135842881,"2009-2015",2009,2015,"XNX","DESCES-GENALG","DESCES","GENALG",1,"+ Nitrogen"
"20_2_XNX",1.00564872021183,"2009-2015",2009,2015,"XNX","DESCES-GENALG","DESCES","GENALG",1,"+ Nitrogen"
"35_3_XNX",0.802511909917713,"2009-2015",2009,2015,"XNX","DESCES-GENALG","DESCES","GENALG",1,"+ Nitrogen"
"37_3_XNX",1.10535596208949,"2009-2015",2009,2015,"XNX","DESCES-GENALG","DESCES","GENALG",1,"+ Nitrogen"
"5_1_XNX",0.909025270758123,"2009-2015",2009,2015,"XNX","DESCES-GENALG","DESCES","GENALG",1,"+ Nitrogen"
"7_1_XNX",0.854899358548994,"2009-2015",2009,2015,"XNX","DESCES-GENALG","DESCES","GENALG",1,"+ Nitrogen"
"17_2_XNX",0.770810810810811,"2009-2015",2009,2015,"XNX","DESCES-GEUROS","DESCES","GEUROS",1,"+ Nitrogen"
"20_2_XNX",0.472043996333639,"2009-2015",2009,2015,"XNX","DESCES-GEUROS","DESCES","GEUROS",1,"+ Nitrogen"
"35_3_XNX",0.656955571740714,"2009-2015",2009,2015,"XNX","DESCES-GEUROS","DESCES","GEUROS",1,"+ Nitrogen"
"37_3_XNX",1.12393162393162,"2009-2015",2009,2015,"XNX","DESCES-GEUROS","DESCES","GEUROS",1,"+ Nitrogen"
"5_1_XNX",0.634549208534067,"2009-2015",2009,2015,"XNX","DESCES-GEUROS","DESCES","GEUROS",1,"+ Nitrogen"
"7_1_XNX",0.596395881006865,"2009-2015",2009,2015,"XNX","DESCES-GEUROS","DESCES","GEUROS",1,"+ Nitrogen"
"17_2_XNX",0.997232982844494,"2009-2015",2009,2015,"XNX","DESCES-TRIPAR","DESCES","TRIPAR",1,"+ Nitrogen"
"20_2_XNX",1.07227436189808,"2009-2015",2009,2015,"XNX","DESCES-TRIPAR","DESCES","TRIPAR",1,"+ Nitrogen"
"35_3_XNX",0.914273467638234,"2009-2015",2009,2015,"XNX","DESCES-TRIPAR","DESCES","TRIPAR",1,"+ Nitrogen"
"37_3_XNX",1.29129585413501,"2009-2015",2009,2015,"XNX","DESCES-TRIPAR","DESCES","TRIPAR",1,"+ Nitrogen"
"5_1_XNX",0.847944963838419,"2009-2015",2009,2015,"XNX","DESCES-TRIPAR","DESCES","TRIPAR",1,"+ Nitrogen"
"7_1_XNX",0.748154457694492,"2009-2015",2009,2015,"XNX","DESCES-TRIPAR","DESCES","TRIPAR",1,"+ Nitrogen"
"17_2_XNX",1.36448598130841,"2009-2015",2009,2015,"XNX","GENALG-GEUROS","GENALG","GEUROS",1,"+ Nitrogen"
"20_2_XNX",1.0529217199559,"2009-2015",2009,2015,"XNX","GENALG-GEUROS","GENALG","GEUROS",1,"+ Nitrogen"
"35_3_XNX",1.49715370018975,"2009-2015",2009,2015,"XNX","GENALG-GEUROS","GENALG","GEUROS",1,"+ Nitrogen"
"37_3_XNX",1.63840399002494,"2009-2015",2009,2015,"XNX","GENALG-GEUROS","GENALG","GEUROS",1,"+ Nitrogen"
"5_1_XNX",0.769736842105263,"2009-2015",2009,2015,"XNX","GENALG-GEUROS","GENALG","GEUROS",1,"+ Nitrogen"
"7_1_XNX",1.28445424476295,"2009-2015",2009,2015,"XNX","GENALG-GEUROS","GENALG","GEUROS",1,"+ Nitrogen"
"17_2_XNX",1.515625,"2009-2015",2009,2015,"XNX","GENALG-TRIPAR","GENALG","TRIPAR",1,"+ Nitrogen"
"20_2_XNX",0.552845528455285,"2009-2015",2009,2015,"XNX","GENALG-TRIPAR","GENALG","TRIPAR",1,"+ Nitrogen"
"35_3_XNX",1.70175438596491,"2009-2015",2009,2015,"XNX","GENALG-TRIPAR","GENALG","TRIPAR",1,"+ Nitrogen"
"37_3_XNX",1.77134146341463,"2009-2015",2009,2015,"XNX","GENALG-TRIPAR","GENALG","TRIPAR",1,"+ Nitrogen"
"5_1_XNX",0.608602150537634,"2009-2015",2009,2015,"XNX","GENALG-TRIPAR","GENALG","TRIPAR",1,"+ Nitrogen"
"7_1_XNX",1.1839762611276,"2009-2015",2009,2015,"XNX","GENALG-TRIPAR","GENALG","TRIPAR",1,"+ Nitrogen"
"17_2_XNX",1.01234567901235,"2009-2015",2009,2015,"XNX","GEUROS-TRIPAR","GEUROS","TRIPAR",1,"+ Nitrogen"
"20_2_XNX",0.868435013262599,"2009-2015",2009,2015,"XNX","GEUROS-TRIPAR","GEUROS","TRIPAR",1,"+ Nitrogen"
"35_3_XNX",1.46642468239564,"2009-2015",2009,2015,"XNX","GEUROS-TRIPAR","GEUROS","TRIPAR",1,"+ Nitrogen"
"37_3_XNX",1.55626326963907,"2009-2015",2009,2015,"XNX","GEUROS-TRIPAR","GEUROS","TRIPAR",1,"+ Nitrogen"
"5_1_XNX",1.63229308005427,"2009-2015",2009,2015,"XNX","GEUROS-TRIPAR","GEUROS","TRIPAR",1,"+ Nitrogen"
"7_1_XNX",1.51396648044693,"2009-2015",2009,2015,"XNX","GEUROS-TRIPAR","GEUROS","TRIPAR",1,"+ Nitrogen"
"17_2_XNX",1.63389830508475,"2010-2016",2010,2016,"XNX","ARTSCO-BISBIS","ARTSCO","BISBIS",1,"+ Nitrogen"
"20_2_XNX",1.13223140495868,"2010-2016",2010,2016,"XNX","ARTSCO-BISBIS","ARTSCO","BISBIS",1,"+ Nitrogen"
"35_3_XNX",0.945402298850575,"2010-2016",2010,2016,"XNX","ARTSCO-BISBIS","ARTSCO","BISBIS",1,"+ Nitrogen"
"37_3_XNX",1.06150583244963,"2010-2016",2010,2016,"XNX","ARTSCO-BISBIS","ARTSCO","BISBIS",1,"+ Nitrogen"
"5_1_XNX",0.637837837837838,"2010-2016",2010,2016,"XNX","ARTSCO-BISBIS","ARTSCO","BISBIS",1,"+ Nitrogen"
"7_1_XNX",1.6,"2010-2016",2010,2016,"XNX","ARTSCO-BISBIS","ARTSCO","BISBIS",1,"+ Nitrogen"
"17_2_XNX",1.00513478818999,"2010-2016",2010,2016,"XNX","ARTSCO-CALLEP","ARTSCO","CALLEP",1,"+ Nitrogen"
"20_2_XNX",0.807058823529412,"2010-2016",2010,2016,"XNX","ARTSCO-CALLEP","ARTSCO","CALLEP",1,"+ Nitrogen"
"35_3_XNX",0.78393351800554,"2010-2016",2010,2016,"XNX","ARTSCO-CALLEP","ARTSCO","CALLEP",1,"+ Nitrogen"
"37_3_XNX",1.48333333333333,"2010-2016",2010,2016,"XNX","ARTSCO-CALLEP","ARTSCO","CALLEP",1,"+ Nitrogen"
"5_1_XNX",1.19027484143763,"2010-2016",2010,2016,"XNX","ARTSCO-CALLEP","ARTSCO","CALLEP",1,"+ Nitrogen"
"7_1_XNX",1.3728813559322,"2010-2016",2010,2016,"XNX","ARTSCO-CALLEP","ARTSCO","CALLEP",1,"+ Nitrogen"
"17_2_XNX",1.04702194357367,"2010-2016",2010,2016,"XNX","ARTSCO-CARSCO","ARTSCO","CARSCO",1,"+ Nitrogen"
"20_2_XNX",0.493392070484581,"2010-2016",2010,2016,"XNX","ARTSCO-CARSCO","ARTSCO","CARSCO",1,"+ Nitrogen"
"35_3_XNX",1.06153846153846,"2010-2016",2010,2016,"XNX","ARTSCO-CARSCO","ARTSCO","CARSCO",1,"+ Nitrogen"
"37_3_XNX",1.37837837837838,"2010-2016",2010,2016,"XNX","ARTSCO-CARSCO","ARTSCO","CARSCO",1,"+ Nitrogen"
"5_1_XNX",1.52534059945504,"2010-2016",2010,2016,"XNX","ARTSCO-CARSCO","ARTSCO","CARSCO",1,"+ Nitrogen"
"7_1_XNX",1.09767441860465,"2010-2016",2010,2016,"XNX","ARTSCO-CARSCO","ARTSCO","CARSCO",1,"+ Nitrogen"
"17_2_XNX",0.781937017231135,"2010-2016",2010,2016,"XNX","ARTSCO-DESCES","ARTSCO","DESCES",1,"+ Nitrogen"
"20_2_XNX",1.01692047377327,"2010-2016",2010,2016,"XNX","ARTSCO-DESCES","ARTSCO","DESCES",1,"+ Nitrogen"
"35_3_XNX",1.06191446028513,"2010-2016",2010,2016,"XNX","ARTSCO-DESCES","ARTSCO","DESCES",1,"+ Nitrogen"
"37_3_XNX",0.991826309067688,"2010-2016",2010,2016,"XNX","ARTSCO-DESCES","ARTSCO","DESCES",1,"+ Nitrogen"
"5_1_XNX",0.700675168792198,"2010-2016",2010,2016,"XNX","ARTSCO-DESCES","ARTSCO","DESCES",1,"+ Nitrogen"
"7_1_XNX",0.806181584030908,"2010-2016",2010,2016,"XNX","ARTSCO-DESCES","ARTSCO","DESCES",1,"+ Nitrogen"
"17_2_XNX",1.01668653158522,"2010-2016",2010,2016,"XNX","ARTSCO-GENALG","ARTSCO","GENALG",1,"+ Nitrogen"
"20_2_XNX",1.13081761006289,"2010-2016",2010,2016,"XNX","ARTSCO-GENALG","ARTSCO","GENALG",1,"+ Nitrogen"
"35_3_XNX",0.599671862182116,"2010-2016",2010,2016,"XNX","ARTSCO-GENALG","ARTSCO","GENALG",1,"+ Nitrogen"
"37_3_XNX",1.07051282051282,"2010-2016",2010,2016,"XNX","ARTSCO-GENALG","ARTSCO","GENALG",1,"+ Nitrogen"
"5_1_XNX",1.34246575342466,"2010-2016",2010,2016,"XNX","ARTSCO-GENALG","ARTSCO","GENALG",1,"+ Nitrogen"
"7_1_XNX",1.3887323943662,"2010-2016",2010,2016,"XNX","ARTSCO-GENALG","ARTSCO","GENALG",1,"+ Nitrogen"
"17_2_XNX",1.06666666666667,"2010-2016",2010,2016,"XNX","ARTSCO-GEUROS","ARTSCO","GEUROS",1,"+ Nitrogen"
"20_2_XNX",1.40138408304498,"2010-2016",2010,2016,"XNX","ARTSCO-GEUROS","ARTSCO","GEUROS",1,"+ Nitrogen"
"35_3_XNX",0.68189233278956,"2010-2016",2010,2016,"XNX","ARTSCO-GEUROS","ARTSCO","GEUROS",1,"+ Nitrogen"
"37_3_XNX",1.28097345132743,"2010-2016",2010,2016,"XNX","ARTSCO-GEUROS","ARTSCO","GEUROS",1,"+ Nitrogen"
"5_1_XNX",0.807174887892377,"2010-2016",2010,2016,"XNX","ARTSCO-GEUROS","ARTSCO","GEUROS",1,"+ Nitrogen"
"7_1_XNX",1.62248995983936,"2010-2016",2010,2016,"XNX","ARTSCO-GEUROS","ARTSCO","GEUROS",1,"+ Nitrogen"
"17_2_XNX",1.04694835680751,"2010-2016",2010,2016,"XNX","ARTSCO-TRIPAR","ARTSCO","TRIPAR",1,"+ Nitrogen"
"20_2_XNX",1.08085612366231,"2010-2016",2010,2016,"XNX","ARTSCO-TRIPAR","ARTSCO","TRIPAR",1,"+ Nitrogen"
"35_3_XNX",0.577160493827161,"2010-2016",2010,2016,"XNX","ARTSCO-TRIPAR","ARTSCO","TRIPAR",1,"+ Nitrogen"
"37_3_XNX",0.914414414414414,"2010-2016",2010,2016,"XNX","ARTSCO-TRIPAR","ARTSCO","TRIPAR",1,"+ Nitrogen"
"5_1_XNX",1.38247011952191,"2010-2016",2010,2016,"XNX","ARTSCO-TRIPAR","ARTSCO","TRIPAR",1,"+ Nitrogen"
"7_1_XNX",1.5387323943662,"2010-2016",2010,2016,"XNX","ARTSCO-TRIPAR","ARTSCO","TRIPAR",1,"+ Nitrogen"
"17_2_XNX",0.901719901719902,"2010-2016",2010,2016,"XNX","BISBIS-CALLEP","BISBIS","CALLEP",1,"+ Nitrogen"
"20_2_XNX",1.27937336814621,"2010-2016",2010,2016,"XNX","BISBIS-CALLEP","BISBIS","CALLEP",1,"+ Nitrogen"
"35_3_XNX",1.41062801932367,"2010-2016",2010,2016,"XNX","BISBIS-CALLEP","BISBIS","CALLEP",1,"+ Nitrogen"
"37_3_XNX",0.9768177028451,"2010-2016",2010,2016,"XNX","BISBIS-CALLEP","BISBIS","CALLEP",1,"+ Nitrogen"
"5_1_XNX",0.760698689956332,"2010-2016",2010,2016,"XNX","BISBIS-CALLEP","BISBIS","CALLEP",1,"+ Nitrogen"
"7_1_XNX",1.74358974358974,"2010-2016",2010,2016,"XNX","BISBIS-CALLEP","BISBIS","CALLEP",1,"+ Nitrogen"
"17_2_XNX",1.23451327433628,"2010-2016",2010,2016,"XNX","BISBIS-CARSCO","BISBIS","CARSCO",1,"+ Nitrogen"
"20_2_XNX",1.21247113163972,"2010-2016",2010,2016,"XNX","BISBIS-CARSCO","BISBIS","CARSCO",1,"+ Nitrogen"
"35_3_XNX",0.989071038251366,"2010-2016",2010,2016,"XNX","BISBIS-CARSCO","BISBIS","CARSCO",1,"+ Nitrogen"
"37_3_XNX",1,"2010-2016",2010,2016,"XNX","BISBIS-CARSCO","BISBIS","CARSCO",1,"+ Nitrogen"
"5_1_XNX",0.658556043079378,"2010-2016",2010,2016,"XNX","BISBIS-CARSCO","BISBIS","CARSCO",1,"+ Nitrogen"
"7_1_XNX",1.23972602739726,"2010-2016",2010,2016,"XNX","BISBIS-CARSCO","BISBIS","CARSCO",1,"+ Nitrogen"
"17_2_XNX",1.04528301886792,"2010-2016",2010,2016,"XNX","BISBIS-DESCES","BISBIS","DESCES",1,"+ Nitrogen"
"20_2_XNX",0.402239448751077,"2010-2016",2010,2016,"XNX","BISBIS-DESCES","BISBIS","DESCES",1,"+ Nitrogen"
"35_3_XNX",0.763581051716645,"2010-2016",2010,2016,"XNX","BISBIS-DESCES","BISBIS","DESCES",1,"+ Nitrogen"
"37_3_XNX",0.499583680266445,"2010-2016",2010,2016,"XNX","BISBIS-DESCES","BISBIS","DESCES",1,"+ Nitrogen"
"5_1_XNX",1.06062624916722,"2010-2016",2010,2016,"XNX","BISBIS-DESCES","BISBIS","DESCES",1,"+ Nitrogen"
"7_1_XNX",0.921633190648666,"2010-2016",2010,2016,"XNX","BISBIS-DESCES","BISBIS","DESCES",1,"+ Nitrogen"
"17_2_XNX",0.850107066381156,"2010-2016",2010,2016,"XNX","BISBIS-GENALG","BISBIS","GENALG",1,"+ Nitrogen"
"20_2_XNX",0.831223628691983,"2010-2016",2010,2016,"XNX","BISBIS-GENALG","BISBIS","GENALG",1,"+ Nitrogen"
"35_3_XNX",1.50746268656716,"2010-2016",2010,2016,"XNX","BISBIS-GENALG","BISBIS","GENALG",1,"+ Nitrogen"
"37_3_XNX",0.741626794258373,"2010-2016",2010,2016,"XNX","BISBIS-GENALG","BISBIS","GENALG",1,"+ Nitrogen"
"5_1_XNX",0.847133757961783,"2010-2016",2010,2016,"XNX","BISBIS-GENALG","BISBIS","GENALG",1,"+ Nitrogen"
"7_1_XNX",1.75949367088608,"2010-2016",2010,2016,"XNX","BISBIS-GENALG","BISBIS","GENALG",1,"+ Nitrogen"
"17_2_XNX",0.901234567901235,"2010-2016",2010,2016,"XNX","BISBIS-GEUROS","BISBIS","GEUROS",1,"+ Nitrogen"
"20_2_XNX",1.06716417910448,"2010-2016",2010,2016,"XNX","BISBIS-GEUROS","BISBIS","GEUROS",1,"+ Nitrogen"
"35_3_XNX",1.30283224400871,"2010-2016",2010,2016,"XNX","BISBIS-GEUROS","BISBIS","GEUROS",1,"+ Nitrogen"
"37_3_XNX",0.764354958985831,"2010-2016",2010,2016,"XNX","BISBIS-GEUROS","BISBIS","GEUROS",1,"+ Nitrogen"
"5_1_XNX",1.46291560102302,"2010-2016",2010,2016,"XNX","BISBIS-GEUROS","BISBIS","GEUROS",1,"+ Nitrogen"
"7_1_XNX",1.37777777777778,"2010-2016",2010,2016,"XNX","BISBIS-GEUROS","BISBIS","GEUROS",1,"+ Nitrogen"
"17_2_XNX",0.925,"2010-2016",2010,2016,"XNX","BISBIS-TRIPAR","BISBIS","TRIPAR",1,"+ Nitrogen"
"20_2_XNX",1.08982826948481,"2010-2016",2010,2016,"XNX","BISBIS-TRIPAR","BISBIS","TRIPAR",1,"+ Nitrogen"
"35_3_XNX",0.941176470588235,"2010-2016",2010,2016,"XNX","BISBIS-TRIPAR","BISBIS","TRIPAR",1,"+ Nitrogen"
"37_3_XNX",0.431143114311431,"2010-2016",2010,2016,"XNX","BISBIS-TRIPAR","BISBIS","TRIPAR",1,"+ Nitrogen"
"5_1_XNX",0.868070175438597,"2010-2016",2010,2016,"XNX","BISBIS-TRIPAR","BISBIS","TRIPAR",1,"+ Nitrogen"
"7_1_XNX",1.17209302325581,"2010-2016",2010,2016,"XNX","BISBIS-TRIPAR","BISBIS","TRIPAR",1,"+ Nitrogen"
"17_2_XNX",0.928429423459245,"2010-2016",2010,2016,"XNX","CALLEP-CARSCO","CALLEP","CARSCO",1,"+ Nitrogen"
"20_2_XNX",1.14513274336283,"2010-2016",2010,2016,"XNX","CALLEP-CARSCO","CALLEP","CARSCO",1,"+ Nitrogen"
"35_3_XNX",1.24538258575198,"2010-2016",2010,2016,"XNX","CALLEP-CARSCO","CALLEP","CARSCO",1,"+ Nitrogen"
"37_3_XNX",1.71794871794872,"2010-2016",2010,2016,"XNX","CALLEP-CARSCO","CALLEP","CARSCO",1,"+ Nitrogen"
"5_1_XNX",1.17466666666667,"2010-2016",2010,2016,"XNX","CALLEP-CARSCO","CALLEP","CARSCO",1,"+ Nitrogen"
"7_1_XNX",1.25089605734767,"2010-2016",2010,2016,"XNX","CALLEP-CARSCO","CALLEP","CARSCO",1,"+ Nitrogen"
"17_2_XNX",0.980533646584997,"2010-2016",2010,2016,"XNX","CALLEP-DESCES","CALLEP","DESCES",1,"+ Nitrogen"
"20_2_XNX",0.80009896091044,"2010-2016",2010,2016,"XNX","CALLEP-DESCES","CALLEP","DESCES",1,"+ Nitrogen"
"35_3_XNX",0.83923941227312,"2010-2016",2010,2016,"XNX","CALLEP-DESCES","CALLEP","DESCES",1,"+ Nitrogen"
"37_3_XNX",0.939811272634532,"2010-2016",2010,2016,"XNX","CALLEP-DESCES","CALLEP","DESCES",1,"+ Nitrogen"
"5_1_XNX",0.834700820492295,"2010-2016",2010,2016,"XNX","CALLEP-DESCES","CALLEP","DESCES",1,"+ Nitrogen"
"7_1_XNX",0.915690480118792,"2010-2016",2010,2016,"XNX","CALLEP-DESCES","CALLEP","DESCES",1,"+ Nitrogen"
"17_2_XNX",1.10606060606061,"2010-2016",2010,2016,"XNX","CALLEP-GENALG","CALLEP","GENALG",1,"+ Nitrogen"
"20_2_XNX",0.559633027522936,"2010-2016",2010,2016,"XNX","CALLEP-GENALG","CALLEP","GENALG",1,"+ Nitrogen"
"35_3_XNX",1.54656488549618,"2010-2016",2010,2016,"XNX","CALLEP-GENALG","CALLEP","GENALG",1,"+ Nitrogen"
"37_3_XNX",1.03086419753086,"2010-2016",2010,2016,"XNX","CALLEP-GENALG","CALLEP","GENALG",1,"+ Nitrogen"
"5_1_XNX",1.20080321285141,"2010-2016",2010,2016,"XNX","CALLEP-GENALG","CALLEP","GENALG",1,"+ Nitrogen"
"7_1_XNX",1.90566037735849,"2010-2016",2010,2016,"XNX","CALLEP-GENALG","CALLEP","GENALG",1,"+ Nitrogen"
"17_2_XNX",1.07287449392713,"2010-2016",2010,2016,"XNX","CALLEP-GEUROS","CALLEP","GEUROS",1,"+ Nitrogen"
"20_2_XNX",1.08510638297872,"2010-2016",2010,2016,"XNX","CALLEP-GEUROS","CALLEP","GEUROS",1,"+ Nitrogen"
"35_3_XNX",1.63135593220339,"2010-2016",2010,2016,"XNX","CALLEP-GEUROS","CALLEP","GEUROS",1,"+ Nitrogen"
"37_3_XNX",1.23580786026201,"2010-2016",2010,2016,"XNX","CALLEP-GEUROS","CALLEP","GEUROS",1,"+ Nitrogen"
"5_1_XNX",1.13644524236984,"2010-2016",2010,2016,"XNX","CALLEP-GEUROS","CALLEP","GEUROS",1,"+ Nitrogen"
"7_1_XNX",1.36599423631124,"2010-2016",2010,2016,"XNX","CALLEP-GEUROS","CALLEP","GEUROS",1,"+ Nitrogen"
"17_2_XNX",0.873417721518987,"2010-2016",2010,2016,"XNX","CALLEP-TRIPAR","CALLEP","TRIPAR",1,"+ Nitrogen"
"20_2_XNX",1.50967741935484,"2010-2016",2010,2016,"XNX","CALLEP-TRIPAR","CALLEP","TRIPAR",1,"+ Nitrogen"
"35_3_XNX",1.44808743169399,"2010-2016",2010,2016,"XNX","CALLEP-TRIPAR","CALLEP","TRIPAR",1,"+ Nitrogen"
"37_3_XNX",0.995614035087719,"2010-2016",2010,2016,"XNX","CALLEP-TRIPAR","CALLEP","TRIPAR",1,"+ Nitrogen"
"5_1_XNX",0.971291866028708,"2010-2016",2010,2016,"XNX","CALLEP-TRIPAR","CALLEP","TRIPAR",1,"+ Nitrogen"
"7_1_XNX",1.14868105515588,"2010-2016",2010,2016,"XNX","CALLEP-TRIPAR","CALLEP","TRIPAR",1,"+ Nitrogen"
"17_2_XNX",0.947335811648079,"2010-2016",2010,2016,"XNX","CARSCO-DESCES","CARSCO","DESCES",1,"+ Nitrogen"
"20_2_XNX",0.838658146964856,"2010-2016",2010,2016,"XNX","CARSCO-DESCES","CARSCO","DESCES",1,"+ Nitrogen"
"35_3_XNX",0.582693085321472,"2010-2016",2010,2016,"XNX","CARSCO-DESCES","CARSCO","DESCES",1,"+ Nitrogen"
"37_3_XNX",0.908358509566969,"2010-2016",2010,2016,"XNX","CARSCO-DESCES","CARSCO","DESCES",1,"+ Nitrogen"
"5_1_XNX",0.544267966661425,"2010-2016",2010,2016,"XNX","CARSCO-DESCES","CARSCO","DESCES",1,"+ Nitrogen"
"7_1_XNX",0.800443458980044,"2010-2016",2010,2016,"XNX","CARSCO-DESCES","CARSCO","DESCES",1,"+ Nitrogen"
"17_2_XNX",1.44760213143872,"2010-2016",2010,2016,"XNX","CARSCO-GENALG","CARSCO","GENALG",1,"+ Nitrogen"
"20_2_XNX",0.864186046511628,"2010-2016",2010,2016,"XNX","CARSCO-GENALG","CARSCO","GENALG",1,"+ Nitrogen"
"35_3_XNX",1.47405112316034,"2010-2016",2010,2016,"XNX","CARSCO-GENALG","CARSCO","GENALG",1,"+ Nitrogen"
"37_3_XNX",0.605633802816901,"2010-2016",2010,2016,"XNX","CARSCO-GENALG","CARSCO","GENALG",1,"+ Nitrogen"
"5_1_XNX",1.05338299193048,"2010-2016",2010,2016,"XNX","CARSCO-GENALG","CARSCO","GENALG",1,"+ Nitrogen"
"7_1_XNX",1.3005366726297,"2010-2016",2010,2016,"XNX","CARSCO-GENALG","CARSCO","GENALG",1,"+ Nitrogen"
"17_2_XNX",1.26881720430108,"2010-2016",2010,2016,"XNX","CARSCO-GEUROS","CARSCO","GEUROS",1,"+ Nitrogen"
"20_2_XNX",1.22284122562674,"2010-2016",2010,2016,"XNX","CARSCO-GEUROS","CARSCO","GEUROS",1,"+ Nitrogen"
"35_3_XNX",1.75118858954041,"2010-2016",2010,2016,"XNX","CARSCO-GEUROS","CARSCO","GEUROS",1,"+ Nitrogen"
"37_3_XNX",0.972495088408644,"2010-2016",2010,2016,"XNX","CARSCO-GEUROS","CARSCO","GEUROS",1,"+ Nitrogen"
"5_1_XNX",1.31995831162064,"2010-2016",2010,2016,"XNX","CARSCO-GEUROS","CARSCO","GEUROS",1,"+ Nitrogen"
"7_1_XNX",1.53666666666667,"2010-2016",2010,2016,"XNX","CARSCO-GEUROS","CARSCO","GEUROS",1,"+ Nitrogen"
"17_2_XNX",1.29861111111111,"2010-2016",2010,2016,"XNX","CARSCO-TRIPAR","CARSCO","TRIPAR",1,"+ Nitrogen"
"20_2_XNX",1.11418376449599,"2010-2016",2010,2016,"XNX","CARSCO-TRIPAR","CARSCO","TRIPAR",1,"+ Nitrogen"
"35_3_XNX",1.53508771929825,"2010-2016",2010,2016,"XNX","CARSCO-TRIPAR","CARSCO","TRIPAR",1,"+ Nitrogen"
"37_3_XNX",0.648745519713262,"2010-2016",2010,2016,"XNX","CARSCO-TRIPAR","CARSCO","TRIPAR",1,"+ Nitrogen"
"5_1_XNX",1.47022471910112,"2010-2016",2010,2016,"XNX","CARSCO-TRIPAR","CARSCO","TRIPAR",1,"+ Nitrogen"
"7_1_XNX",1.18805970149254,"2010-2016",2010,2016,"XNX","CARSCO-TRIPAR","CARSCO","TRIPAR",1,"+ Nitrogen"
"17_2_XNX",0.953480644625353,"2010-2016",2010,2016,"XNX","DESCES-GENALG","DESCES","GENALG",1,"+ Nitrogen"
"20_2_XNX",1.03661901178831,"2010-2016",2010,2016,"XNX","DESCES-GENALG","DESCES","GENALG",1,"+ Nitrogen"
"35_3_XNX",0.753737127671354,"2010-2016",2010,2016,"XNX","DESCES-GENALG","DESCES","GENALG",1,"+ Nitrogen"
"37_3_XNX",1.05426935524023,"2010-2016",2010,2016,"XNX","DESCES-GENALG","DESCES","GENALG",1,"+ Nitrogen"
"5_1_XNX",0.923257635082224,"2010-2016",2010,2016,"XNX","DESCES-GENALG","DESCES","GENALG",1,"+ Nitrogen"
"7_1_XNX",0.923781242266766,"2010-2016",2010,2016,"XNX","DESCES-GENALG","DESCES","GENALG",1,"+ Nitrogen"
"17_2_XNX",0.749677419354839,"2010-2016",2010,2016,"XNX","DESCES-GEUROS","DESCES","GEUROS",1,"+ Nitrogen"
"20_2_XNX",0.907083716651334,"2010-2016",2010,2016,"XNX","DESCES-GEUROS","DESCES","GEUROS",1,"+ Nitrogen"
"35_3_XNX",0.484801247077163,"2010-2016",2010,2016,"XNX","DESCES-GEUROS","DESCES","GEUROS",1,"+ Nitrogen"
"37_3_XNX",1.06538372362625,"2010-2016",2010,2016,"XNX","DESCES-GEUROS","DESCES","GEUROS",1,"+ Nitrogen"
"5_1_XNX",0.710487444608567,"2010-2016",2010,2016,"XNX","DESCES-GEUROS","DESCES","GEUROS",1,"+ Nitrogen"
"7_1_XNX",0.565653400188029,"2010-2016",2010,2016,"XNX","DESCES-GEUROS","DESCES","GEUROS",1,"+ Nitrogen"
"17_2_XNX",1.03978779840849,"2010-2016",2010,2016,"XNX","DESCES-TRIPAR","DESCES","TRIPAR",1,"+ Nitrogen"
"20_2_XNX",0.989090007438631,"2010-2016",2010,2016,"XNX","DESCES-TRIPAR","DESCES","TRIPAR",1,"+ Nitrogen"
"35_3_XNX",0.887571365832235,"2010-2016",2010,2016,"XNX","DESCES-TRIPAR","DESCES","TRIPAR",1,"+ Nitrogen"
"37_3_XNX",1.27528777859417,"2010-2016",2010,2016,"XNX","DESCES-TRIPAR","DESCES","TRIPAR",1,"+ Nitrogen"
"5_1_XNX",0.838165624407808,"2010-2016",2010,2016,"XNX","DESCES-TRIPAR","DESCES","TRIPAR",1,"+ Nitrogen"
"7_1_XNX",0.717916924984501,"2010-2016",2010,2016,"XNX","DESCES-TRIPAR","DESCES","TRIPAR",1,"+ Nitrogen"
"17_2_XNX",1.36482084690554,"2010-2016",2010,2016,"XNX","GENALG-GEUROS","GENALG","GEUROS",1,"+ Nitrogen"
"20_2_XNX",1.17831325301205,"2010-2016",2010,2016,"XNX","GENALG-GEUROS","GENALG","GEUROS",1,"+ Nitrogen"
"35_3_XNX",1.61815995189417,"2010-2016",2010,2016,"XNX","GENALG-GEUROS","GENALG","GEUROS",1,"+ Nitrogen"
"37_3_XNX",1.61552346570397,"2010-2016",2010,2016,"XNX","GENALG-GEUROS","GENALG","GEUROS",1,"+ Nitrogen"
"5_1_XNX",0.880239520958084,"2010-2016",2010,2016,"XNX","GENALG-GEUROS","GENALG","GEUROS",1,"+ Nitrogen"
"7_1_XNX",1.32805755395683,"2010-2016",2010,2016,"XNX","GENALG-GEUROS","GENALG","GEUROS",1,"+ Nitrogen"
"17_2_XNX",1.3021582733813,"2010-2016",2010,2016,"XNX","GENALG-TRIPAR","GENALG","TRIPAR",1,"+ Nitrogen"
"20_2_XNX",0.47,"2010-2016",2010,2016,"XNX","GENALG-TRIPAR","GENALG","TRIPAR",1,"+ Nitrogen"
"35_3_XNX",1.7258382642998,"2010-2016",2010,2016,"XNX","GENALG-TRIPAR","GENALG","TRIPAR",1,"+ Nitrogen"
"37_3_XNX",1.76543209876543,"2010-2016",2010,2016,"XNX","GENALG-TRIPAR","GENALG","TRIPAR",1,"+ Nitrogen"
"5_1_XNX",0.534971644612476,"2010-2016",2010,2016,"XNX","GENALG-TRIPAR","GENALG","TRIPAR",1,"+ Nitrogen"
"7_1_XNX",1.22994011976048,"2010-2016",2010,2016,"XNX","GENALG-TRIPAR","GENALG","TRIPAR",1,"+ Nitrogen"
"17_2_XNX",0.95,"2010-2016",2010,2016,"XNX","GEUROS-TRIPAR","GEUROS","TRIPAR",1,"+ Nitrogen"
"20_2_XNX",1.26030368763557,"2010-2016",2010,2016,"XNX","GEUROS-TRIPAR","GEUROS","TRIPAR",1,"+ Nitrogen"
"35_3_XNX",1.6,"2010-2016",2010,2016,"XNX","GEUROS-TRIPAR","GEUROS","TRIPAR",1,"+ Nitrogen"
"37_3_XNX",1.51774193548387,"2010-2016",2010,2016,"XNX","GEUROS-TRIPAR","GEUROS","TRIPAR",1,"+ Nitrogen"
"5_1_XNX",1.29390681003584,"2010-2016",2010,2016,"XNX","GEUROS-TRIPAR","GEUROS","TRIPAR",1,"+ Nitrogen"
"7_1_XNX",1.47967479674797,"2010-2016",2010,2016,"XNX","GEUROS-TRIPAR","GEUROS","TRIPAR",1,"+ Nitrogen"
"17_2_XNX",1.73664122137405,"2011-2017",2011,2017,"XNX","ARTSCO-BISBIS","ARTSCO","BISBIS",1,"+ Nitrogen"
"20_2_XNX",0.994475138121547,"2011-2017",2011,2017,"XNX","ARTSCO-BISBIS","ARTSCO","BISBIS",1,"+ Nitrogen"
"35_3_XNX",0.966867469879518,"2011-2017",2011,2017,"XNX","ARTSCO-BISBIS","ARTSCO","BISBIS",1,"+ Nitrogen"
"37_3_XNX",1.0612516644474,"2011-2017",2011,2017,"XNX","ARTSCO-BISBIS","ARTSCO","BISBIS",1,"+ Nitrogen"
"5_1_XNX",0.777777777777778,"2011-2017",2011,2017,"XNX","ARTSCO-BISBIS","ARTSCO","BISBIS",1,"+ Nitrogen"
"7_1_XNX",1,"2011-2017",2011,2017,"XNX","ARTSCO-BISBIS","ARTSCO","BISBIS",1,"+ Nitrogen"
"17_2_XNX",1,"2011-2017",2011,2017,"XNX","ARTSCO-CALLEP","ARTSCO","CALLEP",1,"+ Nitrogen"
"20_2_XNX",0.760532150776053,"2011-2017",2011,2017,"XNX","ARTSCO-CALLEP","ARTSCO","CALLEP",1,"+ Nitrogen"
"35_3_XNX",0.797058823529412,"2011-2017",2011,2017,"XNX","ARTSCO-CALLEP","ARTSCO","CALLEP",1,"+ Nitrogen"
"37_3_XNX",1.33823529411765,"2011-2017",2011,2017,"XNX","ARTSCO-CALLEP","ARTSCO","CALLEP",1,"+ Nitrogen"
"5_1_XNX",0.967373572593801,"2011-2017",2011,2017,"XNX","ARTSCO-CALLEP","ARTSCO","CALLEP",1,"+ Nitrogen"
"7_1_XNX",1.08092485549133,"2011-2017",2011,2017,"XNX","ARTSCO-CALLEP","ARTSCO","CALLEP",1,"+ Nitrogen"
"17_2_XNX",1.08223684210526,"2011-2017",2011,2017,"XNX","ARTSCO-CARSCO","ARTSCO","CARSCO",1,"+ Nitrogen"
"20_2_XNX",0.331983805668016,"2011-2017",2011,2017,"XNX","ARTSCO-CARSCO","ARTSCO","CARSCO",1,"+ Nitrogen"
"35_3_XNX",1.11358574610245,"2011-2017",2011,2017,"XNX","ARTSCO-CARSCO","ARTSCO","CARSCO",1,"+ Nitrogen"
"37_3_XNX",1.37894736842105,"2011-2017",2011,2017,"XNX","ARTSCO-CARSCO","ARTSCO","CARSCO",1,"+ Nitrogen"
"5_1_XNX",1.58921739130435,"2011-2017",2011,2017,"XNX","ARTSCO-CARSCO","ARTSCO","CARSCO",1,"+ Nitrogen"
"7_1_XNX",0.452674897119342,"2011-2017",2011,2017,"XNX","ARTSCO-CARSCO","ARTSCO","CARSCO",1,"+ Nitrogen"
"17_2_XNX",0.76050700466978,"2011-2017",2011,2017,"XNX","ARTSCO-DESCES","ARTSCO","DESCES",1,"+ Nitrogen"
"20_2_XNX",1.14301929625426,"2011-2017",2011,2017,"XNX","ARTSCO-DESCES","ARTSCO","DESCES",1,"+ Nitrogen"
"35_3_XNX",1.05482233502538,"2011-2017",2011,2017,"XNX","ARTSCO-DESCES","ARTSCO","DESCES",1,"+ Nitrogen"
"37_3_XNX",0.991826309067688,"2011-2017",2011,2017,"XNX","ARTSCO-DESCES","ARTSCO","DESCES",1,"+ Nitrogen"
"5_1_XNX",0.605333333333333,"2011-2017",2011,2017,"XNX","ARTSCO-DESCES","ARTSCO","DESCES",1,"+ Nitrogen"
"7_1_XNX",1.05460218408736,"2011-2017",2011,2017,"XNX","ARTSCO-DESCES","ARTSCO","DESCES",1,"+ Nitrogen"
"17_2_XNX",1.02120141342756,"2011-2017",2011,2017,"XNX","ARTSCO-GENALG","ARTSCO","GENALG",1,"+ Nitrogen"
"20_2_XNX",1.09876543209877,"2011-2017",2011,2017,"XNX","ARTSCO-GENALG","ARTSCO","GENALG",1,"+ Nitrogen"
"35_3_XNX",0.602179836512262,"2011-2017",2011,2017,"XNX","ARTSCO-GENALG","ARTSCO","GENALG",1,"+ Nitrogen"
"37_3_XNX",1.48333333333333,"2011-2017",2011,2017,"XNX","ARTSCO-GENALG","ARTSCO","GENALG",1,"+ Nitrogen"
"5_1_XNX",1.11812080536913,"2011-2017",2011,2017,"XNX","ARTSCO-GENALG","ARTSCO","GENALG",1,"+ Nitrogen"
"7_1_XNX",0.91812865497076,"2011-2017",2011,2017,"XNX","ARTSCO-GENALG","ARTSCO","GENALG",1,"+ Nitrogen"
"17_2_XNX",1.06024096385542,"2011-2017",2011,2017,"XNX","ARTSCO-GEUROS","ARTSCO","GEUROS",1,"+ Nitrogen"
"20_2_XNX",1.01208459214502,"2011-2017",2011,2017,"XNX","ARTSCO-GEUROS","ARTSCO","GEUROS",1,"+ Nitrogen"
"35_3_XNX",0.599033816425121,"2011-2017",2011,2017,"XNX","ARTSCO-GEUROS","ARTSCO","GEUROS",1,"+ Nitrogen"
"37_3_XNX",1.37203791469194,"2011-2017",2011,2017,"XNX","ARTSCO-GEUROS","ARTSCO","GEUROS",1,"+ Nitrogen"
"5_1_XNX",0.674470457079153,"2011-2017",2011,2017,"XNX","ARTSCO-GEUROS","ARTSCO","GEUROS",1,"+ Nitrogen"
"7_1_XNX",1.07865168539326,"2011-2017",2011,2017,"XNX","ARTSCO-GEUROS","ARTSCO","GEUROS",1,"+ Nitrogen"
"17_2_XNX",1.0746887966805,"2011-2017",2011,2017,"XNX","ARTSCO-TRIPAR","ARTSCO","TRIPAR",1,"+ Nitrogen"
"20_2_XNX",1.08360836083608,"2011-2017",2011,2017,"XNX","ARTSCO-TRIPAR","ARTSCO","TRIPAR",1,"+ Nitrogen"
"35_3_XNX",0.589830508474576,"2011-2017",2011,2017,"XNX","ARTSCO-TRIPAR","ARTSCO","TRIPAR",1,"+ Nitrogen"
"37_3_XNX",1.09259259259259,"2011-2017",2011,2017,"XNX","ARTSCO-TRIPAR","ARTSCO","TRIPAR",1,"+ Nitrogen"
"5_1_XNX",1.52664576802508,"2011-2017",2011,2017,"XNX","ARTSCO-TRIPAR","ARTSCO","TRIPAR",1,"+ Nitrogen"
"7_1_XNX",1,"2011-2017",2011,2017,"XNX","ARTSCO-TRIPAR","ARTSCO","TRIPAR",1,"+ Nitrogen"
"17_2_XNX",1,"2011-2017",2011,2017,"XNX","BISBIS-CALLEP","BISBIS","CALLEP",1,"+ Nitrogen"
"20_2_XNX",1.10289389067524,"2011-2017",2011,2017,"XNX","BISBIS-CALLEP","BISBIS","CALLEP",1,"+ Nitrogen"
"35_3_XNX",1.2906976744186,"2011-2017",2011,2017,"XNX","BISBIS-CALLEP","BISBIS","CALLEP",1,"+ Nitrogen"
"37_3_XNX",0.866666666666667,"2011-2017",2011,2017,"XNX","BISBIS-CALLEP","BISBIS","CALLEP",1,"+ Nitrogen"
"5_1_XNX",0.691516709511568,"2011-2017",2011,2017,"XNX","BISBIS-CALLEP","BISBIS","CALLEP",1,"+ Nitrogen"
"7_1_XNX",0.944954128440367,"2011-2017",2011,2017,"XNX","BISBIS-CALLEP","BISBIS","CALLEP",1,"+ Nitrogen"
"17_2_XNX",0.938202247191011,"2011-2017",2011,2017,"XNX","BISBIS-CARSCO","BISBIS","CARSCO",1,"+ Nitrogen"
"20_2_XNX",1.14622641509434,"2011-2017",2011,2017,"XNX","BISBIS-CARSCO","BISBIS","CARSCO",1,"+ Nitrogen"
"35_3_XNX",0.683274021352313,"2011-2017",2011,2017,"XNX","BISBIS-CARSCO","BISBIS","CARSCO",1,"+ Nitrogen"
"37_3_XNX",0.838383838383838,"2011-2017",2011,2017,"XNX","BISBIS-CARSCO","BISBIS","CARSCO",1,"+ Nitrogen"
"5_1_XNX",0.846850245190494,"2011-2017",2011,2017,"XNX","BISBIS-CARSCO","BISBIS","CARSCO",1,"+ Nitrogen"
"7_1_XNX",1.41850220264317,"2011-2017",2011,2017,"XNX","BISBIS-CARSCO","BISBIS","CARSCO",1,"+ Nitrogen"
"17_2_XNX",0.919883466860889,"2011-2017",2011,2017,"XNX","BISBIS-DESCES","BISBIS","DESCES",1,"+ Nitrogen"
"20_2_XNX",0.378545006165228,"2011-2017",2011,2017,"XNX","BISBIS-DESCES","BISBIS","DESCES",1,"+ Nitrogen"
"35_3_XNX",0.795782463928968,"2011-2017",2011,2017,"XNX","BISBIS-DESCES","BISBIS","DESCES",1,"+ Nitrogen"
"37_3_XNX",0.570685169124024,"2011-2017",2011,2017,"XNX","BISBIS-DESCES","BISBIS","DESCES",1,"+ Nitrogen"
"5_1_XNX",1.14819944598338,"2011-2017",2011,2017,"XNX","BISBIS-DESCES","BISBIS","DESCES",1,"+ Nitrogen"
"7_1_XNX",0.869952805453592,"2011-2017",2011,2017,"XNX","BISBIS-DESCES","BISBIS","DESCES",1,"+ Nitrogen"
"17_2_XNX",0.907246376811594,"2011-2017",2011,2017,"XNX","BISBIS-GENALG","BISBIS","GENALG",1,"+ Nitrogen"
"20_2_XNX",0.869067103109656,"2011-2017",2011,2017,"XNX","BISBIS-GENALG","BISBIS","GENALG",1,"+ Nitrogen"
"35_3_XNX",1.18648018648019,"2011-2017",2011,2017,"XNX","BISBIS-GENALG","BISBIS","GENALG",1,"+ Nitrogen"
"37_3_XNX",1.10832232496697,"2011-2017",2011,2017,"XNX","BISBIS-GENALG","BISBIS","GENALG",1,"+ Nitrogen"
"5_1_XNX",0.508637236084453,"2011-2017",2011,2017,"XNX","BISBIS-GENALG","BISBIS","GENALG",1,"+ Nitrogen"
"7_1_XNX",1.29906542056075,"2011-2017",2011,2017,"XNX","BISBIS-GENALG","BISBIS","GENALG",1,"+ Nitrogen"
"17_2_XNX",1.10569105691057,"2011-2017",2011,2017,"XNX","BISBIS-GEUROS","BISBIS","GEUROS",1,"+ Nitrogen"
"20_2_XNX",0.934865900383142,"2011-2017",2011,2017,"XNX","BISBIS-GEUROS","BISBIS","GEUROS",1,"+ Nitrogen"
"35_3_XNX",1.0650406504065,"2011-2017",2011,2017,"XNX","BISBIS-GEUROS","BISBIS","GEUROS",1,"+ Nitrogen"
"37_3_XNX",1.15728328865058,"2011-2017",2011,2017,"XNX","BISBIS-GEUROS","BISBIS","GEUROS",1,"+ Nitrogen"
"5_1_XNX",0.684992570579495,"2011-2017",2011,2017,"XNX","BISBIS-GEUROS","BISBIS","GEUROS",1,"+ Nitrogen"
"7_1_XNX",1.13698630136986,"2011-2017",2011,2017,"XNX","BISBIS-GEUROS","BISBIS","GEUROS",1,"+ Nitrogen"
"17_2_XNX",0.721739130434783,"2011-2017",2011,2017,"XNX","BISBIS-TRIPAR","BISBIS","TRIPAR",1,"+ Nitrogen"
"20_2_XNX",0.853736089030207,"2011-2017",2011,2017,"XNX","BISBIS-TRIPAR","BISBIS","TRIPAR",1,"+ Nitrogen"
"35_3_XNX",0.322834645669291,"2011-2017",2011,2017,"XNX","BISBIS-TRIPAR","BISBIS","TRIPAR",1,"+ Nitrogen"
"37_3_XNX",0.781624500665779,"2011-2017",2011,2017,"XNX","BISBIS-TRIPAR","BISBIS","TRIPAR",1,"+ Nitrogen"
"5_1_XNX",0.732605729877217,"2011-2017",2011,2017,"XNX","BISBIS-TRIPAR","BISBIS","TRIPAR",1,"+ Nitrogen"
"7_1_XNX",1.26633165829146,"2011-2017",2011,2017,"XNX","BISBIS-TRIPAR","BISBIS","TRIPAR",1,"+ Nitrogen"
"17_2_XNX",1,"2011-2017",2011,2017,"XNX","CALLEP-CARSCO","CALLEP","CARSCO",1,"+ Nitrogen"
"20_2_XNX",1.00347826086957,"2011-2017",2011,2017,"XNX","CALLEP-CARSCO","CALLEP","CARSCO",1,"+ Nitrogen"
"35_3_XNX",1.01038062283737,"2011-2017",2011,2017,"XNX","CALLEP-CARSCO","CALLEP","CARSCO",1,"+ Nitrogen"
"37_3_XNX",1.69724770642202,"2011-2017",2011,2017,"XNX","CALLEP-CARSCO","CALLEP","CARSCO",1,"+ Nitrogen"
"5_1_XNX",1.0175,"2011-2017",2011,2017,"XNX","CALLEP-CARSCO","CALLEP","CARSCO",1,"+ Nitrogen"
"7_1_XNX",0.955500618046972,"2011-2017",2011,2017,"XNX","CALLEP-CARSCO","CALLEP","CARSCO",1,"+ Nitrogen"
"17_2_XNX",1,"2011-2017",2011,2017,"XNX","CALLEP-DESCES","CALLEP","DESCES",1,"+ Nitrogen"
"20_2_XNX",0.88065233506301,"2011-2017",2011,2017,"XNX","CALLEP-DESCES","CALLEP","DESCES",1,"+ Nitrogen"
"35_3_XNX",0.903867403314917,"2011-2017",2011,2017,"XNX","CALLEP-DESCES","CALLEP","DESCES",1,"+ Nitrogen"
"37_3_XNX",0.993891575464495,"2011-2017",2011,2017,"XNX","CALLEP-DESCES","CALLEP","DESCES",1,"+ Nitrogen"
"5_1_XNX",0.866425339366516,"2011-2017",2011,2017,"XNX","CALLEP-DESCES","CALLEP","DESCES",1,"+ Nitrogen"
"7_1_XNX",0.98220215168017,"2011-2017",2011,2017,"XNX","CALLEP-DESCES","CALLEP","DESCES",1,"+ Nitrogen"
"17_2_XNX",1,"2011-2017",2011,2017,"XNX","CALLEP-GENALG","CALLEP","GENALG",1,"+ Nitrogen"
"20_2_XNX",0.507692307692308,"2011-2017",2011,2017,"XNX","CALLEP-GENALG","CALLEP","GENALG",1,"+ Nitrogen"
"35_3_XNX",1.26030368763557,"2011-2017",2011,2017,"XNX","CALLEP-GENALG","CALLEP","GENALG",1,"+ Nitrogen"
"37_3_XNX",1.17567567567568,"2011-2017",2011,2017,"XNX","CALLEP-GENALG","CALLEP","GENALG",1,"+ Nitrogen"
"5_1_XNX",1.30740740740741,"2011-2017",2011,2017,"XNX","CALLEP-GENALG","CALLEP","GENALG",1,"+ Nitrogen"
"7_1_XNX",0.75,"2011-2017",2011,2017,"XNX","CALLEP-GENALG","CALLEP","GENALG",1,"+ Nitrogen"
"17_2_XNX",1,"2011-2017",2011,2017,"XNX","CALLEP-GEUROS","CALLEP","GEUROS",1,"+ Nitrogen"
"20_2_XNX",0.714859437751004,"2011-2017",2011,2017,"XNX","CALLEP-GEUROS","CALLEP","GEUROS",1,"+ Nitrogen"
"35_3_XNX",1.64566929133858,"2011-2017",2011,2017,"XNX","CALLEP-GEUROS","CALLEP","GEUROS",1,"+ Nitrogen"
"37_3_XNX",1.1697247706422,"2011-2017",2011,2017,"XNX","CALLEP-GEUROS","CALLEP","GEUROS",1,"+ Nitrogen"
"5_1_XNX",1.57109004739337,"2011-2017",2011,2017,"XNX","CALLEP-GEUROS","CALLEP","GEUROS",1,"+ Nitrogen"
"7_1_XNX",1.25906735751295,"2011-2017",2011,2017,"XNX","CALLEP-GEUROS","CALLEP","GEUROS",1,"+ Nitrogen"
"17_2_XNX",1,"2011-2017",2011,2017,"XNX","CALLEP-TRIPAR","CALLEP","TRIPAR",1,"+ Nitrogen"
"20_2_XNX",1.01204819277108,"2011-2017",2011,2017,"XNX","CALLEP-TRIPAR","CALLEP","TRIPAR",1,"+ Nitrogen"
"35_3_XNX",1.02962962962963,"2011-2017",2011,2017,"XNX","CALLEP-TRIPAR","CALLEP","TRIPAR",1,"+ Nitrogen"
"37_3_XNX",1.13235294117647,"2011-2017",2011,2017,"XNX","CALLEP-TRIPAR","CALLEP","TRIPAR",1,"+ Nitrogen"
"5_1_XNX",0.883817427385892,"2011-2017",2011,2017,"XNX","CALLEP-TRIPAR","CALLEP","TRIPAR",1,"+ Nitrogen"
"7_1_XNX",0.908177905308465,"2011-2017",2011,2017,"XNX","CALLEP-TRIPAR","CALLEP","TRIPAR",1,"+ Nitrogen"
"17_2_XNX",0.768904593639576,"2011-2017",2011,2017,"XNX","CARSCO-DESCES","CARSCO","DESCES",1,"+ Nitrogen"
"20_2_XNX",0.970307529162248,"2011-2017",2011,2017,"XNX","CARSCO-DESCES","CARSCO","DESCES",1,"+ Nitrogen"
"35_3_XNX",0.680041688379364,"2011-2017",2011,2017,"XNX","CARSCO-DESCES","CARSCO","DESCES",1,"+ Nitrogen"
"37_3_XNX",0.961577350859454,"2011-2017",2011,2017,"XNX","CARSCO-DESCES","CARSCO","DESCES",1,"+ Nitrogen"
"5_1_XNX",0.412097084885065,"2011-2017",2011,2017,"XNX","CARSCO-DESCES","CARSCO","DESCES",1,"+ Nitrogen"
"7_1_XNX",0.7223823246878,"2011-2017",2011,2017,"XNX","CARSCO-DESCES","CARSCO","DESCES",1,"+ Nitrogen"
"17_2_XNX",1.67446393762183,"2011-2017",2011,2017,"XNX","CARSCO-GENALG","CARSCO","GENALG",1,"+ Nitrogen"
"20_2_XNX",0.928007023705004,"2011-2017",2011,2017,"XNX","CARSCO-GENALG","CARSCO","GENALG",1,"+ Nitrogen"
"35_3_XNX",1.28316610925307,"2011-2017",2011,2017,"XNX","CARSCO-GENALG","CARSCO","GENALG",1,"+ Nitrogen"
"37_3_XNX",0.96039603960396,"2011-2017",2011,2017,"XNX","CARSCO-GENALG","CARSCO","GENALG",1,"+ Nitrogen"
"5_1_XNX",0.925355450236967,"2011-2017",2011,2017,"XNX","CARSCO-GENALG","CARSCO","GENALG",1,"+ Nitrogen"
"7_1_XNX",1.09913258983891,"2011-2017",2011,2017,"XNX","CARSCO-GENALG","CARSCO","GENALG",1,"+ Nitrogen"
"17_2_XNX",1.5030303030303,"2011-2017",2011,2017,"XNX","CARSCO-GEUROS","CARSCO","GEUROS",1,"+ Nitrogen"
"20_2_XNX",1.29007633587786,"2011-2017",2011,2017,"XNX","CARSCO-GEUROS","CARSCO","GEUROS",1,"+ Nitrogen"
"35_3_XNX",1.633608815427,"2011-2017",2011,2017,"XNX","CARSCO-GEUROS","CARSCO","GEUROS",1,"+ Nitrogen"
"37_3_XNX",1.15550755939525,"2011-2017",2011,2017,"XNX","CARSCO-GEUROS","CARSCO","GEUROS",1,"+ Nitrogen"
"5_1_XNX",1.04433681073025,"2011-2017",2011,2017,"XNX","CARSCO-GEUROS","CARSCO","GEUROS",1,"+ Nitrogen"
"7_1_XNX",0.987903225806452,"2011-2017",2011,2017,"XNX","CARSCO-GEUROS","CARSCO","GEUROS",1,"+ Nitrogen"
"17_2_XNX",1.4203821656051,"2011-2017",2011,2017,"XNX","CARSCO-TRIPAR","CARSCO","TRIPAR",1,"+ Nitrogen"
"20_2_XNX",0.923941227312014,"2011-2017",2011,2017,"XNX","CARSCO-TRIPAR","CARSCO","TRIPAR",1,"+ Nitrogen"
"35_3_XNX",1.3483606557377,"2011-2017",2011,2017,"XNX","CARSCO-TRIPAR","CARSCO","TRIPAR",1,"+ Nitrogen"
"37_3_XNX",1.08421052631579,"2011-2017",2011,2017,"XNX","CARSCO-TRIPAR","CARSCO","TRIPAR",1,"+ Nitrogen"
"5_1_XNX",1.48724489795918,"2011-2017",2011,2017,"XNX","CARSCO-TRIPAR","CARSCO","TRIPAR",1,"+ Nitrogen"
"7_1_XNX",1.23262032085562,"2011-2017",2011,2017,"XNX","CARSCO-TRIPAR","CARSCO","TRIPAR",1,"+ Nitrogen"
"17_2_XNX",0.944832798035141,"2011-2017",2011,2017,"XNX","DESCES-GENALG","DESCES","GENALG",1,"+ Nitrogen"
"20_2_XNX",1.01563081503536,"2011-2017",2011,2017,"XNX","DESCES-GENALG","DESCES","GENALG",1,"+ Nitrogen"
"35_3_XNX",0.838991548488755,"2011-2017",2011,2017,"XNX","DESCES-GENALG","DESCES","GENALG",1,"+ Nitrogen"
"37_3_XNX",0.89339454220862,"2011-2017",2011,2017,"XNX","DESCES-GENALG","DESCES","GENALG",1,"+ Nitrogen"
"5_1_XNX",0.975605444581934,"2011-2017",2011,2017,"XNX","DESCES-GENALG","DESCES","GENALG",1,"+ Nitrogen"
"7_1_XNX",0.97342898897303,"2011-2017",2011,2017,"XNX","DESCES-GENALG","DESCES","GENALG",1,"+ Nitrogen"
"17_2_XNX",0.766176470588235,"2011-2017",2011,2017,"XNX","DESCES-GEUROS","DESCES","GEUROS",1,"+ Nitrogen"
"20_2_XNX",1.12564102564103,"2011-2017",2011,2017,"XNX","DESCES-GEUROS","DESCES","GEUROS",1,"+ Nitrogen"
"35_3_XNX",0.636942675159236,"2011-2017",2011,2017,"XNX","DESCES-GEUROS","DESCES","GEUROS",1,"+ Nitrogen"
"37_3_XNX",0.818351622694373,"2011-2017",2011,2017,"XNX","DESCES-GEUROS","DESCES","GEUROS",1,"+ Nitrogen"
"5_1_XNX",0.888104665174729,"2011-2017",2011,2017,"XNX","DESCES-GEUROS","DESCES","GEUROS",1,"+ Nitrogen"
"7_1_XNX",0.769709543568465,"2011-2017",2011,2017,"XNX","DESCES-GEUROS","DESCES","GEUROS",1,"+ Nitrogen"
"17_2_XNX",0.928994082840237,"2011-2017",2011,2017,"XNX","DESCES-TRIPAR","DESCES","TRIPAR",1,"+ Nitrogen"
"20_2_XNX",1.15526802218115,"2011-2017",2011,2017,"XNX","DESCES-TRIPAR","DESCES","TRIPAR",1,"+ Nitrogen"
"35_3_XNX",1.05439093484419,"2011-2017",2011,2017,"XNX","DESCES-TRIPAR","DESCES","TRIPAR",1,"+ Nitrogen"
"37_3_XNX",1.07049808429119,"2011-2017",2011,2017,"XNX","DESCES-TRIPAR","DESCES","TRIPAR",1,"+ Nitrogen"
"5_1_XNX",0.787698074629409,"2011-2017",2011,2017,"XNX","DESCES-TRIPAR","DESCES","TRIPAR",1,"+ Nitrogen"
"7_1_XNX",0.745861733203505,"2011-2017",2011,2017,"XNX","DESCES-TRIPAR","DESCES","TRIPAR",1,"+ Nitrogen"
"17_2_XNX",1.35494880546075,"2011-2017",2011,2017,"XNX","GENALG-GEUROS","GENALG","GEUROS",1,"+ Nitrogen"
"20_2_XNX",1.29979466119097,"2011-2017",2011,2017,"XNX","GENALG-GEUROS","GENALG","GEUROS",1,"+ Nitrogen"
"35_3_XNX",1.52047556142668,"2011-2017",2011,2017,"XNX","GENALG-GEUROS","GENALG","GEUROS",1,"+ Nitrogen"
"37_3_XNX",1.38084112149533,"2011-2017",2011,2017,"XNX","GENALG-GEUROS","GENALG","GEUROS",1,"+ Nitrogen"
"5_1_XNX",0.996389891696751,"2011-2017",2011,2017,"XNX","GENALG-GEUROS","GENALG","GEUROS",1,"+ Nitrogen"
"7_1_XNX",1.02094240837696,"2011-2017",2011,2017,"XNX","GENALG-GEUROS","GENALG","GEUROS",1,"+ Nitrogen"
"17_2_XNX",1.52107279693487,"2011-2017",2011,2017,"XNX","GENALG-TRIPAR","GENALG","TRIPAR",1,"+ Nitrogen"
"20_2_XNX",0.375,"2011-2017",2011,2017,"XNX","GENALG-TRIPAR","GENALG","TRIPAR",1,"+ Nitrogen"
"35_3_XNX",1.44128113879004,"2011-2017",2011,2017,"XNX","GENALG-TRIPAR","GENALG","TRIPAR",1,"+ Nitrogen"
"37_3_XNX",0.9,"2011-2017",2011,2017,"XNX","GENALG-TRIPAR","GENALG","TRIPAR",1,"+ Nitrogen"
"5_1_XNX",0.47557003257329,"2011-2017",2011,2017,"XNX","GENALG-TRIPAR","GENALG","TRIPAR",1,"+ Nitrogen"
"7_1_XNX",1.07482014388489,"2011-2017",2011,2017,"XNX","GENALG-TRIPAR","GENALG","TRIPAR",1,"+ Nitrogen"
"17_2_XNX",1.12745098039216,"2011-2017",2011,2017,"XNX","GEUROS-TRIPAR","GEUROS","TRIPAR",1,"+ Nitrogen"
"20_2_XNX",0.754455445544554,"2011-2017",2011,2017,"XNX","GEUROS-TRIPAR","GEUROS","TRIPAR",1,"+ Nitrogen"
"35_3_XNX",1.33971291866029,"2011-2017",2011,2017,"XNX","GEUROS-TRIPAR","GEUROS","TRIPAR",1,"+ Nitrogen"
"37_3_XNX",1.20616113744076,"2011-2017",2011,2017,"XNX","GEUROS-TRIPAR","GEUROS","TRIPAR",1,"+ Nitrogen"
"5_1_XNX",1.05483028720627,"2011-2017",2011,2017,"XNX","GEUROS-TRIPAR","GEUROS","TRIPAR",1,"+ Nitrogen"
"7_1_XNX",0.922727272727273,"2011-2017",2011,2017,"XNX","GEUROS-TRIPAR","GEUROS","TRIPAR",1,"+ Nitrogen"
"17_2_XNX",1.82786885245902,"2012-2018",2012,2018,"XNX","ARTSCO-BISBIS","ARTSCO","BISBIS",1,"+ Nitrogen"
"20_2_XNX",0.631578947368421,"2012-2018",2012,2018,"XNX","ARTSCO-BISBIS","ARTSCO","BISBIS",1,"+ Nitrogen"
"35_3_XNX",0.928792569659443,"2012-2018",2012,2018,"XNX","ARTSCO-BISBIS","ARTSCO","BISBIS",1,"+ Nitrogen"
"37_3_XNX",1.15924426450742,"2012-2018",2012,2018,"XNX","ARTSCO-BISBIS","ARTSCO","BISBIS",1,"+ Nitrogen"
"5_1_XNX",0.651898734177215,"2012-2018",2012,2018,"XNX","ARTSCO-BISBIS","ARTSCO","BISBIS",1,"+ Nitrogen"
"7_1_XNX",0.75366568914956,"2012-2018",2012,2018,"XNX","ARTSCO-BISBIS","ARTSCO","BISBIS",1,"+ Nitrogen"
"17_2_XNX",1,"2012-2018",2012,2018,"XNX","ARTSCO-CALLEP","ARTSCO","CALLEP",1,"+ Nitrogen"
"20_2_XNX",0.724137931034483,"2012-2018",2012,2018,"XNX","ARTSCO-CALLEP","ARTSCO","CALLEP",1,"+ Nitrogen"
"35_3_XNX",0.720744680851064,"2012-2018",2012,2018,"XNX","ARTSCO-CALLEP","ARTSCO","CALLEP",1,"+ Nitrogen"
"37_3_XNX",1.05172413793103,"2012-2018",2012,2018,"XNX","ARTSCO-CALLEP","ARTSCO","CALLEP",1,"+ Nitrogen"
"5_1_XNX",0.812345679012346,"2012-2018",2012,2018,"XNX","ARTSCO-CALLEP","ARTSCO","CALLEP",1,"+ Nitrogen"
"7_1_XNX",0.905405405405405,"2012-2018",2012,2018,"XNX","ARTSCO-CALLEP","ARTSCO","CALLEP",1,"+ Nitrogen"
"17_2_XNX",0.828467153284672,"2012-2018",2012,2018,"XNX","ARTSCO-CARSCO","ARTSCO","CARSCO",1,"+ Nitrogen"
"20_2_XNX",0.497237569060773,"2012-2018",2012,2018,"XNX","ARTSCO-CARSCO","ARTSCO","CARSCO",1,"+ Nitrogen"
"35_3_XNX",1.13490364025696,"2012-2018",2012,2018,"XNX","ARTSCO-CARSCO","ARTSCO","CARSCO",1,"+ Nitrogen"
"37_3_XNX",1.14117647058824,"2012-2018",2012,2018,"XNX","ARTSCO-CARSCO","ARTSCO","CARSCO",1,"+ Nitrogen"
"5_1_XNX",1.42941176470588,"2012-2018",2012,2018,"XNX","ARTSCO-CARSCO","ARTSCO","CARSCO",1,"+ Nitrogen"
"7_1_XNX",0.387978142076503,"2012-2018",2012,2018,"XNX","ARTSCO-CARSCO","ARTSCO","CARSCO",1,"+ Nitrogen"
"17_2_XNX",0.930491195551437,"2012-2018",2012,2018,"XNX","ARTSCO-DESCES","ARTSCO","DESCES",1,"+ Nitrogen"
"20_2_XNX",1.6108202443281,"2012-2018",2012,2018,"XNX","ARTSCO-DESCES","ARTSCO","DESCES",1,"+ Nitrogen"
"35_3_XNX",1.12912482065997,"2012-2018",2012,2018,"XNX","ARTSCO-DESCES","ARTSCO","DESCES",1,"+ Nitrogen"
"37_3_XNX",0.999500624219725,"2012-2018",2012,2018,"XNX","ARTSCO-DESCES","ARTSCO","DESCES",1,"+ Nitrogen"
"5_1_XNX",0.748648648648649,"2012-2018",2012,2018,"XNX","ARTSCO-DESCES","ARTSCO","DESCES",1,"+ Nitrogen"
"7_1_XNX",1.06494008504059,"2012-2018",2012,2018,"XNX","ARTSCO-DESCES","ARTSCO","DESCES",1,"+ Nitrogen"
"17_2_XNX",1.066401062417,"2012-2018",2012,2018,"XNX","ARTSCO-GENALG","ARTSCO","GENALG",1,"+ Nitrogen"
"20_2_XNX",1.08011444921316,"2012-2018",2012,2018,"XNX","ARTSCO-GENALG","ARTSCO","GENALG",1,"+ Nitrogen"
"35_3_XNX",0.602179836512262,"2012-2018",2012,2018,"XNX","ARTSCO-GENALG","ARTSCO","GENALG",1,"+ Nitrogen"
"37_3_XNX",1.19512195121951,"2012-2018",2012,2018,"XNX","ARTSCO-GENALG","ARTSCO","GENALG",1,"+ Nitrogen"
"5_1_XNX",1.18150087260035,"2012-2018",2012,2018,"XNX","ARTSCO-GENALG","ARTSCO","GENALG",1,"+ Nitrogen"
"7_1_XNX",0.968181818181818,"2012-2018",2012,2018,"XNX","ARTSCO-GENALG","ARTSCO","GENALG",1,"+ Nitrogen"
"17_2_XNX",0.753846153846154,"2012-2018",2012,2018,"XNX","ARTSCO-GEUROS","ARTSCO","GEUROS",1,"+ Nitrogen"
"20_2_XNX",1.07887323943662,"2012-2018",2012,2018,"XNX","ARTSCO-GEUROS","ARTSCO","GEUROS",1,"+ Nitrogen"
"35_3_XNX",0.678733031674208,"2012-2018",2012,2018,"XNX","ARTSCO-GEUROS","ARTSCO","GEUROS",1,"+ Nitrogen"
"37_3_XNX",1.34375,"2012-2018",2012,2018,"XNX","ARTSCO-GEUROS","ARTSCO","GEUROS",1,"+ Nitrogen"
"5_1_XNX",0.372907153729072,"2012-2018",2012,2018,"XNX","ARTSCO-GEUROS","ARTSCO","GEUROS",1,"+ Nitrogen"
"7_1_XNX",1.27814569536424,"2012-2018",2012,2018,"XNX","ARTSCO-GEUROS","ARTSCO","GEUROS",1,"+ Nitrogen"
"17_2_XNX",1.00478468899522,"2012-2018",2012,2018,"XNX","ARTSCO-TRIPAR","ARTSCO","TRIPAR",1,"+ Nitrogen"
"20_2_XNX",1.19635343618513,"2012-2018",2012,2018,"XNX","ARTSCO-TRIPAR","ARTSCO","TRIPAR",1,"+ Nitrogen"
"35_3_XNX",0.624137931034483,"2012-2018",2012,2018,"XNX","ARTSCO-TRIPAR","ARTSCO","TRIPAR",1,"+ Nitrogen"
"37_3_XNX",0.756410256410256,"2012-2018",2012,2018,"XNX","ARTSCO-TRIPAR","ARTSCO","TRIPAR",1,"+ Nitrogen"
"5_1_XNX",1.31442463533225,"2012-2018",2012,2018,"XNX","ARTSCO-TRIPAR","ARTSCO","TRIPAR",1,"+ Nitrogen"
"7_1_XNX",1.46204620462046,"2012-2018",2012,2018,"XNX","ARTSCO-TRIPAR","ARTSCO","TRIPAR",1,"+ Nitrogen"
"17_2_XNX",1,"2012-2018",2012,2018,"XNX","BISBIS-CALLEP","BISBIS","CALLEP",1,"+ Nitrogen"
"20_2_XNX",1.10526315789474,"2012-2018",2012,2018,"XNX","BISBIS-CALLEP","BISBIS","CALLEP",1,"+ Nitrogen"
"35_3_XNX",1.17587939698492,"2012-2018",2012,2018,"XNX","BISBIS-CALLEP","BISBIS","CALLEP",1,"+ Nitrogen"
"37_3_XNX",0.866666666666667,"2012-2018",2012,2018,"XNX","BISBIS-CALLEP","BISBIS","CALLEP",1,"+ Nitrogen"
"5_1_XNX",0.794871794871795,"2012-2018",2012,2018,"XNX","BISBIS-CALLEP","BISBIS","CALLEP",1,"+ Nitrogen"
"7_1_XNX",1.03100775193798,"2012-2018",2012,2018,"XNX","BISBIS-CALLEP","BISBIS","CALLEP",1,"+ Nitrogen"
"17_2_XNX",0.752631578947368,"2012-2018",2012,2018,"XNX","BISBIS-CARSCO","BISBIS","CARSCO",1,"+ Nitrogen"
"20_2_XNX",1.71917808219178,"2012-2018",2012,2018,"XNX","BISBIS-CARSCO","BISBIS","CARSCO",1,"+ Nitrogen"
"35_3_XNX",0.662068965517241,"2012-2018",2012,2018,"XNX","BISBIS-CARSCO","BISBIS","CARSCO",1,"+ Nitrogen"
"37_3_XNX",0.838383838383838,"2012-2018",2012,2018,"XNX","BISBIS-CARSCO","BISBIS","CARSCO",1,"+ Nitrogen"
"5_1_XNX",0.647398843930636,"2012-2018",2012,2018,"XNX","BISBIS-CARSCO","BISBIS","CARSCO",1,"+ Nitrogen"
"7_1_XNX",1.44781144781145,"2012-2018",2012,2018,"XNX","BISBIS-CARSCO","BISBIS","CARSCO",1,"+ Nitrogen"
"17_2_XNX",0.966834170854271,"2012-2018",2012,2018,"XNX","BISBIS-DESCES","BISBIS","DESCES",1,"+ Nitrogen"
"20_2_XNX",0.443339960238568,"2012-2018",2012,2018,"XNX","BISBIS-DESCES","BISBIS","DESCES",1,"+ Nitrogen"
"35_3_XNX",0.820870994248151,"2012-2018",2012,2018,"XNX","BISBIS-DESCES","BISBIS","DESCES",1,"+ Nitrogen"
"37_3_XNX",0.50339558573854,"2012-2018",2012,2018,"XNX","BISBIS-DESCES","BISBIS","DESCES",1,"+ Nitrogen"
"5_1_XNX",1.18458781362007,"2012-2018",2012,2018,"XNX","BISBIS-DESCES","BISBIS","DESCES",1,"+ Nitrogen"
"7_1_XNX",0.865414710485133,"2012-2018",2012,2018,"XNX","BISBIS-DESCES","BISBIS","DESCES",1,"+ Nitrogen"
"17_2_XNX",1.0863309352518,"2012-2018",2012,2018,"XNX","BISBIS-GENALG","BISBIS","GENALG",1,"+ Nitrogen"
"20_2_XNX",0.732696897374702,"2012-2018",2012,2018,"XNX","BISBIS-GENALG","BISBIS","GENALG",1,"+ Nitrogen"
"35_3_XNX",1.13740458015267,"2012-2018",2012,2018,"XNX","BISBIS-GENALG","BISBIS","GENALG",1,"+ Nitrogen"
"37_3_XNX",1.25401069518717,"2012-2018",2012,2018,"XNX","BISBIS-GENALG","BISBIS","GENALG",1,"+ Nitrogen"
"5_1_XNX",0.654941373534338,"2012-2018",2012,2018,"XNX","BISBIS-GENALG","BISBIS","GENALG",1,"+ Nitrogen"
"7_1_XNX",1.23622047244094,"2012-2018",2012,2018,"XNX","BISBIS-GENALG","BISBIS","GENALG",1,"+ Nitrogen"
"17_2_XNX",1.00900900900901,"2012-2018",2012,2018,"XNX","BISBIS-GEUROS","BISBIS","GEUROS",1,"+ Nitrogen"
"20_2_XNX",1.02456140350877,"2012-2018",2012,2018,"XNX","BISBIS-GEUROS","BISBIS","GEUROS",1,"+ Nitrogen"
"35_3_XNX",1.07547169811321,"2012-2018",2012,2018,"XNX","BISBIS-GEUROS","BISBIS","GEUROS",1,"+ Nitrogen"
"37_3_XNX",1.70126874279123,"2012-2018",2012,2018,"XNX","BISBIS-GEUROS","BISBIS","GEUROS",1,"+ Nitrogen"
"5_1_XNX",0.644640234948605,"2012-2018",2012,2018,"XNX","BISBIS-GEUROS","BISBIS","GEUROS",1,"+ Nitrogen"
"7_1_XNX",0.855555555555556,"2012-2018",2012,2018,"XNX","BISBIS-GEUROS","BISBIS","GEUROS",1,"+ Nitrogen"
"17_2_XNX",0.728,"2012-2018",2012,2018,"XNX","BISBIS-TRIPAR","BISBIS","TRIPAR",1,"+ Nitrogen"
"20_2_XNX",0.935334872979215,"2012-2018",2012,2018,"XNX","BISBIS-TRIPAR","BISBIS","TRIPAR",1,"+ Nitrogen"
"35_3_XNX",0.36283185840708,"2012-2018",2012,2018,"XNX","BISBIS-TRIPAR","BISBIS","TRIPAR",1,"+ Nitrogen"
"37_3_XNX",0.699363057324841,"2012-2018",2012,2018,"XNX","BISBIS-TRIPAR","BISBIS","TRIPAR",1,"+ Nitrogen"
"5_1_XNX",0.663026521060842,"2012-2018",2012,2018,"XNX","BISBIS-TRIPAR","BISBIS","TRIPAR",1,"+ Nitrogen"
"7_1_XNX",1.11274509803922,"2012-2018",2012,2018,"XNX","BISBIS-TRIPAR","BISBIS","TRIPAR",1,"+ Nitrogen"
"17_2_XNX",1,"2012-2018",2012,2018,"XNX","CALLEP-CARSCO","CALLEP","CARSCO",1,"+ Nitrogen"
"20_2_XNX",1.25982532751092,"2012-2018",2012,2018,"XNX","CALLEP-CARSCO","CALLEP","CARSCO",1,"+ Nitrogen"
"35_3_XNX",0.816326530612245,"2012-2018",2012,2018,"XNX","CALLEP-CARSCO","CALLEP","CARSCO",1,"+ Nitrogen"
"37_3_XNX",1.69724770642202,"2012-2018",2012,2018,"XNX","CALLEP-CARSCO","CALLEP","CARSCO",1,"+ Nitrogen"
"5_1_XNX",0.894554883318928,"2012-2018",2012,2018,"XNX","CALLEP-CARSCO","CALLEP","CARSCO",1,"+ Nitrogen"
"7_1_XNX",1.01309635173059,"2012-2018",2012,2018,"XNX","CALLEP-CARSCO","CALLEP","CARSCO",1,"+ Nitrogen"
"17_2_XNX",1,"2012-2018",2012,2018,"XNX","CALLEP-DESCES","CALLEP","DESCES",1,"+ Nitrogen"
"20_2_XNX",0.801136363636364,"2012-2018",2012,2018,"XNX","CALLEP-DESCES","CALLEP","DESCES",1,"+ Nitrogen"
"35_3_XNX",1.03307086614173,"2012-2018",2012,2018,"XNX","CALLEP-DESCES","CALLEP","DESCES",1,"+ Nitrogen"
"37_3_XNX",1.01886324149913,"2012-2018",2012,2018,"XNX","CALLEP-DESCES","CALLEP","DESCES",1,"+ Nitrogen"
"5_1_XNX",0.810715128628747,"2012-2018",2012,2018,"XNX","CALLEP-DESCES","CALLEP","DESCES",1,"+ Nitrogen"
"7_1_XNX",0.980924625778249,"2012-2018",2012,2018,"XNX","CALLEP-DESCES","CALLEP","DESCES",1,"+ Nitrogen"
"17_2_XNX",1,"2012-2018",2012,2018,"XNX","CALLEP-GENALG","CALLEP","GENALG",1,"+ Nitrogen"
"20_2_XNX",0.664670658682635,"2012-2018",2012,2018,"XNX","CALLEP-GENALG","CALLEP","GENALG",1,"+ Nitrogen"
"35_3_XNX",1.06942148760331,"2012-2018",2012,2018,"XNX","CALLEP-GENALG","CALLEP","GENALG",1,"+ Nitrogen"
"37_3_XNX",0.738461538461539,"2012-2018",2012,2018,"XNX","CALLEP-GENALG","CALLEP","GENALG",1,"+ Nitrogen"
"5_1_XNX",1.49459459459459,"2012-2018",2012,2018,"XNX","CALLEP-GENALG","CALLEP","GENALG",1,"+ Nitrogen"
"7_1_XNX",0.75,"2012-2018",2012,2018,"XNX","CALLEP-GENALG","CALLEP","GENALG",1,"+ Nitrogen"
"17_2_XNX",1,"2012-2018",2012,2018,"XNX","CALLEP-GEUROS","CALLEP","GEUROS",1,"+ Nitrogen"
"20_2_XNX",0.448198198198198,"2012-2018",2012,2018,"XNX","CALLEP-GEUROS","CALLEP","GEUROS",1,"+ Nitrogen"
"35_3_XNX",1.30817610062893,"2012-2018",2012,2018,"XNX","CALLEP-GEUROS","CALLEP","GEUROS",1,"+ Nitrogen"
"37_3_XNX",0.75,"2012-2018",2012,2018,"XNX","CALLEP-GEUROS","CALLEP","GEUROS",1,"+ Nitrogen"
"5_1_XNX",1.39867841409692,"2012-2018",2012,2018,"XNX","CALLEP-GEUROS","CALLEP","GEUROS",1,"+ Nitrogen"
"7_1_XNX",1.04149377593361,"2012-2018",2012,2018,"XNX","CALLEP-GEUROS","CALLEP","GEUROS",1,"+ Nitrogen"
"17_2_XNX",1,"2012-2018",2012,2018,"XNX","CALLEP-TRIPAR","CALLEP","TRIPAR",1,"+ Nitrogen"
"20_2_XNX",0.883977900552486,"2012-2018",2012,2018,"XNX","CALLEP-TRIPAR","CALLEP","TRIPAR",1,"+ Nitrogen"
"35_3_XNX",1.0421686746988,"2012-2018",2012,2018,"XNX","CALLEP-TRIPAR","CALLEP","TRIPAR",1,"+ Nitrogen"
"37_3_XNX",1.2843137254902,"2012-2018",2012,2018,"XNX","CALLEP-TRIPAR","CALLEP","TRIPAR",1,"+ Nitrogen"
"5_1_XNX",0.768115942028985,"2012-2018",2012,2018,"XNX","CALLEP-TRIPAR","CALLEP","TRIPAR",1,"+ Nitrogen"
"7_1_XNX",0.908177905308465,"2012-2018",2012,2018,"XNX","CALLEP-TRIPAR","CALLEP","TRIPAR",1,"+ Nitrogen"
"17_2_XNX",0.798048780487805,"2012-2018",2012,2018,"XNX","CARSCO-DESCES","CARSCO","DESCES",1,"+ Nitrogen"
"20_2_XNX",0.35559265442404,"2012-2018",2012,2018,"XNX","CARSCO-DESCES","CARSCO","DESCES",1,"+ Nitrogen"
"35_3_XNX",0.557678177810433,"2012-2018",2012,2018,"XNX","CARSCO-DESCES","CARSCO","DESCES",1,"+ Nitrogen"
"37_3_XNX",0.992110453648915,"2012-2018",2012,2018,"XNX","CARSCO-DESCES","CARSCO","DESCES",1,"+ Nitrogen"
"5_1_XNX",0.695685670261941,"2012-2018",2012,2018,"XNX","CARSCO-DESCES","CARSCO","DESCES",1,"+ Nitrogen"
"7_1_XNX",0.713754646840149,"2012-2018",2012,2018,"XNX","CARSCO-DESCES","CARSCO","DESCES",1,"+ Nitrogen"
"17_2_XNX",1.46554934823091,"2012-2018",2012,2018,"XNX","CARSCO-GENALG","CARSCO","GENALG",1,"+ Nitrogen"
"20_2_XNX",0.927770859277709,"2012-2018",2012,2018,"XNX","CARSCO-GENALG","CARSCO","GENALG",1,"+ Nitrogen"
"35_3_XNX",1.28895768833849,"2012-2018",2012,2018,"XNX","CARSCO-GENALG","CARSCO","GENALG",1,"+ Nitrogen"
"37_3_XNX",0.565217391304348,"2012-2018",2012,2018,"XNX","CARSCO-GENALG","CARSCO","GENALG",1,"+ Nitrogen"
"5_1_XNX",0.849056603773585,"2012-2018",2012,2018,"XNX","CARSCO-GENALG","CARSCO","GENALG",1,"+ Nitrogen"
"7_1_XNX",1.06560449859419,"2012-2018",2012,2018,"XNX","CARSCO-GENALG","CARSCO","GENALG",1,"+ Nitrogen"
"17_2_XNX",1.33333333333333,"2012-2018",2012,2018,"XNX","CARSCO-GEUROS","CARSCO","GEUROS",1,"+ Nitrogen"
"20_2_XNX",0.952755905511811,"2012-2018",2012,2018,"XNX","CARSCO-GEUROS","CARSCO","GEUROS",1,"+ Nitrogen"
"35_3_XNX",1.68459657701712,"2012-2018",2012,2018,"XNX","CARSCO-GEUROS","CARSCO","GEUROS",1,"+ Nitrogen"
"37_3_XNX",0.658767772511848,"2012-2018",2012,2018,"XNX","CARSCO-GEUROS","CARSCO","GEUROS",1,"+ Nitrogen"
"5_1_XNX",0.90347764371895,"2012-2018",2012,2018,"XNX","CARSCO-GEUROS","CARSCO","GEUROS",1,"+ Nitrogen"
"7_1_XNX",0.784615384615385,"2012-2018",2012,2018,"XNX","CARSCO-GEUROS","CARSCO","GEUROS",1,"+ Nitrogen"
"17_2_XNX",1.34838709677419,"2012-2018",2012,2018,"XNX","CARSCO-TRIPAR","CARSCO","TRIPAR",1,"+ Nitrogen"
"20_2_XNX",0.740514075887393,"2012-2018",2012,2018,"XNX","CARSCO-TRIPAR","CARSCO","TRIPAR",1,"+ Nitrogen"
"35_3_XNX",1.38132295719844,"2012-2018",2012,2018,"XNX","CARSCO-TRIPAR","CARSCO","TRIPAR",1,"+ Nitrogen"
"37_3_XNX",1.24806201550388,"2012-2018",2012,2018,"XNX","CARSCO-TRIPAR","CARSCO","TRIPAR",1,"+ Nitrogen"
"5_1_XNX",1.45434623813002,"2012-2018",2012,2018,"XNX","CARSCO-TRIPAR","CARSCO","TRIPAR",1,"+ Nitrogen"
"7_1_XNX",0.856492027334852,"2012-2018",2012,2018,"XNX","CARSCO-TRIPAR","CARSCO","TRIPAR",1,"+ Nitrogen"
"17_2_XNX",0.973383018365717,"2012-2018",2012,2018,"XNX","DESCES-GENALG","DESCES","GENALG",1,"+ Nitrogen"
"20_2_XNX",1.07407407407407,"2012-2018",2012,2018,"XNX","DESCES-GENALG","DESCES","GENALG",1,"+ Nitrogen"
"35_3_XNX",0.793029719905923,"2012-2018",2012,2018,"XNX","DESCES-GENALG","DESCES","GENALG",1,"+ Nitrogen"
"37_3_XNX",0.895812562313061,"2012-2018",2012,2018,"XNX","DESCES-GENALG","DESCES","GENALG",1,"+ Nitrogen"
"5_1_XNX",0.892849035187287,"2012-2018",2012,2018,"XNX","DESCES-GENALG","DESCES","GENALG",1,"+ Nitrogen"
"7_1_XNX",0.973764409699218,"2012-2018",2012,2018,"XNX","DESCES-GENALG","DESCES","GENALG",1,"+ Nitrogen"
"17_2_XNX",0.872093023255814,"2012-2018",2012,2018,"XNX","DESCES-GEUROS","DESCES","GEUROS",1,"+ Nitrogen"
"20_2_XNX",1.10472972972973,"2012-2018",2012,2018,"XNX","DESCES-GEUROS","DESCES","GEUROS",1,"+ Nitrogen"
"35_3_XNX",0.407185628742515,"2012-2018",2012,2018,"XNX","DESCES-GEUROS","DESCES","GEUROS",1,"+ Nitrogen"
"37_3_XNX",0.833454369402082,"2012-2018",2012,2018,"XNX","DESCES-GEUROS","DESCES","GEUROS",1,"+ Nitrogen"
"5_1_XNX",0.955446647360214,"2012-2018",2012,2018,"XNX","DESCES-GEUROS","DESCES","GEUROS",1,"+ Nitrogen"
"7_1_XNX",0.783547557840617,"2012-2018",2012,2018,"XNX","DESCES-GEUROS","DESCES","GEUROS",1,"+ Nitrogen"
"17_2_XNX",0.961458333333333,"2012-2018",2012,2018,"XNX","DESCES-TRIPAR","DESCES","TRIPAR",1,"+ Nitrogen"
"20_2_XNX",1.16616496086695,"2012-2018",2012,2018,"XNX","DESCES-TRIPAR","DESCES","TRIPAR",1,"+ Nitrogen"
"35_3_XNX",0.974662162162162,"2012-2018",2012,2018,"XNX","DESCES-TRIPAR","DESCES","TRIPAR",1,"+ Nitrogen"
"37_3_XNX",1.11509014571499,"2012-2018",2012,2018,"XNX","DESCES-TRIPAR","DESCES","TRIPAR",1,"+ Nitrogen"
"5_1_XNX",0.904248145650708,"2012-2018",2012,2018,"XNX","DESCES-TRIPAR","DESCES","TRIPAR",1,"+ Nitrogen"
"7_1_XNX",0.76104905293832,"2012-2018",2012,2018,"XNX","DESCES-TRIPAR","DESCES","TRIPAR",1,"+ Nitrogen"
"17_2_XNX",1.34389140271493,"2012-2018",2012,2018,"XNX","GENALG-GEUROS","GENALG","GEUROS",1,"+ Nitrogen"
"20_2_XNX",1.25032258064516,"2012-2018",2012,2018,"XNX","GENALG-GEUROS","GENALG","GEUROS",1,"+ Nitrogen"
"35_3_XNX",1.5132336018412,"2012-2018",2012,2018,"XNX","GENALG-GEUROS","GENALG","GEUROS",1,"+ Nitrogen"
"37_3_XNX",1.38323353293413,"2012-2018",2012,2018,"XNX","GENALG-GEUROS","GENALG","GEUROS",1,"+ Nitrogen"
"5_1_XNX",0.90032154340836,"2012-2018",2012,2018,"XNX","GENALG-GEUROS","GENALG","GEUROS",1,"+ Nitrogen"
"7_1_XNX",1.05020920502092,"2012-2018",2012,2018,"XNX","GENALG-GEUROS","GENALG","GEUROS",1,"+ Nitrogen"
"17_2_XNX",1.47653429602888,"2012-2018",2012,2018,"XNX","GENALG-TRIPAR","GENALG","TRIPAR",1,"+ Nitrogen"
"20_2_XNX",0.455882352941177,"2012-2018",2012,2018,"XNX","GENALG-TRIPAR","GENALG","TRIPAR",1,"+ Nitrogen"
"35_3_XNX",1.57471264367816,"2012-2018",2012,2018,"XNX","GENALG-TRIPAR","GENALG","TRIPAR",1,"+ Nitrogen"
"37_3_XNX",0.4,"2012-2018",2012,2018,"XNX","GENALG-TRIPAR","GENALG","TRIPAR",1,"+ Nitrogen"
"5_1_XNX",0.4553264604811,"2012-2018",2012,2018,"XNX","GENALG-TRIPAR","GENALG","TRIPAR",1,"+ Nitrogen"
"7_1_XNX",1.07482014388489,"2012-2018",2012,2018,"XNX","GENALG-TRIPAR","GENALG","TRIPAR",1,"+ Nitrogen"
"17_2_XNX",0.986842105263158,"2012-2018",2012,2018,"XNX","GEUROS-TRIPAR","GEUROS","TRIPAR",1,"+ Nitrogen"
"20_2_XNX",0.873257287705957,"2012-2018",2012,2018,"XNX","GEUROS-TRIPAR","GEUROS","TRIPAR",1,"+ Nitrogen"
"35_3_XNX",1.32327586206897,"2012-2018",2012,2018,"XNX","GEUROS-TRIPAR","GEUROS","TRIPAR",1,"+ Nitrogen"
"37_3_XNX",0.632352941176471,"2012-2018",2012,2018,"XNX","GEUROS-TRIPAR","GEUROS","TRIPAR",1,"+ Nitrogen"
"5_1_XNX",0.95045045045045,"2012-2018",2012,2018,"XNX","GEUROS-TRIPAR","GEUROS","TRIPAR",1,"+ Nitrogen"
"7_1_XNX",1.44396551724138,"2012-2018",2012,2018,"XNX","GEUROS-TRIPAR","GEUROS","TRIPAR",1,"+ Nitrogen"
"17_2_XNX",1.67149758454106,"2013-2019",2013,2019,"XNX","ARTSCO-BISBIS","ARTSCO","BISBIS",1,"+ Nitrogen"
"20_2_XNX",0.961325966850829,"2013-2019",2013,2019,"XNX","ARTSCO-BISBIS","ARTSCO","BISBIS",1,"+ Nitrogen"
"35_3_XNX",0.618964003511852,"2013-2019",2013,2019,"XNX","ARTSCO-BISBIS","ARTSCO","BISBIS",1,"+ Nitrogen"
"37_3_XNX",1.13223140495868,"2013-2019",2013,2019,"XNX","ARTSCO-BISBIS","ARTSCO","BISBIS",1,"+ Nitrogen"
"5_1_XNX",0.855793991416309,"2013-2019",2013,2019,"XNX","ARTSCO-BISBIS","ARTSCO","BISBIS",1,"+ Nitrogen"
"7_1_XNX",0.997474747474748,"2013-2019",2013,2019,"XNX","ARTSCO-BISBIS","ARTSCO","BISBIS",1,"+ Nitrogen"
"17_2_XNX",1,"2013-2019",2013,2019,"XNX","ARTSCO-CALLEP","ARTSCO","CALLEP",1,"+ Nitrogen"
"20_2_XNX",0.890965732087228,"2013-2019",2013,2019,"XNX","ARTSCO-CALLEP","ARTSCO","CALLEP",1,"+ Nitrogen"
"35_3_XNX",0.612307692307692,"2013-2019",2013,2019,"XNX","ARTSCO-CALLEP","ARTSCO","CALLEP",1,"+ Nitrogen"
"37_3_XNX",1.60655737704918,"2013-2019",2013,2019,"XNX","ARTSCO-CALLEP","ARTSCO","CALLEP",1,"+ Nitrogen"
"5_1_XNX",1.01136363636364,"2013-2019",2013,2019,"XNX","ARTSCO-CALLEP","ARTSCO","CALLEP",1,"+ Nitrogen"
"7_1_XNX",0.911538461538462,"2013-2019",2013,2019,"XNX","ARTSCO-CALLEP","ARTSCO","CALLEP",1,"+ Nitrogen"
"17_2_XNX",1.07264957264957,"2013-2019",2013,2019,"XNX","ARTSCO-CARSCO","ARTSCO","CARSCO",1,"+ Nitrogen"
"20_2_XNX",0.782101167315175,"2013-2019",2013,2019,"XNX","ARTSCO-CARSCO","ARTSCO","CARSCO",1,"+ Nitrogen"
"35_3_XNX",1.84848484848485,"2013-2019",2013,2019,"XNX","ARTSCO-CARSCO","ARTSCO","CARSCO",1,"+ Nitrogen"
"37_3_XNX",1.49297971918877,"2013-2019",2013,2019,"XNX","ARTSCO-CARSCO","ARTSCO","CARSCO",1,"+ Nitrogen"
"5_1_XNX",1.33333333333333,"2013-2019",2013,2019,"XNX","ARTSCO-CARSCO","ARTSCO","CARSCO",1,"+ Nitrogen"
"7_1_XNX",0.686402081977879,"2013-2019",2013,2019,"XNX","ARTSCO-CARSCO","ARTSCO","CARSCO",1,"+ Nitrogen"
"17_2_XNX",0.400627615062762,"2013-2019",2013,2019,"XNX","ARTSCO-DESCES","ARTSCO","DESCES",1,"+ Nitrogen"
"20_2_XNX",1.04268292682927,"2013-2019",2013,2019,"XNX","ARTSCO-DESCES","ARTSCO","DESCES",1,"+ Nitrogen"
"35_3_XNX",0.612546125461255,"2013-2019",2013,2019,"XNX","ARTSCO-DESCES","ARTSCO","DESCES",1,"+ Nitrogen"
"37_3_XNX",0.859773107680863,"2013-2019",2013,2019,"XNX","ARTSCO-DESCES","ARTSCO","DESCES",1,"+ Nitrogen"
"5_1_XNX",0.547330097087379,"2013-2019",2013,2019,"XNX","ARTSCO-DESCES","ARTSCO","DESCES",1,"+ Nitrogen"
"7_1_XNX",1.03714403631861,"2013-2019",2013,2019,"XNX","ARTSCO-DESCES","ARTSCO","DESCES",1,"+ Nitrogen"
"17_2_XNX",1.1791483113069,"2013-2019",2013,2019,"XNX","ARTSCO-GENALG","ARTSCO","GENALG",1,"+ Nitrogen"
"20_2_XNX",1,"2013-2019",2013,2019,"XNX","ARTSCO-GENALG","ARTSCO","GENALG",1,"+ Nitrogen"
"35_3_XNX",0.746682750301568,"2013-2019",2013,2019,"XNX","ARTSCO-GENALG","ARTSCO","GENALG",1,"+ Nitrogen"
"37_3_XNX",0.985074626865672,"2013-2019",2013,2019,"XNX","ARTSCO-GENALG","ARTSCO","GENALG",1,"+ Nitrogen"
"5_1_XNX",1.14311926605505,"2013-2019",2013,2019,"XNX","ARTSCO-GENALG","ARTSCO","GENALG",1,"+ Nitrogen"
"7_1_XNX",0.992307692307692,"2013-2019",2013,2019,"XNX","ARTSCO-GENALG","ARTSCO","GENALG",1,"+ Nitrogen"
"17_2_XNX",1.125,"2013-2019",2013,2019,"XNX","ARTSCO-GEUROS","ARTSCO","GEUROS",1,"+ Nitrogen"
"20_2_XNX",0.956521739130435,"2013-2019",2013,2019,"XNX","ARTSCO-GEUROS","ARTSCO","GEUROS",1,"+ Nitrogen"
"35_3_XNX",1.27208480565371,"2013-2019",2013,2019,"XNX","ARTSCO-GEUROS","ARTSCO","GEUROS",1,"+ Nitrogen"
"37_3_XNX",1.32105263157895,"2013-2019",2013,2019,"XNX","ARTSCO-GEUROS","ARTSCO","GEUROS",1,"+ Nitrogen"
"5_1_XNX",0.486284289276808,"2013-2019",2013,2019,"XNX","ARTSCO-GEUROS","ARTSCO","GEUROS",1,"+ Nitrogen"
"7_1_XNX",1.47600767754319,"2013-2019",2013,2019,"XNX","ARTSCO-GEUROS","ARTSCO","GEUROS",1,"+ Nitrogen"
"17_2_XNX",1.09375,"2013-2019",2013,2019,"XNX","ARTSCO-TRIPAR","ARTSCO","TRIPAR",1,"+ Nitrogen"
"20_2_XNX",1.13698630136986,"2013-2019",2013,2019,"XNX","ARTSCO-TRIPAR","ARTSCO","TRIPAR",1,"+ Nitrogen"
"35_3_XNX",1.275,"2013-2019",2013,2019,"XNX","ARTSCO-TRIPAR","ARTSCO","TRIPAR",1,"+ Nitrogen"
"37_3_XNX",1.52691218130312,"2013-2019",2013,2019,"XNX","ARTSCO-TRIPAR","ARTSCO","TRIPAR",1,"+ Nitrogen"
"5_1_XNX",1.26745913818722,"2013-2019",2013,2019,"XNX","ARTSCO-TRIPAR","ARTSCO","TRIPAR",1,"+ Nitrogen"
"7_1_XNX",1.463645943098,"2013-2019",2013,2019,"XNX","ARTSCO-TRIPAR","ARTSCO","TRIPAR",1,"+ Nitrogen"
"17_2_XNX",1,"2013-2019",2013,2019,"XNX","BISBIS-CALLEP","BISBIS","CALLEP",1,"+ Nitrogen"
"20_2_XNX",0.971014492753623,"2013-2019",2013,2019,"XNX","BISBIS-CALLEP","BISBIS","CALLEP",1,"+ Nitrogen"
"35_3_XNX",1.22962112514351,"2013-2019",2013,2019,"XNX","BISBIS-CALLEP","BISBIS","CALLEP",1,"+ Nitrogen"
"37_3_XNX",0.914049586776859,"2013-2019",2013,2019,"XNX","BISBIS-CALLEP","BISBIS","CALLEP",1,"+ Nitrogen"
"5_1_XNX",1.1160621761658,"2013-2019",2013,2019,"XNX","BISBIS-CALLEP","BISBIS","CALLEP",1,"+ Nitrogen"
"7_1_XNX",1.11971830985915,"2013-2019",2013,2019,"XNX","BISBIS-CALLEP","BISBIS","CALLEP",1,"+ Nitrogen"
"17_2_XNX",0.947019867549669,"2013-2019",2013,2019,"XNX","BISBIS-CARSCO","BISBIS","CARSCO",1,"+ Nitrogen"
"20_2_XNX",1.59,"2013-2019",2013,2019,"XNX","BISBIS-CARSCO","BISBIS","CARSCO",1,"+ Nitrogen"
"35_3_XNX",0.534493874919407,"2013-2019",2013,2019,"XNX","BISBIS-CARSCO","BISBIS","CARSCO",1,"+ Nitrogen"
"37_3_XNX",0.857651245551601,"2013-2019",2013,2019,"XNX","BISBIS-CARSCO","BISBIS","CARSCO",1,"+ Nitrogen"
"5_1_XNX",0.404647084612012,"2013-2019",2013,2019,"XNX","BISBIS-CARSCO","BISBIS","CARSCO",1,"+ Nitrogen"
"7_1_XNX",1.45525017618041,"2013-2019",2013,2019,"XNX","BISBIS-CARSCO","BISBIS","CARSCO",1,"+ Nitrogen"
"17_2_XNX",0.769759450171821,"2013-2019",2013,2019,"XNX","BISBIS-DESCES","BISBIS","DESCES",1,"+ Nitrogen"
"20_2_XNX",0.635514018691589,"2013-2019",2013,2019,"XNX","BISBIS-DESCES","BISBIS","DESCES",1,"+ Nitrogen"
"35_3_XNX",0.832096237522396,"2013-2019",2013,2019,"XNX","BISBIS-DESCES","BISBIS","DESCES",1,"+ Nitrogen"
"37_3_XNX",0.85938566552901,"2013-2019",2013,2019,"XNX","BISBIS-DESCES","BISBIS","DESCES",1,"+ Nitrogen"
"5_1_XNX",1.1504221028396,"2013-2019",2013,2019,"XNX","BISBIS-DESCES","BISBIS","DESCES",1,"+ Nitrogen"
"7_1_XNX",0.77793315620193,"2013-2019",2013,2019,"XNX","BISBIS-DESCES","BISBIS","DESCES",1,"+ Nitrogen"
"17_2_XNX",1.13753581661891,"2013-2019",2013,2019,"XNX","BISBIS-GENALG","BISBIS","GENALG",1,"+ Nitrogen"
"20_2_XNX",0.709090909090909,"2013-2019",2013,2019,"XNX","BISBIS-GENALG","BISBIS","GENALG",1,"+ Nitrogen"
"35_3_XNX",1.4425,"2013-2019",2013,2019,"XNX","BISBIS-GENALG","BISBIS","GENALG",1,"+ Nitrogen"
"37_3_XNX",1.13818181818182,"2013-2019",2013,2019,"XNX","BISBIS-GENALG","BISBIS","GENALG",1,"+ Nitrogen"
"5_1_XNX",0.94559585492228,"2013-2019",2013,2019,"XNX","BISBIS-GENALG","BISBIS","GENALG",1,"+ Nitrogen"
"7_1_XNX",1.21830985915493,"2013-2019",2013,2019,"XNX","BISBIS-GENALG","BISBIS","GENALG",1,"+ Nitrogen"
"17_2_XNX",1.11926605504587,"2013-2019",2013,2019,"XNX","BISBIS-GEUROS","BISBIS","GEUROS",1,"+ Nitrogen"
"20_2_XNX",1.07924528301887,"2013-2019",2013,2019,"XNX","BISBIS-GEUROS","BISBIS","GEUROS",1,"+ Nitrogen"
"35_3_XNX",1.23328591749644,"2013-2019",2013,2019,"XNX","BISBIS-GEUROS","BISBIS","GEUROS",1,"+ Nitrogen"
"37_3_XNX",1.74591381872214,"2013-2019",2013,2019,"XNX","BISBIS-GEUROS","BISBIS","GEUROS",1,"+ Nitrogen"
"5_1_XNX",1.15877712031558,"2013-2019",2013,2019,"XNX","BISBIS-GEUROS","BISBIS","GEUROS",1,"+ Nitrogen"
"7_1_XNX",1.3970223325062,"2013-2019",2013,2019,"XNX","BISBIS-GEUROS","BISBIS","GEUROS",1,"+ Nitrogen"
"17_2_XNX",0.688073394495413,"2013-2019",2013,2019,"XNX","BISBIS-TRIPAR","BISBIS","TRIPAR",1,"+ Nitrogen"
"20_2_XNX",1.14840989399293,"2013-2019",2013,2019,"XNX","BISBIS-TRIPAR","BISBIS","TRIPAR",1,"+ Nitrogen"
"35_3_XNX",0.270622286541245,"2013-2019",2013,2019,"XNX","BISBIS-TRIPAR","BISBIS","TRIPAR",1,"+ Nitrogen"
"37_3_XNX",0.703349282296651,"2013-2019",2013,2019,"XNX","BISBIS-TRIPAR","BISBIS","TRIPAR",1,"+ Nitrogen"
"5_1_XNX",0.493779160186625,"2013-2019",2013,2019,"XNX","BISBIS-TRIPAR","BISBIS","TRIPAR",1,"+ Nitrogen"
"7_1_XNX",1.11552346570397,"2013-2019",2013,2019,"XNX","BISBIS-TRIPAR","BISBIS","TRIPAR",1,"+ Nitrogen"
"17_2_XNX",1,"2013-2019",2013,2019,"XNX","CALLEP-CARSCO","CALLEP","CARSCO",1,"+ Nitrogen"
"20_2_XNX",1.26462395543175,"2013-2019",2013,2019,"XNX","CALLEP-CARSCO","CALLEP","CARSCO",1,"+ Nitrogen"
"35_3_XNX",0.742990654205608,"2013-2019",2013,2019,"XNX","CALLEP-CARSCO","CALLEP","CARSCO",1,"+ Nitrogen"
"37_3_XNX",1.46801872074883,"2013-2019",2013,2019,"XNX","CALLEP-CARSCO","CALLEP","CARSCO",1,"+ Nitrogen"
"5_1_XNX",0.801089918256131,"2013-2019",2013,2019,"XNX","CALLEP-CARSCO","CALLEP","CARSCO",1,"+ Nitrogen"
"7_1_XNX",1.04676539360873,"2013-2019",2013,2019,"XNX","CALLEP-CARSCO","CALLEP","CARSCO",1,"+ Nitrogen"
"17_2_XNX",1,"2013-2019",2013,2019,"XNX","CALLEP-DESCES","CALLEP","DESCES",1,"+ Nitrogen"
"20_2_XNX",0.202312138728324,"2013-2019",2013,2019,"XNX","CALLEP-DESCES","CALLEP","DESCES",1,"+ Nitrogen"
"35_3_XNX",1.09242871189774,"2013-2019",2013,2019,"XNX","CALLEP-DESCES","CALLEP","DESCES",1,"+ Nitrogen"
"37_3_XNX",0.853821833736284,"2013-2019",2013,2019,"XNX","CALLEP-DESCES","CALLEP","DESCES",1,"+ Nitrogen"
"5_1_XNX",0.87015503875969,"2013-2019",2013,2019,"XNX","CALLEP-DESCES","CALLEP","DESCES",1,"+ Nitrogen"
"7_1_XNX",0.992302209550962,"2013-2019",2013,2019,"XNX","CALLEP-DESCES","CALLEP","DESCES",1,"+ Nitrogen"
"17_2_XNX",1,"2013-2019",2013,2019,"XNX","CALLEP-GENALG","CALLEP","GENALG",1,"+ Nitrogen"
"20_2_XNX",0.66839378238342,"2013-2019",2013,2019,"XNX","CALLEP-GENALG","CALLEP","GENALG",1,"+ Nitrogen"
"35_3_XNX",1.12121212121212,"2013-2019",2013,2019,"XNX","CALLEP-GENALG","CALLEP","GENALG",1,"+ Nitrogen"
"37_3_XNX",1.01492537313433,"2013-2019",2013,2019,"XNX","CALLEP-GENALG","CALLEP","GENALG",1,"+ Nitrogen"
"5_1_XNX",1.71884057971014,"2013-2019",2013,2019,"XNX","CALLEP-GENALG","CALLEP","GENALG",1,"+ Nitrogen"
"7_1_XNX",0.833333333333333,"2013-2019",2013,2019,"XNX","CALLEP-GENALG","CALLEP","GENALG",1,"+ Nitrogen"
"17_2_XNX",1,"2013-2019",2013,2019,"XNX","CALLEP-GEUROS","CALLEP","GEUROS",1,"+ Nitrogen"
"20_2_XNX",0.413087934560327,"2013-2019",2013,2019,"XNX","CALLEP-GEUROS","CALLEP","GEUROS",1,"+ Nitrogen"
"35_3_XNX",1.42592592592593,"2013-2019",2013,2019,"XNX","CALLEP-GEUROS","CALLEP","GEUROS",1,"+ Nitrogen"
"37_3_XNX",0.9,"2013-2019",2013,2019,"XNX","CALLEP-GEUROS","CALLEP","GEUROS",1,"+ Nitrogen"
"5_1_XNX",1.12935323383085,"2013-2019",2013,2019,"XNX","CALLEP-GEUROS","CALLEP","GEUROS",1,"+ Nitrogen"
"7_1_XNX",0.940074906367041,"2013-2019",2013,2019,"XNX","CALLEP-GEUROS","CALLEP","GEUROS",1,"+ Nitrogen"
"17_2_XNX",1,"2013-2019",2013,2019,"XNX","CALLEP-TRIPAR","CALLEP","TRIPAR",1,"+ Nitrogen"
"20_2_XNX",1.06965174129353,"2013-2019",2013,2019,"XNX","CALLEP-TRIPAR","CALLEP","TRIPAR",1,"+ Nitrogen"
"35_3_XNX",0.901408450704225,"2013-2019",2013,2019,"XNX","CALLEP-TRIPAR","CALLEP","TRIPAR",1,"+ Nitrogen"
"37_3_XNX",1.5042492917847,"2013-2019",2013,2019,"XNX","CALLEP-TRIPAR","CALLEP","TRIPAR",1,"+ Nitrogen"
"5_1_XNX",0.617336152219873,"2013-2019",2013,2019,"XNX","CALLEP-TRIPAR","CALLEP","TRIPAR",1,"+ Nitrogen"
"7_1_XNX",0.913669064748201,"2013-2019",2013,2019,"XNX","CALLEP-TRIPAR","CALLEP","TRIPAR",1,"+ Nitrogen"
"17_2_XNX",0.985555555555556,"2013-2019",2013,2019,"XNX","CARSCO-DESCES","CARSCO","DESCES",1,"+ Nitrogen"
"20_2_XNX",0.453551912568306,"2013-2019",2013,2019,"XNX","CARSCO-DESCES","CARSCO","DESCES",1,"+ Nitrogen"
"35_3_XNX",0.523167649536647,"2013-2019",2013,2019,"XNX","CARSCO-DESCES","CARSCO","DESCES",1,"+ Nitrogen"
"37_3_XNX",0.50067842605156,"2013-2019",2013,2019,"XNX","CARSCO-DESCES","CARSCO","DESCES",1,"+ Nitrogen"
"5_1_XNX",0.700815956482321,"2013-2019",2013,2019,"XNX","CARSCO-DESCES","CARSCO","DESCES",1,"+ Nitrogen"
"7_1_XNX",0.462132175590931,"2013-2019",2013,2019,"XNX","CARSCO-DESCES","CARSCO","DESCES",1,"+ Nitrogen"
"17_2_XNX",1.51203501094092,"2013-2019",2013,2019,"XNX","CARSCO-GENALG","CARSCO","GENALG",1,"+ Nitrogen"
"20_2_XNX",0.955094991364421,"2013-2019",2013,2019,"XNX","CARSCO-GENALG","CARSCO","GENALG",1,"+ Nitrogen"
"35_3_XNX",0.788879935535858,"2013-2019",2013,2019,"XNX","CARSCO-GENALG","CARSCO","GENALG",1,"+ Nitrogen"
"37_3_XNX",0.931740614334471,"2013-2019",2013,2019,"XNX","CARSCO-GENALG","CARSCO","GENALG",1,"+ Nitrogen"
"5_1_XNX",0.816977724262492,"2013-2019",2013,2019,"XNX","CARSCO-GENALG","CARSCO","GENALG",1,"+ Nitrogen"
"7_1_XNX",1.0576773187841,"2013-2019",2013,2019,"XNX","CARSCO-GENALG","CARSCO","GENALG",1,"+ Nitrogen"
"17_2_XNX",1.22794117647059,"2013-2019",2013,2019,"XNX","CARSCO-GEUROS","CARSCO","GEUROS",1,"+ Nitrogen"
"20_2_XNX",0.958944281524927,"2013-2019",2013,2019,"XNX","CARSCO-GEUROS","CARSCO","GEUROS",1,"+ Nitrogen"
"35_3_XNX",1.30310880829016,"2013-2019",2013,2019,"XNX","CARSCO-GEUROS","CARSCO","GEUROS",1,"+ Nitrogen"
"37_3_XNX",0.966149506346968,"2013-2019",2013,2019,"XNX","CARSCO-GEUROS","CARSCO","GEUROS",1,"+ Nitrogen"
"5_1_XNX",0.678312458800264,"2013-2019",2013,2019,"XNX","CARSCO-GEUROS","CARSCO","GEUROS",1,"+ Nitrogen"
"7_1_XNX",1.31347150259067,"2013-2019",2013,2019,"XNX","CARSCO-GEUROS","CARSCO","GEUROS",1,"+ Nitrogen"
"17_2_XNX",1.38970588235294,"2013-2019",2013,2019,"XNX","CARSCO-TRIPAR","CARSCO","TRIPAR",1,"+ Nitrogen"
"20_2_XNX",0.809199318568995,"2013-2019",2013,2019,"XNX","CARSCO-TRIPAR","CARSCO","TRIPAR",1,"+ Nitrogen"
"35_3_XNX",1.58485639686684,"2013-2019",2013,2019,"XNX","CARSCO-TRIPAR","CARSCO","TRIPAR",1,"+ Nitrogen"
"37_3_XNX",1.8256880733945,"2013-2019",2013,2019,"XNX","CARSCO-TRIPAR","CARSCO","TRIPAR",1,"+ Nitrogen"
"5_1_XNX",1.53549468977082,"2013-2019",2013,2019,"XNX","CARSCO-TRIPAR","CARSCO","TRIPAR",1,"+ Nitrogen"
"7_1_XNX",0.880324543610548,"2013-2019",2013,2019,"XNX","CARSCO-TRIPAR","CARSCO","TRIPAR",1,"+ Nitrogen"
"17_2_XNX",0.943796711509716,"2013-2019",2013,2019,"XNX","DESCES-GENALG","DESCES","GENALG",1,"+ Nitrogen"
"20_2_XNX",1.24154589371981,"2013-2019",2013,2019,"XNX","DESCES-GENALG","DESCES","GENALG",1,"+ Nitrogen"
"35_3_XNX",0.997775924381429,"2013-2019",2013,2019,"XNX","DESCES-GENALG","DESCES","GENALG",1,"+ Nitrogen"
"37_3_XNX",1.00601277715145,"2013-2019",2013,2019,"XNX","DESCES-GENALG","DESCES","GENALG",1,"+ Nitrogen"
"5_1_XNX",0.785345089692916,"2013-2019",2013,2019,"XNX","DESCES-GENALG","DESCES","GENALG",1,"+ Nitrogen"
"7_1_XNX",0.966357804704205,"2013-2019",2013,2019,"XNX","DESCES-GENALG","DESCES","GENALG",1,"+ Nitrogen"
"17_2_XNX",0.756410256410256,"2013-2019",2013,2019,"XNX","DESCES-GEUROS","DESCES","GEUROS",1,"+ Nitrogen"
"20_2_XNX",1.28225806451613,"2013-2019",2013,2019,"XNX","DESCES-GEUROS","DESCES","GEUROS",1,"+ Nitrogen"
"35_3_XNX",0.602051282051282,"2013-2019",2013,2019,"XNX","DESCES-GEUROS","DESCES","GEUROS",1,"+ Nitrogen"
"37_3_XNX",0.924334251606979,"2013-2019",2013,2019,"XNX","DESCES-GEUROS","DESCES","GEUROS",1,"+ Nitrogen"
"5_1_XNX",1.28171701112878,"2013-2019",2013,2019,"XNX","DESCES-GEUROS","DESCES","GEUROS",1,"+ Nitrogen"
"7_1_XNX",0.785046728971963,"2013-2019",2013,2019,"XNX","DESCES-GEUROS","DESCES","GEUROS",1,"+ Nitrogen"
"17_2_XNX",0.900932400932401,"2013-2019",2013,2019,"XNX","DESCES-TRIPAR","DESCES","TRIPAR",1,"+ Nitrogen"
"20_2_XNX",1,"2013-2019",2013,2019,"XNX","DESCES-TRIPAR","DESCES","TRIPAR",1,"+ Nitrogen"
"35_3_XNX",0.92798353909465,"2013-2019",2013,2019,"XNX","DESCES-TRIPAR","DESCES","TRIPAR",1,"+ Nitrogen"
"37_3_XNX",0.72753209700428,"2013-2019",2013,2019,"XNX","DESCES-TRIPAR","DESCES","TRIPAR",1,"+ Nitrogen"
"5_1_XNX",0.913374304945859,"2013-2019",2013,2019,"XNX","DESCES-TRIPAR","DESCES","TRIPAR",1,"+ Nitrogen"
"7_1_XNX",0.724818276220145,"2013-2019",2013,2019,"XNX","DESCES-TRIPAR","DESCES","TRIPAR",1,"+ Nitrogen"
"17_2_XNX",1.37370242214533,"2013-2019",2013,2019,"XNX","GENALG-GEUROS","GENALG","GEUROS",1,"+ Nitrogen"
"20_2_XNX",1.25029797377831,"2013-2019",2013,2019,"XNX","GENALG-GEUROS","GENALG","GEUROS",1,"+ Nitrogen"
"35_3_XNX",1.18320610687023,"2013-2019",2013,2019,"XNX","GENALG-GEUROS","GENALG","GEUROS",1,"+ Nitrogen"
"37_3_XNX",1.22962962962963,"2013-2019",2013,2019,"XNX","GENALG-GEUROS","GENALG","GEUROS",1,"+ Nitrogen"
"5_1_XNX",1.23857868020305,"2013-2019",2013,2019,"XNX","GENALG-GEUROS","GENALG","GEUROS",1,"+ Nitrogen"
"7_1_XNX",1.09737827715356,"2013-2019",2013,2019,"XNX","GENALG-GEUROS","GENALG","GEUROS",1,"+ Nitrogen"
"17_2_XNX",1.49826989619377,"2013-2019",2013,2019,"XNX","GENALG-TRIPAR","GENALG","TRIPAR",1,"+ Nitrogen"
"20_2_XNX",0.209677419354839,"2013-2019",2013,2019,"XNX","GENALG-TRIPAR","GENALG","TRIPAR",1,"+ Nitrogen"
"35_3_XNX",0.669291338582677,"2013-2019",2013,2019,"XNX","GENALG-TRIPAR","GENALG","TRIPAR",1,"+ Nitrogen"
"37_3_XNX",0.838926174496644,"2013-2019",2013,2019,"XNX","GENALG-TRIPAR","GENALG","TRIPAR",1,"+ Nitrogen"
"5_1_XNX",0.445945945945946,"2013-2019",2013,2019,"XNX","GENALG-TRIPAR","GENALG","TRIPAR",1,"+ Nitrogen"
"7_1_XNX",1.07482014388489,"2013-2019",2013,2019,"XNX","GENALG-TRIPAR","GENALG","TRIPAR",1,"+ Nitrogen"
"17_2_XNX",1.11702127659574,"2013-2019",2013,2019,"XNX","GEUROS-TRIPAR","GEUROS","TRIPAR",1,"+ Nitrogen"
"20_2_XNX",0.834710743801653,"2013-2019",2013,2019,"XNX","GEUROS-TRIPAR","GEUROS","TRIPAR",1,"+ Nitrogen"
"35_3_XNX",1.04093567251462,"2013-2019",2013,2019,"XNX","GEUROS-TRIPAR","GEUROS","TRIPAR",1,"+ Nitrogen"
"37_3_XNX",0.904988123515439,"2013-2019",2013,2019,"XNX","GEUROS-TRIPAR","GEUROS","TRIPAR",1,"+ Nitrogen"
"5_1_XNX",0.599616858237548,"2013-2019",2013,2019,"XNX","GEUROS-TRIPAR","GEUROS","TRIPAR",1,"+ Nitrogen"
"7_1_XNX",1.48953974895398,"2013-2019",2013,2019,"XNX","GEUROS-TRIPAR","GEUROS","TRIPAR",1,"+ Nitrogen"
"17_2_XNX",1.54732510288066,"2014-2020",2014,2020,"XNX","ARTSCO-BISBIS","ARTSCO","BISBIS",1,"+ Nitrogen"
"20_2_XNX",1.13333333333333,"2014-2020",2014,2020,"XNX","ARTSCO-BISBIS","ARTSCO","BISBIS",1,"+ Nitrogen"
"35_3_XNX",0.782393669634026,"2014-2020",2014,2020,"XNX","ARTSCO-BISBIS","ARTSCO","BISBIS",1,"+ Nitrogen"
"37_3_XNX",1.25055928411633,"2014-2020",2014,2020,"XNX","ARTSCO-BISBIS","ARTSCO","BISBIS",1,"+ Nitrogen"
"5_1_XNX",1.00603217158177,"2014-2020",2014,2020,"XNX","ARTSCO-BISBIS","ARTSCO","BISBIS",1,"+ Nitrogen"
"7_1_XNX",0.996503496503496,"2014-2020",2014,2020,"XNX","ARTSCO-BISBIS","ARTSCO","BISBIS",1,"+ Nitrogen"
"17_2_XNX",1,"2014-2020",2014,2020,"XNX","ARTSCO-CALLEP","ARTSCO","CALLEP",1,"+ Nitrogen"
"20_2_XNX",0.604123711340206,"2014-2020",2014,2020,"XNX","ARTSCO-CALLEP","ARTSCO","CALLEP",1,"+ Nitrogen"
"35_3_XNX",0.75,"2014-2020",2014,2020,"XNX","ARTSCO-CALLEP","ARTSCO","CALLEP",1,"+ Nitrogen"
"37_3_XNX",1.67741935483871,"2014-2020",2014,2020,"XNX","ARTSCO-CALLEP","ARTSCO","CALLEP",1,"+ Nitrogen"
"5_1_XNX",1.20720720720721,"2014-2020",2014,2020,"XNX","ARTSCO-CALLEP","ARTSCO","CALLEP",1,"+ Nitrogen"
"7_1_XNX",0.886363636363636,"2014-2020",2014,2020,"XNX","ARTSCO-CALLEP","ARTSCO","CALLEP",1,"+ Nitrogen"
"17_2_XNX",1.47085201793722,"2014-2020",2014,2020,"XNX","ARTSCO-CARSCO","ARTSCO","CARSCO",1,"+ Nitrogen"
"20_2_XNX",1.09424083769634,"2014-2020",2014,2020,"XNX","ARTSCO-CARSCO","ARTSCO","CARSCO",1,"+ Nitrogen"
"35_3_XNX",1.70886075949367,"2014-2020",2014,2020,"XNX","ARTSCO-CARSCO","ARTSCO","CARSCO",1,"+ Nitrogen"
"37_3_XNX",1.47900466562986,"2014-2020",2014,2020,"XNX","ARTSCO-CARSCO","ARTSCO","CARSCO",1,"+ Nitrogen"
"5_1_XNX",1.37531613555893,"2014-2020",2014,2020,"XNX","ARTSCO-CARSCO","ARTSCO","CARSCO",1,"+ Nitrogen"
"7_1_XNX",0.973618090452261,"2014-2020",2014,2020,"XNX","ARTSCO-CARSCO","ARTSCO","CARSCO",1,"+ Nitrogen"
"17_2_XNX",0.410152284263959,"2014-2020",2014,2020,"XNX","ARTSCO-DESCES","ARTSCO","DESCES",1,"+ Nitrogen"
"20_2_XNX",1.11347517730496,"2014-2020",2014,2020,"XNX","ARTSCO-DESCES","ARTSCO","DESCES",1,"+ Nitrogen"
"35_3_XNX",0.481848184818482,"2014-2020",2014,2020,"XNX","ARTSCO-DESCES","ARTSCO","DESCES",1,"+ Nitrogen"
"37_3_XNX",0.804589543411403,"2014-2020",2014,2020,"XNX","ARTSCO-DESCES","ARTSCO","DESCES",1,"+ Nitrogen"
"5_1_XNX",0.359693266235322,"2014-2020",2014,2020,"XNX","ARTSCO-DESCES","ARTSCO","DESCES",1,"+ Nitrogen"
"7_1_XNX",0.954503791350721,"2014-2020",2014,2020,"XNX","ARTSCO-DESCES","ARTSCO","DESCES",1,"+ Nitrogen"
"17_2_XNX",1.38701923076923,"2014-2020",2014,2020,"XNX","ARTSCO-GENALG","ARTSCO","GENALG",1,"+ Nitrogen"
"20_2_XNX",1.05013927576602,"2014-2020",2014,2020,"XNX","ARTSCO-GENALG","ARTSCO","GENALG",1,"+ Nitrogen"
"35_3_XNX",0.627476882430647,"2014-2020",2014,2020,"XNX","ARTSCO-GENALG","ARTSCO","GENALG",1,"+ Nitrogen"
"37_3_XNX",1,"2014-2020",2014,2020,"XNX","ARTSCO-GENALG","ARTSCO","GENALG",1,"+ Nitrogen"
"5_1_XNX",1.19976359338061,"2014-2020",2014,2020,"XNX","ARTSCO-GENALG","ARTSCO","GENALG",1,"+ Nitrogen"
"7_1_XNX",1.04545454545455,"2014-2020",2014,2020,"XNX","ARTSCO-GENALG","ARTSCO","GENALG",1,"+ Nitrogen"
"17_2_XNX",1.12334801762115,"2014-2020",2014,2020,"XNX","ARTSCO-GEUROS","ARTSCO","GEUROS",1,"+ Nitrogen"
"20_2_XNX",1.19402985074627,"2014-2020",2014,2020,"XNX","ARTSCO-GEUROS","ARTSCO","GEUROS",1,"+ Nitrogen"
"35_3_XNX",1.4922480620155,"2014-2020",2014,2020,"XNX","ARTSCO-GEUROS","ARTSCO","GEUROS",1,"+ Nitrogen"
"37_3_XNX",1.29166666666667,"2014-2020",2014,2020,"XNX","ARTSCO-GEUROS","ARTSCO","GEUROS",1,"+ Nitrogen"
"5_1_XNX",1.09940652818991,"2014-2020",2014,2020,"XNX","ARTSCO-GEUROS","ARTSCO","GEUROS",1,"+ Nitrogen"
"7_1_XNX",1.36417033773862,"2014-2020",2014,2020,"XNX","ARTSCO-GEUROS","ARTSCO","GEUROS",1,"+ Nitrogen"
"17_2_XNX",1,"2014-2020",2014,2020,"XNX","ARTSCO-TRIPAR","ARTSCO","TRIPAR",1,"+ Nitrogen"
"20_2_XNX",1.07123287671233,"2014-2020",2014,2020,"XNX","ARTSCO-TRIPAR","ARTSCO","TRIPAR",1,"+ Nitrogen"
"35_3_XNX",1.27450980392157,"2014-2020",2014,2020,"XNX","ARTSCO-TRIPAR","ARTSCO","TRIPAR",1,"+ Nitrogen"
"37_3_XNX",1.53687315634218,"2014-2020",2014,2020,"XNX","ARTSCO-TRIPAR","ARTSCO","TRIPAR",1,"+ Nitrogen"
"5_1_XNX",1.32029598308668,"2014-2020",2014,2020,"XNX","ARTSCO-TRIPAR","ARTSCO","TRIPAR",1,"+ Nitrogen"
"7_1_XNX",1.31246125232486,"2014-2020",2014,2020,"XNX","ARTSCO-TRIPAR","ARTSCO","TRIPAR",1,"+ Nitrogen"
"17_2_XNX",1,"2014-2020",2014,2020,"XNX","BISBIS-CALLEP","BISBIS","CALLEP",1,"+ Nitrogen"
"20_2_XNX",1.22869022869023,"2014-2020",2014,2020,"XNX","BISBIS-CALLEP","BISBIS","CALLEP",1,"+ Nitrogen"
"35_3_XNX",1.18863361547763,"2014-2020",2014,2020,"XNX","BISBIS-CALLEP","BISBIS","CALLEP",1,"+ Nitrogen"
"37_3_XNX",0.793258426966292,"2014-2020",2014,2020,"XNX","BISBIS-CALLEP","BISBIS","CALLEP",1,"+ Nitrogen"
"5_1_XNX",1.1503984063745,"2014-2020",2014,2020,"XNX","BISBIS-CALLEP","BISBIS","CALLEP",1,"+ Nitrogen"
"7_1_XNX",1.125,"2014-2020",2014,2020,"XNX","BISBIS-CALLEP","BISBIS","CALLEP",1,"+ Nitrogen"
"17_2_XNX",1.48863636363636,"2014-2020",2014,2020,"XNX","BISBIS-CARSCO","BISBIS","CARSCO",1,"+ Nitrogen"
"20_2_XNX",1.61578947368421,"2014-2020",2014,2020,"XNX","BISBIS-CARSCO","BISBIS","CARSCO",1,"+ Nitrogen"
"35_3_XNX",0.565004088307441,"2014-2020",2014,2020,"XNX","BISBIS-CARSCO","BISBIS","CARSCO",1,"+ Nitrogen"
"37_3_XNX",0.867219917012448,"2014-2020",2014,2020,"XNX","BISBIS-CARSCO","BISBIS","CARSCO",1,"+ Nitrogen"
"5_1_XNX",0.437580993520518,"2014-2020",2014,2020,"XNX","BISBIS-CARSCO","BISBIS","CARSCO",1,"+ Nitrogen"
"7_1_XNX",1.52283950617284,"2014-2020",2014,2020,"XNX","BISBIS-CARSCO","BISBIS","CARSCO",1,"+ Nitrogen"
"17_2_XNX",0.790588235294118,"2014-2020",2014,2020,"XNX","BISBIS-DESCES","BISBIS","DESCES",1,"+ Nitrogen"
"20_2_XNX",0.370106761565836,"2014-2020",2014,2020,"XNX","BISBIS-DESCES","BISBIS","DESCES",1,"+ Nitrogen"
"35_3_XNX",0.851703406813627,"2014-2020",2014,2020,"XNX","BISBIS-DESCES","BISBIS","DESCES",1,"+ Nitrogen"
"37_3_XNX",1.00879507475814,"2014-2020",2014,2020,"XNX","BISBIS-DESCES","BISBIS","DESCES",1,"+ Nitrogen"
"5_1_XNX",1.05497672356462,"2014-2020",2014,2020,"XNX","BISBIS-DESCES","BISBIS","DESCES",1,"+ Nitrogen"
"7_1_XNX",0.812619502868069,"2014-2020",2014,2020,"XNX","BISBIS-DESCES","BISBIS","DESCES",1,"+ Nitrogen"
"17_2_XNX",1.47260273972603,"2014-2020",2014,2020,"XNX","BISBIS-GENALG","BISBIS","GENALG",1,"+ Nitrogen"
"20_2_XNX",0.797183098591549,"2014-2020",2014,2020,"XNX","BISBIS-GENALG","BISBIS","GENALG",1,"+ Nitrogen"
"35_3_XNX",1.3375,"2014-2020",2014,2020,"XNX","BISBIS-GENALG","BISBIS","GENALG",1,"+ Nitrogen"
"37_3_XNX",1.12339331619537,"2014-2020",2014,2020,"XNX","BISBIS-GENALG","BISBIS","GENALG",1,"+ Nitrogen"
"5_1_XNX",0.96875,"2014-2020",2014,2020,"XNX","BISBIS-GENALG","BISBIS","GENALG",1,"+ Nitrogen"
"7_1_XNX",1.2125,"2014-2020",2014,2020,"XNX","BISBIS-GENALG","BISBIS","GENALG",1,"+ Nitrogen"
"17_2_XNX",1.32608695652174,"2014-2020",2014,2020,"XNX","BISBIS-GEUROS","BISBIS","GEUROS",1,"+ Nitrogen"
"20_2_XNX",1.1123595505618,"2014-2020",2014,2020,"XNX","BISBIS-GEUROS","BISBIS","GEUROS",1,"+ Nitrogen"
"35_3_XNX",1.20148148148148,"2014-2020",2014,2020,"XNX","BISBIS-GEUROS","BISBIS","GEUROS",1,"+ Nitrogen"
"37_3_XNX",1.78362573099415,"2014-2020",2014,2020,"XNX","BISBIS-GEUROS","BISBIS","GEUROS",1,"+ Nitrogen"
"5_1_XNX",1.24110671936759,"2014-2020",2014,2020,"XNX","BISBIS-GEUROS","BISBIS","GEUROS",1,"+ Nitrogen"
"7_1_XNX",1.42877291960508,"2014-2020",2014,2020,"XNX","BISBIS-GEUROS","BISBIS","GEUROS",1,"+ Nitrogen"
"17_2_XNX",0.752475247524752,"2014-2020",2014,2020,"XNX","BISBIS-TRIPAR","BISBIS","TRIPAR",1,"+ Nitrogen"
"20_2_XNX",1.09972299168975,"2014-2020",2014,2020,"XNX","BISBIS-TRIPAR","BISBIS","TRIPAR",1,"+ Nitrogen"
"35_3_XNX",0.324283559577677,"2014-2020",2014,2020,"XNX","BISBIS-TRIPAR","BISBIS","TRIPAR",1,"+ Nitrogen"
"37_3_XNX",0.793939393939394,"2014-2020",2014,2020,"XNX","BISBIS-TRIPAR","BISBIS","TRIPAR",1,"+ Nitrogen"
"5_1_XNX",0.522585669781932,"2014-2020",2014,2020,"XNX","BISBIS-TRIPAR","BISBIS","TRIPAR",1,"+ Nitrogen"
"7_1_XNX",1.20475319926874,"2014-2020",2014,2020,"XNX","BISBIS-TRIPAR","BISBIS","TRIPAR",1,"+ Nitrogen"
"17_2_XNX",1,"2014-2020",2014,2020,"XNX","CALLEP-CARSCO","CALLEP","CARSCO",1,"+ Nitrogen"
"20_2_XNX",1.60854700854701,"2014-2020",2014,2020,"XNX","CALLEP-CARSCO","CALLEP","CARSCO",1,"+ Nitrogen"
"35_3_XNX",0.799426934097421,"2014-2020",2014,2020,"XNX","CALLEP-CARSCO","CALLEP","CARSCO",1,"+ Nitrogen"
"37_3_XNX",1.46801872074883,"2014-2020",2014,2020,"XNX","CALLEP-CARSCO","CALLEP","CARSCO",1,"+ Nitrogen"
"5_1_XNX",0.840161182001343,"2014-2020",2014,2020,"XNX","CALLEP-CARSCO","CALLEP","CARSCO",1,"+ Nitrogen"
"7_1_XNX",1.04297407912688,"2014-2020",2014,2020,"XNX","CALLEP-CARSCO","CALLEP","CARSCO",1,"+ Nitrogen"
"17_2_XNX",1,"2014-2020",2014,2020,"XNX","CALLEP-DESCES","CALLEP","DESCES",1,"+ Nitrogen"
"20_2_XNX",0.563751317175975,"2014-2020",2014,2020,"XNX","CALLEP-DESCES","CALLEP","DESCES",1,"+ Nitrogen"
"35_3_XNX",1.06689536878216,"2014-2020",2014,2020,"XNX","CALLEP-DESCES","CALLEP","DESCES",1,"+ Nitrogen"
"37_3_XNX",0.842366863905325,"2014-2020",2014,2020,"XNX","CALLEP-DESCES","CALLEP","DESCES",1,"+ Nitrogen"
"5_1_XNX",0.837720488466757,"2014-2020",2014,2020,"XNX","CALLEP-DESCES","CALLEP","DESCES",1,"+ Nitrogen"
"7_1_XNX",0.992926315789474,"2014-2020",2014,2020,"XNX","CALLEP-DESCES","CALLEP","DESCES",1,"+ Nitrogen"
"17_2_XNX",1,"2014-2020",2014,2020,"XNX","CALLEP-GENALG","CALLEP","GENALG",1,"+ Nitrogen"
"20_2_XNX",0.716666666666667,"2014-2020",2014,2020,"XNX","CALLEP-GENALG","CALLEP","GENALG",1,"+ Nitrogen"
"35_3_XNX",1.03490401396161,"2014-2020",2014,2020,"XNX","CALLEP-GENALG","CALLEP","GENALG",1,"+ Nitrogen"
"37_3_XNX",0.939393939393939,"2014-2020",2014,2020,"XNX","CALLEP-GENALG","CALLEP","GENALG",1,"+ Nitrogen"
"5_1_XNX",1.72905027932961,"2014-2020",2014,2020,"XNX","CALLEP-GENALG","CALLEP","GENALG",1,"+ Nitrogen"
"7_1_XNX",0.833333333333333,"2014-2020",2014,2020,"XNX","CALLEP-GENALG","CALLEP","GENALG",1,"+ Nitrogen"
"17_2_XNX",1,"2014-2020",2014,2020,"XNX","CALLEP-GEUROS","CALLEP","GEUROS",1,"+ Nitrogen"
"20_2_XNX",0.538633818589026,"2014-2020",2014,2020,"XNX","CALLEP-GEUROS","CALLEP","GEUROS",1,"+ Nitrogen"
"35_3_XNX",1.41509433962264,"2014-2020",2014,2020,"XNX","CALLEP-GEUROS","CALLEP","GEUROS",1,"+ Nitrogen"
"37_3_XNX",0.768421052631579,"2014-2020",2014,2020,"XNX","CALLEP-GEUROS","CALLEP","GEUROS",1,"+ Nitrogen"
"5_1_XNX",1.60752688172043,"2014-2020",2014,2020,"XNX","CALLEP-GEUROS","CALLEP","GEUROS",1,"+ Nitrogen"
"7_1_XNX",0.992792792792793,"2014-2020",2014,2020,"XNX","CALLEP-GEUROS","CALLEP","GEUROS",1,"+ Nitrogen"
"17_2_XNX",1,"2014-2020",2014,2020,"XNX","CALLEP-TRIPAR","CALLEP","TRIPAR",1,"+ Nitrogen"
"20_2_XNX",0.93010752688172,"2014-2020",2014,2020,"XNX","CALLEP-TRIPAR","CALLEP","TRIPAR",1,"+ Nitrogen"
"35_3_XNX",0.966507177033493,"2014-2020",2014,2020,"XNX","CALLEP-TRIPAR","CALLEP","TRIPAR",1,"+ Nitrogen"
"37_3_XNX",1.58753709198813,"2014-2020",2014,2020,"XNX","CALLEP-TRIPAR","CALLEP","TRIPAR",1,"+ Nitrogen"
"5_1_XNX",0.703056768558952,"2014-2020",2014,2020,"XNX","CALLEP-TRIPAR","CALLEP","TRIPAR",1,"+ Nitrogen"
"7_1_XNX",0.971755211835911,"2014-2020",2014,2020,"XNX","CALLEP-TRIPAR","CALLEP","TRIPAR",1,"+ Nitrogen"
"17_2_XNX",0.880722891566265,"2014-2020",2014,2020,"XNX","CARSCO-DESCES","CARSCO","DESCES",1,"+ Nitrogen"
"20_2_XNX",0.358306188925081,"2014-2020",2014,2020,"XNX","CARSCO-DESCES","CARSCO","DESCES",1,"+ Nitrogen"
"35_3_XNX",0.51304347826087,"2014-2020",2014,2020,"XNX","CARSCO-DESCES","CARSCO","DESCES",1,"+ Nitrogen"
"37_3_XNX",0.359190556492411,"2014-2020",2014,2020,"XNX","CARSCO-DESCES","CARSCO","DESCES",1,"+ Nitrogen"
"5_1_XNX",0.618895116092874,"2014-2020",2014,2020,"XNX","CARSCO-DESCES","CARSCO","DESCES",1,"+ Nitrogen"
"7_1_XNX",0.491863517060368,"2014-2020",2014,2020,"XNX","CARSCO-DESCES","CARSCO","DESCES",1,"+ Nitrogen"
"17_2_XNX",1.34905660377358,"2014-2020",2014,2020,"XNX","CARSCO-GENALG","CARSCO","GENALG",1,"+ Nitrogen"
"20_2_XNX",0.921568627450981,"2014-2020",2014,2020,"XNX","CARSCO-GENALG","CARSCO","GENALG",1,"+ Nitrogen"
"35_3_XNX",0.812177502579979,"2014-2020",2014,2020,"XNX","CARSCO-GENALG","CARSCO","GENALG",1,"+ Nitrogen"
"37_3_XNX",0.938461538461539,"2014-2020",2014,2020,"XNX","CARSCO-GENALG","CARSCO","GENALG",1,"+ Nitrogen"
"5_1_XNX",0.849011384062313,"2014-2020",2014,2020,"XNX","CARSCO-GENALG","CARSCO","GENALG",1,"+ Nitrogen"
"7_1_XNX",1.0525238744884,"2014-2020",2014,2020,"XNX","CARSCO-GENALG","CARSCO","GENALG",1,"+ Nitrogen"
"17_2_XNX",0.652777777777778,"2014-2020",2014,2020,"XNX","CARSCO-GEUROS","CARSCO","GEUROS",1,"+ Nitrogen"
"20_2_XNX",0.78839590443686,"2014-2020",2014,2020,"XNX","CARSCO-GEUROS","CARSCO","GEUROS",1,"+ Nitrogen"
"35_3_XNX",1.47266881028939,"2014-2020",2014,2020,"XNX","CARSCO-GEUROS","CARSCO","GEUROS",1,"+ Nitrogen"
"37_3_XNX",0.994358251057828,"2014-2020",2014,2020,"XNX","CARSCO-GEUROS","CARSCO","GEUROS",1,"+ Nitrogen"
"5_1_XNX",0.672678690714763,"2014-2020",2014,2020,"XNX","CARSCO-GEUROS","CARSCO","GEUROS",1,"+ Nitrogen"
"7_1_XNX",1.63920595533499,"2014-2020",2014,2020,"XNX","CARSCO-GEUROS","CARSCO","GEUROS",1,"+ Nitrogen"
"17_2_XNX",1.09876543209877,"2014-2020",2014,2020,"XNX","CARSCO-TRIPAR","CARSCO","TRIPAR",1,"+ Nitrogen"
"20_2_XNX",0.827956989247312,"2014-2020",2014,2020,"XNX","CARSCO-TRIPAR","CARSCO","TRIPAR",1,"+ Nitrogen"
"35_3_XNX",1.61363636363636,"2014-2020",2014,2020,"XNX","CARSCO-TRIPAR","CARSCO","TRIPAR",1,"+ Nitrogen"
"37_3_XNX",1.82242990654206,"2014-2020",2014,2020,"XNX","CARSCO-TRIPAR","CARSCO","TRIPAR",1,"+ Nitrogen"
"5_1_XNX",1.53024307518372,"2014-2020",2014,2020,"XNX","CARSCO-TRIPAR","CARSCO","TRIPAR",1,"+ Nitrogen"
"7_1_XNX",1.33729216152019,"2014-2020",2014,2020,"XNX","CARSCO-TRIPAR","CARSCO","TRIPAR",1,"+ Nitrogen"
"17_2_XNX",0.893251533742331,"2014-2020",2014,2020,"XNX","DESCES-GENALG","DESCES","GENALG",1,"+ Nitrogen"
"20_2_XNX",1.00729040097205,"2014-2020",2014,2020,"XNX","DESCES-GENALG","DESCES","GENALG",1,"+ Nitrogen"
"35_3_XNX",1.0736370073165,"2014-2020",2014,2020,"XNX","DESCES-GENALG","DESCES","GENALG",1,"+ Nitrogen"
"37_3_XNX",1.02494603022308,"2014-2020",2014,2020,"XNX","DESCES-GENALG","DESCES","GENALG",1,"+ Nitrogen"
"5_1_XNX",0.803880983182406,"2014-2020",2014,2020,"XNX","DESCES-GENALG","DESCES","GENALG",1,"+ Nitrogen"
"7_1_XNX",0.9776,"2014-2020",2014,2020,"XNX","DESCES-GENALG","DESCES","GENALG",1,"+ Nitrogen"
"17_2_XNX",0.720623501199041,"2014-2020",2014,2020,"XNX","DESCES-GEUROS","DESCES","GEUROS",1,"+ Nitrogen"
"20_2_XNX",0.893229166666667,"2014-2020",2014,2020,"XNX","DESCES-GEUROS","DESCES","GEUROS",1,"+ Nitrogen"
"35_3_XNX",0.625886524822695,"2014-2020",2014,2020,"XNX","DESCES-GEUROS","DESCES","GEUROS",1,"+ Nitrogen"
"37_3_XNX",0.95993477754484,"2014-2020",2014,2020,"XNX","DESCES-GEUROS","DESCES","GEUROS",1,"+ Nitrogen"
"5_1_XNX",0.971297048470079,"2014-2020",2014,2020,"XNX","DESCES-GEUROS","DESCES","GEUROS",1,"+ Nitrogen"
"7_1_XNX",0.659690920798455,"2014-2020",2014,2020,"XNX","DESCES-GEUROS","DESCES","GEUROS",1,"+ Nitrogen"
"17_2_XNX",0.888493475682088,"2014-2020",2014,2020,"XNX","DESCES-TRIPAR","DESCES","TRIPAR",1,"+ Nitrogen"
"20_2_XNX",1.08926417370326,"2014-2020",2014,2020,"XNX","DESCES-TRIPAR","DESCES","TRIPAR",1,"+ Nitrogen"
"35_3_XNX",0.881777777777778,"2014-2020",2014,2020,"XNX","DESCES-TRIPAR","DESCES","TRIPAR",1,"+ Nitrogen"
"37_3_XNX",0.590990990990991,"2014-2020",2014,2020,"XNX","DESCES-TRIPAR","DESCES","TRIPAR",1,"+ Nitrogen"
"5_1_XNX",0.787137452711223,"2014-2020",2014,2020,"XNX","DESCES-TRIPAR","DESCES","TRIPAR",1,"+ Nitrogen"
"7_1_XNX",0.524109014675052,"2014-2020",2014,2020,"XNX","DESCES-TRIPAR","DESCES","TRIPAR",1,"+ Nitrogen"
"17_2_XNX",1.03508771929825,"2014-2020",2014,2020,"XNX","GENALG-GEUROS","GENALG","GEUROS",1,"+ Nitrogen"
"20_2_XNX",1.26597131681877,"2014-2020",2014,2020,"XNX","GENALG-GEUROS","GENALG","GEUROS",1,"+ Nitrogen"
"35_3_XNX",1.03800475059382,"2014-2020",2014,2020,"XNX","GENALG-GEUROS","GENALG","GEUROS",1,"+ Nitrogen"
"37_3_XNX",1.19402985074627,"2014-2020",2014,2020,"XNX","GENALG-GEUROS","GENALG","GEUROS",1,"+ Nitrogen"
"5_1_XNX",1.50546448087432,"2014-2020",2014,2020,"XNX","GENALG-GEUROS","GENALG","GEUROS",1,"+ Nitrogen"
"7_1_XNX",1.06846846846847,"2014-2020",2014,2020,"XNX","GENALG-GEUROS","GENALG","GEUROS",1,"+ Nitrogen"
"17_2_XNX",1.20454545454545,"2014-2020",2014,2020,"XNX","GENALG-TRIPAR","GENALG","TRIPAR",1,"+ Nitrogen"
"20_2_XNX",0.2,"2014-2020",2014,2020,"XNX","GENALG-TRIPAR","GENALG","TRIPAR",1,"+ Nitrogen"
"35_3_XNX",0.623471882640587,"2014-2020",2014,2020,"XNX","GENALG-TRIPAR","GENALG","TRIPAR",1,"+ Nitrogen"
"37_3_XNX",0.857651245551602,"2014-2020",2014,2020,"XNX","GENALG-TRIPAR","GENALG","TRIPAR",1,"+ Nitrogen"
"5_1_XNX",0.503134796238245,"2014-2020",2014,2020,"XNX","GENALG-TRIPAR","GENALG","TRIPAR",1,"+ Nitrogen"
"7_1_XNX",1.04707464694015,"2014-2020",2014,2020,"XNX","GENALG-TRIPAR","GENALG","TRIPAR",1,"+ Nitrogen"
"17_2_XNX",1.02352941176471,"2014-2020",2014,2020,"XNX","GEUROS-TRIPAR","GEUROS","TRIPAR",1,"+ Nitrogen"
"20_2_XNX",0.84993531694696,"2014-2020",2014,2020,"XNX","GEUROS-TRIPAR","GEUROS","TRIPAR",1,"+ Nitrogen"
"35_3_XNX",1.12280701754386,"2014-2020",2014,2020,"XNX","GEUROS-TRIPAR","GEUROS","TRIPAR",1,"+ Nitrogen"
"37_3_XNX",0.950617283950617,"2014-2020",2014,2020,"XNX","GEUROS-TRIPAR","GEUROS","TRIPAR",1,"+ Nitrogen"
"5_1_XNX",0.412017167381974,"2014-2020",2014,2020,"XNX","GEUROS-TRIPAR","GEUROS","TRIPAR",1,"+ Nitrogen"
"7_1_XNX",1.70137524557957,"2014-2020",2014,2020,"XNX","GEUROS-TRIPAR","GEUROS","TRIPAR",1,"+ Nitrogen"
"17_2_XNX",1.66120218579235,"2015-2021",2015,2021,"XNX","ARTSCO-BISBIS","ARTSCO","BISBIS",1,"+ Nitrogen"
"20_2_XNX",1.13333333333333,"2015-2021",2015,2021,"XNX","ARTSCO-BISBIS","ARTSCO","BISBIS",1,"+ Nitrogen"
"35_3_XNX",0.945893719806763,"2015-2021",2015,2021,"XNX","ARTSCO-BISBIS","ARTSCO","BISBIS",1,"+ Nitrogen"
"37_3_XNX",1.37121212121212,"2015-2021",2015,2021,"XNX","ARTSCO-BISBIS","ARTSCO","BISBIS",1,"+ Nitrogen"
"5_1_XNX",1.35008517887564,"2015-2021",2015,2021,"XNX","ARTSCO-BISBIS","ARTSCO","BISBIS",1,"+ Nitrogen"
"7_1_XNX",1.20418848167539,"2015-2021",2015,2021,"XNX","ARTSCO-BISBIS","ARTSCO","BISBIS",1,"+ Nitrogen"
"17_2_XNX",1,"2015-2021",2015,2021,"XNX","ARTSCO-CALLEP","ARTSCO","CALLEP",1,"+ Nitrogen"
"20_2_XNX",0.622559652928417,"2015-2021",2015,2021,"XNX","ARTSCO-CALLEP","ARTSCO","CALLEP",1,"+ Nitrogen"
"35_3_XNX",0.922222222222222,"2015-2021",2015,2021,"XNX","ARTSCO-CALLEP","ARTSCO","CALLEP",1,"+ Nitrogen"
"37_3_XNX",1.80769230769231,"2015-2021",2015,2021,"XNX","ARTSCO-CALLEP","ARTSCO","CALLEP",1,"+ Nitrogen"
"5_1_XNX",1.2416,"2015-2021",2015,2021,"XNX","ARTSCO-CALLEP","ARTSCO","CALLEP",1,"+ Nitrogen"
"7_1_XNX",0.804878048780488,"2015-2021",2015,2021,"XNX","ARTSCO-CALLEP","ARTSCO","CALLEP",1,"+ Nitrogen"
"17_2_XNX",1.3068340306834,"2015-2021",2015,2021,"XNX","ARTSCO-CARSCO","ARTSCO","CARSCO",1,"+ Nitrogen"
"20_2_XNX",1.09424083769634,"2015-2021",2015,2021,"XNX","ARTSCO-CARSCO","ARTSCO","CARSCO",1,"+ Nitrogen"
"35_3_XNX",1.41647597254005,"2015-2021",2015,2021,"XNX","ARTSCO-CARSCO","ARTSCO","CARSCO",1,"+ Nitrogen"
"37_3_XNX",1.54044117647059,"2015-2021",2015,2021,"XNX","ARTSCO-CARSCO","ARTSCO","CARSCO",1,"+ Nitrogen"
"5_1_XNX",1.18015824710895,"2015-2021",2015,2021,"XNX","ARTSCO-CARSCO","ARTSCO","CARSCO",1,"+ Nitrogen"
"7_1_XNX",1.12136266855926,"2015-2021",2015,2021,"XNX","ARTSCO-CARSCO","ARTSCO","CARSCO",1,"+ Nitrogen"
"17_2_XNX",0.498150431565968,"2015-2021",2015,2021,"XNX","ARTSCO-DESCES","ARTSCO","DESCES",1,"+ Nitrogen"
"20_2_XNX",1.10472972972973,"2015-2021",2015,2021,"XNX","ARTSCO-DESCES","ARTSCO","DESCES",1,"+ Nitrogen"
"35_3_XNX",0.432432432432432,"2015-2021",2015,2021,"XNX","ARTSCO-DESCES","ARTSCO","DESCES",1,"+ Nitrogen"
"37_3_XNX",0.759358288770054,"2015-2021",2015,2021,"XNX","ARTSCO-DESCES","ARTSCO","DESCES",1,"+ Nitrogen"
"5_1_XNX",0.444808743169399,"2015-2021",2015,2021,"XNX","ARTSCO-DESCES","ARTSCO","DESCES",1,"+ Nitrogen"
"7_1_XNX",0.934730957372467,"2015-2021",2015,2021,"XNX","ARTSCO-DESCES","ARTSCO","DESCES",1,"+ Nitrogen"
"17_2_XNX",1.38144329896907,"2015-2021",2015,2021,"XNX","ARTSCO-GENALG","ARTSCO","GENALG",1,"+ Nitrogen"
"20_2_XNX",1,"2015-2021",2015,2021,"XNX","ARTSCO-GENALG","ARTSCO","GENALG",1,"+ Nitrogen"
"35_3_XNX",0.677031093279839,"2015-2021",2015,2021,"XNX","ARTSCO-GENALG","ARTSCO","GENALG",1,"+ Nitrogen"
"37_3_XNX",1.11864406779661,"2015-2021",2015,2021,"XNX","ARTSCO-GENALG","ARTSCO","GENALG",1,"+ Nitrogen"
"5_1_XNX",1.09422110552764,"2015-2021",2015,2021,"XNX","ARTSCO-GENALG","ARTSCO","GENALG",1,"+ Nitrogen"
"7_1_XNX",1.31707317073171,"2015-2021",2015,2021,"XNX","ARTSCO-GENALG","ARTSCO","GENALG",1,"+ Nitrogen"
"17_2_XNX",1.07751937984496,"2015-2021",2015,2021,"XNX","ARTSCO-GEUROS","ARTSCO","GEUROS",1,"+ Nitrogen"
"20_2_XNX",1.19767441860465,"2015-2021",2015,2021,"XNX","ARTSCO-GEUROS","ARTSCO","GEUROS",1,"+ Nitrogen"
"35_3_XNX",1.28616352201258,"2015-2021",2015,2021,"XNX","ARTSCO-GEUROS","ARTSCO","GEUROS",1,"+ Nitrogen"
"37_3_XNX",1.056,"2015-2021",2015,2021,"XNX","ARTSCO-GEUROS","ARTSCO","GEUROS",1,"+ Nitrogen"
"5_1_XNX",1.30668841761827,"2015-2021",2015,2021,"XNX","ARTSCO-GEUROS","ARTSCO","GEUROS",1,"+ Nitrogen"
"7_1_XNX",1.35423197492163,"2015-2021",2015,2021,"XNX","ARTSCO-GEUROS","ARTSCO","GEUROS",1,"+ Nitrogen"
"17_2_XNX",0.693181818181818,"2015-2021",2015,2021,"XNX","ARTSCO-TRIPAR","ARTSCO","TRIPAR",1,"+ Nitrogen"
"20_2_XNX",1.12790697674419,"2015-2021",2015,2021,"XNX","ARTSCO-TRIPAR","ARTSCO","TRIPAR",1,"+ Nitrogen"
"35_3_XNX",1.56,"2015-2021",2015,2021,"XNX","ARTSCO-TRIPAR","ARTSCO","TRIPAR",1,"+ Nitrogen"
"37_3_XNX",1.61165048543689,"2015-2021",2015,2021,"XNX","ARTSCO-TRIPAR","ARTSCO","TRIPAR",1,"+ Nitrogen"
"5_1_XNX",0.918233851185609,"2015-2021",2015,2021,"XNX","ARTSCO-TRIPAR","ARTSCO","TRIPAR",1,"+ Nitrogen"
"7_1_XNX",1.21103448275862,"2015-2021",2015,2021,"XNX","ARTSCO-TRIPAR","ARTSCO","TRIPAR",1,"+ Nitrogen"
"17_2_XNX",1,"2015-2021",2015,2021,"XNX","BISBIS-CALLEP","BISBIS","CALLEP",1,"+ Nitrogen"
"20_2_XNX",1.08315098468271,"2015-2021",2015,2021,"XNX","BISBIS-CALLEP","BISBIS","CALLEP",1,"+ Nitrogen"
"35_3_XNX",1.56778309409888,"2015-2021",2015,2021,"XNX","BISBIS-CALLEP","BISBIS","CALLEP",1,"+ Nitrogen"
"37_3_XNX",0.96875,"2015-2021",2015,2021,"XNX","BISBIS-CALLEP","BISBIS","CALLEP",1,"+ Nitrogen"
"5_1_XNX",1.29036635006784,"2015-2021",2015,2021,"XNX","BISBIS-CALLEP","BISBIS","CALLEP",1,"+ Nitrogen"
"7_1_XNX",1.11538461538462,"2015-2021",2015,2021,"XNX","BISBIS-CALLEP","BISBIS","CALLEP",1,"+ Nitrogen"
"17_2_XNX",1.28776978417266,"2015-2021",2015,2021,"XNX","BISBIS-CARSCO","BISBIS","CARSCO",1,"+ Nitrogen"
"20_2_XNX",1.61578947368421,"2015-2021",2015,2021,"XNX","BISBIS-CARSCO","BISBIS","CARSCO",1,"+ Nitrogen"
"35_3_XNX",0.796791443850267,"2015-2021",2015,2021,"XNX","BISBIS-CARSCO","BISBIS","CARSCO",1,"+ Nitrogen"
"37_3_XNX",1.07471264367816,"2015-2021",2015,2021,"XNX","BISBIS-CARSCO","BISBIS","CARSCO",1,"+ Nitrogen"
"5_1_XNX",0.578347578347578,"2015-2021",2015,2021,"XNX","BISBIS-CARSCO","BISBIS","CARSCO",1,"+ Nitrogen"
"7_1_XNX",1.52034120734908,"2015-2021",2015,2021,"XNX","BISBIS-CARSCO","BISBIS","CARSCO",1,"+ Nitrogen"
"17_2_XNX",0.77445652173913,"2015-2021",2015,2021,"XNX","BISBIS-DESCES","BISBIS","DESCES",1,"+ Nitrogen"
"20_2_XNX",0.49746192893401,"2015-2021",2015,2021,"XNX","BISBIS-DESCES","BISBIS","DESCES",1,"+ Nitrogen"
"35_3_XNX",0.971583786042624,"2015-2021",2015,2021,"XNX","BISBIS-DESCES","BISBIS","DESCES",1,"+ Nitrogen"
"37_3_XNX",0.939350180505415,"2015-2021",2015,2021,"XNX","BISBIS-DESCES","BISBIS","DESCES",1,"+ Nitrogen"
"5_1_XNX",0.685086409216983,"2015-2021",2015,2021,"XNX","BISBIS-DESCES","BISBIS","DESCES",1,"+ Nitrogen"
"7_1_XNX",0.854280762564991,"2015-2021",2015,2021,"XNX","BISBIS-DESCES","BISBIS","DESCES",1,"+ Nitrogen"
"17_2_XNX",1.46099290780142,"2015-2021",2015,2021,"XNX","BISBIS-GENALG","BISBIS","GENALG",1,"+ Nitrogen"
"20_2_XNX",1,"2015-2021",2015,2021,"XNX","BISBIS-GENALG","BISBIS","GENALG",1,"+ Nitrogen"
"35_3_XNX",1.44021739130435,"2015-2021",2015,2021,"XNX","BISBIS-GENALG","BISBIS","GENALG",1,"+ Nitrogen"
"37_3_XNX",1.14218009478673,"2015-2021",2015,2021,"XNX","BISBIS-GENALG","BISBIS","GENALG",1,"+ Nitrogen"
"5_1_XNX",1.05176211453744,"2015-2021",2015,2021,"XNX","BISBIS-GENALG","BISBIS","GENALG",1,"+ Nitrogen"
"7_1_XNX",1.20512820512821,"2015-2021",2015,2021,"XNX","BISBIS-GENALG","BISBIS","GENALG",1,"+ Nitrogen"
"17_2_XNX",1.24043715846995,"2015-2021",2015,2021,"XNX","BISBIS-GEUROS","BISBIS","GEUROS",1,"+ Nitrogen"
"20_2_XNX",1.59649122807018,"2015-2021",2015,2021,"XNX","BISBIS-GEUROS","BISBIS","GEUROS",1,"+ Nitrogen"
"35_3_XNX",1.50544662309368,"2015-2021",2015,2021,"XNX","BISBIS-GEUROS","BISBIS","GEUROS",1,"+ Nitrogen"
"37_3_XNX",1.66064981949458,"2015-2021",2015,2021,"XNX","BISBIS-GEUROS","BISBIS","GEUROS",1,"+ Nitrogen"
"5_1_XNX",1.15310344827586,"2015-2021",2015,2021,"XNX","BISBIS-GEUROS","BISBIS","GEUROS",1,"+ Nitrogen"
"7_1_XNX",1.39840637450199,"2015-2021",2015,2021,"XNX","BISBIS-GEUROS","BISBIS","GEUROS",1,"+ Nitrogen"
"17_2_XNX",0.752475247524752,"2015-2021",2015,2021,"XNX","BISBIS-TRIPAR","BISBIS","TRIPAR",1,"+ Nitrogen"
"20_2_XNX",0.894117647058824,"2015-2021",2015,2021,"XNX","BISBIS-TRIPAR","BISBIS","TRIPAR",1,"+ Nitrogen"
"35_3_XNX",0.849126034958602,"2015-2021",2015,2021,"XNX","BISBIS-TRIPAR","BISBIS","TRIPAR",1,"+ Nitrogen"
"37_3_XNX",0.888268156424581,"2015-2021",2015,2021,"XNX","BISBIS-TRIPAR","BISBIS","TRIPAR",1,"+ Nitrogen"
"5_1_XNX",0.579026217228464,"2015-2021",2015,2021,"XNX","BISBIS-TRIPAR","BISBIS","TRIPAR",1,"+ Nitrogen"
"7_1_XNX",1.23769968051118,"2015-2021",2015,2021,"XNX","BISBIS-TRIPAR","BISBIS","TRIPAR",1,"+ Nitrogen"
"17_2_XNX",1,"2015-2021",2015,2021,"XNX","CALLEP-CARSCO","CALLEP","CARSCO",1,"+ Nitrogen"
"20_2_XNX",1.57040998217469,"2015-2021",2015,2021,"XNX","CALLEP-CARSCO","CALLEP","CARSCO",1,"+ Nitrogen"
"35_3_XNX",0.57910447761194,"2015-2021",2015,2021,"XNX","CALLEP-CARSCO","CALLEP","CARSCO",1,"+ Nitrogen"
"37_3_XNX",1.50746268656716,"2015-2021",2015,2021,"XNX","CALLEP-CARSCO","CALLEP","CARSCO",1,"+ Nitrogen"
"5_1_XNX",0.741293532338309,"2015-2021",2015,2021,"XNX","CALLEP-CARSCO","CALLEP","CARSCO",1,"+ Nitrogen"
"7_1_XNX",1.0429403202329,"2015-2021",2015,2021,"XNX","CALLEP-CARSCO","CALLEP","CARSCO",1,"+ Nitrogen"
"17_2_XNX",1,"2015-2021",2015,2021,"XNX","CALLEP-DESCES","CALLEP","DESCES",1,"+ Nitrogen"
"20_2_XNX",0.820785219399538,"2015-2021",2015,2021,"XNX","CALLEP-DESCES","CALLEP","DESCES",1,"+ Nitrogen"
"35_3_XNX",0.896097046413502,"2015-2021",2015,2021,"XNX","CALLEP-DESCES","CALLEP","DESCES",1,"+ Nitrogen"
"37_3_XNX",0.801532567049808,"2015-2021",2015,2021,"XNX","CALLEP-DESCES","CALLEP","DESCES",1,"+ Nitrogen"
"5_1_XNX",0.823586273562107,"2015-2021",2015,2021,"XNX","CALLEP-DESCES","CALLEP","DESCES",1,"+ Nitrogen"
"7_1_XNX",0.992434325744308,"2015-2021",2015,2021,"XNX","CALLEP-DESCES","CALLEP","DESCES",1,"+ Nitrogen"
"17_2_XNX",1,"2015-2021",2015,2021,"XNX","CALLEP-GENALG","CALLEP","GENALG",1,"+ Nitrogen"
"20_2_XNX",1,"2015-2021",2015,2021,"XNX","CALLEP-GENALG","CALLEP","GENALG",1,"+ Nitrogen"
"35_3_XNX",1.02716468590832,"2015-2021",2015,2021,"XNX","CALLEP-GENALG","CALLEP","GENALG",1,"+ Nitrogen"
"37_3_XNX",1.07843137254902,"2015-2021",2015,2021,"XNX","CALLEP-GENALG","CALLEP","GENALG",1,"+ Nitrogen"
"5_1_XNX",1.67409470752089,"2015-2021",2015,2021,"XNX","CALLEP-GENALG","CALLEP","GENALG",1,"+ Nitrogen"
"7_1_XNX",0.833333333333333,"2015-2021",2015,2021,"XNX","CALLEP-GENALG","CALLEP","GENALG",1,"+ Nitrogen"
"17_2_XNX",1,"2015-2021",2015,2021,"XNX","CALLEP-GEUROS","CALLEP","GEUROS",1,"+ Nitrogen"
"20_2_XNX",0.54639175257732,"2015-2021",2015,2021,"XNX","CALLEP-GEUROS","CALLEP","GEUROS",1,"+ Nitrogen"
"35_3_XNX",1.2962962962963,"2015-2021",2015,2021,"XNX","CALLEP-GEUROS","CALLEP","GEUROS",1,"+ Nitrogen"
"37_3_XNX",0.658119658119658,"2015-2021",2015,2021,"XNX","CALLEP-GEUROS","CALLEP","GEUROS",1,"+ Nitrogen"
"5_1_XNX",1.76704545454545,"2015-2021",2015,2021,"XNX","CALLEP-GEUROS","CALLEP","GEUROS",1,"+ Nitrogen"
"7_1_XNX",1.00331674958541,"2015-2021",2015,2021,"XNX","CALLEP-GEUROS","CALLEP","GEUROS",1,"+ Nitrogen"
"17_2_XNX",1,"2015-2021",2015,2021,"XNX","CALLEP-TRIPAR","CALLEP","TRIPAR",1,"+ Nitrogen"
"20_2_XNX",0.588652482269504,"2015-2021",2015,2021,"XNX","CALLEP-TRIPAR","CALLEP","TRIPAR",1,"+ Nitrogen"
"35_3_XNX",1.17962466487936,"2015-2021",2015,2021,"XNX","CALLEP-TRIPAR","CALLEP","TRIPAR",1,"+ Nitrogen"
"37_3_XNX",1.65656565656566,"2015-2021",2015,2021,"XNX","CALLEP-TRIPAR","CALLEP","TRIPAR",1,"+ Nitrogen"
"5_1_XNX",0.684478371501272,"2015-2021",2015,2021,"XNX","CALLEP-TRIPAR","CALLEP","TRIPAR",1,"+ Nitrogen"
"7_1_XNX",0.978798586572438,"2015-2021",2015,2021,"XNX","CALLEP-TRIPAR","CALLEP","TRIPAR",1,"+ Nitrogen"
"17_2_XNX",1.01297371116422,"2015-2021",2015,2021,"XNX","CARSCO-DESCES","CARSCO","DESCES",1,"+ Nitrogen"
"20_2_XNX",0.583468395461913,"2015-2021",2015,2021,"XNX","CARSCO-DESCES","CARSCO","DESCES",1,"+ Nitrogen"
"35_3_XNX",0.754688291941206,"2015-2021",2015,2021,"XNX","CARSCO-DESCES","CARSCO","DESCES",1,"+ Nitrogen"
"37_3_XNX",0.297704918032787,"2015-2021",2015,2021,"XNX","CARSCO-DESCES","CARSCO","DESCES",1,"+ Nitrogen"
"5_1_XNX",1.00930954228084,"2015-2021",2015,2021,"XNX","CARSCO-DESCES","CARSCO","DESCES",1,"+ Nitrogen"
"7_1_XNX",0.557118199833791,"2015-2021",2015,2021,"XNX","CARSCO-DESCES","CARSCO","DESCES",1,"+ Nitrogen"
"17_2_XNX",1.07116104868914,"2015-2021",2015,2021,"XNX","CARSCO-GENALG","CARSCO","GENALG",1,"+ Nitrogen"
"20_2_XNX",1,"2015-2021",2015,2021,"XNX","CARSCO-GENALG","CARSCO","GENALG",1,"+ Nitrogen"
"35_3_XNX",0.877369007803791,"2015-2021",2015,2021,"XNX","CARSCO-GENALG","CARSCO","GENALG",1,"+ Nitrogen"
"37_3_XNX",1.0040733197556,"2015-2021",2015,2021,"XNX","CARSCO-GENALG","CARSCO","GENALG",1,"+ Nitrogen"
"5_1_XNX",0.757443718228032,"2015-2021",2015,2021,"XNX","CARSCO-GENALG","CARSCO","GENALG",1,"+ Nitrogen"
"7_1_XNX",1.05312954876274,"2015-2021",2015,2021,"XNX","CARSCO-GENALG","CARSCO","GENALG",1,"+ Nitrogen"
"17_2_XNX",0.291492329149233,"2015-2021",2015,2021,"XNX","CARSCO-GEUROS","CARSCO","GEUROS",1,"+ Nitrogen"
"20_2_XNX",0.868020304568528,"2015-2021",2015,2021,"XNX","CARSCO-GEUROS","CARSCO","GEUROS",1,"+ Nitrogen"
"35_3_XNX",1.48122866894198,"2015-2021",2015,2021,"XNX","CARSCO-GEUROS","CARSCO","GEUROS",1,"+ Nitrogen"
"37_3_XNX",0.888689407540395,"2015-2021",2015,2021,"XNX","CARSCO-GEUROS","CARSCO","GEUROS",1,"+ Nitrogen"
"5_1_XNX",0.701842546063651,"2015-2021",2015,2021,"XNX","CARSCO-GEUROS","CARSCO","GEUROS",1,"+ Nitrogen"
"7_1_XNX",1.70725520040589,"2015-2021",2015,2021,"XNX","CARSCO-GEUROS","CARSCO","GEUROS",1,"+ Nitrogen"
"17_2_XNX",0.480719794344473,"2015-2021",2015,2021,"XNX","CARSCO-TRIPAR","CARSCO","TRIPAR",1,"+ Nitrogen"
"20_2_XNX",0.738738738738739,"2015-2021",2015,2021,"XNX","CARSCO-TRIPAR","CARSCO","TRIPAR",1,"+ Nitrogen"
"35_3_XNX",1.05555555555556,"2015-2021",2015,2021,"XNX","CARSCO-TRIPAR","CARSCO","TRIPAR",1,"+ Nitrogen"
"37_3_XNX",1.70532915360502,"2015-2021",2015,2021,"XNX","CARSCO-TRIPAR","CARSCO","TRIPAR",1,"+ Nitrogen"
"5_1_XNX",1.52106430155211,"2015-2021",2015,2021,"XNX","CARSCO-TRIPAR","CARSCO","TRIPAR",1,"+ Nitrogen"
"7_1_XNX",1.46496586417535,"2015-2021",2015,2021,"XNX","CARSCO-TRIPAR","CARSCO","TRIPAR",1,"+ Nitrogen"
"17_2_XNX",0.924123120973515,"2015-2021",2015,2021,"XNX","DESCES-GENALG","DESCES","GENALG",1,"+ Nitrogen"
"20_2_XNX",1,"2015-2021",2015,2021,"XNX","DESCES-GENALG","DESCES","GENALG",1,"+ Nitrogen"
"35_3_XNX",1.08066097185268,"2015-2021",2015,2021,"XNX","DESCES-GENALG","DESCES","GENALG",1,"+ Nitrogen"
"37_3_XNX",1.00818713450292,"2015-2021",2015,2021,"XNX","DESCES-GENALG","DESCES","GENALG",1,"+ Nitrogen"
"5_1_XNX",0.927129264330471,"2015-2021",2015,2021,"XNX","DESCES-GENALG","DESCES","GENALG",1,"+ Nitrogen"
"7_1_XNX",0.97968476357268,"2015-2021",2015,2021,"XNX","DESCES-GENALG","DESCES","GENALG",1,"+ Nitrogen"
"17_2_XNX",0.644882860665845,"2015-2021",2015,2021,"XNX","DESCES-GEUROS","DESCES","GEUROS",1,"+ Nitrogen"
"20_2_XNX",0.887959866220736,"2015-2021",2015,2021,"XNX","DESCES-GEUROS","DESCES","GEUROS",1,"+ Nitrogen"
"35_3_XNX",0.807982740021575,"2015-2021",2015,2021,"XNX","DESCES-GEUROS","DESCES","GEUROS",1,"+ Nitrogen"
"37_3_XNX",1.00266058532877,"2015-2021",2015,2021,"XNX","DESCES-GEUROS","DESCES","GEUROS",1,"+ Nitrogen"
"5_1_XNX",0.841492971400873,"2015-2021",2015,2021,"XNX","DESCES-GEUROS","DESCES","GEUROS",1,"+ Nitrogen"
"7_1_XNX",0.662452931683701,"2015-2021",2015,2021,"XNX","DESCES-GEUROS","DESCES","GEUROS",1,"+ Nitrogen"
"17_2_XNX",0.945130315500686,"2015-2021",2015,2021,"XNX","DESCES-TRIPAR","DESCES","TRIPAR",1,"+ Nitrogen"
"20_2_XNX",1.05859375,"2015-2021",2015,2021,"XNX","DESCES-TRIPAR","DESCES","TRIPAR",1,"+ Nitrogen"
"35_3_XNX",0.518150174042765,"2015-2021",2015,2021,"XNX","DESCES-TRIPAR","DESCES","TRIPAR",1,"+ Nitrogen"
"37_3_XNX",0.607669616519174,"2015-2021",2015,2021,"XNX","DESCES-TRIPAR","DESCES","TRIPAR",1,"+ Nitrogen"
"5_1_XNX",1.28547297297297,"2015-2021",2015,2021,"XNX","DESCES-TRIPAR","DESCES","TRIPAR",1,"+ Nitrogen"
"7_1_XNX",0.527416475388931,"2015-2021",2015,2021,"XNX","DESCES-TRIPAR","DESCES","TRIPAR",1,"+ Nitrogen"
"17_2_XNX",1.0446735395189,"2015-2021",2015,2021,"XNX","GENALG-GEUROS","GENALG","GEUROS",1,"+ Nitrogen"
"20_2_XNX",1,"2015-2021",2015,2021,"XNX","GENALG-GEUROS","GENALG","GEUROS",1,"+ Nitrogen"
"35_3_XNX",1.09501187648456,"2015-2021",2015,2021,"XNX","GENALG-GEUROS","GENALG","GEUROS",1,"+ Nitrogen"
"37_3_XNX",1.13888888888889,"2015-2021",2015,2021,"XNX","GENALG-GEUROS","GENALG","GEUROS",1,"+ Nitrogen"
"5_1_XNX",1.5821325648415,"2015-2021",2015,2021,"XNX","GENALG-GEUROS","GENALG","GEUROS",1,"+ Nitrogen"
"7_1_XNX",1.07296849087894,"2015-2021",2015,2021,"XNX","GENALG-GEUROS","GENALG","GEUROS",1,"+ Nitrogen"
"17_2_XNX",1.07086614173228,"2015-2021",2015,2021,"XNX","GENALG-TRIPAR","GENALG","TRIPAR",1,"+ Nitrogen"
"20_2_XNX",1,"2015-2021",2015,2021,"XNX","GENALG-TRIPAR","GENALG","TRIPAR",1,"+ Nitrogen"
"35_3_XNX",0.792183031458532,"2015-2021",2015,2021,"XNX","GENALG-TRIPAR","GENALG","TRIPAR",1,"+ Nitrogen"
"37_3_XNX",0.901960784313726,"2015-2021",2015,2021,"XNX","GENALG-TRIPAR","GENALG","TRIPAR",1,"+ Nitrogen"
"5_1_XNX",0.719958202716823,"2015-2021",2015,2021,"XNX","GENALG-TRIPAR","GENALG","TRIPAR",1,"+ Nitrogen"
"7_1_XNX",1.05795053003534,"2015-2021",2015,2021,"XNX","GENALG-TRIPAR","GENALG","TRIPAR",1,"+ Nitrogen"
"17_2_XNX",1.36931818181818,"2015-2021",2015,2021,"XNX","GEUROS-TRIPAR","GEUROS","TRIPAR",1,"+ Nitrogen"
"20_2_XNX",1.17391304347826,"2015-2021",2015,2021,"XNX","GEUROS-TRIPAR","GEUROS","TRIPAR",1,"+ Nitrogen"
"35_3_XNX",0.882175226586103,"2015-2021",2015,2021,"XNX","GEUROS-TRIPAR","GEUROS","TRIPAR",1,"+ Nitrogen"
"37_3_XNX",0.885844748858448,"2015-2021",2015,2021,"XNX","GEUROS-TRIPAR","GEUROS","TRIPAR",1,"+ Nitrogen"
"5_1_XNX",0.609819121447028,"2015-2021",2015,2021,"XNX","GEUROS-TRIPAR","GEUROS","TRIPAR",1,"+ Nitrogen"
"7_1_XNX",1.73956262425447,"2015-2021",2015,2021,"XNX","GEUROS-TRIPAR","GEUROS","TRIPAR",1,"+ Nitrogen"
"17_2_XNX",1.49019607843137,"2016-2022",2016,2022,"XNX","ARTSCO-BISBIS","ARTSCO","BISBIS",1,"+ Nitrogen"
"20_2_XNX",0.584158415841584,"2016-2022",2016,2022,"XNX","ARTSCO-BISBIS","ARTSCO","BISBIS",1,"+ Nitrogen"
"35_3_XNX",0.747572815533981,"2016-2022",2016,2022,"XNX","ARTSCO-BISBIS","ARTSCO","BISBIS",1,"+ Nitrogen"
"37_3_XNX",1.71186440677966,"2016-2022",2016,2022,"XNX","ARTSCO-BISBIS","ARTSCO","BISBIS",1,"+ Nitrogen"
"5_1_XNX",1.28656126482213,"2016-2022",2016,2022,"XNX","ARTSCO-BISBIS","ARTSCO","BISBIS",1,"+ Nitrogen"
"7_1_XNX",1.18716577540107,"2016-2022",2016,2022,"XNX","ARTSCO-BISBIS","ARTSCO","BISBIS",1,"+ Nitrogen"
"17_2_XNX",1,"2016-2022",2016,2022,"XNX","ARTSCO-CALLEP","ARTSCO","CALLEP",1,"+ Nitrogen"
"20_2_XNX",0.852054794520548,"2016-2022",2016,2022,"XNX","ARTSCO-CALLEP","ARTSCO","CALLEP",1,"+ Nitrogen"
"35_3_XNX",0.868263473053892,"2016-2022",2016,2022,"XNX","ARTSCO-CALLEP","ARTSCO","CALLEP",1,"+ Nitrogen"
"37_3_XNX",1.88,"2016-2022",2016,2022,"XNX","ARTSCO-CALLEP","ARTSCO","CALLEP",1,"+ Nitrogen"
"5_1_XNX",1.17112299465241,"2016-2022",2016,2022,"XNX","ARTSCO-CALLEP","ARTSCO","CALLEP",1,"+ Nitrogen"
"7_1_XNX",0.844444444444444,"2016-2022",2016,2022,"XNX","ARTSCO-CALLEP","ARTSCO","CALLEP",1,"+ Nitrogen"
"17_2_XNX",1.09312638580931,"2016-2022",2016,2022,"XNX","ARTSCO-CARSCO","ARTSCO","CARSCO",1,"+ Nitrogen"
"20_2_XNX",0.969135802469136,"2016-2022",2016,2022,"XNX","ARTSCO-CARSCO","ARTSCO","CARSCO",1,"+ Nitrogen"
"35_3_XNX",1.4358407079646,"2016-2022",2016,2022,"XNX","ARTSCO-CARSCO","ARTSCO","CARSCO",1,"+ Nitrogen"
"37_3_XNX",1.6,"2016-2022",2016,2022,"XNX","ARTSCO-CARSCO","ARTSCO","CARSCO",1,"+ Nitrogen"
"5_1_XNX",1.18541767262192,"2016-2022",2016,2022,"XNX","ARTSCO-CARSCO","ARTSCO","CARSCO",1,"+ Nitrogen"
"7_1_XNX",1.05628948879954,"2016-2022",2016,2022,"XNX","ARTSCO-CARSCO","ARTSCO","CARSCO",1,"+ Nitrogen"
"17_2_XNX",0.884154460719041,"2016-2022",2016,2022,"XNX","ARTSCO-DESCES","ARTSCO","DESCES",1,"+ Nitrogen"
"20_2_XNX",1.17931034482759,"2016-2022",2016,2022,"XNX","ARTSCO-DESCES","ARTSCO","DESCES",1,"+ Nitrogen"
"35_3_XNX",0.414976599063963,"2016-2022",2016,2022,"XNX","ARTSCO-DESCES","ARTSCO","DESCES",1,"+ Nitrogen"
"37_3_XNX",0.767371601208459,"2016-2022",2016,2022,"XNX","ARTSCO-DESCES","ARTSCO","DESCES",1,"+ Nitrogen"
"5_1_XNX",0.47816248019914,"2016-2022",2016,2022,"XNX","ARTSCO-DESCES","ARTSCO","DESCES",1,"+ Nitrogen"
"7_1_XNX",0.930328451585383,"2016-2022",2016,2022,"XNX","ARTSCO-DESCES","ARTSCO","DESCES",1,"+ Nitrogen"
"17_2_XNX",1.67836257309942,"2016-2022",2016,2022,"XNX","ARTSCO-GENALG","ARTSCO","GENALG",1,"+ Nitrogen"
"20_2_XNX",1,"2016-2022",2016,2022,"XNX","ARTSCO-GENALG","ARTSCO","GENALG",1,"+ Nitrogen"
"35_3_XNX",0.67944936086529,"2016-2022",2016,2022,"XNX","ARTSCO-GENALG","ARTSCO","GENALG",1,"+ Nitrogen"
"37_3_XNX",1.04615384615385,"2016-2022",2016,2022,"XNX","ARTSCO-GENALG","ARTSCO","GENALG",1,"+ Nitrogen"
"5_1_XNX",0.858490566037736,"2016-2022",2016,2022,"XNX","ARTSCO-GENALG","ARTSCO","GENALG",1,"+ Nitrogen"
"7_1_XNX",1.31111111111111,"2016-2022",2016,2022,"XNX","ARTSCO-GENALG","ARTSCO","GENALG",1,"+ Nitrogen"
"17_2_XNX",0.921810699588477,"2016-2022",2016,2022,"XNX","ARTSCO-GEUROS","ARTSCO","GEUROS",1,"+ Nitrogen"
"20_2_XNX",0.656,"2016-2022",2016,2022,"XNX","ARTSCO-GEUROS","ARTSCO","GEUROS",1,"+ Nitrogen"
"35_3_XNX",1.14015151515152,"2016-2022",2016,2022,"XNX","ARTSCO-GEUROS","ARTSCO","GEUROS",1,"+ Nitrogen"
"37_3_XNX",0.925925925925926,"2016-2022",2016,2022,"XNX","ARTSCO-GEUROS","ARTSCO","GEUROS",1,"+ Nitrogen"
"5_1_XNX",1.1779497098646,"2016-2022",2016,2022,"XNX","ARTSCO-GEUROS","ARTSCO","GEUROS",1,"+ Nitrogen"
"7_1_XNX",1.32710280373832,"2016-2022",2016,2022,"XNX","ARTSCO-GEUROS","ARTSCO","GEUROS",1,"+ Nitrogen"
"17_2_XNX",0.703389830508475,"2016-2022",2016,2022,"XNX","ARTSCO-TRIPAR","ARTSCO","TRIPAR",1,"+ Nitrogen"
"20_2_XNX",1.10606060606061,"2016-2022",2016,2022,"XNX","ARTSCO-TRIPAR","ARTSCO","TRIPAR",1,"+ Nitrogen"
"35_3_XNX",1.47151277013752,"2016-2022",2016,2022,"XNX","ARTSCO-TRIPAR","ARTSCO","TRIPAR",1,"+ Nitrogen"
"37_3_XNX",1.58762886597938,"2016-2022",2016,2022,"XNX","ARTSCO-TRIPAR","ARTSCO","TRIPAR",1,"+ Nitrogen"
"5_1_XNX",1.11201445347787,"2016-2022",2016,2022,"XNX","ARTSCO-TRIPAR","ARTSCO","TRIPAR",1,"+ Nitrogen"
"7_1_XNX",1.2234993614304,"2016-2022",2016,2022,"XNX","ARTSCO-TRIPAR","ARTSCO","TRIPAR",1,"+ Nitrogen"
"17_2_XNX",1,"2016-2022",2016,2022,"XNX","BISBIS-CALLEP","BISBIS","CALLEP",1,"+ Nitrogen"
"20_2_XNX",1.8013468013468,"2016-2022",2016,2022,"XNX","BISBIS-CALLEP","BISBIS","CALLEP",1,"+ Nitrogen"
"35_3_XNX",1.16055846422339,"2016-2022",2016,2022,"XNX","BISBIS-CALLEP","BISBIS","CALLEP",1,"+ Nitrogen"
"37_3_XNX",1.74468085106383,"2016-2022",2016,2022,"XNX","BISBIS-CALLEP","BISBIS","CALLEP",1,"+ Nitrogen"
"5_1_XNX",1.14540588760036,"2016-2022",2016,2022,"XNX","BISBIS-CALLEP","BISBIS","CALLEP",1,"+ Nitrogen"
"7_1_XNX",1.10810810810811,"2016-2022",2016,2022,"XNX","BISBIS-CALLEP","BISBIS","CALLEP",1,"+ Nitrogen"
"17_2_XNX",1.04560260586319,"2016-2022",2016,2022,"XNX","BISBIS-CARSCO","BISBIS","CARSCO",1,"+ Nitrogen"
"20_2_XNX",1.57931034482759,"2016-2022",2016,2022,"XNX","BISBIS-CARSCO","BISBIS","CARSCO",1,"+ Nitrogen"
"35_3_XNX",0.594258373205742,"2016-2022",2016,2022,"XNX","BISBIS-CARSCO","BISBIS","CARSCO",1,"+ Nitrogen"
"37_3_XNX",1.36029411764706,"2016-2022",2016,2022,"XNX","BISBIS-CARSCO","BISBIS","CARSCO",1,"+ Nitrogen"
"5_1_XNX",1.05625237552262,"2016-2022",2016,2022,"XNX","BISBIS-CARSCO","BISBIS","CARSCO",1,"+ Nitrogen"
"7_1_XNX",1.45715835140998,"2016-2022",2016,2022,"XNX","BISBIS-CARSCO","BISBIS","CARSCO",1,"+ Nitrogen"
"17_2_XNX",1.03636363636364,"2016-2022",2016,2022,"XNX","BISBIS-DESCES","BISBIS","DESCES",1,"+ Nitrogen"
"20_2_XNX",0.539964476021314,"2016-2022",2016,2022,"XNX","BISBIS-DESCES","BISBIS","DESCES",1,"+ Nitrogen"
"35_3_XNX",1.06148073315053,"2016-2022",2016,2022,"XNX","BISBIS-DESCES","BISBIS","DESCES",1,"+ Nitrogen"
"37_3_XNX",0.911016949152542,"2016-2022",2016,2022,"XNX","BISBIS-DESCES","BISBIS","DESCES",1,"+ Nitrogen"
"5_1_XNX",0.591484233781884,"2016-2022",2016,2022,"XNX","BISBIS-DESCES","BISBIS","DESCES",1,"+ Nitrogen"
"7_1_XNX",0.861528689392335,"2016-2022",2016,2022,"XNX","BISBIS-DESCES","BISBIS","DESCES",1,"+ Nitrogen"
"17_2_XNX",1.68686868686869,"2016-2022",2016,2022,"XNX","BISBIS-GENALG","BISBIS","GENALG",1,"+ Nitrogen"
"20_2_XNX",1,"2016-2022",2016,2022,"XNX","BISBIS-GENALG","BISBIS","GENALG",1,"+ Nitrogen"
"35_3_XNX",1.04330708661417,"2016-2022",2016,2022,"XNX","BISBIS-GENALG","BISBIS","GENALG",1,"+ Nitrogen"
"37_3_XNX",1.23728813559322,"2016-2022",2016,2022,"XNX","BISBIS-GENALG","BISBIS","GENALG",1,"+ Nitrogen"
"5_1_XNX",0.911371237458194,"2016-2022",2016,2022,"XNX","BISBIS-GENALG","BISBIS","GENALG",1,"+ Nitrogen"
"7_1_XNX",1.2027027027027,"2016-2022",2016,2022,"XNX","BISBIS-GENALG","BISBIS","GENALG",1,"+ Nitrogen"
"17_2_XNX",1.09661835748792,"2016-2022",2016,2022,"XNX","BISBIS-GEUROS","BISBIS","GEUROS",1,"+ Nitrogen"
"20_2_XNX",0.805555555555556,"2016-2022",2016,2022,"XNX","BISBIS-GEUROS","BISBIS","GEUROS",1,"+ Nitrogen"
"35_3_XNX",1.30716723549488,"2016-2022",2016,2022,"XNX","BISBIS-GEUROS","BISBIS","GEUROS",1,"+ Nitrogen"
"37_3_XNX",1.09333333333333,"2016-2022",2016,2022,"XNX","BISBIS-GEUROS","BISBIS","GEUROS",1,"+ Nitrogen"
"5_1_XNX",1.10306406685237,"2016-2022",2016,2022,"XNX","BISBIS-GEUROS","BISBIS","GEUROS",1,"+ Nitrogen"
"7_1_XNX",1.44563758389262,"2016-2022",2016,2022,"XNX","BISBIS-GEUROS","BISBIS","GEUROS",1,"+ Nitrogen"
"17_2_XNX",0.829268292682927,"2016-2022",2016,2022,"XNX","BISBIS-TRIPAR","BISBIS","TRIPAR",1,"+ Nitrogen"
"20_2_XNX",0.571428571428571,"2016-2022",2016,2022,"XNX","BISBIS-TRIPAR","BISBIS","TRIPAR",1,"+ Nitrogen"
"35_3_XNX",1.29065200314218,"2016-2022",2016,2022,"XNX","BISBIS-TRIPAR","BISBIS","TRIPAR",1,"+ Nitrogen"
"37_3_XNX",1.52127659574468,"2016-2022",2016,2022,"XNX","BISBIS-TRIPAR","BISBIS","TRIPAR",1,"+ Nitrogen"
"5_1_XNX",0.950809838032394,"2016-2022",2016,2022,"XNX","BISBIS-TRIPAR","BISBIS","TRIPAR",1,"+ Nitrogen"
"7_1_XNX",1.19892150988616,"2016-2022",2016,2022,"XNX","BISBIS-TRIPAR","BISBIS","TRIPAR",1,"+ Nitrogen"
"17_2_XNX",1,"2016-2022",2016,2022,"XNX","CALLEP-CARSCO","CALLEP","CARSCO",1,"+ Nitrogen"
"20_2_XNX",1.66543438077634,"2016-2022",2016,2022,"XNX","CALLEP-CARSCO","CALLEP","CARSCO",1,"+ Nitrogen"
"35_3_XNX",0.509615384615385,"2016-2022",2016,2022,"XNX","CALLEP-CARSCO","CALLEP","CARSCO",1,"+ Nitrogen"
"37_3_XNX",1.44866920152091,"2016-2022",2016,2022,"XNX","CALLEP-CARSCO","CALLEP","CARSCO",1,"+ Nitrogen"
"5_1_XNX",0.798088410991637,"2016-2022",2016,2022,"XNX","CALLEP-CARSCO","CALLEP","CARSCO",1,"+ Nitrogen"
"7_1_XNX",1.02996474735605,"2016-2022",2016,2022,"XNX","CALLEP-CARSCO","CALLEP","CARSCO",1,"+ Nitrogen"
"17_2_XNX",1,"2016-2022",2016,2022,"XNX","CALLEP-DESCES","CALLEP","DESCES",1,"+ Nitrogen"
"20_2_XNX",0.716222322638952,"2016-2022",2016,2022,"XNX","CALLEP-DESCES","CALLEP","DESCES",1,"+ Nitrogen"
"35_3_XNX",0.950084127874369,"2016-2022",2016,2022,"XNX","CALLEP-DESCES","CALLEP","DESCES",1,"+ Nitrogen"
"37_3_XNX",0.850882531953743,"2016-2022",2016,2022,"XNX","CALLEP-DESCES","CALLEP","DESCES",1,"+ Nitrogen"
"5_1_XNX",0.859273993038289,"2016-2022",2016,2022,"XNX","CALLEP-DESCES","CALLEP","DESCES",1,"+ Nitrogen"
"7_1_XNX",0.992585727525487,"2016-2022",2016,2022,"XNX","CALLEP-DESCES","CALLEP","DESCES",1,"+ Nitrogen"
"17_2_XNX",1,"2016-2022",2016,2022,"XNX","CALLEP-GENALG","CALLEP","GENALG",1,"+ Nitrogen"
"20_2_XNX",1,"2016-2022",2016,2022,"XNX","CALLEP-GENALG","CALLEP","GENALG",1,"+ Nitrogen"
"35_3_XNX",0.929978118161926,"2016-2022",2016,2022,"XNX","CALLEP-GENALG","CALLEP","GENALG",1,"+ Nitrogen"
"37_3_XNX",1.19512195121951,"2016-2022",2016,2022,"XNX","CALLEP-GENALG","CALLEP","GENALG",1,"+ Nitrogen"
"5_1_XNX",1.71129707112971,"2016-2022",2016,2022,"XNX","CALLEP-GENALG","CALLEP","GENALG",1,"+ Nitrogen"
"7_1_XNX",0.833333333333333,"2016-2022",2016,2022,"XNX","CALLEP-GENALG","CALLEP","GENALG",1,"+ Nitrogen"
"17_2_XNX",1,"2016-2022",2016,2022,"XNX","CALLEP-GEUROS","CALLEP","GEUROS",1,"+ Nitrogen"
"20_2_XNX",0.541984732824427,"2016-2022",2016,2022,"XNX","CALLEP-GEUROS","CALLEP","GEUROS",1,"+ Nitrogen"
"35_3_XNX",0.67741935483871,"2016-2022",2016,2022,"XNX","CALLEP-GEUROS","CALLEP","GEUROS",1,"+ Nitrogen"
"37_3_XNX",1.08771929824561,"2016-2022",2016,2022,"XNX","CALLEP-GEUROS","CALLEP","GEUROS",1,"+ Nitrogen"
"5_1_XNX",1.71666666666667,"2016-2022",2016,2022,"XNX","CALLEP-GEUROS","CALLEP","GEUROS",1,"+ Nitrogen"
"7_1_XNX",1.00331674958541,"2016-2022",2016,2022,"XNX","CALLEP-GEUROS","CALLEP","GEUROS",1,"+ Nitrogen"
"17_2_XNX",1,"2016-2022",2016,2022,"XNX","CALLEP-TRIPAR","CALLEP","TRIPAR",1,"+ Nitrogen"
"20_2_XNX",0.375796178343949,"2016-2022",2016,2022,"XNX","CALLEP-TRIPAR","CALLEP","TRIPAR",1,"+ Nitrogen"
"35_3_XNX",1.289972899729,"2016-2022",2016,2022,"XNX","CALLEP-TRIPAR","CALLEP","TRIPAR",1,"+ Nitrogen"
"37_3_XNX",1.55294117647059,"2016-2022",2016,2022,"XNX","CALLEP-TRIPAR","CALLEP","TRIPAR",1,"+ Nitrogen"
"5_1_XNX",0.757746478873239,"2016-2022",2016,2022,"XNX","CALLEP-TRIPAR","CALLEP","TRIPAR",1,"+ Nitrogen"
"7_1_XNX",0.982973149967256,"2016-2022",2016,2022,"XNX","CALLEP-TRIPAR","CALLEP","TRIPAR",1,"+ Nitrogen"
"17_2_XNX",1.10127454357561,"2016-2022",2016,2022,"XNX","CARSCO-DESCES","CARSCO","DESCES",1,"+ Nitrogen"
"20_2_XNX",0.63301282051282,"2016-2022",2016,2022,"XNX","CARSCO-DESCES","CARSCO","DESCES",1,"+ Nitrogen"
"35_3_XNX",0.745397159389795,"2016-2022",2016,2022,"XNX","CARSCO-DESCES","CARSCO","DESCES",1,"+ Nitrogen"
"37_3_XNX",0.359207708779443,"2016-2022",2016,2022,"XNX","CARSCO-DESCES","CARSCO","DESCES",1,"+ Nitrogen"
"5_1_XNX",0.869125090383225,"2016-2022",2016,2022,"XNX","CARSCO-DESCES","CARSCO","DESCES",1,"+ Nitrogen"
"7_1_XNX",0.580487184379571,"2016-2022",2016,2022,"XNX","CARSCO-DESCES","CARSCO","DESCES",1,"+ Nitrogen"
"17_2_XNX",1.08713692946058,"2016-2022",2016,2022,"XNX","CARSCO-GENALG","CARSCO","GENALG",1,"+ Nitrogen"
"20_2_XNX",1,"2016-2022",2016,2022,"XNX","CARSCO-GENALG","CARSCO","GENALG",1,"+ Nitrogen"
"35_3_XNX",0.881593110871905,"2016-2022",2016,2022,"XNX","CARSCO-GENALG","CARSCO","GENALG",1,"+ Nitrogen"
"37_3_XNX",1.0040733197556,"2016-2022",2016,2022,"XNX","CARSCO-GENALG","CARSCO","GENALG",1,"+ Nitrogen"
"5_1_XNX",0.764436821040595,"2016-2022",2016,2022,"XNX","CARSCO-GENALG","CARSCO","GENALG",1,"+ Nitrogen"
"7_1_XNX",1.03819036427732,"2016-2022",2016,2022,"XNX","CARSCO-GENALG","CARSCO","GENALG",1,"+ Nitrogen"
"17_2_XNX",0.437428243398393,"2016-2022",2016,2022,"XNX","CARSCO-GEUROS","CARSCO","GEUROS",1,"+ Nitrogen"
"20_2_XNX",0.680473372781065,"2016-2022",2016,2022,"XNX","CARSCO-GEUROS","CARSCO","GEUROS",1,"+ Nitrogen"
"35_3_XNX",1.37190082644628,"2016-2022",2016,2022,"XNX","CARSCO-GEUROS","CARSCO","GEUROS",1,"+ Nitrogen"
"37_3_XNX",1.01972386587771,"2016-2022",2016,2022,"XNX","CARSCO-GEUROS","CARSCO","GEUROS",1,"+ Nitrogen"
"5_1_XNX",0.815950920245399,"2016-2022",2016,2022,"XNX","CARSCO-GEUROS","CARSCO","GEUROS",1,"+ Nitrogen"
"7_1_XNX",1.66202696824706,"2016-2022",2016,2022,"XNX","CARSCO-GEUROS","CARSCO","GEUROS",1,"+ Nitrogen"
"17_2_XNX",0.584905660377359,"2016-2022",2016,2022,"XNX","CARSCO-TRIPAR","CARSCO","TRIPAR",1,"+ Nitrogen"
"20_2_XNX",0.745454545454545,"2016-2022",2016,2022,"XNX","CARSCO-TRIPAR","CARSCO","TRIPAR",1,"+ Nitrogen"
"35_3_XNX",0.983572895277207,"2016-2022",2016,2022,"XNX","CARSCO-TRIPAR","CARSCO","TRIPAR",1,"+ Nitrogen"
"37_3_XNX",1.55161290322581,"2016-2022",2016,2022,"XNX","CARSCO-TRIPAR","CARSCO","TRIPAR",1,"+ Nitrogen"
"5_1_XNX",1.61081081081081,"2016-2022",2016,2022,"XNX","CARSCO-TRIPAR","CARSCO","TRIPAR",1,"+ Nitrogen"
"7_1_XNX",1.28110456096804,"2016-2022",2016,2022,"XNX","CARSCO-TRIPAR","CARSCO","TRIPAR",1,"+ Nitrogen"
"17_2_XNX",0.924123120973515,"2016-2022",2016,2022,"XNX","DESCES-GENALG","DESCES","GENALG",1,"+ Nitrogen"
"20_2_XNX",1,"2016-2022",2016,2022,"XNX","DESCES-GENALG","DESCES","GENALG",1,"+ Nitrogen"
"35_3_XNX",1.09511228533686,"2016-2022",2016,2022,"XNX","DESCES-GENALG","DESCES","GENALG",1,"+ Nitrogen"
"37_3_XNX",1.01507228545063,"2016-2022",2016,2022,"XNX","DESCES-GENALG","DESCES","GENALG",1,"+ Nitrogen"
"5_1_XNX",1.04344642421284,"2016-2022",2016,2022,"XNX","DESCES-GENALG","DESCES","GENALG",1,"+ Nitrogen"
"7_1_XNX",0.979610750695088,"2016-2022",2016,2022,"XNX","DESCES-GENALG","DESCES","GENALG",1,"+ Nitrogen"
"17_2_XNX",0.439252336448598,"2016-2022",2016,2022,"XNX","DESCES-GEUROS","DESCES","GEUROS",1,"+ Nitrogen"
"20_2_XNX",1.1175468483816,"2016-2022",2016,2022,"XNX","DESCES-GEUROS","DESCES","GEUROS",1,"+ Nitrogen"
"35_3_XNX",0.913018096906013,"2016-2022",2016,2022,"XNX","DESCES-GEUROS","DESCES","GEUROS",1,"+ Nitrogen"
"37_3_XNX",0.99571472298745,"2016-2022",2016,2022,"XNX","DESCES-GEUROS","DESCES","GEUROS",1,"+ Nitrogen"
"5_1_XNX",0.893413775766717,"2016-2022",2016,2022,"XNX","DESCES-GEUROS","DESCES","GEUROS",1,"+ Nitrogen"
"7_1_XNX",0.652352297592998,"2016-2022",2016,2022,"XNX","DESCES-GEUROS","DESCES","GEUROS",1,"+ Nitrogen"
"17_2_XNX",0.770177838577291,"2016-2022",2016,2022,"XNX","DESCES-TRIPAR","DESCES","TRIPAR",1,"+ Nitrogen"
"20_2_XNX",1.10606060606061,"2016-2022",2016,2022,"XNX","DESCES-TRIPAR","DESCES","TRIPAR",1,"+ Nitrogen"
"35_3_XNX",0.491317671092952,"2016-2022",2016,2022,"XNX","DESCES-TRIPAR","DESCES","TRIPAR",1,"+ Nitrogen"
"37_3_XNX",0.759763313609467,"2016-2022",2016,2022,"XNX","DESCES-TRIPAR","DESCES","TRIPAR",1,"+ Nitrogen"
"5_1_XNX",1.11208406304729,"2016-2022",2016,2022,"XNX","DESCES-TRIPAR","DESCES","TRIPAR",1,"+ Nitrogen"
"7_1_XNX",0.514535631592488,"2016-2022",2016,2022,"XNX","DESCES-TRIPAR","DESCES","TRIPAR",1,"+ Nitrogen"
"17_2_XNX",1.0262467191601,"2016-2022",2016,2022,"XNX","GENALG-GEUROS","GENALG","GEUROS",1,"+ Nitrogen"
"20_2_XNX",1,"2016-2022",2016,2022,"XNX","GENALG-GEUROS","GENALG","GEUROS",1,"+ Nitrogen"
"35_3_XNX",0.706214689265537,"2016-2022",2016,2022,"XNX","GENALG-GEUROS","GENALG","GEUROS",1,"+ Nitrogen"
"37_3_XNX",1.09090909090909,"2016-2022",2016,2022,"XNX","GENALG-GEUROS","GENALG","GEUROS",1,"+ Nitrogen"
"5_1_XNX",1.28205128205128,"2016-2022",2016,2022,"XNX","GENALG-GEUROS","GENALG","GEUROS",1,"+ Nitrogen"
"7_1_XNX",1.07296849087894,"2016-2022",2016,2022,"XNX","GENALG-GEUROS","GENALG","GEUROS",1,"+ Nitrogen"
"17_2_XNX",1.05343511450382,"2016-2022",2016,2022,"XNX","GENALG-TRIPAR","GENALG","TRIPAR",1,"+ Nitrogen"
"20_2_XNX",1,"2016-2022",2016,2022,"XNX","GENALG-TRIPAR","GENALG","TRIPAR",1,"+ Nitrogen"
"35_3_XNX",0.821953327571305,"2016-2022",2016,2022,"XNX","GENALG-TRIPAR","GENALG","TRIPAR",1,"+ Nitrogen"
"37_3_XNX",0.977777777777778,"2016-2022",2016,2022,"XNX","GENALG-TRIPAR","GENALG","TRIPAR",1,"+ Nitrogen"
"5_1_XNX",0.949044585987261,"2016-2022",2016,2022,"XNX","GENALG-TRIPAR","GENALG","TRIPAR",1,"+ Nitrogen"
"7_1_XNX",1.05631958087754,"2016-2022",2016,2022,"XNX","GENALG-TRIPAR","GENALG","TRIPAR",1,"+ Nitrogen"
"17_2_XNX",1.43946188340807,"2016-2022",2016,2022,"XNX","GEUROS-TRIPAR","GEUROS","TRIPAR",1,"+ Nitrogen"
"20_2_XNX",1.47945205479452,"2016-2022",2016,2022,"XNX","GEUROS-TRIPAR","GEUROS","TRIPAR",1,"+ Nitrogen"
"35_3_XNX",1.29765886287625,"2016-2022",2016,2022,"XNX","GEUROS-TRIPAR","GEUROS","TRIPAR",1,"+ Nitrogen"
"37_3_XNX",1.41059602649007,"2016-2022",2016,2022,"XNX","GEUROS-TRIPAR","GEUROS","TRIPAR",1,"+ Nitrogen"
"5_1_XNX",0.834834834834835,"2016-2022",2016,2022,"XNX","GEUROS-TRIPAR","GEUROS","TRIPAR",1,"+ Nitrogen"
"7_1_XNX",1.67043314500942,"2016-2022",2016,2022,"XNX","GEUROS-TRIPAR","GEUROS","TRIPAR",1,"+ Nitrogen"
"17_2_XNX",1.11627906976744,"2017-2023",2017,2023,"XNX","ARTSCO-BISBIS","ARTSCO","BISBIS",1,"+ Nitrogen"
"20_2_XNX",0.958715596330275,"2017-2023",2017,2023,"XNX","ARTSCO-BISBIS","ARTSCO","BISBIS",1,"+ Nitrogen"
"35_3_XNX",0.806588735387885,"2017-2023",2017,2023,"XNX","ARTSCO-BISBIS","ARTSCO","BISBIS",1,"+ Nitrogen"
"37_3_XNX",1.47457627118644,"2017-2023",2017,2023,"XNX","ARTSCO-BISBIS","ARTSCO","BISBIS",1,"+ Nitrogen"
"5_1_XNX",1.19327176781003,"2017-2023",2017,2023,"XNX","ARTSCO-BISBIS","ARTSCO","BISBIS",1,"+ Nitrogen"
"7_1_XNX",1.39622641509434,"2017-2023",2017,2023,"XNX","ARTSCO-BISBIS","ARTSCO","BISBIS",1,"+ Nitrogen"
"17_2_XNX",1.10328638497653,"2017-2023",2017,2023,"XNX","ARTSCO-CALLEP","ARTSCO","CALLEP",1,"+ Nitrogen"
"20_2_XNX",0.962308598351001,"2017-2023",2017,2023,"XNX","ARTSCO-CALLEP","ARTSCO","CALLEP",1,"+ Nitrogen"
"35_3_XNX",1.10332103321033,"2017-2023",2017,2023,"XNX","ARTSCO-CALLEP","ARTSCO","CALLEP",1,"+ Nitrogen"
"37_3_XNX",1.52,"2017-2023",2017,2023,"XNX","ARTSCO-CALLEP","ARTSCO","CALLEP",1,"+ Nitrogen"
"5_1_XNX",1.15355086372361,"2017-2023",2017,2023,"XNX","ARTSCO-CALLEP","ARTSCO","CALLEP",1,"+ Nitrogen"
"7_1_XNX",0.827586206896552,"2017-2023",2017,2023,"XNX","ARTSCO-CALLEP","ARTSCO","CALLEP",1,"+ Nitrogen"
"17_2_XNX",1.4036488027366,"2017-2023",2017,2023,"XNX","ARTSCO-CARSCO","ARTSCO","CARSCO",1,"+ Nitrogen"
"20_2_XNX",0.515901060070671,"2017-2023",2017,2023,"XNX","ARTSCO-CARSCO","ARTSCO","CARSCO",1,"+ Nitrogen"
"35_3_XNX",1.40452261306533,"2017-2023",2017,2023,"XNX","ARTSCO-CARSCO","ARTSCO","CARSCO",1,"+ Nitrogen"
"37_3_XNX",1.52,"2017-2023",2017,2023,"XNX","ARTSCO-CARSCO","ARTSCO","CARSCO",1,"+ Nitrogen"
"5_1_XNX",1.09676405906378,"2017-2023",2017,2023,"XNX","ARTSCO-CARSCO","ARTSCO","CARSCO",1,"+ Nitrogen"
"7_1_XNX",1.06485234510712,"2017-2023",2017,2023,"XNX","ARTSCO-CARSCO","ARTSCO","CARSCO",1,"+ Nitrogen"
"17_2_XNX",0.617846153846154,"2017-2023",2017,2023,"XNX","ARTSCO-DESCES","ARTSCO","DESCES",1,"+ Nitrogen"
"20_2_XNX",0.74931129476584,"2017-2023",2017,2023,"XNX","ARTSCO-DESCES","ARTSCO","DESCES",1,"+ Nitrogen"
"35_3_XNX",0.555688622754491,"2017-2023",2017,2023,"XNX","ARTSCO-DESCES","ARTSCO","DESCES",1,"+ Nitrogen"
"37_3_XNX",0.838347781744008,"2017-2023",2017,2023,"XNX","ARTSCO-DESCES","ARTSCO","DESCES",1,"+ Nitrogen"
"5_1_XNX",0.495615074662242,"2017-2023",2017,2023,"XNX","ARTSCO-DESCES","ARTSCO","DESCES",1,"+ Nitrogen"
"7_1_XNX",0.951935530292129,"2017-2023",2017,2023,"XNX","ARTSCO-DESCES","ARTSCO","DESCES",1,"+ Nitrogen"
"17_2_XNX",1.47375886524823,"2017-2023",2017,2023,"XNX","ARTSCO-GENALG","ARTSCO","GENALG",1,"+ Nitrogen"
"20_2_XNX",1,"2017-2023",2017,2023,"XNX","ARTSCO-GENALG","ARTSCO","GENALG",1,"+ Nitrogen"
"35_3_XNX",0.708690330477356,"2017-2023",2017,2023,"XNX","ARTSCO-GENALG","ARTSCO","GENALG",1,"+ Nitrogen"
"37_3_XNX",1.2027027027027,"2017-2023",2017,2023,"XNX","ARTSCO-GENALG","ARTSCO","GENALG",1,"+ Nitrogen"
"5_1_XNX",0.956375838926175,"2017-2023",2017,2023,"XNX","ARTSCO-GENALG","ARTSCO","GENALG",1,"+ Nitrogen"
"7_1_XNX",1.55172413793103,"2017-2023",2017,2023,"XNX","ARTSCO-GENALG","ARTSCO","GENALG",1,"+ Nitrogen"
"17_2_XNX",0.744744744744745,"2017-2023",2017,2023,"XNX","ARTSCO-GEUROS","ARTSCO","GEUROS",1,"+ Nitrogen"
"20_2_XNX",1.40650406504065,"2017-2023",2017,2023,"XNX","ARTSCO-GEUROS","ARTSCO","GEUROS",1,"+ Nitrogen"
"35_3_XNX",1.22072072072072,"2017-2023",2017,2023,"XNX","ARTSCO-GEUROS","ARTSCO","GEUROS",1,"+ Nitrogen"
"37_3_XNX",0.951515151515151,"2017-2023",2017,2023,"XNX","ARTSCO-GEUROS","ARTSCO","GEUROS",1,"+ Nitrogen"
"5_1_XNX",1.09677419354839,"2017-2023",2017,2023,"XNX","ARTSCO-GEUROS","ARTSCO","GEUROS",1,"+ Nitrogen"
"7_1_XNX",1.21454545454545,"2017-2023",2017,2023,"XNX","ARTSCO-GEUROS","ARTSCO","GEUROS",1,"+ Nitrogen"
"17_2_XNX",1.31196581196581,"2017-2023",2017,2023,"XNX","ARTSCO-TRIPAR","ARTSCO","TRIPAR",1,"+ Nitrogen"
"20_2_XNX",0.805263157894737,"2017-2023",2017,2023,"XNX","ARTSCO-TRIPAR","ARTSCO","TRIPAR",1,"+ Nitrogen"
"35_3_XNX",1.79058823529412,"2017-2023",2017,2023,"XNX","ARTSCO-TRIPAR","ARTSCO","TRIPAR",1,"+ Nitrogen"
"37_3_XNX",1.38823529411765,"2017-2023",2017,2023,"XNX","ARTSCO-TRIPAR","ARTSCO","TRIPAR",1,"+ Nitrogen"
"5_1_XNX",1.233907524932,"2017-2023",2017,2023,"XNX","ARTSCO-TRIPAR","ARTSCO","TRIPAR",1,"+ Nitrogen"
"7_1_XNX",1.1339648173207,"2017-2023",2017,2023,"XNX","ARTSCO-TRIPAR","ARTSCO","TRIPAR",1,"+ Nitrogen"
"17_2_XNX",0.854545454545455,"2017-2023",2017,2023,"XNX","BISBIS-CALLEP","BISBIS","CALLEP",1,"+ Nitrogen"
"20_2_XNX",1.83985765124555,"2017-2023",2017,2023,"XNX","BISBIS-CALLEP","BISBIS","CALLEP",1,"+ Nitrogen"
"35_3_XNX",1.12865497076023,"2017-2023",2017,2023,"XNX","BISBIS-CALLEP","BISBIS","CALLEP",1,"+ Nitrogen"
"37_3_XNX",1.74468085106383,"2017-2023",2017,2023,"XNX","BISBIS-CALLEP","BISBIS","CALLEP",1,"+ Nitrogen"
"5_1_XNX",1.14408973252804,"2017-2023",2017,2023,"XNX","BISBIS-CALLEP","BISBIS","CALLEP",1,"+ Nitrogen"
"7_1_XNX",1.10294117647059,"2017-2023",2017,2023,"XNX","BISBIS-CALLEP","BISBIS","CALLEP",1,"+ Nitrogen"
"17_2_XNX",0.78839590443686,"2017-2023",2017,2023,"XNX","BISBIS-CARSCO","BISBIS","CARSCO",1,"+ Nitrogen"
"20_2_XNX",1.68085106382979,"2017-2023",2017,2023,"XNX","BISBIS-CARSCO","BISBIS","CARSCO",1,"+ Nitrogen"
"35_3_XNX",0.610186092066601,"2017-2023",2017,2023,"XNX","BISBIS-CARSCO","BISBIS","CARSCO",1,"+ Nitrogen"
"37_3_XNX",1.36029411764706,"2017-2023",2017,2023,"XNX","BISBIS-CARSCO","BISBIS","CARSCO",1,"+ Nitrogen"
"5_1_XNX",1.23449358806595,"2017-2023",2017,2023,"XNX","BISBIS-CARSCO","BISBIS","CARSCO",1,"+ Nitrogen"
"7_1_XNX",1.45419847328244,"2017-2023",2017,2023,"XNX","BISBIS-CARSCO","BISBIS","CARSCO",1,"+ Nitrogen"
"17_2_XNX",1.05949966193374,"2017-2023",2017,2023,"XNX","BISBIS-DESCES","BISBIS","DESCES",1,"+ Nitrogen"
"20_2_XNX",0.592465753424657,"2017-2023",2017,2023,"XNX","BISBIS-DESCES","BISBIS","DESCES",1,"+ Nitrogen"
"35_3_XNX",1.0038099269764,"2017-2023",2017,2023,"XNX","BISBIS-DESCES","BISBIS","DESCES",1,"+ Nitrogen"
"37_3_XNX",0.892747701736466,"2017-2023",2017,2023,"XNX","BISBIS-DESCES","BISBIS","DESCES",1,"+ Nitrogen"
"5_1_XNX",0.613753345686638,"2017-2023",2017,2023,"XNX","BISBIS-DESCES","BISBIS","DESCES",1,"+ Nitrogen"
"7_1_XNX",0.843056051410211,"2017-2023",2017,2023,"XNX","BISBIS-DESCES","BISBIS","DESCES",1,"+ Nitrogen"
"17_2_XNX",1.66115702479339,"2017-2023",2017,2023,"XNX","BISBIS-GENALG","BISBIS","GENALG",1,"+ Nitrogen"
"20_2_XNX",1,"2017-2023",2017,2023,"XNX","BISBIS-GENALG","BISBIS","GENALG",1,"+ Nitrogen"
"35_3_XNX",0.991869918699187,"2017-2023",2017,2023,"XNX","BISBIS-GENALG","BISBIS","GENALG",1,"+ Nitrogen"
"37_3_XNX",0.897058823529412,"2017-2023",2017,2023,"XNX","BISBIS-GENALG","BISBIS","GENALG",1,"+ Nitrogen"
"5_1_XNX",0.901134521880065,"2017-2023",2017,2023,"XNX","BISBIS-GENALG","BISBIS","GENALG",1,"+ Nitrogen"
"7_1_XNX",1.20588235294118,"2017-2023",2017,2023,"XNX","BISBIS-GENALG","BISBIS","GENALG",1,"+ Nitrogen"
"17_2_XNX",0.989304812834225,"2017-2023",2017,2023,"XNX","BISBIS-GEUROS","BISBIS","GEUROS",1,"+ Nitrogen"
"20_2_XNX",0.673076923076923,"2017-2023",2017,2023,"XNX","BISBIS-GEUROS","BISBIS","GEUROS",1,"+ Nitrogen"
"35_3_XNX",1.1198738170347,"2017-2023",2017,2023,"XNX","BISBIS-GEUROS","BISBIS","GEUROS",1,"+ Nitrogen"
"37_3_XNX",0.816993464052288,"2017-2023",2017,2023,"XNX","BISBIS-GEUROS","BISBIS","GEUROS",1,"+ Nitrogen"
"5_1_XNX",1.05621033544878,"2017-2023",2017,2023,"XNX","BISBIS-GEUROS","BISBIS","GEUROS",1,"+ Nitrogen"
"7_1_XNX",1.63926940639269,"2017-2023",2017,2023,"XNX","BISBIS-GEUROS","BISBIS","GEUROS",1,"+ Nitrogen"
"17_2_XNX",0.909090909090909,"2017-2023",2017,2023,"XNX","BISBIS-TRIPAR","BISBIS","TRIPAR",1,"+ Nitrogen"
"20_2_XNX",0.541666666666667,"2017-2023",2017,2023,"XNX","BISBIS-TRIPAR","BISBIS","TRIPAR",1,"+ Nitrogen"
"35_3_XNX",1.28166519043401,"2017-2023",2017,2023,"XNX","BISBIS-TRIPAR","BISBIS","TRIPAR",1,"+ Nitrogen"
"37_3_XNX",1.51219512195122,"2017-2023",2017,2023,"XNX","BISBIS-TRIPAR","BISBIS","TRIPAR",1,"+ Nitrogen"
"5_1_XNX",0.910396323951752,"2017-2023",2017,2023,"XNX","BISBIS-TRIPAR","BISBIS","TRIPAR",1,"+ Nitrogen"
"7_1_XNX",1.28264984227129,"2017-2023",2017,2023,"XNX","BISBIS-TRIPAR","BISBIS","TRIPAR",1,"+ Nitrogen"
"17_2_XNX",1.11885245901639,"2017-2023",2017,2023,"XNX","CALLEP-CARSCO","CALLEP","CARSCO",1,"+ Nitrogen"
"20_2_XNX",1.66543438077634,"2017-2023",2017,2023,"XNX","CALLEP-CARSCO","CALLEP","CARSCO",1,"+ Nitrogen"
"35_3_XNX",0.54639175257732,"2017-2023",2017,2023,"XNX","CALLEP-CARSCO","CALLEP","CARSCO",1,"+ Nitrogen"
"37_3_XNX",1.44866920152091,"2017-2023",2017,2023,"XNX","CALLEP-CARSCO","CALLEP","CARSCO",1,"+ Nitrogen"
"5_1_XNX",0.905874026893135,"2017-2023",2017,2023,"XNX","CALLEP-CARSCO","CALLEP","CARSCO",1,"+ Nitrogen"
"7_1_XNX",1.0287558685446,"2017-2023",2017,2023,"XNX","CALLEP-CARSCO","CALLEP","CARSCO",1,"+ Nitrogen"
"17_2_XNX",0.966933696949037,"2017-2023",2017,2023,"XNX","CALLEP-DESCES","CALLEP","DESCES",1,"+ Nitrogen"
"20_2_XNX",0.727626459143969,"2017-2023",2017,2023,"XNX","CALLEP-DESCES","CALLEP","DESCES",1,"+ Nitrogen"
"35_3_XNX",0.886572143452877,"2017-2023",2017,2023,"XNX","CALLEP-DESCES","CALLEP","DESCES",1,"+ Nitrogen"
"37_3_XNX",0.832734735761929,"2017-2023",2017,2023,"XNX","CALLEP-DESCES","CALLEP","DESCES",1,"+ Nitrogen"
"5_1_XNX",0.858622475401346,"2017-2023",2017,2023,"XNX","CALLEP-DESCES","CALLEP","DESCES",1,"+ Nitrogen"
"7_1_XNX",0.989765765765766,"2017-2023",2017,2023,"XNX","CALLEP-DESCES","CALLEP","DESCES",1,"+ Nitrogen"
"17_2_XNX",1.13888888888889,"2017-2023",2017,2023,"XNX","CALLEP-GENALG","CALLEP","GENALG",1,"+ Nitrogen"
"20_2_XNX",1,"2017-2023",2017,2023,"XNX","CALLEP-GENALG","CALLEP","GENALG",1,"+ Nitrogen"
"35_3_XNX",0.799485861182519,"2017-2023",2017,2023,"XNX","CALLEP-GENALG","CALLEP","GENALG",1,"+ Nitrogen"
"37_3_XNX",0.62,"2017-2023",2017,2023,"XNX","CALLEP-GENALG","CALLEP","GENALG",1,"+ Nitrogen"
"5_1_XNX",1.71129707112971,"2017-2023",2017,2023,"XNX","CALLEP-GENALG","CALLEP","GENALG",1,"+ Nitrogen"
"7_1_XNX",0.833333333333333,"2017-2023",2017,2023,"XNX","CALLEP-GENALG","CALLEP","GENALG",1,"+ Nitrogen"
"17_2_XNX",0.968526466380544,"2017-2023",2017,2023,"XNX","CALLEP-GEUROS","CALLEP","GEUROS",1,"+ Nitrogen"
"20_2_XNX",0.541984732824427,"2017-2023",2017,2023,"XNX","CALLEP-GEUROS","CALLEP","GEUROS",1,"+ Nitrogen"
"35_3_XNX",0.417391304347826,"2017-2023",2017,2023,"XNX","CALLEP-GEUROS","CALLEP","GEUROS",1,"+ Nitrogen"
"37_3_XNX",0.623931623931624,"2017-2023",2017,2023,"XNX","CALLEP-GEUROS","CALLEP","GEUROS",1,"+ Nitrogen"
"5_1_XNX",1.74074074074074,"2017-2023",2017,2023,"XNX","CALLEP-GEUROS","CALLEP","GEUROS",1,"+ Nitrogen"
"7_1_XNX",1.00759013282732,"2017-2023",2017,2023,"XNX","CALLEP-GEUROS","CALLEP","GEUROS",1,"+ Nitrogen"
"17_2_XNX",1.12541254125413,"2017-2023",2017,2023,"XNX","CALLEP-TRIPAR","CALLEP","TRIPAR",1,"+ Nitrogen"
"20_2_XNX",0.408284023668639,"2017-2023",2017,2023,"XNX","CALLEP-TRIPAR","CALLEP","TRIPAR",1,"+ Nitrogen"
"35_3_XNX",1.18553459119497,"2017-2023",2017,2023,"XNX","CALLEP-TRIPAR","CALLEP","TRIPAR",1,"+ Nitrogen"
"37_3_XNX",1.52054794520548,"2017-2023",2017,2023,"XNX","CALLEP-TRIPAR","CALLEP","TRIPAR",1,"+ Nitrogen"
"5_1_XNX",0.764075067024129,"2017-2023",2017,2023,"XNX","CALLEP-TRIPAR","CALLEP","TRIPAR",1,"+ Nitrogen"
"7_1_XNX",0.994501718213058,"2017-2023",2017,2023,"XNX","CALLEP-TRIPAR","CALLEP","TRIPAR",1,"+ Nitrogen"
"17_2_XNX",0.894185094185094,"2017-2023",2017,2023,"XNX","CARSCO-DESCES","CARSCO","DESCES",1,"+ Nitrogen"
"20_2_XNX",0.665639445300462,"2017-2023",2017,2023,"XNX","CARSCO-DESCES","CARSCO","DESCES",1,"+ Nitrogen"
"35_3_XNX",0.827326732673267,"2017-2023",2017,2023,"XNX","CARSCO-DESCES","CARSCO","DESCES",1,"+ Nitrogen"
"37_3_XNX",0.403863845446182,"2017-2023",2017,2023,"XNX","CARSCO-DESCES","CARSCO","DESCES",1,"+ Nitrogen"
"5_1_XNX",0.849785407725322,"2017-2023",2017,2023,"XNX","CARSCO-DESCES","CARSCO","DESCES",1,"+ Nitrogen"
"7_1_XNX",0.578372824760804,"2017-2023",2017,2023,"XNX","CARSCO-DESCES","CARSCO","DESCES",1,"+ Nitrogen"
"17_2_XNX",1.19354838709677,"2017-2023",2017,2023,"XNX","CARSCO-GENALG","CARSCO","GENALG",1,"+ Nitrogen"
"20_2_XNX",1,"2017-2023",2017,2023,"XNX","CARSCO-GENALG","CARSCO","GENALG",1,"+ Nitrogen"
"35_3_XNX",0.908584169453735,"2017-2023",2017,2023,"XNX","CARSCO-GENALG","CARSCO","GENALG",1,"+ Nitrogen"
"37_3_XNX",0.938,"2017-2023",2017,2023,"XNX","CARSCO-GENALG","CARSCO","GENALG",1,"+ Nitrogen"
"5_1_XNX",0.758703895208549,"2017-2023",2017,2023,"XNX","CARSCO-GENALG","CARSCO","GENALG",1,"+ Nitrogen"
"7_1_XNX",1.03697183098592,"2017-2023",2017,2023,"XNX","CARSCO-GENALG","CARSCO","GENALG",1,"+ Nitrogen"
"17_2_XNX",0.336179295624333,"2017-2023",2017,2023,"XNX","CARSCO-GEUROS","CARSCO","GEUROS",1,"+ Nitrogen"
"20_2_XNX",0.680473372781065,"2017-2023",2017,2023,"XNX","CARSCO-GEUROS","CARSCO","GEUROS",1,"+ Nitrogen"
"35_3_XNX",1.40909090909091,"2017-2023",2017,2023,"XNX","CARSCO-GEUROS","CARSCO","GEUROS",1,"+ Nitrogen"
"37_3_XNX",0.954768928220256,"2017-2023",2017,2023,"XNX","CARSCO-GEUROS","CARSCO","GEUROS",1,"+ Nitrogen"
"5_1_XNX",0.909025270758123,"2017-2023",2017,2023,"XNX","CARSCO-GEUROS","CARSCO","GEUROS",1,"+ Nitrogen"
"7_1_XNX",1.71730337078652,"2017-2023",2017,2023,"XNX","CARSCO-GEUROS","CARSCO","GEUROS",1,"+ Nitrogen"
"17_2_XNX",1.08502772643253,"2017-2023",2017,2023,"XNX","CARSCO-TRIPAR","CARSCO","TRIPAR",1,"+ Nitrogen"
"20_2_XNX",0.858407079646018,"2017-2023",2017,2023,"XNX","CARSCO-TRIPAR","CARSCO","TRIPAR",1,"+ Nitrogen"
"35_3_XNX",1.04943820224719,"2017-2023",2017,2023,"XNX","CARSCO-TRIPAR","CARSCO","TRIPAR",1,"+ Nitrogen"
"37_3_XNX",1.53691275167785,"2017-2023",2017,2023,"XNX","CARSCO-TRIPAR","CARSCO","TRIPAR",1,"+ Nitrogen"
"5_1_XNX",1.18896713615023,"2017-2023",2017,2023,"XNX","CARSCO-TRIPAR","CARSCO","TRIPAR",1,"+ Nitrogen"
"7_1_XNX",1.28417380272756,"2017-2023",2017,2023,"XNX","CARSCO-TRIPAR","CARSCO","TRIPAR",1,"+ Nitrogen"
"17_2_XNX",0.909320748356649,"2017-2023",2017,2023,"XNX","DESCES-GENALG","DESCES","GENALG",1,"+ Nitrogen"
"20_2_XNX",1,"2017-2023",2017,2023,"XNX","DESCES-GENALG","DESCES","GENALG",1,"+ Nitrogen"
"35_3_XNX",1.05276139410188,"2017-2023",2017,2023,"XNX","DESCES-GENALG","DESCES","GENALG",1,"+ Nitrogen"
"37_3_XNX",1.05294421487603,"2017-2023",2017,2023,"XNX","DESCES-GENALG","DESCES","GENALG",1,"+ Nitrogen"
"5_1_XNX",1.0248920497841,"2017-2023",2017,2023,"XNX","DESCES-GENALG","DESCES","GENALG",1,"+ Nitrogen"
"7_1_XNX",0.976648648648649,"2017-2023",2017,2023,"XNX","DESCES-GENALG","DESCES","GENALG",1,"+ Nitrogen"
"17_2_XNX",0.814634146341463,"2017-2023",2017,2023,"XNX","DESCES-GEUROS","DESCES","GEUROS",1,"+ Nitrogen"
"20_2_XNX",1.09150326797386,"2017-2023",2017,2023,"XNX","DESCES-GEUROS","DESCES","GEUROS",1,"+ Nitrogen"
"35_3_XNX",0.991485738612175,"2017-2023",2017,2023,"XNX","DESCES-GEUROS","DESCES","GEUROS",1,"+ Nitrogen"
"37_3_XNX",1.02499677876562,"2017-2023",2017,2023,"XNX","DESCES-GEUROS","DESCES","GEUROS",1,"+ Nitrogen"
"5_1_XNX",0.911718339464004,"2017-2023",2017,2023,"XNX","DESCES-GEUROS","DESCES","GEUROS",1,"+ Nitrogen"
"7_1_XNX",0.747707696582384,"2017-2023",2017,2023,"XNX","DESCES-GEUROS","DESCES","GEUROS",1,"+ Nitrogen"
"17_2_XNX",0.692407527579494,"2017-2023",2017,2023,"XNX","DESCES-TRIPAR","DESCES","TRIPAR",1,"+ Nitrogen"
"20_2_XNX",1.15107913669065,"2017-2023",2017,2023,"XNX","DESCES-TRIPAR","DESCES","TRIPAR",1,"+ Nitrogen"
"35_3_XNX",0.536833855799373,"2017-2023",2017,2023,"XNX","DESCES-TRIPAR","DESCES","TRIPAR",1,"+ Nitrogen"
"37_3_XNX",0.758064516129032,"2017-2023",2017,2023,"XNX","DESCES-TRIPAR","DESCES","TRIPAR",1,"+ Nitrogen"
"5_1_XNX",1.08190819081908,"2017-2023",2017,2023,"XNX","DESCES-TRIPAR","DESCES","TRIPAR",1,"+ Nitrogen"
"7_1_XNX",0.522056904202558,"2017-2023",2017,2023,"XNX","DESCES-TRIPAR","DESCES","TRIPAR",1,"+ Nitrogen"
"17_2_XNX",0.939869281045752,"2017-2023",2017,2023,"XNX","GENALG-GEUROS","GENALG","GEUROS",1,"+ Nitrogen"
"20_2_XNX",1,"2017-2023",2017,2023,"XNX","GENALG-GEUROS","GENALG","GEUROS",1,"+ Nitrogen"
"35_3_XNX",0.595854922279793,"2017-2023",2017,2023,"XNX","GENALG-GEUROS","GENALG","GEUROS",1,"+ Nitrogen"
"37_3_XNX",1.38461538461538,"2017-2023",2017,2023,"XNX","GENALG-GEUROS","GENALG","GEUROS",1,"+ Nitrogen"
"5_1_XNX",1.43169398907104,"2017-2023",2017,2023,"XNX","GENALG-GEUROS","GENALG","GEUROS",1,"+ Nitrogen"
"7_1_XNX",1.08728652751423,"2017-2023",2017,2023,"XNX","GENALG-GEUROS","GENALG","GEUROS",1,"+ Nitrogen"
"17_2_XNX",1.26016260162602,"2017-2023",2017,2023,"XNX","GENALG-TRIPAR","GENALG","TRIPAR",1,"+ Nitrogen"
"20_2_XNX",1,"2017-2023",2017,2023,"XNX","GENALG-TRIPAR","GENALG","TRIPAR",1,"+ Nitrogen"
"35_3_XNX",0.727363184079602,"2017-2023",2017,2023,"XNX","GENALG-TRIPAR","GENALG","TRIPAR",1,"+ Nitrogen"
"37_3_XNX",0.725,"2017-2023",2017,2023,"XNX","GENALG-TRIPAR","GENALG","TRIPAR",1,"+ Nitrogen"
"5_1_XNX",0.970767356881851,"2017-2023",2017,2023,"XNX","GENALG-TRIPAR","GENALG","TRIPAR",1,"+ Nitrogen"
"7_1_XNX",1.07147766323024,"2017-2023",2017,2023,"XNX","GENALG-TRIPAR","GENALG","TRIPAR",1,"+ Nitrogen"
"17_2_XNX",1.30522088353414,"2017-2023",2017,2023,"XNX","GEUROS-TRIPAR","GEUROS","TRIPAR",1,"+ Nitrogen"
"20_2_XNX",1.28947368421053,"2017-2023",2017,2023,"XNX","GEUROS-TRIPAR","GEUROS","TRIPAR",1,"+ Nitrogen"
"35_3_XNX",1.21933085501859,"2017-2023",2017,2023,"XNX","GEUROS-TRIPAR","GEUROS","TRIPAR",1,"+ Nitrogen"
"37_3_XNX",1.21011673151751,"2017-2023",2017,2023,"XNX","GEUROS-TRIPAR","GEUROS","TRIPAR",1,"+ Nitrogen"
"5_1_XNX",0.907246376811594,"2017-2023",2017,2023,"XNX","GEUROS-TRIPAR","GEUROS","TRIPAR",1,"+ Nitrogen"
"7_1_XNX",1.37044534412955,"2017-2023",2017,2023,"XNX","GEUROS-TRIPAR","GEUROS","TRIPAR",1,"+ Nitrogen"
"17_2_XNX",0.96,"2018-2024",2018,2024,"XNX","ARTSCO-BISBIS","ARTSCO","BISBIS",1,"+ Nitrogen"
"20_2_XNX",0.985074626865672,"2018-2024",2018,2024,"XNX","ARTSCO-BISBIS","ARTSCO","BISBIS",1,"+ Nitrogen"
"35_3_XNX",0.7491961414791,"2018-2024",2018,2024,"XNX","ARTSCO-BISBIS","ARTSCO","BISBIS",1,"+ Nitrogen"
"37_3_XNX",1.21052631578947,"2018-2024",2018,2024,"XNX","ARTSCO-BISBIS","ARTSCO","BISBIS",1,"+ Nitrogen"
"5_1_XNX",1.05340557275542,"2018-2024",2018,2024,"XNX","ARTSCO-BISBIS","ARTSCO","BISBIS",1,"+ Nitrogen"
"7_1_XNX",0.88,"2018-2024",2018,2024,"XNX","ARTSCO-BISBIS","ARTSCO","BISBIS",1,"+ Nitrogen"
"17_2_XNX",1.12689655172414,"2018-2024",2018,2024,"XNX","ARTSCO-CALLEP","ARTSCO","CALLEP",1,"+ Nitrogen"
"20_2_XNX",0.940096618357488,"2018-2024",2018,2024,"XNX","ARTSCO-CALLEP","ARTSCO","CALLEP",1,"+ Nitrogen"
"35_3_XNX",1.01486988847584,"2018-2024",2018,2024,"XNX","ARTSCO-CALLEP","ARTSCO","CALLEP",1,"+ Nitrogen"
"37_3_XNX",1.61818181818182,"2018-2024",2018,2024,"XNX","ARTSCO-CALLEP","ARTSCO","CALLEP",1,"+ Nitrogen"
"5_1_XNX",1.39344262295082,"2018-2024",2018,2024,"XNX","ARTSCO-CALLEP","ARTSCO","CALLEP",1,"+ Nitrogen"
"7_1_XNX",0.666666666666667,"2018-2024",2018,2024,"XNX","ARTSCO-CALLEP","ARTSCO","CALLEP",1,"+ Nitrogen"
"17_2_XNX",1.23084577114428,"2018-2024",2018,2024,"XNX","ARTSCO-CARSCO","ARTSCO","CARSCO",1,"+ Nitrogen"
"20_2_XNX",0.469135802469136,"2018-2024",2018,2024,"XNX","ARTSCO-CARSCO","ARTSCO","CARSCO",1,"+ Nitrogen"
"35_3_XNX",1.32835820895522,"2018-2024",2018,2024,"XNX","ARTSCO-CARSCO","ARTSCO","CARSCO",1,"+ Nitrogen"
"37_3_XNX",1.51013513513514,"2018-2024",2018,2024,"XNX","ARTSCO-CARSCO","ARTSCO","CARSCO",1,"+ Nitrogen"
"5_1_XNX",1.06774295663185,"2018-2024",2018,2024,"XNX","ARTSCO-CARSCO","ARTSCO","CARSCO",1,"+ Nitrogen"
"7_1_XNX",1.01521111985313,"2018-2024",2018,2024,"XNX","ARTSCO-CARSCO","ARTSCO","CARSCO",1,"+ Nitrogen"
"17_2_XNX",0.600990099009901,"2018-2024",2018,2024,"XNX","ARTSCO-DESCES","ARTSCO","DESCES",1,"+ Nitrogen"
"20_2_XNX",0.603671706263499,"2018-2024",2018,2024,"XNX","ARTSCO-DESCES","ARTSCO","DESCES",1,"+ Nitrogen"
"35_3_XNX",0.564962934061647,"2018-2024",2018,2024,"XNX","ARTSCO-DESCES","ARTSCO","DESCES",1,"+ Nitrogen"
"37_3_XNX",0.838235294117647,"2018-2024",2018,2024,"XNX","ARTSCO-DESCES","ARTSCO","DESCES",1,"+ Nitrogen"
"5_1_XNX",0.69992751872433,"2018-2024",2018,2024,"XNX","ARTSCO-DESCES","ARTSCO","DESCES",1,"+ Nitrogen"
"7_1_XNX",1.01640838650866,"2018-2024",2018,2024,"XNX","ARTSCO-DESCES","ARTSCO","DESCES",1,"+ Nitrogen"
"17_2_XNX",1.57275902211874,"2018-2024",2018,2024,"XNX","ARTSCO-GENALG","ARTSCO","GENALG",1,"+ Nitrogen"
"20_2_XNX",1.05417118093174,"2018-2024",2018,2024,"XNX","ARTSCO-GENALG","ARTSCO","GENALG",1,"+ Nitrogen"
"35_3_XNX",0.723536737235367,"2018-2024",2018,2024,"XNX","ARTSCO-GENALG","ARTSCO","GENALG",1,"+ Nitrogen"
"37_3_XNX",1.2027027027027,"2018-2024",2018,2024,"XNX","ARTSCO-GENALG","ARTSCO","GENALG",1,"+ Nitrogen"
"5_1_XNX",1.24736842105263,"2018-2024",2018,2024,"XNX","ARTSCO-GENALG","ARTSCO","GENALG",1,"+ Nitrogen"
"7_1_XNX",0.555555555555556,"2018-2024",2018,2024,"XNX","ARTSCO-GENALG","ARTSCO","GENALG",1,"+ Nitrogen"
"17_2_XNX",0.898395721925134,"2018-2024",2018,2024,"XNX","ARTSCO-GEUROS","ARTSCO","GEUROS",1,"+ Nitrogen"
"20_2_XNX",1.60723514211886,"2018-2024",2018,2024,"XNX","ARTSCO-GEUROS","ARTSCO","GEUROS",1,"+ Nitrogen"
"35_3_XNX",1.23275862068966,"2018-2024",2018,2024,"XNX","ARTSCO-GEUROS","ARTSCO","GEUROS",1,"+ Nitrogen"
"37_3_XNX",0.951515151515151,"2018-2024",2018,2024,"XNX","ARTSCO-GEUROS","ARTSCO","GEUROS",1,"+ Nitrogen"
"5_1_XNX",1.35627530364372,"2018-2024",2018,2024,"XNX","ARTSCO-GEUROS","ARTSCO","GEUROS",1,"+ Nitrogen"
"7_1_XNX",1.00552486187845,"2018-2024",2018,2024,"XNX","ARTSCO-GEUROS","ARTSCO","GEUROS",1,"+ Nitrogen"
"17_2_XNX",1.48132780082988,"2018-2024",2018,2024,"XNX","ARTSCO-TRIPAR","ARTSCO","TRIPAR",1,"+ Nitrogen"
"20_2_XNX",0.971311475409836,"2018-2024",2018,2024,"XNX","ARTSCO-TRIPAR","ARTSCO","TRIPAR",1,"+ Nitrogen"
"35_3_XNX",1.78985507246377,"2018-2024",2018,2024,"XNX","ARTSCO-TRIPAR","ARTSCO","TRIPAR",1,"+ Nitrogen"
"37_3_XNX",1.140625,"2018-2024",2018,2024,"XNX","ARTSCO-TRIPAR","ARTSCO","TRIPAR",1,"+ Nitrogen"
"5_1_XNX",1.30331753554502,"2018-2024",2018,2024,"XNX","ARTSCO-TRIPAR","ARTSCO","TRIPAR",1,"+ Nitrogen"
"7_1_XNX",0.853046594982079,"2018-2024",2018,2024,"XNX","ARTSCO-TRIPAR","ARTSCO","TRIPAR",1,"+ Nitrogen"
"17_2_XNX",0.694117647058824,"2018-2024",2018,2024,"XNX","BISBIS-CALLEP","BISBIS","CALLEP",1,"+ Nitrogen"
"20_2_XNX",1.89887640449438,"2018-2024",2018,2024,"XNX","BISBIS-CALLEP","BISBIS","CALLEP",1,"+ Nitrogen"
"35_3_XNX",1.12865497076023,"2018-2024",2018,2024,"XNX","BISBIS-CALLEP","BISBIS","CALLEP",1,"+ Nitrogen"
"37_3_XNX",1.52,"2018-2024",2018,2024,"XNX","BISBIS-CALLEP","BISBIS","CALLEP",1,"+ Nitrogen"
"5_1_XNX",1.17984361424848,"2018-2024",2018,2024,"XNX","BISBIS-CALLEP","BISBIS","CALLEP",1,"+ Nitrogen"
"7_1_XNX",1.25,"2018-2024",2018,2024,"XNX","BISBIS-CALLEP","BISBIS","CALLEP",1,"+ Nitrogen"
"17_2_XNX",1.04383561643836,"2018-2024",2018,2024,"XNX","BISBIS-CARSCO","BISBIS","CARSCO",1,"+ Nitrogen"
"20_2_XNX",1.73484848484848,"2018-2024",2018,2024,"XNX","BISBIS-CARSCO","BISBIS","CARSCO",1,"+ Nitrogen"
"35_3_XNX",0.658193618171985,"2018-2024",2018,2024,"XNX","BISBIS-CARSCO","BISBIS","CARSCO",1,"+ Nitrogen"
"37_3_XNX",1.19587628865979,"2018-2024",2018,2024,"XNX","BISBIS-CARSCO","BISBIS","CARSCO",1,"+ Nitrogen"
"5_1_XNX",1.16129837702871,"2018-2024",2018,2024,"XNX","BISBIS-CARSCO","BISBIS","CARSCO",1,"+ Nitrogen"
"7_1_XNX",1.16847265221878,"2018-2024",2018,2024,"XNX","BISBIS-CARSCO","BISBIS","CARSCO",1,"+ Nitrogen"
"17_2_XNX",1.12311827956989,"2018-2024",2018,2024,"XNX","BISBIS-DESCES","BISBIS","DESCES",1,"+ Nitrogen"
"20_2_XNX",0.667574931880109,"2018-2024",2018,2024,"XNX","BISBIS-DESCES","BISBIS","DESCES",1,"+ Nitrogen"
"35_3_XNX",1.03055010837032,"2018-2024",2018,2024,"XNX","BISBIS-DESCES","BISBIS","DESCES",1,"+ Nitrogen"
"37_3_XNX",0.945316214931051,"2018-2024",2018,2024,"XNX","BISBIS-DESCES","BISBIS","DESCES",1,"+ Nitrogen"
"5_1_XNX",0.62407221664995,"2018-2024",2018,2024,"XNX","BISBIS-DESCES","BISBIS","DESCES",1,"+ Nitrogen"
"7_1_XNX",0.88352144469526,"2018-2024",2018,2024,"XNX","BISBIS-DESCES","BISBIS","DESCES",1,"+ Nitrogen"
"17_2_XNX",0.82648401826484,"2018-2024",2018,2024,"XNX","BISBIS-GENALG","BISBIS","GENALG",1,"+ Nitrogen"
"20_2_XNX",1.01290322580645,"2018-2024",2018,2024,"XNX","BISBIS-GENALG","BISBIS","GENALG",1,"+ Nitrogen"
"35_3_XNX",1.1,"2018-2024",2018,2024,"XNX","BISBIS-GENALG","BISBIS","GENALG",1,"+ Nitrogen"
"37_3_XNX",0.921875,"2018-2024",2018,2024,"XNX","BISBIS-GENALG","BISBIS","GENALG",1,"+ Nitrogen"
"5_1_XNX",0.99836867862969,"2018-2024",2018,2024,"XNX","BISBIS-GENALG","BISBIS","GENALG",1,"+ Nitrogen"
"7_1_XNX",0.944444444444445,"2018-2024",2018,2024,"XNX","BISBIS-GENALG","BISBIS","GENALG",1,"+ Nitrogen"
"17_2_XNX",0.808411214953271,"2018-2024",2018,2024,"XNX","BISBIS-GEUROS","BISBIS","GEUROS",1,"+ Nitrogen"
"20_2_XNX",0.861538461538461,"2018-2024",2018,2024,"XNX","BISBIS-GEUROS","BISBIS","GEUROS",1,"+ Nitrogen"
"35_3_XNX",0.89041095890411,"2018-2024",2018,2024,"XNX","BISBIS-GEUROS","BISBIS","GEUROS",1,"+ Nitrogen"
"37_3_XNX",0.696551724137931,"2018-2024",2018,2024,"XNX","BISBIS-GEUROS","BISBIS","GEUROS",1,"+ Nitrogen"
"5_1_XNX",1.07227813357731,"2018-2024",2018,2024,"XNX","BISBIS-GEUROS","BISBIS","GEUROS",1,"+ Nitrogen"
"7_1_XNX",1.49882352941176,"2018-2024",2018,2024,"XNX","BISBIS-GEUROS","BISBIS","GEUROS",1,"+ Nitrogen"
"17_2_XNX",0.320987654320988,"2018-2024",2018,2024,"XNX","BISBIS-TRIPAR","BISBIS","TRIPAR",1,"+ Nitrogen"
"20_2_XNX",0.596153846153846,"2018-2024",2018,2024,"XNX","BISBIS-TRIPAR","BISBIS","TRIPAR",1,"+ Nitrogen"
"35_3_XNX",1.2195791399817,"2018-2024",2018,2024,"XNX","BISBIS-TRIPAR","BISBIS","TRIPAR",1,"+ Nitrogen"
"37_3_XNX",1.42372881355932,"2018-2024",2018,2024,"XNX","BISBIS-TRIPAR","BISBIS","TRIPAR",1,"+ Nitrogen"
"5_1_XNX",1.0326144134666,"2018-2024",2018,2024,"XNX","BISBIS-TRIPAR","BISBIS","TRIPAR",1,"+ Nitrogen"
"7_1_XNX",0.935587761674718,"2018-2024",2018,2024,"XNX","BISBIS-TRIPAR","BISBIS","TRIPAR",1,"+ Nitrogen"
"17_2_XNX",1.03448275862069,"2018-2024",2018,2024,"XNX","CALLEP-CARSCO","CALLEP","CARSCO",1,"+ Nitrogen"
"20_2_XNX",1.63136456211813,"2018-2024",2018,2024,"XNX","CALLEP-CARSCO","CALLEP","CARSCO",1,"+ Nitrogen"
"35_3_XNX",0.518072289156627,"2018-2024",2018,2024,"XNX","CALLEP-CARSCO","CALLEP","CARSCO",1,"+ Nitrogen"
"37_3_XNX",1.49826989619377,"2018-2024",2018,2024,"XNX","CALLEP-CARSCO","CALLEP","CARSCO",1,"+ Nitrogen"
"5_1_XNX",0.901921802518224,"2018-2024",2018,2024,"XNX","CALLEP-CARSCO","CALLEP","CARSCO",1,"+ Nitrogen"
"7_1_XNX",1.00813648293963,"2018-2024",2018,2024,"XNX","CALLEP-CARSCO","CALLEP","CARSCO",1,"+ Nitrogen"
"17_2_XNX",0.958452138492872,"2018-2024",2018,2024,"XNX","CALLEP-DESCES","CALLEP","DESCES",1,"+ Nitrogen"
"20_2_XNX",0.777164539496378,"2018-2024",2018,2024,"XNX","CALLEP-DESCES","CALLEP","DESCES",1,"+ Nitrogen"
"35_3_XNX",0.938161106590724,"2018-2024",2018,2024,"XNX","CALLEP-DESCES","CALLEP","DESCES",1,"+ Nitrogen"
"37_3_XNX",0.814374107567825,"2018-2024",2018,2024,"XNX","CALLEP-DESCES","CALLEP","DESCES",1,"+ Nitrogen"
"5_1_XNX",0.820910455227614,"2018-2024",2018,2024,"XNX","CALLEP-DESCES","CALLEP","DESCES",1,"+ Nitrogen"
"7_1_XNX",0.973552211582307,"2018-2024",2018,2024,"XNX","CALLEP-DESCES","CALLEP","DESCES",1,"+ Nitrogen"
"17_2_XNX",1.23611111111111,"2018-2024",2018,2024,"XNX","CALLEP-GENALG","CALLEP","GENALG",1,"+ Nitrogen"
"20_2_XNX",0.991525423728813,"2018-2024",2018,2024,"XNX","CALLEP-GENALG","CALLEP","GENALG",1,"+ Nitrogen"
"35_3_XNX",0.921671018276762,"2018-2024",2018,2024,"XNX","CALLEP-GENALG","CALLEP","GENALG",1,"+ Nitrogen"
"37_3_XNX",0.666666666666667,"2018-2024",2018,2024,"XNX","CALLEP-GENALG","CALLEP","GENALG",1,"+ Nitrogen"
"5_1_XNX",1.71129707112971,"2018-2024",2018,2024,"XNX","CALLEP-GENALG","CALLEP","GENALG",1,"+ Nitrogen"
"7_1_XNX",1.16666666666667,"2018-2024",2018,2024,"XNX","CALLEP-GENALG","CALLEP","GENALG",1,"+ Nitrogen"
"17_2_XNX",1.00768245838668,"2018-2024",2018,2024,"XNX","CALLEP-GEUROS","CALLEP","GEUROS",1,"+ Nitrogen"
"20_2_XNX",0.695827725437416,"2018-2024",2018,2024,"XNX","CALLEP-GEUROS","CALLEP","GEUROS",1,"+ Nitrogen"
"35_3_XNX",0.188976377952756,"2018-2024",2018,2024,"XNX","CALLEP-GEUROS","CALLEP","GEUROS",1,"+ Nitrogen"
"37_3_XNX",0.737226277372263,"2018-2024",2018,2024,"XNX","CALLEP-GEUROS","CALLEP","GEUROS",1,"+ Nitrogen"
"5_1_XNX",1.70754716981132,"2018-2024",2018,2024,"XNX","CALLEP-GEUROS","CALLEP","GEUROS",1,"+ Nitrogen"
"7_1_XNX",1.02785515320334,"2018-2024",2018,2024,"XNX","CALLEP-GEUROS","CALLEP","GEUROS",1,"+ Nitrogen"
"17_2_XNX",1.24899598393574,"2018-2024",2018,2024,"XNX","CALLEP-TRIPAR","CALLEP","TRIPAR",1,"+ Nitrogen"
"20_2_XNX",0.426900584795322,"2018-2024",2018,2024,"XNX","CALLEP-TRIPAR","CALLEP","TRIPAR",1,"+ Nitrogen"
"35_3_XNX",1.07443365695793,"2018-2024",2018,2024,"XNX","CALLEP-TRIPAR","CALLEP","TRIPAR",1,"+ Nitrogen"
"37_3_XNX",1.52631578947368,"2018-2024",2018,2024,"XNX","CALLEP-TRIPAR","CALLEP","TRIPAR",1,"+ Nitrogen"
"5_1_XNX",0.840262582056893,"2018-2024",2018,2024,"XNX","CALLEP-TRIPAR","CALLEP","TRIPAR",1,"+ Nitrogen"
"7_1_XNX",1.01801801801802,"2018-2024",2018,2024,"XNX","CALLEP-TRIPAR","CALLEP","TRIPAR",1,"+ Nitrogen"
"17_2_XNX",0.987442773054284,"2018-2024",2018,2024,"XNX","CARSCO-DESCES","CARSCO","DESCES",1,"+ Nitrogen"
"20_2_XNX",0.762025316455696,"2018-2024",2018,2024,"XNX","CARSCO-DESCES","CARSCO","DESCES",1,"+ Nitrogen"
"35_3_XNX",0.742120343839541,"2018-2024",2018,2024,"XNX","CARSCO-DESCES","CARSCO","DESCES",1,"+ Nitrogen"
"37_3_XNX",0.398804440649018,"2018-2024",2018,2024,"XNX","CARSCO-DESCES","CARSCO","DESCES",1,"+ Nitrogen"
"5_1_XNX",1.01926444833625,"2018-2024",2018,2024,"XNX","CARSCO-DESCES","CARSCO","DESCES",1,"+ Nitrogen"
"7_1_XNX",0.332948088221131,"2018-2024",2018,2024,"XNX","CARSCO-DESCES","CARSCO","DESCES",1,"+ Nitrogen"
"17_2_XNX",0.865566037735849,"2018-2024",2018,2024,"XNX","CARSCO-GENALG","CARSCO","GENALG",1,"+ Nitrogen"
"20_2_XNX",0.968337730870713,"2018-2024",2018,2024,"XNX","CARSCO-GENALG","CARSCO","GENALG",1,"+ Nitrogen"
"35_3_XNX",0.930191972076789,"2018-2024",2018,2024,"XNX","CARSCO-GENALG","CARSCO","GENALG",1,"+ Nitrogen"
"37_3_XNX",0.940959409594096,"2018-2024",2018,2024,"XNX","CARSCO-GENALG","CARSCO","GENALG",1,"+ Nitrogen"
"5_1_XNX",0.744584545748464,"2018-2024",2018,2024,"XNX","CARSCO-GENALG","CARSCO","GENALG",1,"+ Nitrogen"
"7_1_XNX",0.955118110236221,"2018-2024",2018,2024,"XNX","CARSCO-GENALG","CARSCO","GENALG",1,"+ Nitrogen"
"17_2_XNX",0.279924599434496,"2018-2024",2018,2024,"XNX","CARSCO-GEUROS","CARSCO","GEUROS",1,"+ Nitrogen"
"20_2_XNX",0.585657370517928,"2018-2024",2018,2024,"XNX","CARSCO-GEUROS","CARSCO","GEUROS",1,"+ Nitrogen"
"35_3_XNX",1.44251626898048,"2018-2024",2018,2024,"XNX","CARSCO-GEUROS","CARSCO","GEUROS",1,"+ Nitrogen"
"37_3_XNX",0.965485921889192,"2018-2024",2018,2024,"XNX","CARSCO-GEUROS","CARSCO","GEUROS",1,"+ Nitrogen"
"5_1_XNX",0.921621621621622,"2018-2024",2018,2024,"XNX","CARSCO-GEUROS","CARSCO","GEUROS",1,"+ Nitrogen"
"7_1_XNX",1.33581551765554,"2018-2024",2018,2024,"XNX","CARSCO-GEUROS","CARSCO","GEUROS",1,"+ Nitrogen"
"17_2_XNX",0.826086956521739,"2018-2024",2018,2024,"XNX","CARSCO-TRIPAR","CARSCO","TRIPAR",1,"+ Nitrogen"
"20_2_XNX",0.805555555555556,"2018-2024",2018,2024,"XNX","CARSCO-TRIPAR","CARSCO","TRIPAR",1,"+ Nitrogen"
"35_3_XNX",1.099533437014,"2018-2024",2018,2024,"XNX","CARSCO-TRIPAR","CARSCO","TRIPAR",1,"+ Nitrogen"
"37_3_XNX",1.3489932885906,"2018-2024",2018,2024,"XNX","CARSCO-TRIPAR","CARSCO","TRIPAR",1,"+ Nitrogen"
"5_1_XNX",1.07537154989384,"2018-2024",2018,2024,"XNX","CARSCO-TRIPAR","CARSCO","TRIPAR",1,"+ Nitrogen"
"7_1_XNX",0.928882771277816,"2018-2024",2018,2024,"XNX","CARSCO-TRIPAR","CARSCO","TRIPAR",1,"+ Nitrogen"
"17_2_XNX",0.841845579410588,"2018-2024",2018,2024,"XNX","DESCES-GENALG","DESCES","GENALG",1,"+ Nitrogen"
"20_2_XNX",0.969142447075709,"2018-2024",2018,2024,"XNX","DESCES-GENALG","DESCES","GENALG",1,"+ Nitrogen"
"35_3_XNX",1.04770373470028,"2018-2024",2018,2024,"XNX","DESCES-GENALG","DESCES","GENALG",1,"+ Nitrogen"
"37_3_XNX",1.04992798847816,"2018-2024",2018,2024,"XNX","DESCES-GENALG","DESCES","GENALG",1,"+ Nitrogen"
"5_1_XNX",0.898846059415664,"2018-2024",2018,2024,"XNX","DESCES-GENALG","DESCES","GENALG",1,"+ Nitrogen"
"7_1_XNX",1.02006383948928,"2018-2024",2018,2024,"XNX","DESCES-GENALG","DESCES","GENALG",1,"+ Nitrogen"
"17_2_XNX",0.763028515240905,"2018-2024",2018,2024,"XNX","DESCES-GEUROS","DESCES","GEUROS",1,"+ Nitrogen"
"20_2_XNX",0.76905041031653,"2018-2024",2018,2024,"XNX","DESCES-GEUROS","DESCES","GEUROS",1,"+ Nitrogen"
"35_3_XNX",0.967781908302354,"2018-2024",2018,2024,"XNX","DESCES-GEUROS","DESCES","GEUROS",1,"+ Nitrogen"
"37_3_XNX",1.02036171996646,"2018-2024",2018,2024,"XNX","DESCES-GEUROS","DESCES","GEUROS",1,"+ Nitrogen"
"5_1_XNX",0.898477157360406,"2018-2024",2018,2024,"XNX","DESCES-GEUROS","DESCES","GEUROS",1,"+ Nitrogen"
"7_1_XNX",0.80265435660704,"2018-2024",2018,2024,"XNX","DESCES-GEUROS","DESCES","GEUROS",1,"+ Nitrogen"
"17_2_XNX",0.68753287743293,"2018-2024",2018,2024,"XNX","DESCES-TRIPAR","DESCES","TRIPAR",1,"+ Nitrogen"
"20_2_XNX",1.04929577464789,"2018-2024",2018,2024,"XNX","DESCES-TRIPAR","DESCES","TRIPAR",1,"+ Nitrogen"
"35_3_XNX",0.550518632347292,"2018-2024",2018,2024,"XNX","DESCES-TRIPAR","DESCES","TRIPAR",1,"+ Nitrogen"
"37_3_XNX",0.832227488151659,"2018-2024",2018,2024,"XNX","DESCES-TRIPAR","DESCES","TRIPAR",1,"+ Nitrogen"
"5_1_XNX",0.871103622577928,"2018-2024",2018,2024,"XNX","DESCES-TRIPAR","DESCES","TRIPAR",1,"+ Nitrogen"
"7_1_XNX",0.772727272727273,"2018-2024",2018,2024,"XNX","DESCES-TRIPAR","DESCES","TRIPAR",1,"+ Nitrogen"
"17_2_XNX",1.12021857923497,"2018-2024",2018,2024,"XNX","GENALG-GEUROS","GENALG","GEUROS",1,"+ Nitrogen"
"20_2_XNX",1.10776545166403,"2018-2024",2018,2024,"XNX","GENALG-GEUROS","GENALG","GEUROS",1,"+ Nitrogen"
"35_3_XNX",0.676595744680851,"2018-2024",2018,2024,"XNX","GENALG-GEUROS","GENALG","GEUROS",1,"+ Nitrogen"
"37_3_XNX",1.38461538461538,"2018-2024",2018,2024,"XNX","GENALG-GEUROS","GENALG","GEUROS",1,"+ Nitrogen"
"5_1_XNX",1.35359116022099,"2018-2024",2018,2024,"XNX","GENALG-GEUROS","GENALG","GEUROS",1,"+ Nitrogen"
"7_1_XNX",0.972144846796657,"2018-2024",2018,2024,"XNX","GENALG-GEUROS","GENALG","GEUROS",1,"+ Nitrogen"
"17_2_XNX",1.54308093994778,"2018-2024",2018,2024,"XNX","GENALG-TRIPAR","GENALG","TRIPAR",1,"+ Nitrogen"
"20_2_XNX",1.23728813559322,"2018-2024",2018,2024,"XNX","GENALG-TRIPAR","GENALG","TRIPAR",1,"+ Nitrogen"
"35_3_XNX",0.7466251298027,"2018-2024",2018,2024,"XNX","GENALG-TRIPAR","GENALG","TRIPAR",1,"+ Nitrogen"
"37_3_XNX",0.615384615384615,"2018-2024",2018,2024,"XNX","GENALG-TRIPAR","GENALG","TRIPAR",1,"+ Nitrogen"
"5_1_XNX",1.06673407482305,"2018-2024",2018,2024,"XNX","GENALG-TRIPAR","GENALG","TRIPAR",1,"+ Nitrogen"
"7_1_XNX",1.00720720720721,"2018-2024",2018,2024,"XNX","GENALG-TRIPAR","GENALG","TRIPAR",1,"+ Nitrogen"
"17_2_XNX",1.36862745098039,"2018-2024",2018,2024,"XNX","GEUROS-TRIPAR","GEUROS","TRIPAR",1,"+ Nitrogen"
"20_2_XNX",1.36842105263158,"2018-2024",2018,2024,"XNX","GEUROS-TRIPAR","GEUROS","TRIPAR",1,"+ Nitrogen"
"35_3_XNX",1.22794117647059,"2018-2024",2018,2024,"XNX","GEUROS-TRIPAR","GEUROS","TRIPAR",1,"+ Nitrogen"
"37_3_XNX",1.17341040462428,"2018-2024",2018,2024,"XNX","GEUROS-TRIPAR","GEUROS","TRIPAR",1,"+ Nitrogen"
"5_1_XNX",0.906542056074766,"2018-2024",2018,2024,"XNX","GEUROS-TRIPAR","GEUROS","TRIPAR",1,"+ Nitrogen"
"7_1_XNX",0.920704845814978,"2018-2024",2018,2024,"XNX","GEUROS-TRIPAR","GEUROS","TRIPAR",1,"+ Nitrogen"
"1_1_XXW",1.30522088353414,"2007-2013",2007,2013,"XXW","ARTSCO-BISBIS","ARTSCO","BISBIS",1,"+ Warming"
"18_2_XXW",0.571084337349398,"2007-2013",2007,2013,"XXW","ARTSCO-BISBIS","ARTSCO","BISBIS",1,"+ Warming"
"21_2_XXW",0.661733615221987,"2007-2013",2007,2013,"XXW","ARTSCO-BISBIS","ARTSCO","BISBIS",1,"+ Warming"
"38_3_XXW",1.01728395061728,"2007-2013",2007,2013,"XXW","ARTSCO-BISBIS","ARTSCO","BISBIS",1,"+ Warming"
"40_3_XXW",0.929133858267716,"2007-2013",2007,2013,"XXW","ARTSCO-BISBIS","ARTSCO","BISBIS",1,"+ Warming"
"8_1_XXW",1.1625,"2007-2013",2007,2013,"XXW","ARTSCO-BISBIS","ARTSCO","BISBIS",1,"+ Warming"
"1_1_XXW",0.945666235446313,"2007-2013",2007,2013,"XXW","ARTSCO-CALLEP","ARTSCO","CALLEP",1,"+ Warming"
"18_2_XXW",0.638174273858921,"2007-2013",2007,2013,"XXW","ARTSCO-CALLEP","ARTSCO","CALLEP",1,"+ Warming"
"21_2_XXW",1,"2007-2013",2007,2013,"XXW","ARTSCO-CALLEP","ARTSCO","CALLEP",1,"+ Warming"
"38_3_XXW",1.36036036036036,"2007-2013",2007,2013,"XXW","ARTSCO-CALLEP","ARTSCO","CALLEP",1,"+ Warming"
"40_3_XXW",1.42333333333333,"2007-2013",2007,2013,"XXW","ARTSCO-CALLEP","ARTSCO","CALLEP",1,"+ Warming"
"8_1_XXW",1,"2007-2013",2007,2013,"XXW","ARTSCO-CALLEP","ARTSCO","CALLEP",1,"+ Warming"
"1_1_XXW",0.67337807606264,"2007-2013",2007,2013,"XXW","ARTSCO-CARSCO","ARTSCO","CARSCO",1,"+ Warming"
"18_2_XXW",1.0738255033557,"2007-2013",2007,2013,"XXW","ARTSCO-CARSCO","ARTSCO","CARSCO",1,"+ Warming"
"21_2_XXW",0.571920165175499,"2007-2013",2007,2013,"XXW","ARTSCO-CARSCO","ARTSCO","CARSCO",1,"+ Warming"
"38_3_XXW",0.406028368794326,"2007-2013",2007,2013,"XXW","ARTSCO-CARSCO","ARTSCO","CARSCO",1,"+ Warming"
"40_3_XXW",1.0335429769392,"2007-2013",2007,2013,"XXW","ARTSCO-CARSCO","ARTSCO","CARSCO",1,"+ Warming"
"8_1_XXW",0.974683544303797,"2007-2013",2007,2013,"XXW","ARTSCO-CARSCO","ARTSCO","CARSCO",1,"+ Warming"
"1_1_XXW",1.32865168539326,"2007-2013",2007,2013,"XXW","ARTSCO-DESCES","ARTSCO","DESCES",1,"+ Warming"
"18_2_XXW",0.945528967254408,"2007-2013",2007,2013,"XXW","ARTSCO-DESCES","ARTSCO","DESCES",1,"+ Warming"
"21_2_XXW",1.0302393952121,"2007-2013",2007,2013,"XXW","ARTSCO-DESCES","ARTSCO","DESCES",1,"+ Warming"
"38_3_XXW",0.877330716388616,"2007-2013",2007,2013,"XXW","ARTSCO-DESCES","ARTSCO","DESCES",1,"+ Warming"
"40_3_XXW",1.03880317905563,"2007-2013",2007,2013,"XXW","ARTSCO-DESCES","ARTSCO","DESCES",1,"+ Warming"
"8_1_XXW",0.957124460268161,"2007-2013",2007,2013,"XXW","ARTSCO-DESCES","ARTSCO","DESCES",1,"+ Warming"
"1_1_XXW",0.783422459893048,"2007-2013",2007,2013,"XXW","ARTSCO-GENALG","ARTSCO","GENALG",1,"+ Warming"
"18_2_XXW",0.890070921985816,"2007-2013",2007,2013,"XXW","ARTSCO-GENALG","ARTSCO","GENALG",1,"+ Warming"
"21_2_XXW",1.50836120401338,"2007-2013",2007,2013,"XXW","ARTSCO-GENALG","ARTSCO","GENALG",1,"+ Warming"
"38_3_XXW",1.34317862165963,"2007-2013",2007,2013,"XXW","ARTSCO-GENALG","ARTSCO","GENALG",1,"+ Warming"
"40_3_XXW",1.30869565217391,"2007-2013",2007,2013,"XXW","ARTSCO-GENALG","ARTSCO","GENALG",1,"+ Warming"
"8_1_XXW",0.731656184486373,"2007-2013",2007,2013,"XXW","ARTSCO-GENALG","ARTSCO","GENALG",1,"+ Warming"
"1_1_XXW",0.825443786982249,"2007-2013",2007,2013,"XXW","ARTSCO-GEUROS","ARTSCO","GEUROS",1,"+ Warming"
"18_2_XXW",1.70154373927959,"2007-2013",2007,2013,"XXW","ARTSCO-GEUROS","ARTSCO","GEUROS",1,"+ Warming"
"21_2_XXW",1.53498385360603,"2007-2013",2007,2013,"XXW","ARTSCO-GEUROS","ARTSCO","GEUROS",1,"+ Warming"
"38_3_XXW",0.221212121212121,"2007-2013",2007,2013,"XXW","ARTSCO-GEUROS","ARTSCO","GEUROS",1,"+ Warming"
"40_3_XXW",1.07177033492823,"2007-2013",2007,2013,"XXW","ARTSCO-GEUROS","ARTSCO","GEUROS",1,"+ Warming"
"8_1_XXW",0.924139958835636,"2007-2013",2007,2013,"XXW","ARTSCO-GEUROS","ARTSCO","GEUROS",1,"+ Warming"
"1_1_XXW",0.920353982300885,"2007-2013",2007,2013,"XXW","ARTSCO-TRIPAR","ARTSCO","TRIPAR",1,"+ Warming"
"18_2_XXW",1.30691399662732,"2007-2013",2007,2013,"XXW","ARTSCO-TRIPAR","ARTSCO","TRIPAR",1,"+ Warming"
"21_2_XXW",1.23561643835616,"2007-2013",2007,2013,"XXW","ARTSCO-TRIPAR","ARTSCO","TRIPAR",1,"+ Warming"
"38_3_XXW",1.29689807976366,"2007-2013",2007,2013,"XXW","ARTSCO-TRIPAR","ARTSCO","TRIPAR",1,"+ Warming"
"40_3_XXW",0.842323651452282,"2007-2013",2007,2013,"XXW","ARTSCO-TRIPAR","ARTSCO","TRIPAR",1,"+ Warming"
"8_1_XXW",1.65602836879433,"2007-2013",2007,2013,"XXW","ARTSCO-TRIPAR","ARTSCO","TRIPAR",1,"+ Warming"
"1_1_XXW",1.21806853582555,"2007-2013",2007,2013,"XXW","BISBIS-CALLEP","BISBIS","CALLEP",1,"+ Warming"
"18_2_XXW",0.873617693522907,"2007-2013",2007,2013,"XXW","BISBIS-CALLEP","BISBIS","CALLEP",1,"+ Warming"
"21_2_XXW",1,"2007-2013",2007,2013,"XXW","BISBIS-CALLEP","BISBIS","CALLEP",1,"+ Warming"
"38_3_XXW",1.23595505617978,"2007-2013",2007,2013,"XXW","BISBIS-CALLEP","BISBIS","CALLEP",1,"+ Warming"
"40_3_XXW",0.508090614886731,"2007-2013",2007,2013,"XXW","BISBIS-CALLEP","BISBIS","CALLEP",1,"+ Warming"
"8_1_XXW",0.816593886462882,"2007-2013",2007,2013,"XXW","BISBIS-CALLEP","BISBIS","CALLEP",1,"+ Warming"
"1_1_XXW",0.848911651728553,"2007-2013",2007,2013,"XXW","BISBIS-CARSCO","BISBIS","CARSCO",1,"+ Warming"
"18_2_XXW",0.941935483870968,"2007-2013",2007,2013,"XXW","BISBIS-CARSCO","BISBIS","CARSCO",1,"+ Warming"
"21_2_XXW",1.04213938411669,"2007-2013",2007,2013,"XXW","BISBIS-CARSCO","BISBIS","CARSCO",1,"+ Warming"
"38_3_XXW",1.03743315508021,"2007-2013",2007,2013,"XXW","BISBIS-CARSCO","BISBIS","CARSCO",1,"+ Warming"
"40_3_XXW",1.03508771929825,"2007-2013",2007,2013,"XXW","BISBIS-CARSCO","BISBIS","CARSCO",1,"+ Warming"
"8_1_XXW",0.468164794007491,"2007-2013",2007,2013,"XXW","BISBIS-CARSCO","BISBIS","CARSCO",1,"+ Warming"
"1_1_XXW",0.95500899820036,"2007-2013",2007,2013,"XXW","BISBIS-DESCES","BISBIS","DESCES",1,"+ Warming"
"18_2_XXW",0.961754038905374,"2007-2013",2007,2013,"XXW","BISBIS-DESCES","BISBIS","DESCES",1,"+ Warming"
"21_2_XXW",1.07872928176796,"2007-2013",2007,2013,"XXW","BISBIS-DESCES","BISBIS","DESCES",1,"+ Warming"
"38_3_XXW",0.847352024922118,"2007-2013",2007,2013,"XXW","BISBIS-DESCES","BISBIS","DESCES",1,"+ Warming"
"40_3_XXW",0.925588989969676,"2007-2013",2007,2013,"XXW","BISBIS-DESCES","BISBIS","DESCES",1,"+ Warming"
"8_1_XXW",1.03476683546217,"2007-2013",2007,2013,"XXW","BISBIS-DESCES","BISBIS","DESCES",1,"+ Warming"
"1_1_XXW",1.12837837837838,"2007-2013",2007,2013,"XXW","BISBIS-GENALG","BISBIS","GENALG",1,"+ Warming"
"18_2_XXW",1.19424460431655,"2007-2013",2007,2013,"XXW","BISBIS-GENALG","BISBIS","GENALG",1,"+ Warming"
"21_2_XXW",1.12853470437018,"2007-2013",2007,2013,"XXW","BISBIS-GENALG","BISBIS","GENALG",1,"+ Warming"
"38_3_XXW",0.874251497005988,"2007-2013",2007,2013,"XXW","BISBIS-GENALG","BISBIS","GENALG",1,"+ Warming"
"40_3_XXW",1.27196652719665,"2007-2013",2007,2013,"XXW","BISBIS-GENALG","BISBIS","GENALG",1,"+ Warming"
"8_1_XXW",1.20118343195266,"2007-2013",2007,2013,"XXW","BISBIS-GENALG","BISBIS","GENALG",1,"+ Warming"
"1_1_XXW",0.596802841918295,"2007-2013",2007,2013,"XXW","BISBIS-GEUROS","BISBIS","GEUROS",1,"+ Warming"
"18_2_XXW",0.668181818181818,"2007-2013",2007,2013,"XXW","BISBIS-GEUROS","BISBIS","GEUROS",1,"+ Warming"
"21_2_XXW",0.922222222222222,"2007-2013",2007,2013,"XXW","BISBIS-GEUROS","BISBIS","GEUROS",1,"+ Warming"
"38_3_XXW",0.876325088339223,"2007-2013",2007,2013,"XXW","BISBIS-GEUROS","BISBIS","GEUROS",1,"+ Warming"
"40_3_XXW",1.29816513761468,"2007-2013",2007,2013,"XXW","BISBIS-GEUROS","BISBIS","GEUROS",1,"+ Warming"
"8_1_XXW",1.02389973768581,"2007-2013",2007,2013,"XXW","BISBIS-GEUROS","BISBIS","GEUROS",1,"+ Warming"
"1_1_XXW",0.176991150442478,"2007-2013",2007,2013,"XXW","BISBIS-TRIPAR","BISBIS","TRIPAR",1,"+ Warming"
"18_2_XXW",0.840390879478827,"2007-2013",2007,2013,"XXW","BISBIS-TRIPAR","BISBIS","TRIPAR",1,"+ Warming"
"21_2_XXW",0.75,"2007-2013",2007,2013,"XXW","BISBIS-TRIPAR","BISBIS","TRIPAR",1,"+ Warming"
"38_3_XXW",1.09333333333333,"2007-2013",2007,2013,"XXW","BISBIS-TRIPAR","BISBIS","TRIPAR",1,"+ Warming"
"40_3_XXW",0.877256317689531,"2007-2013",2007,2013,"XXW","BISBIS-TRIPAR","BISBIS","TRIPAR",1,"+ Warming"
"8_1_XXW",1.54166666666667,"2007-2013",2007,2013,"XXW","BISBIS-TRIPAR","BISBIS","TRIPAR",1,"+ Warming"
"1_1_XXW",1.09169251982075,"2007-2013",2007,2013,"XXW","CALLEP-CARSCO","CALLEP","CARSCO",1,"+ Warming"
"18_2_XXW",1.21818181818182,"2007-2013",2007,2013,"XXW","CALLEP-CARSCO","CALLEP","CARSCO",1,"+ Warming"
"21_2_XXW",1,"2007-2013",2007,2013,"XXW","CALLEP-CARSCO","CALLEP","CARSCO",1,"+ Warming"
"38_3_XXW",1.01483679525223,"2007-2013",2007,2013,"XXW","CALLEP-CARSCO","CALLEP","CARSCO",1,"+ Warming"
"40_3_XXW",1.31203319502075,"2007-2013",2007,2013,"XXW","CALLEP-CARSCO","CALLEP","CARSCO",1,"+ Warming"
"8_1_XXW",1.42424242424242,"2007-2013",2007,2013,"XXW","CALLEP-CARSCO","CALLEP","CARSCO",1,"+ Warming"
"1_1_XXW",0.982622187742436,"2007-2013",2007,2013,"XXW","CALLEP-DESCES","CALLEP","DESCES",1,"+ Warming"
"18_2_XXW",0.965402072450116,"2007-2013",2007,2013,"XXW","CALLEP-DESCES","CALLEP","DESCES",1,"+ Warming"
"21_2_XXW",1,"2007-2013",2007,2013,"XXW","CALLEP-DESCES","CALLEP","DESCES",1,"+ Warming"
"38_3_XXW",1.03282828282828,"2007-2013",2007,2013,"XXW","CALLEP-DESCES","CALLEP","DESCES",1,"+ Warming"
"40_3_XXW",0.992600896860987,"2007-2013",2007,2013,"XXW","CALLEP-DESCES","CALLEP","DESCES",1,"+ Warming"
"8_1_XXW",0.941980046047582,"2007-2013",2007,2013,"XXW","CALLEP-DESCES","CALLEP","DESCES",1,"+ Warming"
"1_1_XXW",1.38356164383562,"2007-2013",2007,2013,"XXW","CALLEP-GENALG","CALLEP","GENALG",1,"+ Warming"
"18_2_XXW",1.17821782178218,"2007-2013",2007,2013,"XXW","CALLEP-GENALG","CALLEP","GENALG",1,"+ Warming"
"21_2_XXW",1,"2007-2013",2007,2013,"XXW","CALLEP-GENALG","CALLEP","GENALG",1,"+ Warming"
"38_3_XXW",1.46694214876033,"2007-2013",2007,2013,"XXW","CALLEP-GENALG","CALLEP","GENALG",1,"+ Warming"
"40_3_XXW",1.16747572815534,"2007-2013",2007,2013,"XXW","CALLEP-GENALG","CALLEP","GENALG",1,"+ Warming"
"8_1_XXW",0.816993464052288,"2007-2013",2007,2013,"XXW","CALLEP-GENALG","CALLEP","GENALG",1,"+ Warming"
"1_1_XXW",0.87580088713652,"2007-2013",2007,2013,"XXW","CALLEP-GEUROS","CALLEP","GEUROS",1,"+ Warming"
"18_2_XXW",0.846743295019157,"2007-2013",2007,2013,"XXW","CALLEP-GEUROS","CALLEP","GEUROS",1,"+ Warming"
"21_2_XXW",1,"2007-2013",2007,2013,"XXW","CALLEP-GEUROS","CALLEP","GEUROS",1,"+ Warming"
"38_3_XXW",0.254041570438799,"2007-2013",2007,2013,"XXW","CALLEP-GEUROS","CALLEP","GEUROS",1,"+ Warming"
"40_3_XXW",0.997442455242967,"2007-2013",2007,2013,"XXW","CALLEP-GEUROS","CALLEP","GEUROS",1,"+ Warming"
"8_1_XXW",1.08668730650155,"2007-2013",2007,2013,"XXW","CALLEP-GEUROS","CALLEP","GEUROS",1,"+ Warming"
"1_1_XXW",0.633187772925764,"2007-2013",2007,2013,"XXW","CALLEP-TRIPAR","CALLEP","TRIPAR",1,"+ Warming"
"18_2_XXW",0.559748427672956,"2007-2013",2007,2013,"XXW","CALLEP-TRIPAR","CALLEP","TRIPAR",1,"+ Warming"
"21_2_XXW",1,"2007-2013",2007,2013,"XXW","CALLEP-TRIPAR","CALLEP","TRIPAR",1,"+ Warming"
"38_3_XXW",0.822222222222222,"2007-2013",2007,2013,"XXW","CALLEP-TRIPAR","CALLEP","TRIPAR",1,"+ Warming"
"40_3_XXW",0.952528379772962,"2007-2013",2007,2013,"XXW","CALLEP-TRIPAR","CALLEP","TRIPAR",1,"+ Warming"
"8_1_XXW",1.12612612612613,"2007-2013",2007,2013,"XXW","CALLEP-TRIPAR","CALLEP","TRIPAR",1,"+ Warming"
"1_1_XXW",0.777249134948097,"2007-2013",2007,2013,"XXW","CARSCO-DESCES","CARSCO","DESCES",1,"+ Warming"
"18_2_XXW",0.932441700960219,"2007-2013",2007,2013,"XXW","CARSCO-DESCES","CARSCO","DESCES",1,"+ Warming"
"21_2_XXW",0.916353497393623,"2007-2013",2007,2013,"XXW","CARSCO-DESCES","CARSCO","DESCES",1,"+ Warming"
"38_3_XXW",0.715355805243446,"2007-2013",2007,2013,"XXW","CARSCO-DESCES","CARSCO","DESCES",1,"+ Warming"
"40_3_XXW",0.871005433195069,"2007-2013",2007,2013,"XXW","CARSCO-DESCES","CARSCO","DESCES",1,"+ Warming"
"8_1_XXW",0.937251300887665,"2007-2013",2007,2013,"XXW","CARSCO-DESCES","CARSCO","DESCES",1,"+ Warming"
"1_1_XXW",0.993045897079277,"2007-2013",2007,2013,"XXW","CARSCO-GENALG","CARSCO","GENALG",1,"+ Warming"
"18_2_XXW",0.909090909090909,"2007-2013",2007,2013,"XXW","CARSCO-GENALG","CARSCO","GENALG",1,"+ Warming"
"21_2_XXW",0.706356311548791,"2007-2013",2007,2013,"XXW","CARSCO-GENALG","CARSCO","GENALG",1,"+ Warming"
"38_3_XXW",1.16430020283976,"2007-2013",2007,2013,"XXW","CARSCO-GENALG","CARSCO","GENALG",1,"+ Warming"
"40_3_XXW",1.37621621621622,"2007-2013",2007,2013,"XXW","CARSCO-GENALG","CARSCO","GENALG",1,"+ Warming"
"8_1_XXW",0.63953488372093,"2007-2013",2007,2013,"XXW","CARSCO-GENALG","CARSCO","GENALG",1,"+ Warming"
"1_1_XXW",1.03394039735099,"2007-2013",2007,2013,"XXW","CARSCO-GEUROS","CARSCO","GEUROS",1,"+ Warming"
"18_2_XXW",1.22291021671827,"2007-2013",2007,2013,"XXW","CARSCO-GEUROS","CARSCO","GEUROS",1,"+ Warming"
"21_2_XXW",0.833674723473986,"2007-2013",2007,2013,"XXW","CARSCO-GEUROS","CARSCO","GEUROS",1,"+ Warming"
"38_3_XXW",1.26470588235294,"2007-2013",2007,2013,"XXW","CARSCO-GEUROS","CARSCO","GEUROS",1,"+ Warming"
"40_3_XXW",1.1640903686088,"2007-2013",2007,2013,"XXW","CARSCO-GEUROS","CARSCO","GEUROS",1,"+ Warming"
"8_1_XXW",1.13463892288862,"2007-2013",2007,2013,"XXW","CARSCO-GEUROS","CARSCO","GEUROS",1,"+ Warming"
"1_1_XXW",0.940633245382586,"2007-2013",2007,2013,"XXW","CARSCO-TRIPAR","CARSCO","TRIPAR",1,"+ Warming"
"18_2_XXW",0.808219178082192,"2007-2013",2007,2013,"XXW","CARSCO-TRIPAR","CARSCO","TRIPAR",1,"+ Warming"
"21_2_XXW",0.6,"2007-2013",2007,2013,"XXW","CARSCO-TRIPAR","CARSCO","TRIPAR",1,"+ Warming"
"38_3_XXW",0.727668845315904,"2007-2013",2007,2013,"XXW","CARSCO-TRIPAR","CARSCO","TRIPAR",1,"+ Warming"
"40_3_XXW",0.90650406504065,"2007-2013",2007,2013,"XXW","CARSCO-TRIPAR","CARSCO","TRIPAR",1,"+ Warming"
"8_1_XXW",0.651006711409396,"2007-2013",2007,2013,"XXW","CARSCO-TRIPAR","CARSCO","TRIPAR",1,"+ Warming"
"1_1_XXW",0.908722741433022,"2007-2013",2007,2013,"XXW","DESCES-GENALG","DESCES","GENALG",1,"+ Warming"
"18_2_XXW",0.96,"2007-2013",2007,2013,"XXW","DESCES-GENALG","DESCES","GENALG",1,"+ Warming"
"21_2_XXW",0.930779277318241,"2007-2013",2007,2013,"XXW","DESCES-GENALG","DESCES","GENALG",1,"+ Warming"
"38_3_XXW",1.01898734177215,"2007-2013",2007,2013,"XXW","DESCES-GENALG","DESCES","GENALG",1,"+ Warming"
"40_3_XXW",0.721412300683371,"2007-2013",2007,2013,"XXW","DESCES-GENALG","DESCES","GENALG",1,"+ Warming"
"8_1_XXW",1.19687406071536,"2007-2013",2007,2013,"XXW","DESCES-GENALG","DESCES","GENALG",1,"+ Warming"
"1_1_XXW",0.574498567335244,"2007-2013",2007,2013,"XXW","DESCES-GEUROS","DESCES","GEUROS",1,"+ Warming"
"18_2_XXW",0.620743517650734,"2007-2013",2007,2013,"XXW","DESCES-GEUROS","DESCES","GEUROS",1,"+ Warming"
"21_2_XXW",0.680365296803653,"2007-2013",2007,2013,"XXW","DESCES-GEUROS","DESCES","GEUROS",1,"+ Warming"
"38_3_XXW",1.20066889632107,"2007-2013",2007,2013,"XXW","DESCES-GEUROS","DESCES","GEUROS",1,"+ Warming"
"40_3_XXW",0.683222705424582,"2007-2013",2007,2013,"XXW","DESCES-GEUROS","DESCES","GEUROS",1,"+ Warming"
"8_1_XXW",0.468210941350419,"2007-2013",2007,2013,"XXW","DESCES-GEUROS","DESCES","GEUROS",1,"+ Warming"
"1_1_XXW",1.00912408759124,"2007-2013",2007,2013,"XXW","DESCES-TRIPAR","DESCES","TRIPAR",1,"+ Warming"
"18_2_XXW",1.0036026762738,"2007-2013",2007,2013,"XXW","DESCES-TRIPAR","DESCES","TRIPAR",1,"+ Warming"
"21_2_XXW",1.00968992248062,"2007-2013",2007,2013,"XXW","DESCES-TRIPAR","DESCES","TRIPAR",1,"+ Warming"
"38_3_XXW",0.426695842450766,"2007-2013",2007,2013,"XXW","DESCES-TRIPAR","DESCES","TRIPAR",1,"+ Warming"
"40_3_XXW",1.00213257508441,"2007-2013",2007,2013,"XXW","DESCES-TRIPAR","DESCES","TRIPAR",1,"+ Warming"
"8_1_XXW",0.952261114924121,"2007-2013",2007,2013,"XXW","DESCES-TRIPAR","DESCES","TRIPAR",1,"+ Warming"
"1_1_XXW",1.02295409181637,"2007-2013",2007,2013,"XXW","GENALG-GEUROS","GENALG","GEUROS",1,"+ Warming"
"18_2_XXW",0.980456026058632,"2007-2013",2007,2013,"XXW","GENALG-GEUROS","GENALG","GEUROS",1,"+ Warming"
"21_2_XXW",1.53846153846154,"2007-2013",2007,2013,"XXW","GENALG-GEUROS","GENALG","GEUROS",1,"+ Warming"
"38_3_XXW",0.575551782682513,"2007-2013",2007,2013,"XXW","GENALG-GEUROS","GENALG","GEUROS",1,"+ Warming"
"40_3_XXW",1.65109034267913,"2007-2013",2007,2013,"XXW","GENALG-GEUROS","GENALG","GEUROS",1,"+ Warming"
"8_1_XXW",0.77309007981756,"2007-2013",2007,2013,"XXW","GENALG-GEUROS","GENALG","GEUROS",1,"+ Warming"
"1_1_XXW",0.852941176470588,"2007-2013",2007,2013,"XXW","GENALG-TRIPAR","GENALG","TRIPAR",1,"+ Warming"
"18_2_XXW",0.829268292682927,"2007-2013",2007,2013,"XXW","GENALG-TRIPAR","GENALG","TRIPAR",1,"+ Warming"
"21_2_XXW",1.43060498220641,"2007-2013",2007,2013,"XXW","GENALG-TRIPAR","GENALG","TRIPAR",1,"+ Warming"
"38_3_XXW",0.963696369636964,"2007-2013",2007,2013,"XXW","GENALG-TRIPAR","GENALG","TRIPAR",1,"+ Warming"
"40_3_XXW",0.973875181422351,"2007-2013",2007,2013,"XXW","GENALG-TRIPAR","GENALG","TRIPAR",1,"+ Warming"
"8_1_XXW",0.943444730077121,"2007-2013",2007,2013,"XXW","GENALG-TRIPAR","GENALG","TRIPAR",1,"+ Warming"
"1_1_XXW",1.44444444444444,"2007-2013",2007,2013,"XXW","GEUROS-TRIPAR","GEUROS","TRIPAR",1,"+ Warming"
"18_2_XXW",1.06531881804044,"2007-2013",2007,2013,"XXW","GEUROS-TRIPAR","GEUROS","TRIPAR",1,"+ Warming"
"21_2_XXW",1.11437908496732,"2007-2013",2007,2013,"XXW","GEUROS-TRIPAR","GEUROS","TRIPAR",1,"+ Warming"
"38_3_XXW",0.767567567567567,"2007-2013",2007,2013,"XXW","GEUROS-TRIPAR","GEUROS","TRIPAR",1,"+ Warming"
"40_3_XXW",0.970247933884298,"2007-2013",2007,2013,"XXW","GEUROS-TRIPAR","GEUROS","TRIPAR",1,"+ Warming"
"8_1_XXW",1.06881980078479,"2007-2013",2007,2013,"XXW","GEUROS-TRIPAR","GEUROS","TRIPAR",1,"+ Warming"
"1_1_XXW",1.59437751004016,"2008-2014",2008,2014,"XXW","ARTSCO-BISBIS","ARTSCO","BISBIS",1,"+ Warming"
"18_2_XXW",0.437352245862884,"2008-2014",2008,2014,"XXW","ARTSCO-BISBIS","ARTSCO","BISBIS",1,"+ Warming"
"21_2_XXW",0.384615384615385,"2008-2014",2008,2014,"XXW","ARTSCO-BISBIS","ARTSCO","BISBIS",1,"+ Warming"
"38_3_XXW",0.823943661971831,"2008-2014",2008,2014,"XXW","ARTSCO-BISBIS","ARTSCO","BISBIS",1,"+ Warming"
"40_3_XXW",1.09677419354839,"2008-2014",2008,2014,"XXW","ARTSCO-BISBIS","ARTSCO","BISBIS",1,"+ Warming"
"8_1_XXW",1.17713004484305,"2008-2014",2008,2014,"XXW","ARTSCO-BISBIS","ARTSCO","BISBIS",1,"+ Warming"
"1_1_XXW",1.04878048780488,"2008-2014",2008,2014,"XXW","ARTSCO-CALLEP","ARTSCO","CALLEP",1,"+ Warming"
"18_2_XXW",0.743973399833749,"2008-2014",2008,2014,"XXW","ARTSCO-CALLEP","ARTSCO","CALLEP",1,"+ Warming"
"21_2_XXW",1,"2008-2014",2008,2014,"XXW","ARTSCO-CALLEP","ARTSCO","CALLEP",1,"+ Warming"
"38_3_XXW",1.48765432098765,"2008-2014",2008,2014,"XXW","ARTSCO-CALLEP","ARTSCO","CALLEP",1,"+ Warming"
"40_3_XXW",1.00980392156863,"2008-2014",2008,2014,"XXW","ARTSCO-CALLEP","ARTSCO","CALLEP",1,"+ Warming"
"8_1_XXW",0.987854251012146,"2008-2014",2008,2014,"XXW","ARTSCO-CALLEP","ARTSCO","CALLEP",1,"+ Warming"
"1_1_XXW",0.704257767548907,"2008-2014",2008,2014,"XXW","ARTSCO-CARSCO","ARTSCO","CARSCO",1,"+ Warming"
"18_2_XXW",1.09427609427609,"2008-2014",2008,2014,"XXW","ARTSCO-CARSCO","ARTSCO","CARSCO",1,"+ Warming"
"21_2_XXW",0.557128412537917,"2008-2014",2008,2014,"XXW","ARTSCO-CARSCO","ARTSCO","CARSCO",1,"+ Warming"
"38_3_XXW",0.52437223042836,"2008-2014",2008,2014,"XXW","ARTSCO-CARSCO","ARTSCO","CARSCO",1,"+ Warming"
"40_3_XXW",0.742718446601942,"2008-2014",2008,2014,"XXW","ARTSCO-CARSCO","ARTSCO","CARSCO",1,"+ Warming"
"8_1_XXW",0.954225352112676,"2008-2014",2008,2014,"XXW","ARTSCO-CARSCO","ARTSCO","CARSCO",1,"+ Warming"
"1_1_XXW",1.26897605705553,"2008-2014",2008,2014,"XXW","ARTSCO-DESCES","ARTSCO","DESCES",1,"+ Warming"
"18_2_XXW",0.90948275862069,"2008-2014",2008,2014,"XXW","ARTSCO-DESCES","ARTSCO","DESCES",1,"+ Warming"
"21_2_XXW",1.09511456982274,"2008-2014",2008,2014,"XXW","ARTSCO-DESCES","ARTSCO","DESCES",1,"+ Warming"
"38_3_XXW",0.799642218246869,"2008-2014",2008,2014,"XXW","ARTSCO-DESCES","ARTSCO","DESCES",1,"+ Warming"
"40_3_XXW",1.04086317722681,"2008-2014",2008,2014,"XXW","ARTSCO-DESCES","ARTSCO","DESCES",1,"+ Warming"
"8_1_XXW",1.00771786901061,"2008-2014",2008,2014,"XXW","ARTSCO-DESCES","ARTSCO","DESCES",1,"+ Warming"
"1_1_XXW",0.816058394160584,"2008-2014",2008,2014,"XXW","ARTSCO-GENALG","ARTSCO","GENALG",1,"+ Warming"
"18_2_XXW",0.879310344827586,"2008-2014",2008,2014,"XXW","ARTSCO-GENALG","ARTSCO","GENALG",1,"+ Warming"
"21_2_XXW",1.19512195121951,"2008-2014",2008,2014,"XXW","ARTSCO-GENALG","ARTSCO","GENALG",1,"+ Warming"
"38_3_XXW",1.17466174661747,"2008-2014",2008,2014,"XXW","ARTSCO-GENALG","ARTSCO","GENALG",1,"+ Warming"
"40_3_XXW",1.14358974358974,"2008-2014",2008,2014,"XXW","ARTSCO-GENALG","ARTSCO","GENALG",1,"+ Warming"
"8_1_XXW",0.418013856812933,"2008-2014",2008,2014,"XXW","ARTSCO-GENALG","ARTSCO","GENALG",1,"+ Warming"
"1_1_XXW",0.121518987341772,"2008-2014",2008,2014,"XXW","ARTSCO-GEUROS","ARTSCO","GEUROS",1,"+ Warming"
"18_2_XXW",1.72866894197952,"2008-2014",2008,2014,"XXW","ARTSCO-GEUROS","ARTSCO","GEUROS",1,"+ Warming"
"21_2_XXW",1.15521628498728,"2008-2014",2008,2014,"XXW","ARTSCO-GEUROS","ARTSCO","GEUROS",1,"+ Warming"
"38_3_XXW",0.608982826948481,"2008-2014",2008,2014,"XXW","ARTSCO-GEUROS","ARTSCO","GEUROS",1,"+ Warming"
"40_3_XXW",1.03619909502262,"2008-2014",2008,2014,"XXW","ARTSCO-GEUROS","ARTSCO","GEUROS",1,"+ Warming"
"8_1_XXW",0.712668082094834,"2008-2014",2008,2014,"XXW","ARTSCO-GEUROS","ARTSCO","GEUROS",1,"+ Warming"
"1_1_XXW",0.843601895734597,"2008-2014",2008,2014,"XXW","ARTSCO-TRIPAR","ARTSCO","TRIPAR",1,"+ Warming"
"18_2_XXW",1.3202614379085,"2008-2014",2008,2014,"XXW","ARTSCO-TRIPAR","ARTSCO","TRIPAR",1,"+ Warming"
"21_2_XXW",1.42696629213483,"2008-2014",2008,2014,"XXW","ARTSCO-TRIPAR","ARTSCO","TRIPAR",1,"+ Warming"
"38_3_XXW",1.36144578313253,"2008-2014",2008,2014,"XXW","ARTSCO-TRIPAR","ARTSCO","TRIPAR",1,"+ Warming"
"40_3_XXW",0.822485207100592,"2008-2014",2008,2014,"XXW","ARTSCO-TRIPAR","ARTSCO","TRIPAR",1,"+ Warming"
"8_1_XXW",1.34582132564842,"2008-2014",2008,2014,"XXW","ARTSCO-TRIPAR","ARTSCO","TRIPAR",1,"+ Warming"
"1_1_XXW",1.00547945205479,"2008-2014",2008,2014,"XXW","BISBIS-CALLEP","BISBIS","CALLEP",1,"+ Warming"
"18_2_XXW",0.96661101836394,"2008-2014",2008,2014,"XXW","BISBIS-CALLEP","BISBIS","CALLEP",1,"+ Warming"
"21_2_XXW",1,"2008-2014",2008,2014,"XXW","BISBIS-CALLEP","BISBIS","CALLEP",1,"+ Warming"
"38_3_XXW",0.59375,"2008-2014",2008,2014,"XXW","BISBIS-CALLEP","BISBIS","CALLEP",1,"+ Warming"
"40_3_XXW",0.861111111111111,"2008-2014",2008,2014,"XXW","BISBIS-CALLEP","BISBIS","CALLEP",1,"+ Warming"
"8_1_XXW",0.757990867579909,"2008-2014",2008,2014,"XXW","BISBIS-CALLEP","BISBIS","CALLEP",1,"+ Warming"
"1_1_XXW",0.825699745547074,"2008-2014",2008,2014,"XXW","BISBIS-CARSCO","BISBIS","CARSCO",1,"+ Warming"
"18_2_XXW",1.24657534246575,"2008-2014",2008,2014,"XXW","BISBIS-CARSCO","BISBIS","CARSCO",1,"+ Warming"
"21_2_XXW",1.19975639464068,"2008-2014",2008,2014,"XXW","BISBIS-CARSCO","BISBIS","CARSCO",1,"+ Warming"
"38_3_XXW",0.777070063694267,"2008-2014",2008,2014,"XXW","BISBIS-CARSCO","BISBIS","CARSCO",1,"+ Warming"
"40_3_XXW",1.39655172413793,"2008-2014",2008,2014,"XXW","BISBIS-CARSCO","BISBIS","CARSCO",1,"+ Warming"
"8_1_XXW",0.39453125,"2008-2014",2008,2014,"XXW","BISBIS-CARSCO","BISBIS","CARSCO",1,"+ Warming"
"1_1_XXW",0.862765957446809,"2008-2014",2008,2014,"XXW","BISBIS-DESCES","BISBIS","DESCES",1,"+ Warming"
"18_2_XXW",0.928097731239092,"2008-2014",2008,2014,"XXW","BISBIS-DESCES","BISBIS","DESCES",1,"+ Warming"
"21_2_XXW",1.17701453104359,"2008-2014",2008,2014,"XXW","BISBIS-DESCES","BISBIS","DESCES",1,"+ Warming"
"38_3_XXW",0.976588628762542,"2008-2014",2008,2014,"XXW","BISBIS-DESCES","BISBIS","DESCES",1,"+ Warming"
"40_3_XXW",0.946566621191451,"2008-2014",2008,2014,"XXW","BISBIS-DESCES","BISBIS","DESCES",1,"+ Warming"
"8_1_XXW",1.10213955488657,"2008-2014",2008,2014,"XXW","BISBIS-DESCES","BISBIS","DESCES",1,"+ Warming"
"1_1_XXW",1.03966005665722,"2008-2014",2008,2014,"XXW","BISBIS-GENALG","BISBIS","GENALG",1,"+ Warming"
"18_2_XXW",1.19424460431655,"2008-2014",2008,2014,"XXW","BISBIS-GENALG","BISBIS","GENALG",1,"+ Warming"
"21_2_XXW",1.24938875305623,"2008-2014",2008,2014,"XXW","BISBIS-GENALG","BISBIS","GENALG",1,"+ Warming"
"38_3_XXW",0.812286689419795,"2008-2014",2008,2014,"XXW","BISBIS-GENALG","BISBIS","GENALG",1,"+ Warming"
"40_3_XXW",1.26582278481013,"2008-2014",2008,2014,"XXW","BISBIS-GENALG","BISBIS","GENALG",1,"+ Warming"
"8_1_XXW",1.38024691358025,"2008-2014",2008,2014,"XXW","BISBIS-GENALG","BISBIS","GENALG",1,"+ Warming"
"1_1_XXW",0.442307692307692,"2008-2014",2008,2014,"XXW","BISBIS-GEUROS","BISBIS","GEUROS",1,"+ Warming"
"18_2_XXW",0.698850574712644,"2008-2014",2008,2014,"XXW","BISBIS-GEUROS","BISBIS","GEUROS",1,"+ Warming"
"21_2_XXW",0.336182336182336,"2008-2014",2008,2014,"XXW","BISBIS-GEUROS","BISBIS","GEUROS",1,"+ Warming"
"38_3_XXW",0.818565400843882,"2008-2014",2008,2014,"XXW","BISBIS-GEUROS","BISBIS","GEUROS",1,"+ Warming"
"40_3_XXW",1.45627376425856,"2008-2014",2008,2014,"XXW","BISBIS-GEUROS","BISBIS","GEUROS",1,"+ Warming"
"8_1_XXW",0.868592057761733,"2008-2014",2008,2014,"XXW","BISBIS-GEUROS","BISBIS","GEUROS",1,"+ Warming"
"1_1_XXW",0.859375,"2008-2014",2008,2014,"XXW","BISBIS-TRIPAR","BISBIS","TRIPAR",1,"+ Warming"
"18_2_XXW",0.696774193548387,"2008-2014",2008,2014,"XXW","BISBIS-TRIPAR","BISBIS","TRIPAR",1,"+ Warming"
"21_2_XXW",0.573333333333333,"2008-2014",2008,2014,"XXW","BISBIS-TRIPAR","BISBIS","TRIPAR",1,"+ Warming"
"38_3_XXW",1.05483870967742,"2008-2014",2008,2014,"XXW","BISBIS-TRIPAR","BISBIS","TRIPAR",1,"+ Warming"
"40_3_XXW",0.910979228486647,"2008-2014",2008,2014,"XXW","BISBIS-TRIPAR","BISBIS","TRIPAR",1,"+ Warming"
"8_1_XXW",1.4576802507837,"2008-2014",2008,2014,"XXW","BISBIS-TRIPAR","BISBIS","TRIPAR",1,"+ Warming"
"1_1_XXW",1.07521968365554,"2008-2014",2008,2014,"XXW","CALLEP-CARSCO","CALLEP","CARSCO",1,"+ Warming"
"18_2_XXW",0.178947368421053,"2008-2014",2008,2014,"XXW","CALLEP-CARSCO","CALLEP","CARSCO",1,"+ Warming"
"21_2_XXW",1,"2008-2014",2008,2014,"XXW","CALLEP-CARSCO","CALLEP","CARSCO",1,"+ Warming"
"38_3_XXW",0.556962025316456,"2008-2014",2008,2014,"XXW","CALLEP-CARSCO","CALLEP","CARSCO",1,"+ Warming"
"40_3_XXW",1.29268292682927,"2008-2014",2008,2014,"XXW","CALLEP-CARSCO","CALLEP","CARSCO",1,"+ Warming"
"8_1_XXW",1.33333333333333,"2008-2014",2008,2014,"XXW","CALLEP-CARSCO","CALLEP","CARSCO",1,"+ Warming"
"1_1_XXW",0.979504223791719,"2008-2014",2008,2014,"XXW","CALLEP-DESCES","CALLEP","DESCES",1,"+ Warming"
"18_2_XXW",0.991978853340625,"2008-2014",2008,2014,"XXW","CALLEP-DESCES","CALLEP","DESCES",1,"+ Warming"
"21_2_XXW",1,"2008-2014",2008,2014,"XXW","CALLEP-DESCES","CALLEP","DESCES",1,"+ Warming"
"38_3_XXW",1.20648967551622,"2008-2014",2008,2014,"XXW","CALLEP-DESCES","CALLEP","DESCES",1,"+ Warming"
"40_3_XXW",1.03085009140768,"2008-2014",2008,2014,"XXW","CALLEP-DESCES","CALLEP","DESCES",1,"+ Warming"
"8_1_XXW",0.948802460997583,"2008-2014",2008,2014,"XXW","CALLEP-DESCES","CALLEP","DESCES",1,"+ Warming"
"1_1_XXW",1.25925925925926,"2008-2014",2008,2014,"XXW","CALLEP-GENALG","CALLEP","GENALG",1,"+ Warming"
"18_2_XXW",1.32835820895522,"2008-2014",2008,2014,"XXW","CALLEP-GENALG","CALLEP","GENALG",1,"+ Warming"
"21_2_XXW",1,"2008-2014",2008,2014,"XXW","CALLEP-GENALG","CALLEP","GENALG",1,"+ Warming"
"38_3_XXW",1.10187667560322,"2008-2014",2008,2014,"XXW","CALLEP-GENALG","CALLEP","GENALG",1,"+ Warming"
"40_3_XXW",0.446511627906977,"2008-2014",2008,2014,"XXW","CALLEP-GENALG","CALLEP","GENALG",1,"+ Warming"
"8_1_XXW",1,"2008-2014",2008,2014,"XXW","CALLEP-GENALG","CALLEP","GENALG",1,"+ Warming"
"1_1_XXW",1.05057955742887,"2008-2014",2008,2014,"XXW","CALLEP-GEUROS","CALLEP","GEUROS",1,"+ Warming"
"18_2_XXW",0.796962430055955,"2008-2014",2008,2014,"XXW","CALLEP-GEUROS","CALLEP","GEUROS",1,"+ Warming"
"21_2_XXW",1,"2008-2014",2008,2014,"XXW","CALLEP-GEUROS","CALLEP","GEUROS",1,"+ Warming"
"38_3_XXW",0.902208201892744,"2008-2014",2008,2014,"XXW","CALLEP-GEUROS","CALLEP","GEUROS",1,"+ Warming"
"40_3_XXW",1.18672199170124,"2008-2014",2008,2014,"XXW","CALLEP-GEUROS","CALLEP","GEUROS",1,"+ Warming"
"8_1_XXW",1.08263069139966,"2008-2014",2008,2014,"XXW","CALLEP-GEUROS","CALLEP","GEUROS",1,"+ Warming"
"1_1_XXW",0.887323943661972,"2008-2014",2008,2014,"XXW","CALLEP-TRIPAR","CALLEP","TRIPAR",1,"+ Warming"
"18_2_XXW",0.82442748091603,"2008-2014",2008,2014,"XXW","CALLEP-TRIPAR","CALLEP","TRIPAR",1,"+ Warming"
"21_2_XXW",1,"2008-2014",2008,2014,"XXW","CALLEP-TRIPAR","CALLEP","TRIPAR",1,"+ Warming"
"38_3_XXW",1.07692307692308,"2008-2014",2008,2014,"XXW","CALLEP-TRIPAR","CALLEP","TRIPAR",1,"+ Warming"
"40_3_XXW",0.975903614457831,"2008-2014",2008,2014,"XXW","CALLEP-TRIPAR","CALLEP","TRIPAR",1,"+ Warming"
"8_1_XXW",1.04166666666667,"2008-2014",2008,2014,"XXW","CALLEP-TRIPAR","CALLEP","TRIPAR",1,"+ Warming"
"1_1_XXW",0.7796,"2008-2014",2008,2014,"XXW","CARSCO-DESCES","CARSCO","DESCES",1,"+ Warming"
"18_2_XXW",0.965315808689303,"2008-2014",2008,2014,"XXW","CARSCO-DESCES","CARSCO","DESCES",1,"+ Warming"
"21_2_XXW",0.911285527411107,"2008-2014",2008,2014,"XXW","CARSCO-DESCES","CARSCO","DESCES",1,"+ Warming"
"38_3_XXW",0.821782178217822,"2008-2014",2008,2014,"XXW","CARSCO-DESCES","CARSCO","DESCES",1,"+ Warming"
"40_3_XXW",0.893534384281471,"2008-2014",2008,2014,"XXW","CARSCO-DESCES","CARSCO","DESCES",1,"+ Warming"
"8_1_XXW",0.943976365028997,"2008-2014",2008,2014,"XXW","CARSCO-DESCES","CARSCO","DESCES",1,"+ Warming"
"1_1_XXW",0.985174726438405,"2008-2014",2008,2014,"XXW","CARSCO-GENALG","CARSCO","GENALG",1,"+ Warming"
"18_2_XXW",1.07692307692308,"2008-2014",2008,2014,"XXW","CARSCO-GENALG","CARSCO","GENALG",1,"+ Warming"
"21_2_XXW",0.902185223725286,"2008-2014",2008,2014,"XXW","CARSCO-GENALG","CARSCO","GENALG",1,"+ Warming"
"38_3_XXW",0.930348258706468,"2008-2014",2008,2014,"XXW","CARSCO-GENALG","CARSCO","GENALG",1,"+ Warming"
"40_3_XXW",1.12962962962963,"2008-2014",2008,2014,"XXW","CARSCO-GENALG","CARSCO","GENALG",1,"+ Warming"
"8_1_XXW",0.769547325102881,"2008-2014",2008,2014,"XXW","CARSCO-GENALG","CARSCO","GENALG",1,"+ Warming"
"1_1_XXW",1.15987124463519,"2008-2014",2008,2014,"XXW","CARSCO-GEUROS","CARSCO","GEUROS",1,"+ Warming"
"18_2_XXW",1.1747572815534,"2008-2014",2008,2014,"XXW","CARSCO-GEUROS","CARSCO","GEUROS",1,"+ Warming"
"21_2_XXW",0.939643347050754,"2008-2014",2008,2014,"XXW","CARSCO-GEUROS","CARSCO","GEUROS",1,"+ Warming"
"38_3_XXW",1.78901734104046,"2008-2014",2008,2014,"XXW","CARSCO-GEUROS","CARSCO","GEUROS",1,"+ Warming"
"40_3_XXW",1.29338842975207,"2008-2014",2008,2014,"XXW","CARSCO-GEUROS","CARSCO","GEUROS",1,"+ Warming"
"8_1_XXW",1.19460343417825,"2008-2014",2008,2014,"XXW","CARSCO-GEUROS","CARSCO","GEUROS",1,"+ Warming"
"1_1_XXW",0.979946524064171,"2008-2014",2008,2014,"XXW","CARSCO-TRIPAR","CARSCO","TRIPAR",1,"+ Warming"
"18_2_XXW",0.810344827586207,"2008-2014",2008,2014,"XXW","CARSCO-TRIPAR","CARSCO","TRIPAR",1,"+ Warming"
"21_2_XXW",0.448888888888889,"2008-2014",2008,2014,"XXW","CARSCO-TRIPAR","CARSCO","TRIPAR",1,"+ Warming"
"38_3_XXW",0.832935560859188,"2008-2014",2008,2014,"XXW","CARSCO-TRIPAR","CARSCO","TRIPAR",1,"+ Warming"
"40_3_XXW",0.964426877470356,"2008-2014",2008,2014,"XXW","CARSCO-TRIPAR","CARSCO","TRIPAR",1,"+ Warming"
"8_1_XXW",0.617834394904459,"2008-2014",2008,2014,"XXW","CARSCO-TRIPAR","CARSCO","TRIPAR",1,"+ Warming"
"1_1_XXW",0.914551255375225,"2008-2014",2008,2014,"XXW","DESCES-GENALG","DESCES","GENALG",1,"+ Warming"
"18_2_XXW",0.955344070278184,"2008-2014",2008,2014,"XXW","DESCES-GENALG","DESCES","GENALG",1,"+ Warming"
"21_2_XXW",1.06244579358196,"2008-2014",2008,2014,"XXW","DESCES-GENALG","DESCES","GENALG",1,"+ Warming"
"38_3_XXW",1.22419928825623,"2008-2014",2008,2014,"XXW","DESCES-GENALG","DESCES","GENALG",1,"+ Warming"
"40_3_XXW",0.716491385097337,"2008-2014",2008,2014,"XXW","DESCES-GENALG","DESCES","GENALG",1,"+ Warming"
"8_1_XXW",0.984926787252369,"2008-2014",2008,2014,"XXW","DESCES-GENALG","DESCES","GENALG",1,"+ Warming"
"1_1_XXW",0.731984205330701,"2008-2014",2008,2014,"XXW","DESCES-GEUROS","DESCES","GEUROS",1,"+ Warming"
"18_2_XXW",0.618229854689564,"2008-2014",2008,2014,"XXW","DESCES-GEUROS","DESCES","GEUROS",1,"+ Warming"
"21_2_XXW",0.759341637010676,"2008-2014",2008,2014,"XXW","DESCES-GEUROS","DESCES","GEUROS",1,"+ Warming"
"38_3_XXW",0.893265565438374,"2008-2014",2008,2014,"XXW","DESCES-GEUROS","DESCES","GEUROS",1,"+ Warming"
"40_3_XXW",0.717018909899889,"2008-2014",2008,2014,"XXW","DESCES-GEUROS","DESCES","GEUROS",1,"+ Warming"
"8_1_XXW",0.762758083365797,"2008-2014",2008,2014,"XXW","DESCES-GEUROS","DESCES","GEUROS",1,"+ Warming"
"1_1_XXW",0.95928338762215,"2008-2014",2008,2014,"XXW","DESCES-TRIPAR","DESCES","TRIPAR",1,"+ Warming"
"18_2_XXW",0.990720524017467,"2008-2014",2008,2014,"XXW","DESCES-TRIPAR","DESCES","TRIPAR",1,"+ Warming"
"21_2_XXW",0.964655984919887,"2008-2014",2008,2014,"XXW","DESCES-TRIPAR","DESCES","TRIPAR",1,"+ Warming"
"38_3_XXW",0.275581395348837,"2008-2014",2008,2014,"XXW","DESCES-TRIPAR","DESCES","TRIPAR",1,"+ Warming"
"40_3_XXW",1.00301187373299,"2008-2014",2008,2014,"XXW","DESCES-TRIPAR","DESCES","TRIPAR",1,"+ Warming"
"8_1_XXW",0.933710063029776,"2008-2014",2008,2014,"XXW","DESCES-TRIPAR","DESCES","TRIPAR",1,"+ Warming"
"1_1_XXW",1.17929562433298,"2008-2014",2008,2014,"XXW","GENALG-GEUROS","GENALG","GEUROS",1,"+ Warming"
"18_2_XXW",0.983443708609272,"2008-2014",2008,2014,"XXW","GENALG-GEUROS","GENALG","GEUROS",1,"+ Warming"
"21_2_XXW",1.1139896373057,"2008-2014",2008,2014,"XXW","GENALG-GEUROS","GENALG","GEUROS",1,"+ Warming"
"38_3_XXW",0.726141078838174,"2008-2014",2008,2014,"XXW","GENALG-GEUROS","GENALG","GEUROS",1,"+ Warming"
"40_3_XXW",1.50299401197605,"2008-2014",2008,2014,"XXW","GENALG-GEUROS","GENALG","GEUROS",1,"+ Warming"
"8_1_XXW",1.42857142857143,"2008-2014",2008,2014,"XXW","GENALG-GEUROS","GENALG","GEUROS",1,"+ Warming"
"1_1_XXW",1,"2008-2014",2008,2014,"XXW","GENALG-TRIPAR","GENALG","TRIPAR",1,"+ Warming"
"18_2_XXW",0.772727272727273,"2008-2014",2008,2014,"XXW","GENALG-TRIPAR","GENALG","TRIPAR",1,"+ Warming"
"21_2_XXW",1.31538461538462,"2008-2014",2008,2014,"XXW","GENALG-TRIPAR","GENALG","TRIPAR",1,"+ Warming"
"38_3_XXW",1.01981981981982,"2008-2014",2008,2014,"XXW","GENALG-TRIPAR","GENALG","TRIPAR",1,"+ Warming"
"40_3_XXW",0.977455716586151,"2008-2014",2008,2014,"XXW","GENALG-TRIPAR","GENALG","TRIPAR",1,"+ Warming"
"8_1_XXW",1.41176470588235,"2008-2014",2008,2014,"XXW","GENALG-TRIPAR","GENALG","TRIPAR",1,"+ Warming"
"1_1_XXW",1.10948905109489,"2008-2014",2008,2014,"XXW","GEUROS-TRIPAR","GEUROS","TRIPAR",1,"+ Warming"
"18_2_XXW",1.08647798742138,"2008-2014",2008,2014,"XXW","GEUROS-TRIPAR","GEUROS","TRIPAR",1,"+ Warming"
"21_2_XXW",1.59405940594059,"2008-2014",2008,2014,"XXW","GEUROS-TRIPAR","GEUROS","TRIPAR",1,"+ Warming"
"38_3_XXW",0.697394789579158,"2008-2014",2008,2014,"XXW","GEUROS-TRIPAR","GEUROS","TRIPAR",1,"+ Warming"
"40_3_XXW",0.991724137931034,"2008-2014",2008,2014,"XXW","GEUROS-TRIPAR","GEUROS","TRIPAR",1,"+ Warming"
"8_1_XXW",1.05443234836703,"2008-2014",2008,2014,"XXW","GEUROS-TRIPAR","GEUROS","TRIPAR",1,"+ Warming"
"1_1_XXW",1.67,"2009-2015",2009,2015,"XXW","ARTSCO-BISBIS","ARTSCO","BISBIS",1,"+ Warming"
"18_2_XXW",0.566473988439306,"2009-2015",2009,2015,"XXW","ARTSCO-BISBIS","ARTSCO","BISBIS",1,"+ Warming"
"21_2_XXW",0.177358490566038,"2009-2015",2009,2015,"XXW","ARTSCO-BISBIS","ARTSCO","BISBIS",1,"+ Warming"
"38_3_XXW",0.733870967741935,"2009-2015",2009,2015,"XXW","ARTSCO-BISBIS","ARTSCO","BISBIS",1,"+ Warming"
"40_3_XXW",0.696476964769648,"2009-2015",2009,2015,"XXW","ARTSCO-BISBIS","ARTSCO","BISBIS",1,"+ Warming"
"8_1_XXW",1.53886010362694,"2009-2015",2009,2015,"XXW","ARTSCO-BISBIS","ARTSCO","BISBIS",1,"+ Warming"
"1_1_XXW",0.84051724137931,"2009-2015",2009,2015,"XXW","ARTSCO-CALLEP","ARTSCO","CALLEP",1,"+ Warming"
"18_2_XXW",0.641569459172853,"2009-2015",2009,2015,"XXW","ARTSCO-CALLEP","ARTSCO","CALLEP",1,"+ Warming"
"21_2_XXW",1,"2009-2015",2009,2015,"XXW","ARTSCO-CALLEP","ARTSCO","CALLEP",1,"+ Warming"
"38_3_XXW",1.51056910569106,"2009-2015",2009,2015,"XXW","ARTSCO-CALLEP","ARTSCO","CALLEP",1,"+ Warming"
"40_3_XXW",1.51785714285714,"2009-2015",2009,2015,"XXW","ARTSCO-CALLEP","ARTSCO","CALLEP",1,"+ Warming"
"8_1_XXW",1.06965174129353,"2009-2015",2009,2015,"XXW","ARTSCO-CALLEP","ARTSCO","CALLEP",1,"+ Warming"
"1_1_XXW",0.847977684797768,"2009-2015",2009,2015,"XXW","ARTSCO-CARSCO","ARTSCO","CARSCO",1,"+ Warming"
"18_2_XXW",1.14224137931034,"2009-2015",2009,2015,"XXW","ARTSCO-CARSCO","ARTSCO","CARSCO",1,"+ Warming"
"21_2_XXW",0.800615384615385,"2009-2015",2009,2015,"XXW","ARTSCO-CARSCO","ARTSCO","CARSCO",1,"+ Warming"
"38_3_XXW",0.65587734241908,"2009-2015",2009,2015,"XXW","ARTSCO-CARSCO","ARTSCO","CARSCO",1,"+ Warming"
"40_3_XXW",0.951321279554937,"2009-2015",2009,2015,"XXW","ARTSCO-CARSCO","ARTSCO","CARSCO",1,"+ Warming"
"8_1_XXW",0.697368421052632,"2009-2015",2009,2015,"XXW","ARTSCO-CARSCO","ARTSCO","CARSCO",1,"+ Warming"
"1_1_XXW",1.16614615865084,"2009-2015",2009,2015,"XXW","ARTSCO-DESCES","ARTSCO","DESCES",1,"+ Warming"
"18_2_XXW",1.21541377132028,"2009-2015",2009,2015,"XXW","ARTSCO-DESCES","ARTSCO","DESCES",1,"+ Warming"
"21_2_XXW",1.10453333333333,"2009-2015",2009,2015,"XXW","ARTSCO-DESCES","ARTSCO","DESCES",1,"+ Warming"
"38_3_XXW",0.896180215475024,"2009-2015",2009,2015,"XXW","ARTSCO-DESCES","ARTSCO","DESCES",1,"+ Warming"
"40_3_XXW",1.04746835443038,"2009-2015",2009,2015,"XXW","ARTSCO-DESCES","ARTSCO","DESCES",1,"+ Warming"
"8_1_XXW",0.990081635767147,"2009-2015",2009,2015,"XXW","ARTSCO-DESCES","ARTSCO","DESCES",1,"+ Warming"
"1_1_XXW",0.726681127982646,"2009-2015",2009,2015,"XXW","ARTSCO-GENALG","ARTSCO","GENALG",1,"+ Warming"
"18_2_XXW",0.822222222222222,"2009-2015",2009,2015,"XXW","ARTSCO-GENALG","ARTSCO","GENALG",1,"+ Warming"
"21_2_XXW",1.11492281303602,"2009-2015",2009,2015,"XXW","ARTSCO-GENALG","ARTSCO","GENALG",1,"+ Warming"
"38_3_XXW",1.1969696969697,"2009-2015",2009,2015,"XXW","ARTSCO-GENALG","ARTSCO","GENALG",1,"+ Warming"
"40_3_XXW",0.753846153846154,"2009-2015",2009,2015,"XXW","ARTSCO-GENALG","ARTSCO","GENALG",1,"+ Warming"
"8_1_XXW",0.774058577405858,"2009-2015",2009,2015,"XXW","ARTSCO-GENALG","ARTSCO","GENALG",1,"+ Warming"
"1_1_XXW",0.227920227920228,"2009-2015",2009,2015,"XXW","ARTSCO-GEUROS","ARTSCO","GEUROS",1,"+ Warming"
"18_2_XXW",1.60643564356436,"2009-2015",2009,2015,"XXW","ARTSCO-GEUROS","ARTSCO","GEUROS",1,"+ Warming"
"21_2_XXW",1.25050505050505,"2009-2015",2009,2015,"XXW","ARTSCO-GEUROS","ARTSCO","GEUROS",1,"+ Warming"
"38_3_XXW",0.65424739195231,"2009-2015",2009,2015,"XXW","ARTSCO-GEUROS","ARTSCO","GEUROS",1,"+ Warming"
"40_3_XXW",0.88135593220339,"2009-2015",2009,2015,"XXW","ARTSCO-GEUROS","ARTSCO","GEUROS",1,"+ Warming"
"8_1_XXW",1.0783322804801,"2009-2015",2009,2015,"XXW","ARTSCO-GEUROS","ARTSCO","GEUROS",1,"+ Warming"
"1_1_XXW",0.941935483870968,"2009-2015",2009,2015,"XXW","ARTSCO-TRIPAR","ARTSCO","TRIPAR",1,"+ Warming"
"18_2_XXW",1.30929989550679,"2009-2015",2009,2015,"XXW","ARTSCO-TRIPAR","ARTSCO","TRIPAR",1,"+ Warming"
"21_2_XXW",1.14549653579677,"2009-2015",2009,2015,"XXW","ARTSCO-TRIPAR","ARTSCO","TRIPAR",1,"+ Warming"
"38_3_XXW",1.3377308707124,"2009-2015",2009,2015,"XXW","ARTSCO-TRIPAR","ARTSCO","TRIPAR",1,"+ Warming"
"40_3_XXW",0.965202982601491,"2009-2015",2009,2015,"XXW","ARTSCO-TRIPAR","ARTSCO","TRIPAR",1,"+ Warming"
"8_1_XXW",1.2884012539185,"2009-2015",2009,2015,"XXW","ARTSCO-TRIPAR","ARTSCO","TRIPAR",1,"+ Warming"
"1_1_XXW",0.911458333333333,"2009-2015",2009,2015,"XXW","BISBIS-CALLEP","BISBIS","CALLEP",1,"+ Warming"
"18_2_XXW",1.02903811252269,"2009-2015",2009,2015,"XXW","BISBIS-CALLEP","BISBIS","CALLEP",1,"+ Warming"
"21_2_XXW",1,"2009-2015",2009,2015,"XXW","BISBIS-CALLEP","BISBIS","CALLEP",1,"+ Warming"
"38_3_XXW",0.544910179640719,"2009-2015",2009,2015,"XXW","BISBIS-CALLEP","BISBIS","CALLEP",1,"+ Warming"
"40_3_XXW",0.779874213836478,"2009-2015",2009,2015,"XXW","BISBIS-CALLEP","BISBIS","CALLEP",1,"+ Warming"
"8_1_XXW",0.835680751173709,"2009-2015",2009,2015,"XXW","BISBIS-CALLEP","BISBIS","CALLEP",1,"+ Warming"
"1_1_XXW",0.840746054519369,"2009-2015",2009,2015,"XXW","BISBIS-CARSCO","BISBIS","CARSCO",1,"+ Warming"
"18_2_XXW",1.22388059701493,"2009-2015",2009,2015,"XXW","BISBIS-CARSCO","BISBIS","CARSCO",1,"+ Warming"
"21_2_XXW",1.42787682333874,"2009-2015",2009,2015,"XXW","BISBIS-CARSCO","BISBIS","CARSCO",1,"+ Warming"
"38_3_XXW",1.09352517985612,"2009-2015",2009,2015,"XXW","BISBIS-CARSCO","BISBIS","CARSCO",1,"+ Warming"
"40_3_XXW",1.60079051383399,"2009-2015",2009,2015,"XXW","BISBIS-CARSCO","BISBIS","CARSCO",1,"+ Warming"
"8_1_XXW",0.433333333333333,"2009-2015",2009,2015,"XXW","BISBIS-CARSCO","BISBIS","CARSCO",1,"+ Warming"
"1_1_XXW",0.818469323213156,"2009-2015",2009,2015,"XXW","BISBIS-DESCES","BISBIS","DESCES",1,"+ Warming"
"18_2_XXW",0.52996632996633,"2009-2015",2009,2015,"XXW","BISBIS-DESCES","BISBIS","DESCES",1,"+ Warming"
"21_2_XXW",0.956869993838571,"2009-2015",2009,2015,"XXW","BISBIS-DESCES","BISBIS","DESCES",1,"+ Warming"
"38_3_XXW",0.989528795811518,"2009-2015",2009,2015,"XXW","BISBIS-DESCES","BISBIS","DESCES",1,"+ Warming"
"40_3_XXW",0.978286805058459,"2009-2015",2009,2015,"XXW","BISBIS-DESCES","BISBIS","DESCES",1,"+ Warming"
"8_1_XXW",1.00945193993445,"2009-2015",2009,2015,"XXW","BISBIS-DESCES","BISBIS","DESCES",1,"+ Warming"
"1_1_XXW",1.03674540682415,"2009-2015",2009,2015,"XXW","BISBIS-GENALG","BISBIS","GENALG",1,"+ Warming"
"18_2_XXW",1.25984251968504,"2009-2015",2009,2015,"XXW","BISBIS-GENALG","BISBIS","GENALG",1,"+ Warming"
"21_2_XXW",1.01208459214502,"2009-2015",2009,2015,"XXW","BISBIS-GENALG","BISBIS","GENALG",1,"+ Warming"
"38_3_XXW",0.770348837209302,"2009-2015",2009,2015,"XXW","BISBIS-GENALG","BISBIS","GENALG",1,"+ Warming"
"40_3_XXW",1.22072072072072,"2009-2015",2009,2015,"XXW","BISBIS-GENALG","BISBIS","GENALG",1,"+ Warming"
"8_1_XXW",1.08764940239044,"2009-2015",2009,2015,"XXW","BISBIS-GENALG","BISBIS","GENALG",1,"+ Warming"
"1_1_XXW",0.607250755287009,"2009-2015",2009,2015,"XXW","BISBIS-GEUROS","BISBIS","GEUROS",1,"+ Warming"
"18_2_XXW",0.88562091503268,"2009-2015",2009,2015,"XXW","BISBIS-GEUROS","BISBIS","GEUROS",1,"+ Warming"
"21_2_XXW",0.559670781893004,"2009-2015",2009,2015,"XXW","BISBIS-GEUROS","BISBIS","GEUROS",1,"+ Warming"
"38_3_XXW",0.878923766816144,"2009-2015",2009,2015,"XXW","BISBIS-GEUROS","BISBIS","GEUROS",1,"+ Warming"
"40_3_XXW",1.40167364016736,"2009-2015",2009,2015,"XXW","BISBIS-GEUROS","BISBIS","GEUROS",1,"+ Warming"
"8_1_XXW",0.889655172413793,"2009-2015",2009,2015,"XXW","BISBIS-GEUROS","BISBIS","GEUROS",1,"+ Warming"
"1_1_XXW",0.822222222222222,"2009-2015",2009,2015,"XXW","BISBIS-TRIPAR","BISBIS","TRIPAR",1,"+ Warming"
"18_2_XXW",0.823008849557522,"2009-2015",2009,2015,"XXW","BISBIS-TRIPAR","BISBIS","TRIPAR",1,"+ Warming"
"21_2_XXW",0.613259668508287,"2009-2015",2009,2015,"XXW","BISBIS-TRIPAR","BISBIS","TRIPAR",1,"+ Warming"
"38_3_XXW",1.05483870967742,"2009-2015",2009,2015,"XXW","BISBIS-TRIPAR","BISBIS","TRIPAR",1,"+ Warming"
"40_3_XXW",1.01454545454545,"2009-2015",2009,2015,"XXW","BISBIS-TRIPAR","BISBIS","TRIPAR",1,"+ Warming"
"8_1_XXW",1.28700906344411,"2009-2015",2009,2015,"XXW","BISBIS-TRIPAR","BISBIS","TRIPAR",1,"+ Warming"
"1_1_XXW",1.14110929853181,"2009-2015",2009,2015,"XXW","CALLEP-CARSCO","CALLEP","CARSCO",1,"+ Warming"
"18_2_XXW",0.178947368421053,"2009-2015",2009,2015,"XXW","CALLEP-CARSCO","CALLEP","CARSCO",1,"+ Warming"
"21_2_XXW",1,"2009-2015",2009,2015,"XXW","CALLEP-CARSCO","CALLEP","CARSCO",1,"+ Warming"
"38_3_XXW",0.325581395348837,"2009-2015",2009,2015,"XXW","CALLEP-CARSCO","CALLEP","CARSCO",1,"+ Warming"
"40_3_XXW",1.18729096989967,"2009-2015",2009,2015,"XXW","CALLEP-CARSCO","CALLEP","CARSCO",1,"+ Warming"
"8_1_XXW",1.25454545454545,"2009-2015",2009,2015,"XXW","CALLEP-CARSCO","CALLEP","CARSCO",1,"+ Warming"
"1_1_XXW",0.932197728790915,"2009-2015",2009,2015,"XXW","CALLEP-DESCES","CALLEP","DESCES",1,"+ Warming"
"18_2_XXW",1.00363702491362,"2009-2015",2009,2015,"XXW","CALLEP-DESCES","CALLEP","DESCES",1,"+ Warming"
"21_2_XXW",1,"2009-2015",2009,2015,"XXW","CALLEP-DESCES","CALLEP","DESCES",1,"+ Warming"
"38_3_XXW",1.29190751445087,"2009-2015",2009,2015,"XXW","CALLEP-DESCES","CALLEP","DESCES",1,"+ Warming"
"40_3_XXW",1.01495016611296,"2009-2015",2009,2015,"XXW","CALLEP-DESCES","CALLEP","DESCES",1,"+ Warming"
"8_1_XXW",0.943714241533942,"2009-2015",2009,2015,"XXW","CALLEP-DESCES","CALLEP","DESCES",1,"+ Warming"
"1_1_XXW",1.31111111111111,"2009-2015",2009,2015,"XXW","CALLEP-GENALG","CALLEP","GENALG",1,"+ Warming"
"18_2_XXW",1.32835820895522,"2009-2015",2009,2015,"XXW","CALLEP-GENALG","CALLEP","GENALG",1,"+ Warming"
"21_2_XXW",1,"2009-2015",2009,2015,"XXW","CALLEP-GENALG","CALLEP","GENALG",1,"+ Warming"
"38_3_XXW",1.27645788336933,"2009-2015",2009,2015,"XXW","CALLEP-GENALG","CALLEP","GENALG",1,"+ Warming"
"40_3_XXW",0.4,"2009-2015",2009,2015,"XXW","CALLEP-GENALG","CALLEP","GENALG",1,"+ Warming"
"8_1_XXW",1,"2009-2015",2009,2015,"XXW","CALLEP-GENALG","CALLEP","GENALG",1,"+ Warming"
"1_1_XXW",1.07287449392713,"2009-2015",2009,2015,"XXW","CALLEP-GEUROS","CALLEP","GEUROS",1,"+ Warming"
"18_2_XXW",0.606641123882503,"2009-2015",2009,2015,"XXW","CALLEP-GEUROS","CALLEP","GEUROS",1,"+ Warming"
"21_2_XXW",1,"2009-2015",2009,2015,"XXW","CALLEP-GEUROS","CALLEP","GEUROS",1,"+ Warming"
"38_3_XXW",0.894736842105263,"2009-2015",2009,2015,"XXW","CALLEP-GEUROS","CALLEP","GEUROS",1,"+ Warming"
"40_3_XXW",1.16030534351145,"2009-2015",2009,2015,"XXW","CALLEP-GEUROS","CALLEP","GEUROS",1,"+ Warming"
"8_1_XXW",1.13900709219858,"2009-2015",2009,2015,"XXW","CALLEP-GEUROS","CALLEP","GEUROS",1,"+ Warming"
"1_1_XXW",1.05882352941176,"2009-2015",2009,2015,"XXW","CALLEP-TRIPAR","CALLEP","TRIPAR",1,"+ Warming"
"18_2_XXW",0.790322580645161,"2009-2015",2009,2015,"XXW","CALLEP-TRIPAR","CALLEP","TRIPAR",1,"+ Warming"
"21_2_XXW",1,"2009-2015",2009,2015,"XXW","CALLEP-TRIPAR","CALLEP","TRIPAR",1,"+ Warming"
"38_3_XXW",0.993006993006993,"2009-2015",2009,2015,"XXW","CALLEP-TRIPAR","CALLEP","TRIPAR",1,"+ Warming"
"40_3_XXW",0.923705722070845,"2009-2015",2009,2015,"XXW","CALLEP-TRIPAR","CALLEP","TRIPAR",1,"+ Warming"
"8_1_XXW",0.904109589041096,"2009-2015",2009,2015,"XXW","CALLEP-TRIPAR","CALLEP","TRIPAR",1,"+ Warming"
"1_1_XXW",0.90324118207817,"2009-2015",2009,2015,"XXW","CARSCO-DESCES","CARSCO","DESCES",1,"+ Warming"
"18_2_XXW",0.917578409919766,"2009-2015",2009,2015,"XXW","CARSCO-DESCES","CARSCO","DESCES",1,"+ Warming"
"21_2_XXW",0.941637485409371,"2009-2015",2009,2015,"XXW","CARSCO-DESCES","CARSCO","DESCES",1,"+ Warming"
"38_3_XXW",0.579819277108434,"2009-2015",2009,2015,"XXW","CARSCO-DESCES","CARSCO","DESCES",1,"+ Warming"
"40_3_XXW",0.876121009207222,"2009-2015",2009,2015,"XXW","CARSCO-DESCES","CARSCO","DESCES",1,"+ Warming"
"8_1_XXW",0.982254455674716,"2009-2015",2009,2015,"XXW","CARSCO-DESCES","CARSCO","DESCES",1,"+ Warming"
"1_1_XXW",0.982850142915476,"2009-2015",2009,2015,"XXW","CARSCO-GENALG","CARSCO","GENALG",1,"+ Warming"
"18_2_XXW",1.07692307692308,"2009-2015",2009,2015,"XXW","CARSCO-GENALG","CARSCO","GENALG",1,"+ Warming"
"21_2_XXW",0.987937273823884,"2009-2015",2009,2015,"XXW","CARSCO-GENALG","CARSCO","GENALG",1,"+ Warming"
"38_3_XXW",0.72183908045977,"2009-2015",2009,2015,"XXW","CARSCO-GENALG","CARSCO","GENALG",1,"+ Warming"
"40_3_XXW",1.19764705882353,"2009-2015",2009,2015,"XXW","CARSCO-GENALG","CARSCO","GENALG",1,"+ Warming"
"8_1_XXW",1.10752688172043,"2009-2015",2009,2015,"XXW","CARSCO-GENALG","CARSCO","GENALG",1,"+ Warming"
"1_1_XXW",1.07665094339623,"2009-2015",2009,2015,"XXW","CARSCO-GEUROS","CARSCO","GEUROS",1,"+ Warming"
"18_2_XXW",1.328125,"2009-2015",2009,2015,"XXW","CARSCO-GEUROS","CARSCO","GEUROS",1,"+ Warming"
"21_2_XXW",0.672955974842767,"2009-2015",2009,2015,"XXW","CARSCO-GEUROS","CARSCO","GEUROS",1,"+ Warming"
"38_3_XXW",1.71656050955414,"2009-2015",2009,2015,"XXW","CARSCO-GEUROS","CARSCO","GEUROS",1,"+ Warming"
"40_3_XXW",1.36383442265795,"2009-2015",2009,2015,"XXW","CARSCO-GEUROS","CARSCO","GEUROS",1,"+ Warming"
"8_1_XXW",1.19763395963814,"2009-2015",2009,2015,"XXW","CARSCO-GEUROS","CARSCO","GEUROS",1,"+ Warming"
"1_1_XXW",0.921779141104294,"2009-2015",2009,2015,"XXW","CARSCO-TRIPAR","CARSCO","TRIPAR",1,"+ Warming"
"18_2_XXW",0.81651376146789,"2009-2015",2009,2015,"XXW","CARSCO-TRIPAR","CARSCO","TRIPAR",1,"+ Warming"
"21_2_XXW",0.388646288209607,"2009-2015",2009,2015,"XXW","CARSCO-TRIPAR","CARSCO","TRIPAR",1,"+ Warming"
"38_3_XXW",0.99002493765586,"2009-2015",2009,2015,"XXW","CARSCO-TRIPAR","CARSCO","TRIPAR",1,"+ Warming"
"40_3_XXW",0.915611814345992,"2009-2015",2009,2015,"XXW","CARSCO-TRIPAR","CARSCO","TRIPAR",1,"+ Warming"
"8_1_XXW",0.745664739884393,"2009-2015",2009,2015,"XXW","CARSCO-TRIPAR","CARSCO","TRIPAR",1,"+ Warming"
"1_1_XXW",0.897076023391813,"2009-2015",2009,2015,"XXW","DESCES-GENALG","DESCES","GENALG",1,"+ Warming"
"18_2_XXW",0.92375366568915,"2009-2015",2009,2015,"XXW","DESCES-GENALG","DESCES","GENALG",1,"+ Warming"
"21_2_XXW",0.924821002386635,"2009-2015",2009,2015,"XXW","DESCES-GENALG","DESCES","GENALG",1,"+ Warming"
"38_3_XXW",1.28423475258918,"2009-2015",2009,2015,"XXW","DESCES-GENALG","DESCES","GENALG",1,"+ Warming"
"40_3_XXW",0.729950900163666,"2009-2015",2009,2015,"XXW","DESCES-GENALG","DESCES","GENALG",1,"+ Warming"
"8_1_XXW",0.949429540548874,"2009-2015",2009,2015,"XXW","DESCES-GENALG","DESCES","GENALG",1,"+ Warming"
"1_1_XXW",0.793879907621247,"2009-2015",2009,2015,"XXW","DESCES-GEUROS","DESCES","GEUROS",1,"+ Warming"
"18_2_XXW",0.845755022683085,"2009-2015",2009,2015,"XXW","DESCES-GEUROS","DESCES","GEUROS",1,"+ Warming"
"21_2_XXW",0.907430730478589,"2009-2015",2009,2015,"XXW","DESCES-GEUROS","DESCES","GEUROS",1,"+ Warming"
"38_3_XXW",0.811497326203209,"2009-2015",2009,2015,"XXW","DESCES-GEUROS","DESCES","GEUROS",1,"+ Warming"
"40_3_XXW",0.726129482999534,"2009-2015",2009,2015,"XXW","DESCES-GEUROS","DESCES","GEUROS",1,"+ Warming"
"8_1_XXW",0.547080189997206,"2009-2015",2009,2015,"XXW","DESCES-GEUROS","DESCES","GEUROS",1,"+ Warming"
"1_1_XXW",0.986328125,"2009-2015",2009,2015,"XXW","DESCES-TRIPAR","DESCES","TRIPAR",1,"+ Warming"
"18_2_XXW",1.05477961182659,"2009-2015",2009,2015,"XXW","DESCES-TRIPAR","DESCES","TRIPAR",1,"+ Warming"
"21_2_XXW",0.94954128440367,"2009-2015",2009,2015,"XXW","DESCES-TRIPAR","DESCES","TRIPAR",1,"+ Warming"
"38_3_XXW",0.267065868263473,"2009-2015",2009,2015,"XXW","DESCES-TRIPAR","DESCES","TRIPAR",1,"+ Warming"
"40_3_XXW",0.998302515913913,"2009-2015",2009,2015,"XXW","DESCES-TRIPAR","DESCES","TRIPAR",1,"+ Warming"
"8_1_XXW",0.998467667790377,"2009-2015",2009,2015,"XXW","DESCES-TRIPAR","DESCES","TRIPAR",1,"+ Warming"
"1_1_XXW",1.17055837563452,"2009-2015",2009,2015,"XXW","GENALG-GEUROS","GENALG","GEUROS",1,"+ Warming"
"18_2_XXW",0.924324324324324,"2009-2015",2009,2015,"XXW","GENALG-GEUROS","GENALG","GEUROS",1,"+ Warming"
"21_2_XXW",1.43918918918919,"2009-2015",2009,2015,"XXW","GENALG-GEUROS","GENALG","GEUROS",1,"+ Warming"
"38_3_XXW",0.720616570327553,"2009-2015",2009,2015,"XXW","GENALG-GEUROS","GENALG","GEUROS",1,"+ Warming"
"40_3_XXW",1.47384615384615,"2009-2015",2009,2015,"XXW","GENALG-GEUROS","GENALG","GEUROS",1,"+ Warming"
"8_1_XXW",1.0828729281768,"2009-2015",2009,2015,"XXW","GENALG-GEUROS","GENALG","GEUROS",1,"+ Warming"
"1_1_XXW",1,"2009-2015",2009,2015,"XXW","GENALG-TRIPAR","GENALG","TRIPAR",1,"+ Warming"
"18_2_XXW",0.728395061728395,"2009-2015",2009,2015,"XXW","GENALG-TRIPAR","GENALG","TRIPAR",1,"+ Warming"
"21_2_XXW",1.35897435897436,"2009-2015",2009,2015,"XXW","GENALG-TRIPAR","GENALG","TRIPAR",1,"+ Warming"
"38_3_XXW",0.963696369636964,"2009-2015",2009,2015,"XXW","GENALG-TRIPAR","GENALG","TRIPAR",1,"+ Warming"
"40_3_XXW",1.02261712439418,"2009-2015",2009,2015,"XXW","GENALG-TRIPAR","GENALG","TRIPAR",1,"+ Warming"
"8_1_XXW",1.58695652173913,"2009-2015",2009,2015,"XXW","GENALG-TRIPAR","GENALG","TRIPAR",1,"+ Warming"
"1_1_XXW",0.979020979020979,"2009-2015",2009,2015,"XXW","GEUROS-TRIPAR","GEUROS","TRIPAR",1,"+ Warming"
"18_2_XXW",0.947302383939774,"2009-2015",2009,2015,"XXW","GEUROS-TRIPAR","GEUROS","TRIPAR",1,"+ Warming"
"21_2_XXW",1.76712328767123,"2009-2015",2009,2015,"XXW","GEUROS-TRIPAR","GEUROS","TRIPAR",1,"+ Warming"
"38_3_XXW",0.734020618556701,"2009-2015",2009,2015,"XXW","GEUROS-TRIPAR","GEUROS","TRIPAR",1,"+ Warming"
"40_3_XXW",1.02328966521106,"2009-2015",2009,2015,"XXW","GEUROS-TRIPAR","GEUROS","TRIPAR",1,"+ Warming"
"8_1_XXW",0.87434554973822,"2009-2015",2009,2015,"XXW","GEUROS-TRIPAR","GEUROS","TRIPAR",1,"+ Warming"
"1_1_XXW",1.67871485943775,"2010-2016",2010,2016,"XXW","ARTSCO-BISBIS","ARTSCO","BISBIS",1,"+ Warming"
"18_2_XXW",0.493415956622773,"2010-2016",2010,2016,"XXW","ARTSCO-BISBIS","ARTSCO","BISBIS",1,"+ Warming"
"21_2_XXW",0.18007662835249,"2010-2016",2010,2016,"XXW","ARTSCO-BISBIS","ARTSCO","BISBIS",1,"+ Warming"
"38_3_XXW",0.79746835443038,"2010-2016",2010,2016,"XXW","ARTSCO-BISBIS","ARTSCO","BISBIS",1,"+ Warming"
"40_3_XXW",0.747222222222222,"2010-2016",2010,2016,"XXW","ARTSCO-BISBIS","ARTSCO","BISBIS",1,"+ Warming"
"8_1_XXW",1.28225806451613,"2010-2016",2010,2016,"XXW","ARTSCO-BISBIS","ARTSCO","BISBIS",1,"+ Warming"
"1_1_XXW",0.882736156351792,"2010-2016",2010,2016,"XXW","ARTSCO-CALLEP","ARTSCO","CALLEP",1,"+ Warming"
"18_2_XXW",0.767790262172285,"2010-2016",2010,2016,"XXW","ARTSCO-CALLEP","ARTSCO","CALLEP",1,"+ Warming"
"21_2_XXW",1,"2010-2016",2010,2016,"XXW","ARTSCO-CALLEP","ARTSCO","CALLEP",1,"+ Warming"
"38_3_XXW",1.54789272030651,"2010-2016",2010,2016,"XXW","ARTSCO-CALLEP","ARTSCO","CALLEP",1,"+ Warming"
"40_3_XXW",1.50268817204301,"2010-2016",2010,2016,"XXW","ARTSCO-CALLEP","ARTSCO","CALLEP",1,"+ Warming"
"8_1_XXW",1.32748538011696,"2010-2016",2010,2016,"XXW","ARTSCO-CALLEP","ARTSCO","CALLEP",1,"+ Warming"
"1_1_XXW",0.592039800995025,"2010-2016",2010,2016,"XXW","ARTSCO-CARSCO","ARTSCO","CARSCO",1,"+ Warming"
"18_2_XXW",1.05555555555556,"2010-2016",2010,2016,"XXW","ARTSCO-CARSCO","ARTSCO","CARSCO",1,"+ Warming"
"21_2_XXW",0.819209039548023,"2010-2016",2010,2016,"XXW","ARTSCO-CARSCO","ARTSCO","CARSCO",1,"+ Warming"
"38_3_XXW",0.632323232323232,"2010-2016",2010,2016,"XXW","ARTSCO-CARSCO","ARTSCO","CARSCO",1,"+ Warming"
"40_3_XXW",0.971870604781997,"2010-2016",2010,2016,"XXW","ARTSCO-CARSCO","ARTSCO","CARSCO",1,"+ Warming"
"8_1_XXW",0.727722772277228,"2010-2016",2010,2016,"XXW","ARTSCO-CARSCO","ARTSCO","CARSCO",1,"+ Warming"
"1_1_XXW",1.23438429506246,"2010-2016",2010,2016,"XXW","ARTSCO-DESCES","ARTSCO","DESCES",1,"+ Warming"
"18_2_XXW",1.26890203813281,"2010-2016",2010,2016,"XXW","ARTSCO-DESCES","ARTSCO","DESCES",1,"+ Warming"
"21_2_XXW",1.0850136239782,"2010-2016",2010,2016,"XXW","ARTSCO-DESCES","ARTSCO","DESCES",1,"+ Warming"
"38_3_XXW",0.777777777777778,"2010-2016",2010,2016,"XXW","ARTSCO-DESCES","ARTSCO","DESCES",1,"+ Warming"
"40_3_XXW",1.08277976494635,"2010-2016",2010,2016,"XXW","ARTSCO-DESCES","ARTSCO","DESCES",1,"+ Warming"
"8_1_XXW",0.967042636589073,"2010-2016",2010,2016,"XXW","ARTSCO-DESCES","ARTSCO","DESCES",1,"+ Warming"
"1_1_XXW",0.65990639625585,"2010-2016",2010,2016,"XXW","ARTSCO-GENALG","ARTSCO","GENALG",1,"+ Warming"
"18_2_XXW",0.825641025641026,"2010-2016",2010,2016,"XXW","ARTSCO-GENALG","ARTSCO","GENALG",1,"+ Warming"
"21_2_XXW",0.983529411764706,"2010-2016",2010,2016,"XXW","ARTSCO-GENALG","ARTSCO","GENALG",1,"+ Warming"
"38_3_XXW",0.782945736434109,"2010-2016",2010,2016,"XXW","ARTSCO-GENALG","ARTSCO","GENALG",1,"+ Warming"
"40_3_XXW",0.762419006479482,"2010-2016",2010,2016,"XXW","ARTSCO-GENALG","ARTSCO","GENALG",1,"+ Warming"
"8_1_XXW",0.901574803149606,"2010-2016",2010,2016,"XXW","ARTSCO-GENALG","ARTSCO","GENALG",1,"+ Warming"
"1_1_XXW",0.180645161290323,"2010-2016",2010,2016,"XXW","ARTSCO-GEUROS","ARTSCO","GEUROS",1,"+ Warming"
"18_2_XXW",1.53488372093023,"2010-2016",2010,2016,"XXW","ARTSCO-GEUROS","ARTSCO","GEUROS",1,"+ Warming"
"21_2_XXW",1.20215053763441,"2010-2016",2010,2016,"XXW","ARTSCO-GEUROS","ARTSCO","GEUROS",1,"+ Warming"
"38_3_XXW",0.817647058823529,"2010-2016",2010,2016,"XXW","ARTSCO-GEUROS","ARTSCO","GEUROS",1,"+ Warming"
"40_3_XXW",0.818390804597701,"2010-2016",2010,2016,"XXW","ARTSCO-GEUROS","ARTSCO","GEUROS",1,"+ Warming"
"8_1_XXW",1.08832807570978,"2010-2016",2010,2016,"XXW","ARTSCO-GEUROS","ARTSCO","GEUROS",1,"+ Warming"
"1_1_XXW",0.812182741116751,"2010-2016",2010,2016,"XXW","ARTSCO-TRIPAR","ARTSCO","TRIPAR",1,"+ Warming"
"18_2_XXW",1.43838862559242,"2010-2016",2010,2016,"XXW","ARTSCO-TRIPAR","ARTSCO","TRIPAR",1,"+ Warming"
"21_2_XXW",1.1031175059952,"2010-2016",2010,2016,"XXW","ARTSCO-TRIPAR","ARTSCO","TRIPAR",1,"+ Warming"
"38_3_XXW",1.36858006042296,"2010-2016",2010,2016,"XXW","ARTSCO-TRIPAR","ARTSCO","TRIPAR",1,"+ Warming"
"40_3_XXW",0.963056255247691,"2010-2016",2010,2016,"XXW","ARTSCO-TRIPAR","ARTSCO","TRIPAR",1,"+ Warming"
"8_1_XXW",0.892537313432836,"2010-2016",2010,2016,"XXW","ARTSCO-TRIPAR","ARTSCO","TRIPAR",1,"+ Warming"
"1_1_XXW",0.939086294416244,"2010-2016",2010,2016,"XXW","BISBIS-CALLEP","BISBIS","CALLEP",1,"+ Warming"
"18_2_XXW",1.19604316546763,"2010-2016",2010,2016,"XXW","BISBIS-CALLEP","BISBIS","CALLEP",1,"+ Warming"
"21_2_XXW",1,"2010-2016",2010,2016,"XXW","BISBIS-CALLEP","BISBIS","CALLEP",1,"+ Warming"
"38_3_XXW",0.624242424242424,"2010-2016",2010,2016,"XXW","BISBIS-CALLEP","BISBIS","CALLEP",1,"+ Warming"
"40_3_XXW",1.05072463768116,"2010-2016",2010,2016,"XXW","BISBIS-CALLEP","BISBIS","CALLEP",1,"+ Warming"
"8_1_XXW",1.06666666666667,"2010-2016",2010,2016,"XXW","BISBIS-CALLEP","BISBIS","CALLEP",1,"+ Warming"
"1_1_XXW",0.674351585014409,"2010-2016",2010,2016,"XXW","BISBIS-CARSCO","BISBIS","CARSCO",1,"+ Warming"
"18_2_XXW",1.17550274223035,"2010-2016",2010,2016,"XXW","BISBIS-CARSCO","BISBIS","CARSCO",1,"+ Warming"
"21_2_XXW",1.42787682333874,"2010-2016",2010,2016,"XXW","BISBIS-CARSCO","BISBIS","CARSCO",1,"+ Warming"
"38_3_XXW",1.10144927536232,"2010-2016",2010,2016,"XXW","BISBIS-CARSCO","BISBIS","CARSCO",1,"+ Warming"
"40_3_XXW",1.31687242798354,"2010-2016",2010,2016,"XXW","BISBIS-CARSCO","BISBIS","CARSCO",1,"+ Warming"
"8_1_XXW",0.485294117647059,"2010-2016",2010,2016,"XXW","BISBIS-CARSCO","BISBIS","CARSCO",1,"+ Warming"
"1_1_XXW",0.851168511685117,"2010-2016",2010,2016,"XXW","BISBIS-DESCES","BISBIS","DESCES",1,"+ Warming"
"18_2_XXW",0.542387395101901,"2010-2016",2010,2016,"XXW","BISBIS-DESCES","BISBIS","DESCES",1,"+ Warming"
"21_2_XXW",0.976115650534255,"2010-2016",2010,2016,"XXW","BISBIS-DESCES","BISBIS","DESCES",1,"+ Warming"
"38_3_XXW",0.981012658227848,"2010-2016",2010,2016,"XXW","BISBIS-DESCES","BISBIS","DESCES",1,"+ Warming"
"40_3_XXW",0.939130434782609,"2010-2016",2010,2016,"XXW","BISBIS-DESCES","BISBIS","DESCES",1,"+ Warming"
"8_1_XXW",0.968476075593084,"2010-2016",2010,2016,"XXW","BISBIS-DESCES","BISBIS","DESCES",1,"+ Warming"
"1_1_XXW",0.938242280285036,"2010-2016",2010,2016,"XXW","BISBIS-GENALG","BISBIS","GENALG",1,"+ Warming"
"18_2_XXW",1.2803738317757,"2010-2016",2010,2016,"XXW","BISBIS-GENALG","BISBIS","GENALG",1,"+ Warming"
"21_2_XXW",1.15469613259669,"2010-2016",2010,2016,"XXW","BISBIS-GENALG","BISBIS","GENALG",1,"+ Warming"
"38_3_XXW",0.911949685534591,"2010-2016",2010,2016,"XXW","BISBIS-GENALG","BISBIS","GENALG",1,"+ Warming"
"40_3_XXW",1.33624454148472,"2010-2016",2010,2016,"XXW","BISBIS-GENALG","BISBIS","GENALG",1,"+ Warming"
"8_1_XXW",0.925531914893617,"2010-2016",2010,2016,"XXW","BISBIS-GENALG","BISBIS","GENALG",1,"+ Warming"
"1_1_XXW",0.570731707317073,"2010-2016",2010,2016,"XXW","BISBIS-GEUROS","BISBIS","GEUROS",1,"+ Warming"
"18_2_XXW",0.807250221043324,"2010-2016",2010,2016,"XXW","BISBIS-GEUROS","BISBIS","GEUROS",1,"+ Warming"
"21_2_XXW",0.552036199095023,"2010-2016",2010,2016,"XXW","BISBIS-GEUROS","BISBIS","GEUROS",1,"+ Warming"
"38_3_XXW",0.928792569659443,"2010-2016",2010,2016,"XXW","BISBIS-GEUROS","BISBIS","GEUROS",1,"+ Warming"
"40_3_XXW",1.76616915422886,"2010-2016",2010,2016,"XXW","BISBIS-GEUROS","BISBIS","GEUROS",1,"+ Warming"
"8_1_XXW",0.963133640552996,"2010-2016",2010,2016,"XXW","BISBIS-GEUROS","BISBIS","GEUROS",1,"+ Warming"
"1_1_XXW",0.732394366197183,"2010-2016",2010,2016,"XXW","BISBIS-TRIPAR","BISBIS","TRIPAR",1,"+ Warming"
"18_2_XXW",0.943238731218698,"2010-2016",2010,2016,"XXW","BISBIS-TRIPAR","BISBIS","TRIPAR",1,"+ Warming"
"21_2_XXW",0.687861271676301,"2010-2016",2010,2016,"XXW","BISBIS-TRIPAR","BISBIS","TRIPAR",1,"+ Warming"
"38_3_XXW",1.07213114754098,"2010-2016",2010,2016,"XXW","BISBIS-TRIPAR","BISBIS","TRIPAR",1,"+ Warming"
"40_3_XXW",1.05490196078431,"2010-2016",2010,2016,"XXW","BISBIS-TRIPAR","BISBIS","TRIPAR",1,"+ Warming"
"8_1_XXW",0.973977695167286,"2010-2016",2010,2016,"XXW","BISBIS-TRIPAR","BISBIS","TRIPAR",1,"+ Warming"
"1_1_XXW",1.01590457256461,"2010-2016",2010,2016,"XXW","CALLEP-CARSCO","CALLEP","CARSCO",1,"+ Warming"
"18_2_XXW",0.543859649122807,"2010-2016",2010,2016,"XXW","CALLEP-CARSCO","CALLEP","CARSCO",1,"+ Warming"
"21_2_XXW",1,"2010-2016",2010,2016,"XXW","CALLEP-CARSCO","CALLEP","CARSCO",1,"+ Warming"
"38_3_XXW",0.392452830188679,"2010-2016",2010,2016,"XXW","CALLEP-CARSCO","CALLEP","CARSCO",1,"+ Warming"
"40_3_XXW",1.32209737827715,"2010-2016",2010,2016,"XXW","CALLEP-CARSCO","CALLEP","CARSCO",1,"+ Warming"
"8_1_XXW",0.76271186440678,"2010-2016",2010,2016,"XXW","CALLEP-CARSCO","CALLEP","CARSCO",1,"+ Warming"
"1_1_XXW",0.955570075138844,"2010-2016",2010,2016,"XXW","CALLEP-DESCES","CALLEP","DESCES",1,"+ Warming"
"18_2_XXW",0.98130491680688,"2010-2016",2010,2016,"XXW","CALLEP-DESCES","CALLEP","DESCES",1,"+ Warming"
"21_2_XXW",1,"2010-2016",2010,2016,"XXW","CALLEP-DESCES","CALLEP","DESCES",1,"+ Warming"
"38_3_XXW",1.07255813953488,"2010-2016",2010,2016,"XXW","CALLEP-DESCES","CALLEP","DESCES",1,"+ Warming"
"40_3_XXW",1.07881906825569,"2010-2016",2010,2016,"XXW","CALLEP-DESCES","CALLEP","DESCES",1,"+ Warming"
"8_1_XXW",0.951286615957275,"2010-2016",2010,2016,"XXW","CALLEP-DESCES","CALLEP","DESCES",1,"+ Warming"
"1_1_XXW",1.51282051282051,"2010-2016",2010,2016,"XXW","CALLEP-GENALG","CALLEP","GENALG",1,"+ Warming"
"18_2_XXW",1.4,"2010-2016",2010,2016,"XXW","CALLEP-GENALG","CALLEP","GENALG",1,"+ Warming"
"21_2_XXW",1,"2010-2016",2010,2016,"XXW","CALLEP-GENALG","CALLEP","GENALG",1,"+ Warming"
"38_3_XXW",1.26923076923077,"2010-2016",2010,2016,"XXW","CALLEP-GENALG","CALLEP","GENALG",1,"+ Warming"
"40_3_XXW",0.406639004149378,"2010-2016",2010,2016,"XXW","CALLEP-GENALG","CALLEP","GENALG",1,"+ Warming"
"8_1_XXW",1.31531531531532,"2010-2016",2010,2016,"XXW","CALLEP-GENALG","CALLEP","GENALG",1,"+ Warming"
"1_1_XXW",1.05723370429253,"2010-2016",2010,2016,"XXW","CALLEP-GEUROS","CALLEP","GEUROS",1,"+ Warming"
"18_2_XXW",0.728549141965679,"2010-2016",2010,2016,"XXW","CALLEP-GEUROS","CALLEP","GEUROS",1,"+ Warming"
"21_2_XXW",1,"2010-2016",2010,2016,"XXW","CALLEP-GEUROS","CALLEP","GEUROS",1,"+ Warming"
"38_3_XXW",1.07111111111111,"2010-2016",2010,2016,"XXW","CALLEP-GEUROS","CALLEP","GEUROS",1,"+ Warming"
"40_3_XXW",0.981220657276995,"2010-2016",2010,2016,"XXW","CALLEP-GEUROS","CALLEP","GEUROS",1,"+ Warming"
"8_1_XXW",1.09708737864078,"2010-2016",2010,2016,"XXW","CALLEP-GEUROS","CALLEP","GEUROS",1,"+ Warming"
"1_1_XXW",1.25806451612903,"2010-2016",2010,2016,"XXW","CALLEP-TRIPAR","CALLEP","TRIPAR",1,"+ Warming"
"18_2_XXW",0.73394495412844,"2010-2016",2010,2016,"XXW","CALLEP-TRIPAR","CALLEP","TRIPAR",1,"+ Warming"
"21_2_XXW",1,"2010-2016",2010,2016,"XXW","CALLEP-TRIPAR","CALLEP","TRIPAR",1,"+ Warming"
"38_3_XXW",0.99537037037037,"2010-2016",2010,2016,"XXW","CALLEP-TRIPAR","CALLEP","TRIPAR",1,"+ Warming"
"40_3_XXW",0.894389438943894,"2010-2016",2010,2016,"XXW","CALLEP-TRIPAR","CALLEP","TRIPAR",1,"+ Warming"
"8_1_XXW",0.854166666666667,"2010-2016",2010,2016,"XXW","CALLEP-TRIPAR","CALLEP","TRIPAR",1,"+ Warming"
"1_1_XXW",1.00674536256324,"2010-2016",2010,2016,"XXW","CARSCO-DESCES","CARSCO","DESCES",1,"+ Warming"
"18_2_XXW",0.933333333333333,"2010-2016",2010,2016,"XXW","CARSCO-DESCES","CARSCO","DESCES",1,"+ Warming"
"21_2_XXW",0.964900323734878,"2010-2016",2010,2016,"XXW","CARSCO-DESCES","CARSCO","DESCES",1,"+ Warming"
"38_3_XXW",0.659351145038168,"2010-2016",2010,2016,"XXW","CARSCO-DESCES","CARSCO","DESCES",1,"+ Warming"
"40_3_XXW",0.812134403482519,"2010-2016",2010,2016,"XXW","CARSCO-DESCES","CARSCO","DESCES",1,"+ Warming"
"8_1_XXW",0.990313988215352,"2010-2016",2010,2016,"XXW","CARSCO-DESCES","CARSCO","DESCES",1,"+ Warming"
"1_1_XXW",1.07550822846079,"2010-2016",2010,2016,"XXW","CARSCO-GENALG","CARSCO","GENALG",1,"+ Warming"
"18_2_XXW",1.33333333333333,"2010-2016",2010,2016,"XXW","CARSCO-GENALG","CARSCO","GENALG",1,"+ Warming"
"21_2_XXW",1.42794759825327,"2010-2016",2010,2016,"XXW","CARSCO-GENALG","CARSCO","GENALG",1,"+ Warming"
"38_3_XXW",0.594594594594595,"2010-2016",2010,2016,"XXW","CARSCO-GENALG","CARSCO","GENALG",1,"+ Warming"
"40_3_XXW",1.12026726057906,"2010-2016",2010,2016,"XXW","CARSCO-GENALG","CARSCO","GENALG",1,"+ Warming"
"8_1_XXW",0.78169014084507,"2010-2016",2010,2016,"XXW","CARSCO-GENALG","CARSCO","GENALG",1,"+ Warming"
"1_1_XXW",1.25399644760213,"2010-2016",2010,2016,"XXW","CARSCO-GEUROS","CARSCO","GEUROS",1,"+ Warming"
"18_2_XXW",1.25949367088608,"2010-2016",2010,2016,"XXW","CARSCO-GEUROS","CARSCO","GEUROS",1,"+ Warming"
"21_2_XXW",0.691516709511568,"2010-2016",2010,2016,"XXW","CARSCO-GEUROS","CARSCO","GEUROS",1,"+ Warming"
"38_3_XXW",1.62884160756501,"2010-2016",2010,2016,"XXW","CARSCO-GEUROS","CARSCO","GEUROS",1,"+ Warming"
"40_3_XXW",1.53944020356234,"2010-2016",2010,2016,"XXW","CARSCO-GEUROS","CARSCO","GEUROS",1,"+ Warming"
"8_1_XXW",1.20909708078751,"2010-2016",2010,2016,"XXW","CARSCO-GEUROS","CARSCO","GEUROS",1,"+ Warming"
"1_1_XXW",1.1728813559322,"2010-2016",2010,2016,"XXW","CARSCO-TRIPAR","CARSCO","TRIPAR",1,"+ Warming"
"18_2_XXW",1.04,"2010-2016",2010,2016,"XXW","CARSCO-TRIPAR","CARSCO","TRIPAR",1,"+ Warming"
"21_2_XXW",0.654822335025381,"2010-2016",2010,2016,"XXW","CARSCO-TRIPAR","CARSCO","TRIPAR",1,"+ Warming"
"38_3_XXW",1,"2010-2016",2010,2016,"XXW","CARSCO-TRIPAR","CARSCO","TRIPAR",1,"+ Warming"
"40_3_XXW",0.915611814345992,"2010-2016",2010,2016,"XXW","CARSCO-TRIPAR","CARSCO","TRIPAR",1,"+ Warming"
"8_1_XXW",1.22421524663677,"2010-2016",2010,2016,"XXW","CARSCO-TRIPAR","CARSCO","TRIPAR",1,"+ Warming"
"1_1_XXW",0.873150105708245,"2010-2016",2010,2016,"XXW","DESCES-GENALG","DESCES","GENALG",1,"+ Warming"
"18_2_XXW",0.918918918918919,"2010-2016",2010,2016,"XXW","DESCES-GENALG","DESCES","GENALG",1,"+ Warming"
"21_2_XXW",0.765729585006693,"2010-2016",2010,2016,"XXW","DESCES-GENALG","DESCES","GENALG",1,"+ Warming"
"38_3_XXW",1.09822263797942,"2010-2016",2010,2016,"XXW","DESCES-GENALG","DESCES","GENALG",1,"+ Warming"
"40_3_XXW",0.719534760771874,"2010-2016",2010,2016,"XXW","DESCES-GENALG","DESCES","GENALG",1,"+ Warming"
"8_1_XXW",0.947431878466361,"2010-2016",2010,2016,"XXW","DESCES-GENALG","DESCES","GENALG",1,"+ Warming"
"1_1_XXW",0.713897937024973,"2010-2016",2010,2016,"XXW","DESCES-GEUROS","DESCES","GEUROS",1,"+ Warming"
"18_2_XXW",0.882511816340311,"2010-2016",2010,2016,"XXW","DESCES-GEUROS","DESCES","GEUROS",1,"+ Warming"
"21_2_XXW",0.841590612777054,"2010-2016",2010,2016,"XXW","DESCES-GEUROS","DESCES","GEUROS",1,"+ Warming"
"38_3_XXW",0.561232765612328,"2010-2016",2010,2016,"XXW","DESCES-GEUROS","DESCES","GEUROS",1,"+ Warming"
"40_3_XXW",0.771770972037284,"2010-2016",2010,2016,"XXW","DESCES-GEUROS","DESCES","GEUROS",1,"+ Warming"
"8_1_XXW",0.542550101655533,"2010-2016",2010,2016,"XXW","DESCES-GEUROS","DESCES","GEUROS",1,"+ Warming"
"1_1_XXW",0.938373570520966,"2010-2016",2010,2016,"XXW","DESCES-TRIPAR","DESCES","TRIPAR",1,"+ Warming"
"18_2_XXW",1.04859050445104,"2010-2016",2010,2016,"XXW","DESCES-TRIPAR","DESCES","TRIPAR",1,"+ Warming"
"21_2_XXW",0.926648721399731,"2010-2016",2010,2016,"XXW","DESCES-TRIPAR","DESCES","TRIPAR",1,"+ Warming"
"38_3_XXW",0.465020576131687,"2010-2016",2010,2016,"XXW","DESCES-TRIPAR","DESCES","TRIPAR",1,"+ Warming"
"40_3_XXW",1.00124386704443,"2010-2016",2010,2016,"XXW","DESCES-TRIPAR","DESCES","TRIPAR",1,"+ Warming"
"8_1_XXW",0.970452004472129,"2010-2016",2010,2016,"XXW","DESCES-TRIPAR","DESCES","TRIPAR",1,"+ Warming"
"1_1_XXW",1.22412451361868,"2010-2016",2010,2016,"XXW","GENALG-GEUROS","GENALG","GEUROS",1,"+ Warming"
"18_2_XXW",0.941935483870968,"2010-2016",2010,2016,"XXW","GENALG-GEUROS","GENALG","GEUROS",1,"+ Warming"
"21_2_XXW",1.11290322580645,"2010-2016",2010,2016,"XXW","GENALG-GEUROS","GENALG","GEUROS",1,"+ Warming"
"38_3_XXW",0.873873873873874,"2010-2016",2010,2016,"XXW","GENALG-GEUROS","GENALG","GEUROS",1,"+ Warming"
"40_3_XXW",1.51973684210526,"2010-2016",2010,2016,"XXW","GENALG-GEUROS","GENALG","GEUROS",1,"+ Warming"
"8_1_XXW",1.0183606557377,"2010-2016",2010,2016,"XXW","GENALG-GEUROS","GENALG","GEUROS",1,"+ Warming"
"1_1_XXW",1.11267605633803,"2010-2016",2010,2016,"XXW","GENALG-TRIPAR","GENALG","TRIPAR",1,"+ Warming"
"18_2_XXW",0.772727272727273,"2010-2016",2010,2016,"XXW","GENALG-TRIPAR","GENALG","TRIPAR",1,"+ Warming"
"21_2_XXW",0.631578947368421,"2010-2016",2010,2016,"XXW","GENALG-TRIPAR","GENALG","TRIPAR",1,"+ Warming"
"38_3_XXW",0.901408450704225,"2010-2016",2010,2016,"XXW","GENALG-TRIPAR","GENALG","TRIPAR",1,"+ Warming"
"40_3_XXW",1.02698650674663,"2010-2016",2010,2016,"XXW","GENALG-TRIPAR","GENALG","TRIPAR",1,"+ Warming"
"8_1_XXW",0.909090909090909,"2010-2016",2010,2016,"XXW","GENALG-TRIPAR","GENALG","TRIPAR",1,"+ Warming"
"1_1_XXW",1.08379888268156,"2010-2016",2010,2016,"XXW","GEUROS-TRIPAR","GEUROS","TRIPAR",1,"+ Warming"
"18_2_XXW",1.0233918128655,"2010-2016",2010,2016,"XXW","GEUROS-TRIPAR","GEUROS","TRIPAR",1,"+ Warming"
"21_2_XXW",1.55172413793103,"2010-2016",2010,2016,"XXW","GEUROS-TRIPAR","GEUROS","TRIPAR",1,"+ Warming"
"38_3_XXW",0.816949152542373,"2010-2016",2010,2016,"XXW","GEUROS-TRIPAR","GEUROS","TRIPAR",1,"+ Warming"
"40_3_XXW",1.01801801801802,"2010-2016",2010,2016,"XXW","GEUROS-TRIPAR","GEUROS","TRIPAR",1,"+ Warming"
"8_1_XXW",1,"2010-2016",2010,2016,"XXW","GEUROS-TRIPAR","GEUROS","TRIPAR",1,"+ Warming"
"1_1_XXW",1.25099601593625,"2011-2017",2011,2017,"XXW","ARTSCO-BISBIS","ARTSCO","BISBIS",1,"+ Warming"
"18_2_XXW",0.3047711781889,"2011-2017",2011,2017,"XXW","ARTSCO-BISBIS","ARTSCO","BISBIS",1,"+ Warming"
"21_2_XXW",0.359223300970874,"2011-2017",2011,2017,"XXW","ARTSCO-BISBIS","ARTSCO","BISBIS",1,"+ Warming"
"38_3_XXW",0.755813953488372,"2011-2017",2011,2017,"XXW","ARTSCO-BISBIS","ARTSCO","BISBIS",1,"+ Warming"
"40_3_XXW",0.863216266173752,"2011-2017",2011,2017,"XXW","ARTSCO-BISBIS","ARTSCO","BISBIS",1,"+ Warming"
"8_1_XXW",1.13513513513514,"2011-2017",2011,2017,"XXW","ARTSCO-BISBIS","ARTSCO","BISBIS",1,"+ Warming"
"1_1_XXW",0.876651982378855,"2011-2017",2011,2017,"XXW","ARTSCO-CALLEP","ARTSCO","CALLEP",1,"+ Warming"
"18_2_XXW",0.840909090909091,"2011-2017",2011,2017,"XXW","ARTSCO-CALLEP","ARTSCO","CALLEP",1,"+ Warming"
"21_2_XXW",1,"2011-2017",2011,2017,"XXW","ARTSCO-CALLEP","ARTSCO","CALLEP",1,"+ Warming"
"38_3_XXW",1.60950764006791,"2011-2017",2011,2017,"XXW","ARTSCO-CALLEP","ARTSCO","CALLEP",1,"+ Warming"
"40_3_XXW",1.39522058823529,"2011-2017",2011,2017,"XXW","ARTSCO-CALLEP","ARTSCO","CALLEP",1,"+ Warming"
"8_1_XXW",1.23841059602649,"2011-2017",2011,2017,"XXW","ARTSCO-CALLEP","ARTSCO","CALLEP",1,"+ Warming"
"1_1_XXW",1.26751592356688,"2011-2017",2011,2017,"XXW","ARTSCO-CARSCO","ARTSCO","CARSCO",1,"+ Warming"
"18_2_XXW",1,"2011-2017",2011,2017,"XXW","ARTSCO-CARSCO","ARTSCO","CARSCO",1,"+ Warming"
"21_2_XXW",0.927162367223065,"2011-2017",2011,2017,"XXW","ARTSCO-CARSCO","ARTSCO","CARSCO",1,"+ Warming"
"38_3_XXW",0.737037037037037,"2011-2017",2011,2017,"XXW","ARTSCO-CARSCO","ARTSCO","CARSCO",1,"+ Warming"
"40_3_XXW",0.65123595505618,"2011-2017",2011,2017,"XXW","ARTSCO-CARSCO","ARTSCO","CARSCO",1,"+ Warming"
"8_1_XXW",0.885542168674699,"2011-2017",2011,2017,"XXW","ARTSCO-CARSCO","ARTSCO","CARSCO",1,"+ Warming"
"1_1_XXW",1.0536398467433,"2011-2017",2011,2017,"XXW","ARTSCO-DESCES","ARTSCO","DESCES",1,"+ Warming"
"18_2_XXW",1.20613496932515,"2011-2017",2011,2017,"XXW","ARTSCO-DESCES","ARTSCO","DESCES",1,"+ Warming"
"21_2_XXW",0.815048339638504,"2011-2017",2011,2017,"XXW","ARTSCO-DESCES","ARTSCO","DESCES",1,"+ Warming"
"38_3_XXW",0.778305621536025,"2011-2017",2011,2017,"XXW","ARTSCO-DESCES","ARTSCO","DESCES",1,"+ Warming"
"40_3_XXW",1.06806538180044,"2011-2017",2011,2017,"XXW","ARTSCO-DESCES","ARTSCO","DESCES",1,"+ Warming"
"8_1_XXW",1.01152099257782,"2011-2017",2011,2017,"XXW","ARTSCO-DESCES","ARTSCO","DESCES",1,"+ Warming"
"1_1_XXW",0.621621621621622,"2011-2017",2011,2017,"XXW","ARTSCO-GENALG","ARTSCO","GENALG",1,"+ Warming"
"18_2_XXW",0.782945736434108,"2011-2017",2011,2017,"XXW","ARTSCO-GENALG","ARTSCO","GENALG",1,"+ Warming"
"21_2_XXW",1.24943921040825,"2011-2017",2011,2017,"XXW","ARTSCO-GENALG","ARTSCO","GENALG",1,"+ Warming"
"38_3_XXW",0.726296958855098,"2011-2017",2011,2017,"XXW","ARTSCO-GENALG","ARTSCO","GENALG",1,"+ Warming"
"40_3_XXW",1.00154320987654,"2011-2017",2011,2017,"XXW","ARTSCO-GENALG","ARTSCO","GENALG",1,"+ Warming"
"8_1_XXW",0.7578125,"2011-2017",2011,2017,"XXW","ARTSCO-GENALG","ARTSCO","GENALG",1,"+ Warming"
"1_1_XXW",0.232620320855615,"2011-2017",2011,2017,"XXW","ARTSCO-GEUROS","ARTSCO","GEUROS",1,"+ Warming"
"18_2_XXW",1.52051282051282,"2011-2017",2011,2017,"XXW","ARTSCO-GEUROS","ARTSCO","GEUROS",1,"+ Warming"
"21_2_XXW",1.33941605839416,"2011-2017",2011,2017,"XXW","ARTSCO-GEUROS","ARTSCO","GEUROS",1,"+ Warming"
"38_3_XXW",0.68414779499404,"2011-2017",2011,2017,"XXW","ARTSCO-GEUROS","ARTSCO","GEUROS",1,"+ Warming"
"40_3_XXW",0.751592356687898,"2011-2017",2011,2017,"XXW","ARTSCO-GEUROS","ARTSCO","GEUROS",1,"+ Warming"
"8_1_XXW",1.10721123165284,"2011-2017",2011,2017,"XXW","ARTSCO-GEUROS","ARTSCO","GEUROS",1,"+ Warming"
"1_1_XXW",1.29032258064516,"2011-2017",2011,2017,"XXW","ARTSCO-TRIPAR","ARTSCO","TRIPAR",1,"+ Warming"
"18_2_XXW",1.23863636363636,"2011-2017",2011,2017,"XXW","ARTSCO-TRIPAR","ARTSCO","TRIPAR",1,"+ Warming"
"21_2_XXW",1.13060428849903,"2011-2017",2011,2017,"XXW","ARTSCO-TRIPAR","ARTSCO","TRIPAR",1,"+ Warming"
"38_3_XXW",1.44728434504792,"2011-2017",2011,2017,"XXW","ARTSCO-TRIPAR","ARTSCO","TRIPAR",1,"+ Warming"
"40_3_XXW",1,"2011-2017",2011,2017,"XXW","ARTSCO-TRIPAR","ARTSCO","TRIPAR",1,"+ Warming"
"8_1_XXW",0.832869080779944,"2011-2017",2011,2017,"XXW","ARTSCO-TRIPAR","ARTSCO","TRIPAR",1,"+ Warming"
"1_1_XXW",1.04270462633452,"2011-2017",2011,2017,"XXW","BISBIS-CALLEP","BISBIS","CALLEP",1,"+ Warming"
"18_2_XXW",1.22669104204753,"2011-2017",2011,2017,"XXW","BISBIS-CALLEP","BISBIS","CALLEP",1,"+ Warming"
"21_2_XXW",1,"2011-2017",2011,2017,"XXW","BISBIS-CALLEP","BISBIS","CALLEP",1,"+ Warming"
"38_3_XXW",0.512437810945274,"2011-2017",2011,2017,"XXW","BISBIS-CALLEP","BISBIS","CALLEP",1,"+ Warming"
"40_3_XXW",1.19834710743802,"2011-2017",2011,2017,"XXW","BISBIS-CALLEP","BISBIS","CALLEP",1,"+ Warming"
"8_1_XXW",0.989473684210526,"2011-2017",2011,2017,"XXW","BISBIS-CALLEP","BISBIS","CALLEP",1,"+ Warming"
"1_1_XXW",0.49266862170088,"2011-2017",2011,2017,"XXW","BISBIS-CARSCO","BISBIS","CARSCO",1,"+ Warming"
"18_2_XXW",1.15722120658135,"2011-2017",2011,2017,"XXW","BISBIS-CARSCO","BISBIS","CARSCO",1,"+ Warming"
"21_2_XXW",1.42787682333874,"2011-2017",2011,2017,"XXW","BISBIS-CARSCO","BISBIS","CARSCO",1,"+ Warming"
"38_3_XXW",1,"2011-2017",2011,2017,"XXW","BISBIS-CARSCO","BISBIS","CARSCO",1,"+ Warming"
"40_3_XXW",1.39774859287054,"2011-2017",2011,2017,"XXW","BISBIS-CARSCO","BISBIS","CARSCO",1,"+ Warming"
"8_1_XXW",0.727272727272727,"2011-2017",2011,2017,"XXW","BISBIS-CARSCO","BISBIS","CARSCO",1,"+ Warming"
"1_1_XXW",0.895166352793471,"2011-2017",2011,2017,"XXW","BISBIS-DESCES","BISBIS","DESCES",1,"+ Warming"
"18_2_XXW",0.602079828719988,"2011-2017",2011,2017,"XXW","BISBIS-DESCES","BISBIS","DESCES",1,"+ Warming"
"21_2_XXW",0.967631191760667,"2011-2017",2011,2017,"XXW","BISBIS-DESCES","BISBIS","DESCES",1,"+ Warming"
"38_3_XXW",1.008,"2011-2017",2011,2017,"XXW","BISBIS-DESCES","BISBIS","DESCES",1,"+ Warming"
"40_3_XXW",0.936615886833515,"2011-2017",2011,2017,"XXW","BISBIS-DESCES","BISBIS","DESCES",1,"+ Warming"
"8_1_XXW",1.00713409876268,"2011-2017",2011,2017,"XXW","BISBIS-DESCES","BISBIS","DESCES",1,"+ Warming"
"1_1_XXW",1.13921901528014,"2011-2017",2011,2017,"XXW","BISBIS-GENALG","BISBIS","GENALG",1,"+ Warming"
"18_2_XXW",1.2803738317757,"2011-2017",2011,2017,"XXW","BISBIS-GENALG","BISBIS","GENALG",1,"+ Warming"
"21_2_XXW",1.17491369390104,"2011-2017",2011,2017,"XXW","BISBIS-GENALG","BISBIS","GENALG",1,"+ Warming"
"38_3_XXW",1.04093567251462,"2011-2017",2011,2017,"XXW","BISBIS-GENALG","BISBIS","GENALG",1,"+ Warming"
"40_3_XXW",1.28888888888889,"2011-2017",2011,2017,"XXW","BISBIS-GENALG","BISBIS","GENALG",1,"+ Warming"
"8_1_XXW",0.96,"2011-2017",2011,2017,"XXW","BISBIS-GENALG","BISBIS","GENALG",1,"+ Warming"
"1_1_XXW",0.763092269326683,"2011-2017",2011,2017,"XXW","BISBIS-GEUROS","BISBIS","GEUROS",1,"+ Warming"
"18_2_XXW",0.81760607979734,"2011-2017",2011,2017,"XXW","BISBIS-GEUROS","BISBIS","GEUROS",1,"+ Warming"
"21_2_XXW",0.504807692307692,"2011-2017",2011,2017,"XXW","BISBIS-GEUROS","BISBIS","GEUROS",1,"+ Warming"
"38_3_XXW",1.0310421286031,"2011-2017",2011,2017,"XXW","BISBIS-GEUROS","BISBIS","GEUROS",1,"+ Warming"
"40_3_XXW",1.73170731707317,"2011-2017",2011,2017,"XXW","BISBIS-GEUROS","BISBIS","GEUROS",1,"+ Warming"
"8_1_XXW",1,"2011-2017",2011,2017,"XXW","BISBIS-GEUROS","BISBIS","GEUROS",1,"+ Warming"
"1_1_XXW",0.426229508196721,"2011-2017",2011,2017,"XXW","BISBIS-TRIPAR","BISBIS","TRIPAR",1,"+ Warming"
"18_2_XXW",0.90127970749543,"2011-2017",2011,2017,"XXW","BISBIS-TRIPAR","BISBIS","TRIPAR",1,"+ Warming"
"21_2_XXW",0.687861271676301,"2011-2017",2011,2017,"XXW","BISBIS-TRIPAR","BISBIS","TRIPAR",1,"+ Warming"
"38_3_XXW",0.911764705882353,"2011-2017",2011,2017,"XXW","BISBIS-TRIPAR","BISBIS","TRIPAR",1,"+ Warming"
"40_3_XXW",1,"2011-2017",2011,2017,"XXW","BISBIS-TRIPAR","BISBIS","TRIPAR",1,"+ Warming"
"8_1_XXW",0.712871287128713,"2011-2017",2011,2017,"XXW","BISBIS-TRIPAR","BISBIS","TRIPAR",1,"+ Warming"
"1_1_XXW",0.901719901719902,"2011-2017",2011,2017,"XXW","CALLEP-CARSCO","CALLEP","CARSCO",1,"+ Warming"
"18_2_XXW",0.583333333333333,"2011-2017",2011,2017,"XXW","CALLEP-CARSCO","CALLEP","CARSCO",1,"+ Warming"
"21_2_XXW",1,"2011-2017",2011,2017,"XXW","CALLEP-CARSCO","CALLEP","CARSCO",1,"+ Warming"
"38_3_XXW",0.630225080385852,"2011-2017",2011,2017,"XXW","CALLEP-CARSCO","CALLEP","CARSCO",1,"+ Warming"
"40_3_XXW",0.911926605504587,"2011-2017",2011,2017,"XXW","CALLEP-CARSCO","CALLEP","CARSCO",1,"+ Warming"
"8_1_XXW",1.15384615384615,"2011-2017",2011,2017,"XXW","CALLEP-CARSCO","CALLEP","CARSCO",1,"+ Warming"
"1_1_XXW",0.97389213328753,"2011-2017",2011,2017,"XXW","CALLEP-DESCES","CALLEP","DESCES",1,"+ Warming"
"18_2_XXW",1.00132450331126,"2011-2017",2011,2017,"XXW","CALLEP-DESCES","CALLEP","DESCES",1,"+ Warming"
"21_2_XXW",1,"2011-2017",2011,2017,"XXW","CALLEP-DESCES","CALLEP","DESCES",1,"+ Warming"
"38_3_XXW",1.12862669245648,"2011-2017",2011,2017,"XXW","CALLEP-DESCES","CALLEP","DESCES",1,"+ Warming"
"40_3_XXW",1.08154389779831,"2011-2017",2011,2017,"XXW","CALLEP-DESCES","CALLEP","DESCES",1,"+ Warming"
"8_1_XXW",0.957977528089888,"2011-2017",2011,2017,"XXW","CALLEP-DESCES","CALLEP","DESCES",1,"+ Warming"
"1_1_XXW",1.51282051282051,"2011-2017",2011,2017,"XXW","CALLEP-GENALG","CALLEP","GENALG",1,"+ Warming"
"18_2_XXW",1.33333333333333,"2011-2017",2011,2017,"XXW","CALLEP-GENALG","CALLEP","GENALG",1,"+ Warming"
"21_2_XXW",1,"2011-2017",2011,2017,"XXW","CALLEP-GENALG","CALLEP","GENALG",1,"+ Warming"
"38_3_XXW",1.12121212121212,"2011-2017",2011,2017,"XXW","CALLEP-GENALG","CALLEP","GENALG",1,"+ Warming"
"40_3_XXW",0.543859649122807,"2011-2017",2011,2017,"XXW","CALLEP-GENALG","CALLEP","GENALG",1,"+ Warming"
"8_1_XXW",1.29457364341085,"2011-2017",2011,2017,"XXW","CALLEP-GENALG","CALLEP","GENALG",1,"+ Warming"
"1_1_XXW",1.04554079696395,"2011-2017",2011,2017,"XXW","CALLEP-GEUROS","CALLEP","GEUROS",1,"+ Warming"
"18_2_XXW",0.788888888888889,"2011-2017",2011,2017,"XXW","CALLEP-GEUROS","CALLEP","GEUROS",1,"+ Warming"
"21_2_XXW",1,"2011-2017",2011,2017,"XXW","CALLEP-GEUROS","CALLEP","GEUROS",1,"+ Warming"
"38_3_XXW",0.755737704918033,"2011-2017",2011,2017,"XXW","CALLEP-GEUROS","CALLEP","GEUROS",1,"+ Warming"
"40_3_XXW",0.956730769230769,"2011-2017",2011,2017,"XXW","CALLEP-GEUROS","CALLEP","GEUROS",1,"+ Warming"
"8_1_XXW",1.11666666666667,"2011-2017",2011,2017,"XXW","CALLEP-GEUROS","CALLEP","GEUROS",1,"+ Warming"
"1_1_XXW",1,"2011-2017",2011,2017,"XXW","CALLEP-TRIPAR","CALLEP","TRIPAR",1,"+ Warming"
"18_2_XXW",1.45833333333333,"2011-2017",2011,2017,"XXW","CALLEP-TRIPAR","CALLEP","TRIPAR",1,"+ Warming"
"21_2_XXW",1,"2011-2017",2011,2017,"XXW","CALLEP-TRIPAR","CALLEP","TRIPAR",1,"+ Warming"
"38_3_XXW",0.982367758186398,"2011-2017",2011,2017,"XXW","CALLEP-TRIPAR","CALLEP","TRIPAR",1,"+ Warming"
"40_3_XXW",1,"2011-2017",2011,2017,"XXW","CALLEP-TRIPAR","CALLEP","TRIPAR",1,"+ Warming"
"8_1_XXW",0.706896551724138,"2011-2017",2011,2017,"XXW","CALLEP-TRIPAR","CALLEP","TRIPAR",1,"+ Warming"
"1_1_XXW",1.07971014492754,"2011-2017",2011,2017,"XXW","CARSCO-DESCES","CARSCO","DESCES",1,"+ Warming"
"18_2_XXW",0.924503311258278,"2011-2017",2011,2017,"XXW","CARSCO-DESCES","CARSCO","DESCES",1,"+ Warming"
"21_2_XXW",0.956663620937214,"2011-2017",2011,2017,"XXW","CARSCO-DESCES","CARSCO","DESCES",1,"+ Warming"
"38_3_XXW",0.63756345177665,"2011-2017",2011,2017,"XXW","CARSCO-DESCES","CARSCO","DESCES",1,"+ Warming"
"40_3_XXW",0.82390789028107,"2011-2017",2011,2017,"XXW","CARSCO-DESCES","CARSCO","DESCES",1,"+ Warming"
"8_1_XXW",0.928659562535053,"2011-2017",2011,2017,"XXW","CARSCO-DESCES","CARSCO","DESCES",1,"+ Warming"
"1_1_XXW",0.835909631391201,"2011-2017",2011,2017,"XXW","CARSCO-GENALG","CARSCO","GENALG",1,"+ Warming"
"18_2_XXW",1.44444444444444,"2011-2017",2011,2017,"XXW","CARSCO-GENALG","CARSCO","GENALG",1,"+ Warming"
"21_2_XXW",1.38235294117647,"2011-2017",2011,2017,"XXW","CARSCO-GENALG","CARSCO","GENALG",1,"+ Warming"
"38_3_XXW",0.533807829181495,"2011-2017",2011,2017,"XXW","CARSCO-GENALG","CARSCO","GENALG",1,"+ Warming"
"40_3_XXW",1.06867845993757,"2011-2017",2011,2017,"XXW","CARSCO-GENALG","CARSCO","GENALG",1,"+ Warming"
"8_1_XXW",1.04166666666667,"2011-2017",2011,2017,"XXW","CARSCO-GENALG","CARSCO","GENALG",1,"+ Warming"
"1_1_XXW",0.842672413793104,"2011-2017",2011,2017,"XXW","CARSCO-GEUROS","CARSCO","GEUROS",1,"+ Warming"
"18_2_XXW",1.21111111111111,"2011-2017",2011,2017,"XXW","CARSCO-GEUROS","CARSCO","GEUROS",1,"+ Warming"
"21_2_XXW",0.590504451038576,"2011-2017",2011,2017,"XXW","CARSCO-GEUROS","CARSCO","GEUROS",1,"+ Warming"
"38_3_XXW",1.32798573975045,"2011-2017",2011,2017,"XXW","CARSCO-GEUROS","CARSCO","GEUROS",1,"+ Warming"
"40_3_XXW",1.66061293984109,"2011-2017",2011,2017,"XXW","CARSCO-GEUROS","CARSCO","GEUROS",1,"+ Warming"
"8_1_XXW",1.19243986254296,"2011-2017",2011,2017,"XXW","CARSCO-GEUROS","CARSCO","GEUROS",1,"+ Warming"
"1_1_XXW",1.47882736156352,"2011-2017",2011,2017,"XXW","CARSCO-TRIPAR","CARSCO","TRIPAR",1,"+ Warming"
"18_2_XXW",0.541666666666667,"2011-2017",2011,2017,"XXW","CARSCO-TRIPAR","CARSCO","TRIPAR",1,"+ Warming"
"21_2_XXW",0.654822335025381,"2011-2017",2011,2017,"XXW","CARSCO-TRIPAR","CARSCO","TRIPAR",1,"+ Warming"
"38_3_XXW",1.08045977011494,"2011-2017",2011,2017,"XXW","CARSCO-TRIPAR","CARSCO","TRIPAR",1,"+ Warming"
"40_3_XXW",1,"2011-2017",2011,2017,"XXW","CARSCO-TRIPAR","CARSCO","TRIPAR",1,"+ Warming"
"8_1_XXW",1.2995951417004,"2011-2017",2011,2017,"XXW","CARSCO-TRIPAR","CARSCO","TRIPAR",1,"+ Warming"
"1_1_XXW",0.912805607796204,"2011-2017",2011,2017,"XXW","DESCES-GENALG","DESCES","GENALG",1,"+ Warming"
"18_2_XXW",0.923689449236895,"2011-2017",2011,2017,"XXW","DESCES-GENALG","DESCES","GENALG",1,"+ Warming"
"21_2_XXW",0.690888411474788,"2011-2017",2011,2017,"XXW","DESCES-GENALG","DESCES","GENALG",1,"+ Warming"
"38_3_XXW",1.06972111553785,"2011-2017",2011,2017,"XXW","DESCES-GENALG","DESCES","GENALG",1,"+ Warming"
"40_3_XXW",0.712397568067671,"2011-2017",2011,2017,"XXW","DESCES-GENALG","DESCES","GENALG",1,"+ Warming"
"8_1_XXW",0.964686285397002,"2011-2017",2011,2017,"XXW","DESCES-GENALG","DESCES","GENALG",1,"+ Warming"
"1_1_XXW",0.8502331002331,"2011-2017",2011,2017,"XXW","DESCES-GEUROS","DESCES","GEUROS",1,"+ Warming"
"18_2_XXW",0.739253393665158,"2011-2017",2011,2017,"XXW","DESCES-GEUROS","DESCES","GEUROS",1,"+ Warming"
"21_2_XXW",0.862874555611986,"2011-2017",2011,2017,"XXW","DESCES-GEUROS","DESCES","GEUROS",1,"+ Warming"
"38_3_XXW",0.629283489096573,"2011-2017",2011,2017,"XXW","DESCES-GEUROS","DESCES","GEUROS",1,"+ Warming"
"40_3_XXW",0.774647887323944,"2011-2017",2011,2017,"XXW","DESCES-GEUROS","DESCES","GEUROS",1,"+ Warming"
"8_1_XXW",0.340442031795269,"2011-2017",2011,2017,"XXW","DESCES-GEUROS","DESCES","GEUROS",1,"+ Warming"
"1_1_XXW",0.860808210391276,"2011-2017",2011,2017,"XXW","DESCES-TRIPAR","DESCES","TRIPAR",1,"+ Warming"
"18_2_XXW",1.04039735099338,"2011-2017",2011,2017,"XXW","DESCES-TRIPAR","DESCES","TRIPAR",1,"+ Warming"
"21_2_XXW",0.932781799379524,"2011-2017",2011,2017,"XXW","DESCES-TRIPAR","DESCES","TRIPAR",1,"+ Warming"
"38_3_XXW",0.542483660130719,"2011-2017",2011,2017,"XXW","DESCES-TRIPAR","DESCES","TRIPAR",1,"+ Warming"
"40_3_XXW",1,"2011-2017",2011,2017,"XXW","DESCES-TRIPAR","DESCES","TRIPAR",1,"+ Warming"
"8_1_XXW",1.02129995608256,"2011-2017",2011,2017,"XXW","DESCES-TRIPAR","DESCES","TRIPAR",1,"+ Warming"
"1_1_XXW",1.21646623496762,"2011-2017",2011,2017,"XXW","GENALG-GEUROS","GENALG","GEUROS",1,"+ Warming"
"18_2_XXW",0.99250936329588,"2011-2017",2011,2017,"XXW","GENALG-GEUROS","GENALG","GEUROS",1,"+ Warming"
"21_2_XXW",1.21731748726655,"2011-2017",2011,2017,"XXW","GENALG-GEUROS","GENALG","GEUROS",1,"+ Warming"
"38_3_XXW",1.08275862068966,"2011-2017",2011,2017,"XXW","GENALG-GEUROS","GENALG","GEUROS",1,"+ Warming"
"40_3_XXW",1.42948717948718,"2011-2017",2011,2017,"XXW","GENALG-GEUROS","GENALG","GEUROS",1,"+ Warming"
"8_1_XXW",1.06343042071197,"2011-2017",2011,2017,"XXW","GENALG-GEUROS","GENALG","GEUROS",1,"+ Warming"
"1_1_XXW",0.814569536423841,"2011-2017",2011,2017,"XXW","GENALG-TRIPAR","GENALG","TRIPAR",1,"+ Warming"
"18_2_XXW",0.666666666666667,"2011-2017",2011,2017,"XXW","GENALG-TRIPAR","GENALG","TRIPAR",1,"+ Warming"
"21_2_XXW",0.817371937639198,"2011-2017",2011,2017,"XXW","GENALG-TRIPAR","GENALG","TRIPAR",1,"+ Warming"
"38_3_XXW",0.904632152588556,"2011-2017",2011,2017,"XXW","GENALG-TRIPAR","GENALG","TRIPAR",1,"+ Warming"
"40_3_XXW",1,"2011-2017",2011,2017,"XXW","GENALG-TRIPAR","GENALG","TRIPAR",1,"+ Warming"
"8_1_XXW",0.590504451038576,"2011-2017",2011,2017,"XXW","GENALG-TRIPAR","GENALG","TRIPAR",1,"+ Warming"
"1_1_XXW",0.885558583106267,"2011-2017",2011,2017,"XXW","GEUROS-TRIPAR","GEUROS","TRIPAR",1,"+ Warming"
"18_2_XXW",0.964814814814815,"2011-2017",2011,2017,"XXW","GEUROS-TRIPAR","GEUROS","TRIPAR",1,"+ Warming"
"21_2_XXW",1.59223300970874,"2011-2017",2011,2017,"XXW","GEUROS-TRIPAR","GEUROS","TRIPAR",1,"+ Warming"
"38_3_XXW",0.578052550231839,"2011-2017",2011,2017,"XXW","GEUROS-TRIPAR","GEUROS","TRIPAR",1,"+ Warming"
"40_3_XXW",1,"2011-2017",2011,2017,"XXW","GEUROS-TRIPAR","GEUROS","TRIPAR",1,"+ Warming"
"8_1_XXW",0.983009708737864,"2011-2017",2011,2017,"XXW","GEUROS-TRIPAR","GEUROS","TRIPAR",1,"+ Warming"
"1_1_XXW",1.29151291512915,"2012-2018",2012,2018,"XXW","ARTSCO-BISBIS","ARTSCO","BISBIS",1,"+ Warming"
"18_2_XXW",0.295004712535344,"2012-2018",2012,2018,"XXW","ARTSCO-BISBIS","ARTSCO","BISBIS",1,"+ Warming"
"21_2_XXW",0.428822495606327,"2012-2018",2012,2018,"XXW","ARTSCO-BISBIS","ARTSCO","BISBIS",1,"+ Warming"
"38_3_XXW",0.612009237875289,"2012-2018",2012,2018,"XXW","ARTSCO-BISBIS","ARTSCO","BISBIS",1,"+ Warming"
"40_3_XXW",0.866551126516464,"2012-2018",2012,2018,"XXW","ARTSCO-BISBIS","ARTSCO","BISBIS",1,"+ Warming"
"8_1_XXW",1.0049504950495,"2012-2018",2012,2018,"XXW","ARTSCO-BISBIS","ARTSCO","BISBIS",1,"+ Warming"
"1_1_XXW",0.770491803278688,"2012-2018",2012,2018,"XXW","ARTSCO-CALLEP","ARTSCO","CALLEP",1,"+ Warming"
"18_2_XXW",0.830985915492958,"2012-2018",2012,2018,"XXW","ARTSCO-CALLEP","ARTSCO","CALLEP",1,"+ Warming"
"21_2_XXW",1,"2012-2018",2012,2018,"XXW","ARTSCO-CALLEP","ARTSCO","CALLEP",1,"+ Warming"
"38_3_XXW",1.40884955752212,"2012-2018",2012,2018,"XXW","ARTSCO-CALLEP","ARTSCO","CALLEP",1,"+ Warming"
"40_3_XXW",1.42682926829268,"2012-2018",2012,2018,"XXW","ARTSCO-CALLEP","ARTSCO","CALLEP",1,"+ Warming"
"8_1_XXW",1.28082191780822,"2012-2018",2012,2018,"XXW","ARTSCO-CALLEP","ARTSCO","CALLEP",1,"+ Warming"
"1_1_XXW",1.27743902439024,"2012-2018",2012,2018,"XXW","ARTSCO-CARSCO","ARTSCO","CARSCO",1,"+ Warming"
"18_2_XXW",0.929577464788732,"2012-2018",2012,2018,"XXW","ARTSCO-CARSCO","ARTSCO","CARSCO",1,"+ Warming"
"21_2_XXW",0.937397034596376,"2012-2018",2012,2018,"XXW","ARTSCO-CARSCO","ARTSCO","CARSCO",1,"+ Warming"
"38_3_XXW",0.930417495029821,"2012-2018",2012,2018,"XXW","ARTSCO-CARSCO","ARTSCO","CARSCO",1,"+ Warming"
"40_3_XXW",0.646802957807743,"2012-2018",2012,2018,"XXW","ARTSCO-CARSCO","ARTSCO","CARSCO",1,"+ Warming"
"8_1_XXW",0.83974358974359,"2012-2018",2012,2018,"XXW","ARTSCO-CARSCO","ARTSCO","CARSCO",1,"+ Warming"
"1_1_XXW",1.0866935483871,"2012-2018",2012,2018,"XXW","ARTSCO-DESCES","ARTSCO","DESCES",1,"+ Warming"
"18_2_XXW",1.36371308016878,"2012-2018",2012,2018,"XXW","ARTSCO-DESCES","ARTSCO","DESCES",1,"+ Warming"
"21_2_XXW",0.929036073329391,"2012-2018",2012,2018,"XXW","ARTSCO-DESCES","ARTSCO","DESCES",1,"+ Warming"
"38_3_XXW",0.553391537944929,"2012-2018",2012,2018,"XXW","ARTSCO-DESCES","ARTSCO","DESCES",1,"+ Warming"
"40_3_XXW",1.09359331476323,"2012-2018",2012,2018,"XXW","ARTSCO-DESCES","ARTSCO","DESCES",1,"+ Warming"
"8_1_XXW",1.01644261748695,"2012-2018",2012,2018,"XXW","ARTSCO-DESCES","ARTSCO","DESCES",1,"+ Warming"
"1_1_XXW",0.740540540540541,"2012-2018",2012,2018,"XXW","ARTSCO-GENALG","ARTSCO","GENALG",1,"+ Warming"
"18_2_XXW",0.805755395683453,"2012-2018",2012,2018,"XXW","ARTSCO-GENALG","ARTSCO","GENALG",1,"+ Warming"
"21_2_XXW",1.19715546836685,"2012-2018",2012,2018,"XXW","ARTSCO-GENALG","ARTSCO","GENALG",1,"+ Warming"
"38_3_XXW",0.866666666666667,"2012-2018",2012,2018,"XXW","ARTSCO-GENALG","ARTSCO","GENALG",1,"+ Warming"
"40_3_XXW",1.01143790849673,"2012-2018",2012,2018,"XXW","ARTSCO-GENALG","ARTSCO","GENALG",1,"+ Warming"
"8_1_XXW",0.764227642276423,"2012-2018",2012,2018,"XXW","ARTSCO-GENALG","ARTSCO","GENALG",1,"+ Warming"
"1_1_XXW",0.142011834319527,"2012-2018",2012,2018,"XXW","ARTSCO-GEUROS","ARTSCO","GEUROS",1,"+ Warming"
"18_2_XXW",1.29901960784314,"2012-2018",2012,2018,"XXW","ARTSCO-GEUROS","ARTSCO","GEUROS",1,"+ Warming"
"21_2_XXW",1.30648330058939,"2012-2018",2012,2018,"XXW","ARTSCO-GEUROS","ARTSCO","GEUROS",1,"+ Warming"
"38_3_XXW",0.646115906288533,"2012-2018",2012,2018,"XXW","ARTSCO-GEUROS","ARTSCO","GEUROS",1,"+ Warming"
"40_3_XXW",0.771028037383178,"2012-2018",2012,2018,"XXW","ARTSCO-GEUROS","ARTSCO","GEUROS",1,"+ Warming"
"8_1_XXW",1.06769230769231,"2012-2018",2012,2018,"XXW","ARTSCO-GEUROS","ARTSCO","GEUROS",1,"+ Warming"
"1_1_XXW",1.50210970464135,"2012-2018",2012,2018,"XXW","ARTSCO-TRIPAR","ARTSCO","TRIPAR",1,"+ Warming"
"18_2_XXW",1.21830985915493,"2012-2018",2012,2018,"XXW","ARTSCO-TRIPAR","ARTSCO","TRIPAR",1,"+ Warming"
"21_2_XXW",1.09349593495935,"2012-2018",2012,2018,"XXW","ARTSCO-TRIPAR","ARTSCO","TRIPAR",1,"+ Warming"
"38_3_XXW",1.8370883882149,"2012-2018",2012,2018,"XXW","ARTSCO-TRIPAR","ARTSCO","TRIPAR",1,"+ Warming"
"40_3_XXW",0.959692898272553,"2012-2018",2012,2018,"XXW","ARTSCO-TRIPAR","ARTSCO","TRIPAR",1,"+ Warming"
"8_1_XXW",0.802127659574468,"2012-2018",2012,2018,"XXW","ARTSCO-TRIPAR","ARTSCO","TRIPAR",1,"+ Warming"
"1_1_XXW",1,"2012-2018",2012,2018,"XXW","BISBIS-CALLEP","BISBIS","CALLEP",1,"+ Warming"
"18_2_XXW",1.25138632162662,"2012-2018",2012,2018,"XXW","BISBIS-CALLEP","BISBIS","CALLEP",1,"+ Warming"
"21_2_XXW",1,"2012-2018",2012,2018,"XXW","BISBIS-CALLEP","BISBIS","CALLEP",1,"+ Warming"
"38_3_XXW",0.780701754385965,"2012-2018",2012,2018,"XXW","BISBIS-CALLEP","BISBIS","CALLEP",1,"+ Warming"
"40_3_XXW",1.18260869565217,"2012-2018",2012,2018,"XXW","BISBIS-CALLEP","BISBIS","CALLEP",1,"+ Warming"
"8_1_XXW",1.24444444444444,"2012-2018",2012,2018,"XXW","BISBIS-CALLEP","BISBIS","CALLEP",1,"+ Warming"
"1_1_XXW",0.519402985074627,"2012-2018",2012,2018,"XXW","BISBIS-CARSCO","BISBIS","CARSCO",1,"+ Warming"
"18_2_XXW",1.14787430683919,"2012-2018",2012,2018,"XXW","BISBIS-CARSCO","BISBIS","CARSCO",1,"+ Warming"
"21_2_XXW",1.37088388214905,"2012-2018",2012,2018,"XXW","BISBIS-CARSCO","BISBIS","CARSCO",1,"+ Warming"
"38_3_XXW",0.819277108433735,"2012-2018",2012,2018,"XXW","BISBIS-CARSCO","BISBIS","CARSCO",1,"+ Warming"
"40_3_XXW",1.47948164146868,"2012-2018",2012,2018,"XXW","BISBIS-CARSCO","BISBIS","CARSCO",1,"+ Warming"
"8_1_XXW",0.55,"2012-2018",2012,2018,"XXW","BISBIS-CARSCO","BISBIS","CARSCO",1,"+ Warming"
"1_1_XXW",0.920920920920921,"2012-2018",2012,2018,"XXW","BISBIS-DESCES","BISBIS","DESCES",1,"+ Warming"
"18_2_XXW",0.494165075323573,"2012-2018",2012,2018,"XXW","BISBIS-DESCES","BISBIS","DESCES",1,"+ Warming"
"21_2_XXW",0.722463768115942,"2012-2018",2012,2018,"XXW","BISBIS-DESCES","BISBIS","DESCES",1,"+ Warming"
"38_3_XXW",1.17534722222222,"2012-2018",2012,2018,"XXW","BISBIS-DESCES","BISBIS","DESCES",1,"+ Warming"
"40_3_XXW",0.81062874251497,"2012-2018",2012,2018,"XXW","BISBIS-DESCES","BISBIS","DESCES",1,"+ Warming"
"8_1_XXW",1.01006148686417,"2012-2018",2012,2018,"XXW","BISBIS-DESCES","BISBIS","DESCES",1,"+ Warming"
"1_1_XXW",1.12692967409949,"2012-2018",2012,2018,"XXW","BISBIS-GENALG","BISBIS","GENALG",1,"+ Warming"
"18_2_XXW",1.27599243856333,"2012-2018",2012,2018,"XXW","BISBIS-GENALG","BISBIS","GENALG",1,"+ Warming"
"21_2_XXW",1.41509433962264,"2012-2018",2012,2018,"XXW","BISBIS-GENALG","BISBIS","GENALG",1,"+ Warming"
"38_3_XXW",0.925531914893617,"2012-2018",2012,2018,"XXW","BISBIS-GENALG","BISBIS","GENALG",1,"+ Warming"
"40_3_XXW",1.45098039215686,"2012-2018",2012,2018,"XXW","BISBIS-GENALG","BISBIS","GENALG",1,"+ Warming"
"8_1_XXW",1.01052631578947,"2012-2018",2012,2018,"XXW","BISBIS-GENALG","BISBIS","GENALG",1,"+ Warming"
"1_1_XXW",0.643478260869565,"2012-2018",2012,2018,"XXW","BISBIS-GEUROS","BISBIS","GEUROS",1,"+ Warming"
"18_2_XXW",0.793146417445483,"2012-2018",2012,2018,"XXW","BISBIS-GEUROS","BISBIS","GEUROS",1,"+ Warming"
"21_2_XXW",0.732323232323232,"2012-2018",2012,2018,"XXW","BISBIS-GEUROS","BISBIS","GEUROS",1,"+ Warming"
"38_3_XXW",1.0042194092827,"2012-2018",2012,2018,"XXW","BISBIS-GEUROS","BISBIS","GEUROS",1,"+ Warming"
"40_3_XXW",1.83060109289617,"2012-2018",2012,2018,"XXW","BISBIS-GEUROS","BISBIS","GEUROS",1,"+ Warming"
"8_1_XXW",0.894200127469726,"2012-2018",2012,2018,"XXW","BISBIS-GEUROS","BISBIS","GEUROS",1,"+ Warming"
"1_1_XXW",0.426229508196721,"2012-2018",2012,2018,"XXW","BISBIS-TRIPAR","BISBIS","TRIPAR",1,"+ Warming"
"18_2_XXW",0.903881700554529,"2012-2018",2012,2018,"XXW","BISBIS-TRIPAR","BISBIS","TRIPAR",1,"+ Warming"
"21_2_XXW",0.569060773480663,"2012-2018",2012,2018,"XXW","BISBIS-TRIPAR","BISBIS","TRIPAR",1,"+ Warming"
"38_3_XXW",0.6375,"2012-2018",2012,2018,"XXW","BISBIS-TRIPAR","BISBIS","TRIPAR",1,"+ Warming"
"40_3_XXW",1.01612903225806,"2012-2018",2012,2018,"XXW","BISBIS-TRIPAR","BISBIS","TRIPAR",1,"+ Warming"
"8_1_XXW",0.869565217391304,"2012-2018",2012,2018,"XXW","BISBIS-TRIPAR","BISBIS","TRIPAR",1,"+ Warming"
"1_1_XXW",0.878260869565217,"2012-2018",2012,2018,"XXW","CALLEP-CARSCO","CALLEP","CARSCO",1,"+ Warming"
"18_2_XXW",0.833333333333333,"2012-2018",2012,2018,"XXW","CALLEP-CARSCO","CALLEP","CARSCO",1,"+ Warming"
"21_2_XXW",1,"2012-2018",2012,2018,"XXW","CALLEP-CARSCO","CALLEP","CARSCO",1,"+ Warming"
"38_3_XXW",0.667785234899329,"2012-2018",2012,2018,"XXW","CALLEP-CARSCO","CALLEP","CARSCO",1,"+ Warming"
"40_3_XXW",1.12416851441242,"2012-2018",2012,2018,"XXW","CALLEP-CARSCO","CALLEP","CARSCO",1,"+ Warming"
"8_1_XXW",1.06818181818182,"2012-2018",2012,2018,"XXW","CALLEP-CARSCO","CALLEP","CARSCO",1,"+ Warming"
"1_1_XXW",0.939323894828084,"2012-2018",2012,2018,"XXW","CALLEP-DESCES","CALLEP","DESCES",1,"+ Warming"
"18_2_XXW",0.964928909952607,"2012-2018",2012,2018,"XXW","CALLEP-DESCES","CALLEP","DESCES",1,"+ Warming"
"21_2_XXW",1,"2012-2018",2012,2018,"XXW","CALLEP-DESCES","CALLEP","DESCES",1,"+ Warming"
"38_3_XXW",1.16588785046729,"2012-2018",2012,2018,"XXW","CALLEP-DESCES","CALLEP","DESCES",1,"+ Warming"
"40_3_XXW",0.931732933233308,"2012-2018",2012,2018,"XXW","CALLEP-DESCES","CALLEP","DESCES",1,"+ Warming"
"8_1_XXW",0.953650579367758,"2012-2018",2012,2018,"XXW","CALLEP-DESCES","CALLEP","DESCES",1,"+ Warming"
"1_1_XXW",1.14583333333333,"2012-2018",2012,2018,"XXW","CALLEP-GENALG","CALLEP","GENALG",1,"+ Warming"
"18_2_XXW",1.33333333333333,"2012-2018",2012,2018,"XXW","CALLEP-GENALG","CALLEP","GENALG",1,"+ Warming"
"21_2_XXW",1,"2012-2018",2012,2018,"XXW","CALLEP-GENALG","CALLEP","GENALG",1,"+ Warming"
"38_3_XXW",1.175,"2012-2018",2012,2018,"XXW","CALLEP-GENALG","CALLEP","GENALG",1,"+ Warming"
"40_3_XXW",0.72,"2012-2018",2012,2018,"XXW","CALLEP-GENALG","CALLEP","GENALG",1,"+ Warming"
"8_1_XXW",1.29850746268657,"2012-2018",2012,2018,"XXW","CALLEP-GENALG","CALLEP","GENALG",1,"+ Warming"
"1_1_XXW",1.08284023668639,"2012-2018",2012,2018,"XXW","CALLEP-GEUROS","CALLEP","GEUROS",1,"+ Warming"
"18_2_XXW",0.881294964028777,"2012-2018",2012,2018,"XXW","CALLEP-GEUROS","CALLEP","GEUROS",1,"+ Warming"
"21_2_XXW",1,"2012-2018",2012,2018,"XXW","CALLEP-GEUROS","CALLEP","GEUROS",1,"+ Warming"
"38_3_XXW",0.701320132013201,"2012-2018",2012,2018,"XXW","CALLEP-GEUROS","CALLEP","GEUROS",1,"+ Warming"
"40_3_XXW",1.15555555555556,"2012-2018",2012,2018,"XXW","CALLEP-GEUROS","CALLEP","GEUROS",1,"+ Warming"
"8_1_XXW",1.08195637805684,"2012-2018",2012,2018,"XXW","CALLEP-GEUROS","CALLEP","GEUROS",1,"+ Warming"
"1_1_XXW",0.80952380952381,"2012-2018",2012,2018,"XXW","CALLEP-TRIPAR","CALLEP","TRIPAR",1,"+ Warming"
"18_2_XXW",1.45833333333333,"2012-2018",2012,2018,"XXW","CALLEP-TRIPAR","CALLEP","TRIPAR",1,"+ Warming"
"21_2_XXW",1,"2012-2018",2012,2018,"XXW","CALLEP-TRIPAR","CALLEP","TRIPAR",1,"+ Warming"
"38_3_XXW",1.0241935483871,"2012-2018",2012,2018,"XXW","CALLEP-TRIPAR","CALLEP","TRIPAR",1,"+ Warming"
"40_3_XXW",0.88135593220339,"2012-2018",2012,2018,"XXW","CALLEP-TRIPAR","CALLEP","TRIPAR",1,"+ Warming"
"8_1_XXW",0.994413407821229,"2012-2018",2012,2018,"XXW","CALLEP-TRIPAR","CALLEP","TRIPAR",1,"+ Warming"
"1_1_XXW",1.00662878787879,"2012-2018",2012,2018,"XXW","CARSCO-DESCES","CARSCO","DESCES",1,"+ Warming"
"18_2_XXW",0.925118483412322,"2012-2018",2012,2018,"XXW","CARSCO-DESCES","CARSCO","DESCES",1,"+ Warming"
"21_2_XXW",0.912734452122409,"2012-2018",2012,2018,"XXW","CARSCO-DESCES","CARSCO","DESCES",1,"+ Warming"
"38_3_XXW",0.695581014729951,"2012-2018",2012,2018,"XXW","CARSCO-DESCES","CARSCO","DESCES",1,"+ Warming"
"40_3_XXW",0.836925960637301,"2012-2018",2012,2018,"XXW","CARSCO-DESCES","CARSCO","DESCES",1,"+ Warming"
"8_1_XXW",0.931228227890774,"2012-2018",2012,2018,"XXW","CARSCO-DESCES","CARSCO","DESCES",1,"+ Warming"
"1_1_XXW",0.879161528976572,"2012-2018",2012,2018,"XXW","CARSCO-GENALG","CARSCO","GENALG",1,"+ Warming"
"18_2_XXW",1.33333333333333,"2012-2018",2012,2018,"XXW","CARSCO-GENALG","CARSCO","GENALG",1,"+ Warming"
"21_2_XXW",1.45,"2012-2018",2012,2018,"XXW","CARSCO-GENALG","CARSCO","GENALG",1,"+ Warming"
"38_3_XXW",0.403100775193798,"2012-2018",2012,2018,"XXW","CARSCO-GENALG","CARSCO","GENALG",1,"+ Warming"
"40_3_XXW",0.625207296849088,"2012-2018",2012,2018,"XXW","CARSCO-GENALG","CARSCO","GENALG",1,"+ Warming"
"8_1_XXW",1.04166666666667,"2012-2018",2012,2018,"XXW","CARSCO-GENALG","CARSCO","GENALG",1,"+ Warming"
"1_1_XXW",0.912935323383084,"2012-2018",2012,2018,"XXW","CARSCO-GEUROS","CARSCO","GEUROS",1,"+ Warming"
"18_2_XXW",1.20863309352518,"2012-2018",2012,2018,"XXW","CARSCO-GEUROS","CARSCO","GEUROS",1,"+ Warming"
"21_2_XXW",0.590504451038576,"2012-2018",2012,2018,"XXW","CARSCO-GEUROS","CARSCO","GEUROS",1,"+ Warming"
"38_3_XXW",1.38970588235294,"2012-2018",2012,2018,"XXW","CARSCO-GEUROS","CARSCO","GEUROS",1,"+ Warming"
"40_3_XXW",1.57538035961272,"2012-2018",2012,2018,"XXW","CARSCO-GEUROS","CARSCO","GEUROS",1,"+ Warming"
"8_1_XXW",1.18778726198293,"2012-2018",2012,2018,"XXW","CARSCO-GEUROS","CARSCO","GEUROS",1,"+ Warming"
"1_1_XXW",1.62790697674419,"2012-2018",2012,2018,"XXW","CARSCO-TRIPAR","CARSCO","TRIPAR",1,"+ Warming"
"18_2_XXW",0.583333333333333,"2012-2018",2012,2018,"XXW","CARSCO-TRIPAR","CARSCO","TRIPAR",1,"+ Warming"
"21_2_XXW",0.858736059479554,"2012-2018",2012,2018,"XXW","CARSCO-TRIPAR","CARSCO","TRIPAR",1,"+ Warming"
"38_3_XXW",0.967741935483871,"2012-2018",2012,2018,"XXW","CARSCO-TRIPAR","CARSCO","TRIPAR",1,"+ Warming"
"40_3_XXW",1.00836820083682,"2012-2018",2012,2018,"XXW","CARSCO-TRIPAR","CARSCO","TRIPAR",1,"+ Warming"
"8_1_XXW",1.11141304347826,"2012-2018",2012,2018,"XXW","CARSCO-TRIPAR","CARSCO","TRIPAR",1,"+ Warming"
"1_1_XXW",0.944620709547159,"2012-2018",2012,2018,"XXW","DESCES-GENALG","DESCES","GENALG",1,"+ Warming"
"18_2_XXW",0.903041825095057,"2012-2018",2012,2018,"XXW","DESCES-GENALG","DESCES","GENALG",1,"+ Warming"
"21_2_XXW",0.652470187393526,"2012-2018",2012,2018,"XXW","DESCES-GENALG","DESCES","GENALG",1,"+ Warming"
"38_3_XXW",1.05627009646302,"2012-2018",2012,2018,"XXW","DESCES-GENALG","DESCES","GENALG",1,"+ Warming"
"40_3_XXW",0.810357403355215,"2012-2018",2012,2018,"XXW","DESCES-GENALG","DESCES","GENALG",1,"+ Warming"
"8_1_XXW",0.962843475358772,"2012-2018",2012,2018,"XXW","DESCES-GENALG","DESCES","GENALG",1,"+ Warming"
"1_1_XXW",1.10131332082552,"2012-2018",2012,2018,"XXW","DESCES-GEUROS","DESCES","GEUROS",1,"+ Warming"
"18_2_XXW",0.853141559424678,"2012-2018",2012,2018,"XXW","DESCES-GEUROS","DESCES","GEUROS",1,"+ Warming"
"21_2_XXW",0.878787878787879,"2012-2018",2012,2018,"XXW","DESCES-GEUROS","DESCES","GEUROS",1,"+ Warming"
"38_3_XXW",0.630065359477124,"2012-2018",2012,2018,"XXW","DESCES-GEUROS","DESCES","GEUROS",1,"+ Warming"
"40_3_XXW",0.718772305496074,"2012-2018",2012,2018,"XXW","DESCES-GEUROS","DESCES","GEUROS",1,"+ Warming"
"8_1_XXW",0.369598765432099,"2012-2018",2012,2018,"XXW","DESCES-GEUROS","DESCES","GEUROS",1,"+ Warming"
"1_1_XXW",1.09430051813472,"2012-2018",2012,2018,"XXW","DESCES-TRIPAR","DESCES","TRIPAR",1,"+ Warming"
"18_2_XXW",1.05165876777251,"2012-2018",2012,2018,"XXW","DESCES-TRIPAR","DESCES","TRIPAR",1,"+ Warming"
"21_2_XXW",0.985418265541059,"2012-2018",2012,2018,"XXW","DESCES-TRIPAR","DESCES","TRIPAR",1,"+ Warming"
"38_3_XXW",0.564043209876543,"2012-2018",2012,2018,"XXW","DESCES-TRIPAR","DESCES","TRIPAR",1,"+ Warming"
"40_3_XXW",1.04453125,"2012-2018",2012,2018,"XXW","DESCES-TRIPAR","DESCES","TRIPAR",1,"+ Warming"
"8_1_XXW",1.01389341148377,"2012-2018",2012,2018,"XXW","DESCES-TRIPAR","DESCES","TRIPAR",1,"+ Warming"
"1_1_XXW",1.15746180963572,"2012-2018",2012,2018,"XXW","GENALG-GEUROS","GENALG","GEUROS",1,"+ Warming"
"18_2_XXW",0.963636363636364,"2012-2018",2012,2018,"XXW","GENALG-GEUROS","GENALG","GEUROS",1,"+ Warming"
"21_2_XXW",1.15855855855856,"2012-2018",2012,2018,"XXW","GENALG-GEUROS","GENALG","GEUROS",1,"+ Warming"
"38_3_XXW",1.12367491166078,"2012-2018",2012,2018,"XXW","GENALG-GEUROS","GENALG","GEUROS",1,"+ Warming"
"40_3_XXW",1.24770642201835,"2012-2018",2012,2018,"XXW","GENALG-GEUROS","GENALG","GEUROS",1,"+ Warming"
"8_1_XXW",1.0582765034098,"2012-2018",2012,2018,"XXW","GENALG-GEUROS","GENALG","GEUROS",1,"+ Warming"
"1_1_XXW",0.749440715883669,"2012-2018",2012,2018,"XXW","GENALG-TRIPAR","GENALG","TRIPAR",1,"+ Warming"
"18_2_XXW",0.666666666666667,"2012-2018",2012,2018,"XXW","GENALG-TRIPAR","GENALG","TRIPAR",1,"+ Warming"
"21_2_XXW",0.671457905544148,"2012-2018",2012,2018,"XXW","GENALG-TRIPAR","GENALG","TRIPAR",1,"+ Warming"
"38_3_XXW",0.789156626506024,"2012-2018",2012,2018,"XXW","GENALG-TRIPAR","GENALG","TRIPAR",1,"+ Warming"
"40_3_XXW",0.938144329896907,"2012-2018",2012,2018,"XXW","GENALG-TRIPAR","GENALG","TRIPAR",1,"+ Warming"
"8_1_XXW",0.746724890829694,"2012-2018",2012,2018,"XXW","GENALG-TRIPAR","GENALG","TRIPAR",1,"+ Warming"
"1_1_XXW",0.54983922829582,"2012-2018",2012,2018,"XXW","GEUROS-TRIPAR","GEUROS","TRIPAR",1,"+ Warming"
"18_2_XXW",0.980215827338129,"2012-2018",2012,2018,"XXW","GEUROS-TRIPAR","GEUROS","TRIPAR",1,"+ Warming"
"21_2_XXW",1.25619834710744,"2012-2018",2012,2018,"XXW","GEUROS-TRIPAR","GEUROS","TRIPAR",1,"+ Warming"
"38_3_XXW",0.642394822006473,"2012-2018",2012,2018,"XXW","GEUROS-TRIPAR","GEUROS","TRIPAR",1,"+ Warming"
"40_3_XXW",0.960629921259842,"2012-2018",2012,2018,"XXW","GEUROS-TRIPAR","GEUROS","TRIPAR",1,"+ Warming"
"8_1_XXW",0.769188894937398,"2012-2018",2012,2018,"XXW","GEUROS-TRIPAR","GEUROS","TRIPAR",1,"+ Warming"
"1_1_XXW",1.45547945205479,"2013-2019",2013,2019,"XXW","ARTSCO-BISBIS","ARTSCO","BISBIS",1,"+ Warming"
"18_2_XXW",0.739307535641548,"2013-2019",2013,2019,"XXW","ARTSCO-BISBIS","ARTSCO","BISBIS",1,"+ Warming"
"21_2_XXW",0.909090909090909,"2013-2019",2013,2019,"XXW","ARTSCO-BISBIS","ARTSCO","BISBIS",1,"+ Warming"
"38_3_XXW",0.701943844492441,"2013-2019",2013,2019,"XXW","ARTSCO-BISBIS","ARTSCO","BISBIS",1,"+ Warming"
"40_3_XXW",0.91470054446461,"2013-2019",2013,2019,"XXW","ARTSCO-BISBIS","ARTSCO","BISBIS",1,"+ Warming"
"8_1_XXW",1.25,"2013-2019",2013,2019,"XXW","ARTSCO-BISBIS","ARTSCO","BISBIS",1,"+ Warming"
"1_1_XXW",0.783132530120482,"2013-2019",2013,2019,"XXW","ARTSCO-CALLEP","ARTSCO","CALLEP",1,"+ Warming"
"18_2_XXW",0.910979228486647,"2013-2019",2013,2019,"XXW","ARTSCO-CALLEP","ARTSCO","CALLEP",1,"+ Warming"
"21_2_XXW",1,"2013-2019",2013,2019,"XXW","ARTSCO-CALLEP","ARTSCO","CALLEP",1,"+ Warming"
"38_3_XXW",1.34813499111901,"2013-2019",2013,2019,"XXW","ARTSCO-CALLEP","ARTSCO","CALLEP",1,"+ Warming"
"40_3_XXW",1.39761092150171,"2013-2019",2013,2019,"XXW","ARTSCO-CALLEP","ARTSCO","CALLEP",1,"+ Warming"
"8_1_XXW",1.13953488372093,"2013-2019",2013,2019,"XXW","ARTSCO-CALLEP","ARTSCO","CALLEP",1,"+ Warming"
"1_1_XXW",1.29848693259973,"2013-2019",2013,2019,"XXW","ARTSCO-CARSCO","ARTSCO","CARSCO",1,"+ Warming"
"18_2_XXW",1.07715133531157,"2013-2019",2013,2019,"XXW","ARTSCO-CARSCO","ARTSCO","CARSCO",1,"+ Warming"
"21_2_XXW",1.02212101496422,"2013-2019",2013,2019,"XXW","ARTSCO-CARSCO","ARTSCO","CARSCO",1,"+ Warming"
"38_3_XXW",0.872865275142315,"2013-2019",2013,2019,"XXW","ARTSCO-CARSCO","ARTSCO","CARSCO",1,"+ Warming"
"40_3_XXW",0.866993349667483,"2013-2019",2013,2019,"XXW","ARTSCO-CARSCO","ARTSCO","CARSCO",1,"+ Warming"
"8_1_XXW",0.520833333333333,"2013-2019",2013,2019,"XXW","ARTSCO-CARSCO","ARTSCO","CARSCO",1,"+ Warming"
"1_1_XXW",0.856115107913669,"2013-2019",2013,2019,"XXW","ARTSCO-DESCES","ARTSCO","DESCES",1,"+ Warming"
"18_2_XXW",0.947712418300654,"2013-2019",2013,2019,"XXW","ARTSCO-DESCES","ARTSCO","DESCES",1,"+ Warming"
"21_2_XXW",0.675471698113208,"2013-2019",2013,2019,"XXW","ARTSCO-DESCES","ARTSCO","DESCES",1,"+ Warming"
"38_3_XXW",0.313276651406148,"2013-2019",2013,2019,"XXW","ARTSCO-DESCES","ARTSCO","DESCES",1,"+ Warming"
"40_3_XXW",0.97055730809674,"2013-2019",2013,2019,"XXW","ARTSCO-DESCES","ARTSCO","DESCES",1,"+ Warming"
"8_1_XXW",1.07488252235865,"2013-2019",2013,2019,"XXW","ARTSCO-DESCES","ARTSCO","DESCES",1,"+ Warming"
"1_1_XXW",0.759036144578313,"2013-2019",2013,2019,"XXW","ARTSCO-GENALG","ARTSCO","GENALG",1,"+ Warming"
"18_2_XXW",1,"2013-2019",2013,2019,"XXW","ARTSCO-GENALG","ARTSCO","GENALG",1,"+ Warming"
"21_2_XXW",1.30821529745043,"2013-2019",2013,2019,"XXW","ARTSCO-GENALG","ARTSCO","GENALG",1,"+ Warming"
"38_3_XXW",0.948763250883392,"2013-2019",2013,2019,"XXW","ARTSCO-GENALG","ARTSCO","GENALG",1,"+ Warming"
"40_3_XXW",0.998387096774194,"2013-2019",2013,2019,"XXW","ARTSCO-GENALG","ARTSCO","GENALG",1,"+ Warming"
"8_1_XXW",0.663755458515284,"2013-2019",2013,2019,"XXW","ARTSCO-GENALG","ARTSCO","GENALG",1,"+ Warming"
"1_1_XXW",0.356756756756757,"2013-2019",2013,2019,"XXW","ARTSCO-GEUROS","ARTSCO","GEUROS",1,"+ Warming"
"18_2_XXW",1.2316715542522,"2013-2019",2013,2019,"XXW","ARTSCO-GEUROS","ARTSCO","GEUROS",1,"+ Warming"
"21_2_XXW",1.08768267223382,"2013-2019",2013,2019,"XXW","ARTSCO-GEUROS","ARTSCO","GEUROS",1,"+ Warming"
"38_3_XXW",0.910746812386157,"2013-2019",2013,2019,"XXW","ARTSCO-GEUROS","ARTSCO","GEUROS",1,"+ Warming"
"40_3_XXW",0.771300448430493,"2013-2019",2013,2019,"XXW","ARTSCO-GEUROS","ARTSCO","GEUROS",1,"+ Warming"
"8_1_XXW",0.89364161849711,"2013-2019",2013,2019,"XXW","ARTSCO-GEUROS","ARTSCO","GEUROS",1,"+ Warming"
"1_1_XXW",1.25714285714286,"2013-2019",2013,2019,"XXW","ARTSCO-TRIPAR","ARTSCO","TRIPAR",1,"+ Warming"
"18_2_XXW",1.21538461538462,"2013-2019",2013,2019,"XXW","ARTSCO-TRIPAR","ARTSCO","TRIPAR",1,"+ Warming"
"21_2_XXW",1.01654846335697,"2013-2019",2013,2019,"XXW","ARTSCO-TRIPAR","ARTSCO","TRIPAR",1,"+ Warming"
"38_3_XXW",1.82861896838602,"2013-2019",2013,2019,"XXW","ARTSCO-TRIPAR","ARTSCO","TRIPAR",1,"+ Warming"
"40_3_XXW",0.951267056530214,"2013-2019",2013,2019,"XXW","ARTSCO-TRIPAR","ARTSCO","TRIPAR",1,"+ Warming"
"8_1_XXW",0.965451055662188,"2013-2019",2013,2019,"XXW","ARTSCO-TRIPAR","ARTSCO","TRIPAR",1,"+ Warming"
"1_1_XXW",1,"2013-2019",2013,2019,"XXW","BISBIS-CALLEP","BISBIS","CALLEP",1,"+ Warming"
"18_2_XXW",0.95,"2013-2019",2013,2019,"XXW","BISBIS-CALLEP","BISBIS","CALLEP",1,"+ Warming"
"21_2_XXW",1,"2013-2019",2013,2019,"XXW","BISBIS-CALLEP","BISBIS","CALLEP",1,"+ Warming"
"38_3_XXW",0.764423076923077,"2013-2019",2013,2019,"XXW","BISBIS-CALLEP","BISBIS","CALLEP",1,"+ Warming"
"40_3_XXW",1.1025641025641,"2013-2019",2013,2019,"XXW","BISBIS-CALLEP","BISBIS","CALLEP",1,"+ Warming"
"8_1_XXW",1.61194029850746,"2013-2019",2013,2019,"XXW","BISBIS-CALLEP","BISBIS","CALLEP",1,"+ Warming"
"1_1_XXW",1.11231393775372,"2013-2019",2013,2019,"XXW","BISBIS-CARSCO","BISBIS","CARSCO",1,"+ Warming"
"18_2_XXW",0.695454545454545,"2013-2019",2013,2019,"XXW","BISBIS-CARSCO","BISBIS","CARSCO",1,"+ Warming"
"21_2_XXW",0.664739884393064,"2013-2019",2013,2019,"XXW","BISBIS-CARSCO","BISBIS","CARSCO",1,"+ Warming"
"38_3_XXW",0.63953488372093,"2013-2019",2013,2019,"XXW","BISBIS-CARSCO","BISBIS","CARSCO",1,"+ Warming"
"40_3_XXW",0.987767584097859,"2013-2019",2013,2019,"XXW","BISBIS-CARSCO","BISBIS","CARSCO",1,"+ Warming"
"8_1_XXW",0.719512195121951,"2013-2019",2013,2019,"XXW","BISBIS-CARSCO","BISBIS","CARSCO",1,"+ Warming"
"1_1_XXW",0.842696629213483,"2013-2019",2013,2019,"XXW","BISBIS-DESCES","BISBIS","DESCES",1,"+ Warming"
"18_2_XXW",0.821138211382114,"2013-2019",2013,2019,"XXW","BISBIS-DESCES","BISBIS","DESCES",1,"+ Warming"
"21_2_XXW",1.05792682926829,"2013-2019",2013,2019,"XXW","BISBIS-DESCES","BISBIS","DESCES",1,"+ Warming"
"38_3_XXW",1.08943781942078,"2013-2019",2013,2019,"XXW","BISBIS-DESCES","BISBIS","DESCES",1,"+ Warming"
"40_3_XXW",0.985477178423237,"2013-2019",2013,2019,"XXW","BISBIS-DESCES","BISBIS","DESCES",1,"+ Warming"
"8_1_XXW",0.934506503442999,"2013-2019",2013,2019,"XXW","BISBIS-DESCES","BISBIS","DESCES",1,"+ Warming"
"1_1_XXW",1,"2013-2019",2013,2019,"XXW","BISBIS-GENALG","BISBIS","GENALG",1,"+ Warming"
"18_2_XXW",1,"2013-2019",2013,2019,"XXW","BISBIS-GENALG","BISBIS","GENALG",1,"+ Warming"
"21_2_XXW",0.605985037406484,"2013-2019",2013,2019,"XXW","BISBIS-GENALG","BISBIS","GENALG",1,"+ Warming"
"38_3_XXW",1.04265402843602,"2013-2019",2013,2019,"XXW","BISBIS-GENALG","BISBIS","GENALG",1,"+ Warming"
"40_3_XXW",1.37748344370861,"2013-2019",2013,2019,"XXW","BISBIS-GENALG","BISBIS","GENALG",1,"+ Warming"
"8_1_XXW",1.29341317365269,"2013-2019",2013,2019,"XXW","BISBIS-GENALG","BISBIS","GENALG",1,"+ Warming"
"1_1_XXW",0.777486910994764,"2013-2019",2013,2019,"XXW","BISBIS-GEUROS","BISBIS","GEUROS",1,"+ Warming"
"18_2_XXW",0.889334402566159,"2013-2019",2013,2019,"XXW","BISBIS-GEUROS","BISBIS","GEUROS",1,"+ Warming"
"21_2_XXW",0.442028985507246,"2013-2019",2013,2019,"XXW","BISBIS-GEUROS","BISBIS","GEUROS",1,"+ Warming"
"38_3_XXW",1.21649484536082,"2013-2019",2013,2019,"XXW","BISBIS-GEUROS","BISBIS","GEUROS",1,"+ Warming"
"40_3_XXW",1.625,"2013-2019",2013,2019,"XXW","BISBIS-GEUROS","BISBIS","GEUROS",1,"+ Warming"
"8_1_XXW",1.12453300124533,"2013-2019",2013,2019,"XXW","BISBIS-GEUROS","BISBIS","GEUROS",1,"+ Warming"
"1_1_XXW",0.400778210116732,"2013-2019",2013,2019,"XXW","BISBIS-TRIPAR","BISBIS","TRIPAR",1,"+ Warming"
"18_2_XXW",1.10096153846154,"2013-2019",2013,2019,"XXW","BISBIS-TRIPAR","BISBIS","TRIPAR",1,"+ Warming"
"21_2_XXW",0.48780487804878,"2013-2019",2013,2019,"XXW","BISBIS-TRIPAR","BISBIS","TRIPAR",1,"+ Warming"
"38_3_XXW",0.707317073170732,"2013-2019",2013,2019,"XXW","BISBIS-TRIPAR","BISBIS","TRIPAR",1,"+ Warming"
"40_3_XXW",1.09090909090909,"2013-2019",2013,2019,"XXW","BISBIS-TRIPAR","BISBIS","TRIPAR",1,"+ Warming"
"8_1_XXW",0.849673202614379,"2013-2019",2013,2019,"XXW","BISBIS-TRIPAR","BISBIS","TRIPAR",1,"+ Warming"
"1_1_XXW",0.958632334318278,"2013-2019",2013,2019,"XXW","CALLEP-CARSCO","CALLEP","CARSCO",1,"+ Warming"
"18_2_XXW",1.15151515151515,"2013-2019",2013,2019,"XXW","CALLEP-CARSCO","CALLEP","CARSCO",1,"+ Warming"
"21_2_XXW",1,"2013-2019",2013,2019,"XXW","CALLEP-CARSCO","CALLEP","CARSCO",1,"+ Warming"
"38_3_XXW",0.871323529411765,"2013-2019",2013,2019,"XXW","CALLEP-CARSCO","CALLEP","CARSCO",1,"+ Warming"
"40_3_XXW",0.539696699375558,"2013-2019",2013,2019,"XXW","CALLEP-CARSCO","CALLEP","CARSCO",1,"+ Warming"
"8_1_XXW",0.794871794871795,"2013-2019",2013,2019,"XXW","CALLEP-CARSCO","CALLEP","CARSCO",1,"+ Warming"
"1_1_XXW",0.971014492753623,"2013-2019",2013,2019,"XXW","CALLEP-DESCES","CALLEP","DESCES",1,"+ Warming"
"18_2_XXW",1.1594963273872,"2013-2019",2013,2019,"XXW","CALLEP-DESCES","CALLEP","DESCES",1,"+ Warming"
"21_2_XXW",1,"2013-2019",2013,2019,"XXW","CALLEP-DESCES","CALLEP","DESCES",1,"+ Warming"
"38_3_XXW",1.00549450549451,"2013-2019",2013,2019,"XXW","CALLEP-DESCES","CALLEP","DESCES",1,"+ Warming"
"40_3_XXW",0.905222437137331,"2013-2019",2013,2019,"XXW","CALLEP-DESCES","CALLEP","DESCES",1,"+ Warming"
"8_1_XXW",0.979975354282194,"2013-2019",2013,2019,"XXW","CALLEP-DESCES","CALLEP","DESCES",1,"+ Warming"
"1_1_XXW",1.16666666666667,"2013-2019",2013,2019,"XXW","CALLEP-GENALG","CALLEP","GENALG",1,"+ Warming"
"18_2_XXW",1,"2013-2019",2013,2019,"XXW","CALLEP-GENALG","CALLEP","GENALG",1,"+ Warming"
"21_2_XXW",1,"2013-2019",2013,2019,"XXW","CALLEP-GENALG","CALLEP","GENALG",1,"+ Warming"
"38_3_XXW",1.11254019292604,"2013-2019",2013,2019,"XXW","CALLEP-GENALG","CALLEP","GENALG",1,"+ Warming"
"40_3_XXW",0.967741935483871,"2013-2019",2013,2019,"XXW","CALLEP-GENALG","CALLEP","GENALG",1,"+ Warming"
"8_1_XXW",1.11290322580645,"2013-2019",2013,2019,"XXW","CALLEP-GENALG","CALLEP","GENALG",1,"+ Warming"
"1_1_XXW",1.07438894792774,"2013-2019",2013,2019,"XXW","CALLEP-GEUROS","CALLEP","GEUROS",1,"+ Warming"
"18_2_XXW",0.912168344007319,"2013-2019",2013,2019,"XXW","CALLEP-GEUROS","CALLEP","GEUROS",1,"+ Warming"
"21_2_XXW",1,"2013-2019",2013,2019,"XXW","CALLEP-GEUROS","CALLEP","GEUROS",1,"+ Warming"
"38_3_XXW",1.04761904761905,"2013-2019",2013,2019,"XXW","CALLEP-GEUROS","CALLEP","GEUROS",1,"+ Warming"
"40_3_XXW",1.3531914893617,"2013-2019",2013,2019,"XXW","CALLEP-GEUROS","CALLEP","GEUROS",1,"+ Warming"
"8_1_XXW",0.973684210526316,"2013-2019",2013,2019,"XXW","CALLEP-GEUROS","CALLEP","GEUROS",1,"+ Warming"
"1_1_XXW",0.80952380952381,"2013-2019",2013,2019,"XXW","CALLEP-TRIPAR","CALLEP","TRIPAR",1,"+ Warming"
"18_2_XXW",1.51851851851852,"2013-2019",2013,2019,"XXW","CALLEP-TRIPAR","CALLEP","TRIPAR",1,"+ Warming"
"21_2_XXW",1,"2013-2019",2013,2019,"XXW","CALLEP-TRIPAR","CALLEP","TRIPAR",1,"+ Warming"
"38_3_XXW",0.939306358381503,"2013-2019",2013,2019,"XXW","CALLEP-TRIPAR","CALLEP","TRIPAR",1,"+ Warming"
"40_3_XXW",0.962025316455696,"2013-2019",2013,2019,"XXW","CALLEP-TRIPAR","CALLEP","TRIPAR",1,"+ Warming"
"8_1_XXW",1.00961538461538,"2013-2019",2013,2019,"XXW","CALLEP-TRIPAR","CALLEP","TRIPAR",1,"+ Warming"
"1_1_XXW",0.286251567070623,"2013-2019",2013,2019,"XXW","CARSCO-DESCES","CARSCO","DESCES",1,"+ Warming"
"18_2_XXW",0.983210912906611,"2013-2019",2013,2019,"XXW","CARSCO-DESCES","CARSCO","DESCES",1,"+ Warming"
"21_2_XXW",0.968270481144343,"2013-2019",2013,2019,"XXW","CARSCO-DESCES","CARSCO","DESCES",1,"+ Warming"
"38_3_XXW",1.11308562197092,"2013-2019",2013,2019,"XXW","CARSCO-DESCES","CARSCO","DESCES",1,"+ Warming"
"40_3_XXW",1.37427353738861,"2013-2019",2013,2019,"XXW","CARSCO-DESCES","CARSCO","DESCES",1,"+ Warming"
"8_1_XXW",0.983709850929768,"2013-2019",2013,2019,"XXW","CARSCO-DESCES","CARSCO","DESCES",1,"+ Warming"
"1_1_XXW",0.929084001688476,"2013-2019",2013,2019,"XXW","CARSCO-GENALG","CARSCO","GENALG",1,"+ Warming"
"18_2_XXW",1,"2013-2019",2013,2019,"XXW","CARSCO-GENALG","CARSCO","GENALG",1,"+ Warming"
"21_2_XXW",1.34838709677419,"2013-2019",2013,2019,"XXW","CARSCO-GENALG","CARSCO","GENALG",1,"+ Warming"
"38_3_XXW",0.323636363636364,"2013-2019",2013,2019,"XXW","CARSCO-GENALG","CARSCO","GENALG",1,"+ Warming"
"40_3_XXW",0.381066030230708,"2013-2019",2013,2019,"XXW","CARSCO-GENALG","CARSCO","GENALG",1,"+ Warming"
"8_1_XXW",0.647482014388489,"2013-2019",2013,2019,"XXW","CARSCO-GENALG","CARSCO","GENALG",1,"+ Warming"
"1_1_XXW",1.26315789473684,"2013-2019",2013,2019,"XXW","CARSCO-GEUROS","CARSCO","GEUROS",1,"+ Warming"
"18_2_XXW",1.2451967063129,"2013-2019",2013,2019,"XXW","CARSCO-GEUROS","CARSCO","GEUROS",1,"+ Warming"
"21_2_XXW",0.908893709327549,"2013-2019",2013,2019,"XXW","CARSCO-GEUROS","CARSCO","GEUROS",1,"+ Warming"
"38_3_XXW",0.457364341085271,"2013-2019",2013,2019,"XXW","CARSCO-GEUROS","CARSCO","GEUROS",1,"+ Warming"
"40_3_XXW",0.649002064693737,"2013-2019",2013,2019,"XXW","CARSCO-GEUROS","CARSCO","GEUROS",1,"+ Warming"
"8_1_XXW",1.05677419354839,"2013-2019",2013,2019,"XXW","CARSCO-GEUROS","CARSCO","GEUROS",1,"+ Warming"
"1_1_XXW",0.929190751445087,"2013-2019",2013,2019,"XXW","CARSCO-TRIPAR","CARSCO","TRIPAR",1,"+ Warming"
"18_2_XXW",0.740740740740741,"2013-2019",2013,2019,"XXW","CARSCO-TRIPAR","CARSCO","TRIPAR",1,"+ Warming"
"21_2_XXW",1,"2013-2019",2013,2019,"XXW","CARSCO-TRIPAR","CARSCO","TRIPAR",1,"+ Warming"
"38_3_XXW",0.967741935483871,"2013-2019",2013,2019,"XXW","CARSCO-TRIPAR","CARSCO","TRIPAR",1,"+ Warming"
"40_3_XXW",0.978287092882992,"2013-2019",2013,2019,"XXW","CARSCO-TRIPAR","CARSCO","TRIPAR",1,"+ Warming"
"8_1_XXW",1.01856148491879,"2013-2019",2013,2019,"XXW","CARSCO-TRIPAR","CARSCO","TRIPAR",1,"+ Warming"
"1_1_XXW",1.03864734299517,"2013-2019",2013,2019,"XXW","DESCES-GENALG","DESCES","GENALG",1,"+ Warming"
"18_2_XXW",1,"2013-2019",2013,2019,"XXW","DESCES-GENALG","DESCES","GENALG",1,"+ Warming"
"21_2_XXW",0.654799901792291,"2013-2019",2013,2019,"XXW","DESCES-GENALG","DESCES","GENALG",1,"+ Warming"
"38_3_XXW",0.841033672670321,"2013-2019",2013,2019,"XXW","DESCES-GENALG","DESCES","GENALG",1,"+ Warming"
"40_3_XXW",0.644283121597096,"2013-2019",2013,2019,"XXW","DESCES-GENALG","DESCES","GENALG",1,"+ Warming"
"8_1_XXW",0.995752427184466,"2013-2019",2013,2019,"XXW","DESCES-GENALG","DESCES","GENALG",1,"+ Warming"
"1_1_XXW",0.903732809430255,"2013-2019",2013,2019,"XXW","DESCES-GEUROS","DESCES","GEUROS",1,"+ Warming"
"18_2_XXW",0.296969696969697,"2013-2019",2013,2019,"XXW","DESCES-GEUROS","DESCES","GEUROS",1,"+ Warming"
"21_2_XXW",0.734848484848485,"2013-2019",2013,2019,"XXW","DESCES-GEUROS","DESCES","GEUROS",1,"+ Warming"
"38_3_XXW",0.872222222222222,"2013-2019",2013,2019,"XXW","DESCES-GEUROS","DESCES","GEUROS",1,"+ Warming"
"40_3_XXW",0.603333333333333,"2013-2019",2013,2019,"XXW","DESCES-GEUROS","DESCES","GEUROS",1,"+ Warming"
"8_1_XXW",0.470392916436082,"2013-2019",2013,2019,"XXW","DESCES-GEUROS","DESCES","GEUROS",1,"+ Warming"
"1_1_XXW",1.12820512820513,"2013-2019",2013,2019,"XXW","DESCES-TRIPAR","DESCES","TRIPAR",1,"+ Warming"
"18_2_XXW",1.01487778958555,"2013-2019",2013,2019,"XXW","DESCES-TRIPAR","DESCES","TRIPAR",1,"+ Warming"
"21_2_XXW",0.916,"2013-2019",2013,2019,"XXW","DESCES-TRIPAR","DESCES","TRIPAR",1,"+ Warming"
"38_3_XXW",0.386432926829268,"2013-2019",2013,2019,"XXW","DESCES-TRIPAR","DESCES","TRIPAR",1,"+ Warming"
"40_3_XXW",1.07882882882883,"2013-2019",2013,2019,"XXW","DESCES-TRIPAR","DESCES","TRIPAR",1,"+ Warming"
"8_1_XXW",0.900929692039512,"2013-2019",2013,2019,"XXW","DESCES-TRIPAR","DESCES","TRIPAR",1,"+ Warming"
"1_1_XXW",1.07438894792774,"2013-2019",2013,2019,"XXW","GENALG-GEUROS","GENALG","GEUROS",1,"+ Warming"
"18_2_XXW",1,"2013-2019",2013,2019,"XXW","GENALG-GEUROS","GENALG","GEUROS",1,"+ Warming"
"21_2_XXW",1.46734397677794,"2013-2019",2013,2019,"XXW","GENALG-GEUROS","GENALG","GEUROS",1,"+ Warming"
"38_3_XXW",1.77777777777778,"2013-2019",2013,2019,"XXW","GENALG-GEUROS","GENALG","GEUROS",1,"+ Warming"
"40_3_XXW",1.37918215613383,"2013-2019",2013,2019,"XXW","GENALG-GEUROS","GENALG","GEUROS",1,"+ Warming"
"8_1_XXW",0.886046511627907,"2013-2019",2013,2019,"XXW","GENALG-GEUROS","GENALG","GEUROS",1,"+ Warming"
"1_1_XXW",0.936507936507937,"2013-2019",2013,2019,"XXW","GENALG-TRIPAR","GENALG","TRIPAR",1,"+ Warming"
"18_2_XXW",1,"2013-2019",2013,2019,"XXW","GENALG-TRIPAR","GENALG","TRIPAR",1,"+ Warming"
"21_2_XXW",0.789247311827957,"2013-2019",2013,2019,"XXW","GENALG-TRIPAR","GENALG","TRIPAR",1,"+ Warming"
"38_3_XXW",0.842406876790831,"2013-2019",2013,2019,"XXW","GENALG-TRIPAR","GENALG","TRIPAR",1,"+ Warming"
"40_3_XXW",0.982300884955752,"2013-2019",2013,2019,"XXW","GENALG-TRIPAR","GENALG","TRIPAR",1,"+ Warming"
"8_1_XXW",0.972868217054264,"2013-2019",2013,2019,"XXW","GENALG-TRIPAR","GENALG","TRIPAR",1,"+ Warming"
"1_1_XXW",0.498507462686567,"2013-2019",2013,2019,"XXW","GEUROS-TRIPAR","GEUROS","TRIPAR",1,"+ Warming"
"18_2_XXW",0.961147086031452,"2013-2019",2013,2019,"XXW","GEUROS-TRIPAR","GEUROS","TRIPAR",1,"+ Warming"
"21_2_XXW",1.18181818181818,"2013-2019",2013,2019,"XXW","GEUROS-TRIPAR","GEUROS","TRIPAR",1,"+ Warming"
"38_3_XXW",0.831325301204819,"2013-2019",2013,2019,"XXW","GEUROS-TRIPAR","GEUROS","TRIPAR",1,"+ Warming"
"40_3_XXW",1.01234567901235,"2013-2019",2013,2019,"XXW","GEUROS-TRIPAR","GEUROS","TRIPAR",1,"+ Warming"
"8_1_XXW",0.944444444444444,"2013-2019",2013,2019,"XXW","GEUROS-TRIPAR","GEUROS","TRIPAR",1,"+ Warming"
"1_1_XXW",1.39575971731449,"2014-2020",2014,2020,"XXW","ARTSCO-BISBIS","ARTSCO","BISBIS",1,"+ Warming"
"18_2_XXW",0.896813353566009,"2014-2020",2014,2020,"XXW","ARTSCO-BISBIS","ARTSCO","BISBIS",1,"+ Warming"
"21_2_XXW",0.897810218978102,"2014-2020",2014,2020,"XXW","ARTSCO-BISBIS","ARTSCO","BISBIS",1,"+ Warming"
"38_3_XXW",0.734208367514356,"2014-2020",2014,2020,"XXW","ARTSCO-BISBIS","ARTSCO","BISBIS",1,"+ Warming"
"40_3_XXW",0.815693430656934,"2014-2020",2014,2020,"XXW","ARTSCO-BISBIS","ARTSCO","BISBIS",1,"+ Warming"
"8_1_XXW",1.43870967741935,"2014-2020",2014,2020,"XXW","ARTSCO-BISBIS","ARTSCO","BISBIS",1,"+ Warming"
"1_1_XXW",0.688350983358548,"2014-2020",2014,2020,"XXW","ARTSCO-CALLEP","ARTSCO","CALLEP",1,"+ Warming"
"18_2_XXW",1.15594541910331,"2014-2020",2014,2020,"XXW","ARTSCO-CALLEP","ARTSCO","CALLEP",1,"+ Warming"
"21_2_XXW",1,"2014-2020",2014,2020,"XXW","ARTSCO-CALLEP","ARTSCO","CALLEP",1,"+ Warming"
"38_3_XXW",1.70886075949367,"2014-2020",2014,2020,"XXW","ARTSCO-CALLEP","ARTSCO","CALLEP",1,"+ Warming"
"40_3_XXW",1.40374787052811,"2014-2020",2014,2020,"XXW","ARTSCO-CALLEP","ARTSCO","CALLEP",1,"+ Warming"
"8_1_XXW",1.22222222222222,"2014-2020",2014,2020,"XXW","ARTSCO-CALLEP","ARTSCO","CALLEP",1,"+ Warming"
"1_1_XXW",0.985849056603774,"2014-2020",2014,2020,"XXW","ARTSCO-CARSCO","ARTSCO","CARSCO",1,"+ Warming"
"18_2_XXW",1.03607214428858,"2014-2020",2014,2020,"XXW","ARTSCO-CARSCO","ARTSCO","CARSCO",1,"+ Warming"
"21_2_XXW",1.00901481004507,"2014-2020",2014,2020,"XXW","ARTSCO-CARSCO","ARTSCO","CARSCO",1,"+ Warming"
"38_3_XXW",0.852367688022284,"2014-2020",2014,2020,"XXW","ARTSCO-CARSCO","ARTSCO","CARSCO",1,"+ Warming"
"40_3_XXW",0.91493848857645,"2014-2020",2014,2020,"XXW","ARTSCO-CARSCO","ARTSCO","CARSCO",1,"+ Warming"
"8_1_XXW",0.37984496124031,"2014-2020",2014,2020,"XXW","ARTSCO-CARSCO","ARTSCO","CARSCO",1,"+ Warming"
"1_1_XXW",0.897289586305278,"2014-2020",2014,2020,"XXW","ARTSCO-DESCES","ARTSCO","DESCES",1,"+ Warming"
"18_2_XXW",0.842696629213483,"2014-2020",2014,2020,"XXW","ARTSCO-DESCES","ARTSCO","DESCES",1,"+ Warming"
"21_2_XXW",0.63390441839495,"2014-2020",2014,2020,"XXW","ARTSCO-DESCES","ARTSCO","DESCES",1,"+ Warming"
"38_3_XXW",0.474125874125874,"2014-2020",2014,2020,"XXW","ARTSCO-DESCES","ARTSCO","DESCES",1,"+ Warming"
"40_3_XXW",1.09029126213592,"2014-2020",2014,2020,"XXW","ARTSCO-DESCES","ARTSCO","DESCES",1,"+ Warming"
"8_1_XXW",1.01635220125786,"2014-2020",2014,2020,"XXW","ARTSCO-DESCES","ARTSCO","DESCES",1,"+ Warming"
"1_1_XXW",0.846625766871166,"2014-2020",2014,2020,"XXW","ARTSCO-GENALG","ARTSCO","GENALG",1,"+ Warming"
"18_2_XXW",1,"2014-2020",2014,2020,"XXW","ARTSCO-GENALG","ARTSCO","GENALG",1,"+ Warming"
"21_2_XXW",1.33532934131737,"2014-2020",2014,2020,"XXW","ARTSCO-GENALG","ARTSCO","GENALG",1,"+ Warming"
"38_3_XXW",1.15970515970516,"2014-2020",2014,2020,"XXW","ARTSCO-GENALG","ARTSCO","GENALG",1,"+ Warming"
"40_3_XXW",0.960481099656357,"2014-2020",2014,2020,"XXW","ARTSCO-GENALG","ARTSCO","GENALG",1,"+ Warming"
"8_1_XXW",0.865168539325843,"2014-2020",2014,2020,"XXW","ARTSCO-GENALG","ARTSCO","GENALG",1,"+ Warming"
"1_1_XXW",0.633906633906634,"2014-2020",2014,2020,"XXW","ARTSCO-GEUROS","ARTSCO","GEUROS",1,"+ Warming"
"18_2_XXW",0.889502762430939,"2014-2020",2014,2020,"XXW","ARTSCO-GEUROS","ARTSCO","GEUROS",1,"+ Warming"
"21_2_XXW",1.13774597495528,"2014-2020",2014,2020,"XXW","ARTSCO-GEUROS","ARTSCO","GEUROS",1,"+ Warming"
"38_3_XXW",0.603580562659846,"2014-2020",2014,2020,"XXW","ARTSCO-GEUROS","ARTSCO","GEUROS",1,"+ Warming"
"40_3_XXW",0.632686084142395,"2014-2020",2014,2020,"XXW","ARTSCO-GEUROS","ARTSCO","GEUROS",1,"+ Warming"
"8_1_XXW",1.02390438247012,"2014-2020",2014,2020,"XXW","ARTSCO-GEUROS","ARTSCO","GEUROS",1,"+ Warming"
"1_1_XXW",1.43283582089552,"2014-2020",2014,2020,"XXW","ARTSCO-TRIPAR","ARTSCO","TRIPAR",1,"+ Warming"
"18_2_XXW",1.21267893660532,"2014-2020",2014,2020,"XXW","ARTSCO-TRIPAR","ARTSCO","TRIPAR",1,"+ Warming"
"21_2_XXW",1.03255813953488,"2014-2020",2014,2020,"XXW","ARTSCO-TRIPAR","ARTSCO","TRIPAR",1,"+ Warming"
"38_3_XXW",1.38283828382838,"2014-2020",2014,2020,"XXW","ARTSCO-TRIPAR","ARTSCO","TRIPAR",1,"+ Warming"
"40_3_XXW",0.956862745098039,"2014-2020",2014,2020,"XXW","ARTSCO-TRIPAR","ARTSCO","TRIPAR",1,"+ Warming"
"8_1_XXW",0.784,"2014-2020",2014,2020,"XXW","ARTSCO-TRIPAR","ARTSCO","TRIPAR",1,"+ Warming"
"1_1_XXW",0.947858472998138,"2014-2020",2014,2020,"XXW","BISBIS-CALLEP","BISBIS","CALLEP",1,"+ Warming"
"18_2_XXW",0.973684210526316,"2014-2020",2014,2020,"XXW","BISBIS-CALLEP","BISBIS","CALLEP",1,"+ Warming"
"21_2_XXW",1,"2014-2020",2014,2020,"XXW","BISBIS-CALLEP","BISBIS","CALLEP",1,"+ Warming"
"38_3_XXW",0.823191733639495,"2014-2020",2014,2020,"XXW","BISBIS-CALLEP","BISBIS","CALLEP",1,"+ Warming"
"40_3_XXW",0.801652892561983,"2014-2020",2014,2020,"XXW","BISBIS-CALLEP","BISBIS","CALLEP",1,"+ Warming"
"8_1_XXW",1.46478873239437,"2014-2020",2014,2020,"XXW","BISBIS-CALLEP","BISBIS","CALLEP",1,"+ Warming"
"1_1_XXW",0.914320685434517,"2014-2020",2014,2020,"XXW","BISBIS-CARSCO","BISBIS","CARSCO",1,"+ Warming"
"18_2_XXW",0.733644859813084,"2014-2020",2014,2020,"XXW","BISBIS-CARSCO","BISBIS","CARSCO",1,"+ Warming"
"21_2_XXW",0.664739884393064,"2014-2020",2014,2020,"XXW","BISBIS-CARSCO","BISBIS","CARSCO",1,"+ Warming"
"38_3_XXW",0.623108665749656,"2014-2020",2014,2020,"XXW","BISBIS-CARSCO","BISBIS","CARSCO",1,"+ Warming"
"40_3_XXW",0.987767584097859,"2014-2020",2014,2020,"XXW","BISBIS-CARSCO","BISBIS","CARSCO",1,"+ Warming"
"8_1_XXW",1.02173913043478,"2014-2020",2014,2020,"XXW","BISBIS-CARSCO","BISBIS","CARSCO",1,"+ Warming"
"1_1_XXW",0.954048140043764,"2014-2020",2014,2020,"XXW","BISBIS-DESCES","BISBIS","DESCES",1,"+ Warming"
"18_2_XXW",0.791044776119403,"2014-2020",2014,2020,"XXW","BISBIS-DESCES","BISBIS","DESCES",1,"+ Warming"
"21_2_XXW",1.10732984293194,"2014-2020",2014,2020,"XXW","BISBIS-DESCES","BISBIS","DESCES",1,"+ Warming"
"38_3_XXW",1.0604370060437,"2014-2020",2014,2020,"XXW","BISBIS-DESCES","BISBIS","DESCES",1,"+ Warming"
"40_3_XXW",0.923758865248227,"2014-2020",2014,2020,"XXW","BISBIS-DESCES","BISBIS","DESCES",1,"+ Warming"
"8_1_XXW",0.926300806579155,"2014-2020",2014,2020,"XXW","BISBIS-DESCES","BISBIS","DESCES",1,"+ Warming"
"1_1_XXW",1.02651515151515,"2014-2020",2014,2020,"XXW","BISBIS-GENALG","BISBIS","GENALG",1,"+ Warming"
"18_2_XXW",1,"2014-2020",2014,2020,"XXW","BISBIS-GENALG","BISBIS","GENALG",1,"+ Warming"
"21_2_XXW",0.50109409190372,"2014-2020",2014,2020,"XXW","BISBIS-GENALG","BISBIS","GENALG",1,"+ Warming"
"38_3_XXW",1.12622415669206,"2014-2020",2014,2020,"XXW","BISBIS-GENALG","BISBIS","GENALG",1,"+ Warming"
"40_3_XXW",0.405172413793103,"2014-2020",2014,2020,"XXW","BISBIS-GENALG","BISBIS","GENALG",1,"+ Warming"
"8_1_XXW",1.21276595744681,"2014-2020",2014,2020,"XXW","BISBIS-GENALG","BISBIS","GENALG",1,"+ Warming"
"1_1_XXW",0.925531914893617,"2014-2020",2014,2020,"XXW","BISBIS-GEUROS","BISBIS","GEUROS",1,"+ Warming"
"18_2_XXW",0.88993981083405,"2014-2020",2014,2020,"XXW","BISBIS-GEUROS","BISBIS","GEUROS",1,"+ Warming"
"21_2_XXW",0.546728971962617,"2014-2020",2014,2020,"XXW","BISBIS-GEUROS","BISBIS","GEUROS",1,"+ Warming"
"38_3_XXW",1.09590643274854,"2014-2020",2014,2020,"XXW","BISBIS-GEUROS","BISBIS","GEUROS",1,"+ Warming"
"40_3_XXW",1.58552631578947,"2014-2020",2014,2020,"XXW","BISBIS-GEUROS","BISBIS","GEUROS",1,"+ Warming"
"8_1_XXW",1.15718717683557,"2014-2020",2014,2020,"XXW","BISBIS-GEUROS","BISBIS","GEUROS",1,"+ Warming"
"1_1_XXW",0.49789029535865,"2014-2020",2014,2020,"XXW","BISBIS-TRIPAR","BISBIS","TRIPAR",1,"+ Warming"
"18_2_XXW",1.07843137254902,"2014-2020",2014,2020,"XXW","BISBIS-TRIPAR","BISBIS","TRIPAR",1,"+ Warming"
"21_2_XXW",0.447058823529412,"2014-2020",2014,2020,"XXW","BISBIS-TRIPAR","BISBIS","TRIPAR",1,"+ Warming"
"38_3_XXW",0.375745526838966,"2014-2020",2014,2020,"XXW","BISBIS-TRIPAR","BISBIS","TRIPAR",1,"+ Warming"
"40_3_XXW",1.09090909090909,"2014-2020",2014,2020,"XXW","BISBIS-TRIPAR","BISBIS","TRIPAR",1,"+ Warming"
"8_1_XXW",1.11015118790497,"2014-2020",2014,2020,"XXW","BISBIS-TRIPAR","BISBIS","TRIPAR",1,"+ Warming"
"1_1_XXW",1.03217733285663,"2014-2020",2014,2020,"XXW","CALLEP-CARSCO","CALLEP","CARSCO",1,"+ Warming"
"18_2_XXW",1.33823529411765,"2014-2020",2014,2020,"XXW","CALLEP-CARSCO","CALLEP","CARSCO",1,"+ Warming"
"21_2_XXW",1,"2014-2020",2014,2020,"XXW","CALLEP-CARSCO","CALLEP","CARSCO",1,"+ Warming"
"38_3_XXW",0.845588235294118,"2014-2020",2014,2020,"XXW","CALLEP-CARSCO","CALLEP","CARSCO",1,"+ Warming"
"40_3_XXW",0.627088830255057,"2014-2020",2014,2020,"XXW","CALLEP-CARSCO","CALLEP","CARSCO",1,"+ Warming"
"8_1_XXW",0.777777777777778,"2014-2020",2014,2020,"XXW","CALLEP-CARSCO","CALLEP","CARSCO",1,"+ Warming"
"1_1_XXW",0.97247157390784,"2014-2020",2014,2020,"XXW","CALLEP-DESCES","CALLEP","DESCES",1,"+ Warming"
"18_2_XXW",1.08459214501511,"2014-2020",2014,2020,"XXW","CALLEP-DESCES","CALLEP","DESCES",1,"+ Warming"
"21_2_XXW",1,"2014-2020",2014,2020,"XXW","CALLEP-DESCES","CALLEP","DESCES",1,"+ Warming"
"38_3_XXW",0.799363057324841,"2014-2020",2014,2020,"XXW","CALLEP-DESCES","CALLEP","DESCES",1,"+ Warming"
"40_3_XXW",1.06135986733002,"2014-2020",2014,2020,"XXW","CALLEP-DESCES","CALLEP","DESCES",1,"+ Warming"
"8_1_XXW",0.996494582536648,"2014-2020",2014,2020,"XXW","CALLEP-DESCES","CALLEP","DESCES",1,"+ Warming"
"1_1_XXW",0.912280701754386,"2014-2020",2014,2020,"XXW","CALLEP-GENALG","CALLEP","GENALG",1,"+ Warming"
"18_2_XXW",1,"2014-2020",2014,2020,"XXW","CALLEP-GENALG","CALLEP","GENALG",1,"+ Warming"
"21_2_XXW",1,"2014-2020",2014,2020,"XXW","CALLEP-GENALG","CALLEP","GENALG",1,"+ Warming"
"38_3_XXW",1.13125,"2014-2020",2014,2020,"XXW","CALLEP-GENALG","CALLEP","GENALG",1,"+ Warming"
"40_3_XXW",0.987096774193548,"2014-2020",2014,2020,"XXW","CALLEP-GENALG","CALLEP","GENALG",1,"+ Warming"
"8_1_XXW",1.04255319148936,"2014-2020",2014,2020,"XXW","CALLEP-GENALG","CALLEP","GENALG",1,"+ Warming"
"1_1_XXW",0.994191674733785,"2014-2020",2014,2020,"XXW","CALLEP-GEUROS","CALLEP","GEUROS",1,"+ Warming"
"18_2_XXW",0.880039331366765,"2014-2020",2014,2020,"XXW","CALLEP-GEUROS","CALLEP","GEUROS",1,"+ Warming"
"21_2_XXW",1,"2014-2020",2014,2020,"XXW","CALLEP-GEUROS","CALLEP","GEUROS",1,"+ Warming"
"38_3_XXW",1.02302631578947,"2014-2020",2014,2020,"XXW","CALLEP-GEUROS","CALLEP","GEUROS",1,"+ Warming"
"40_3_XXW",1.20418848167539,"2014-2020",2014,2020,"XXW","CALLEP-GEUROS","CALLEP","GEUROS",1,"+ Warming"
"8_1_XXW",0.934782608695652,"2014-2020",2014,2020,"XXW","CALLEP-GEUROS","CALLEP","GEUROS",1,"+ Warming"
"1_1_XXW",0.731656184486373,"2014-2020",2014,2020,"XXW","CALLEP-TRIPAR","CALLEP","TRIPAR",1,"+ Warming"
"18_2_XXW",1.41379310344828,"2014-2020",2014,2020,"XXW","CALLEP-TRIPAR","CALLEP","TRIPAR",1,"+ Warming"
"21_2_XXW",1,"2014-2020",2014,2020,"XXW","CALLEP-TRIPAR","CALLEP","TRIPAR",1,"+ Warming"
"38_3_XXW",1.06481481481481,"2014-2020",2014,2020,"XXW","CALLEP-TRIPAR","CALLEP","TRIPAR",1,"+ Warming"
"40_3_XXW",0.987951807228916,"2014-2020",2014,2020,"XXW","CALLEP-TRIPAR","CALLEP","TRIPAR",1,"+ Warming"
"8_1_XXW",1.00961538461538,"2014-2020",2014,2020,"XXW","CALLEP-TRIPAR","CALLEP","TRIPAR",1,"+ Warming"
"1_1_XXW",0.414772727272727,"2014-2020",2014,2020,"XXW","CARSCO-DESCES","CARSCO","DESCES",1,"+ Warming"
"18_2_XXW",1,"2014-2020",2014,2020,"XXW","CARSCO-DESCES","CARSCO","DESCES",1,"+ Warming"
"21_2_XXW",0.992580101180438,"2014-2020",2014,2020,"XXW","CARSCO-DESCES","CARSCO","DESCES",1,"+ Warming"
"38_3_XXW",1.17905405405405,"2014-2020",2014,2020,"XXW","CARSCO-DESCES","CARSCO","DESCES",1,"+ Warming"
"40_3_XXW",1.36369886558955,"2014-2020",2014,2020,"XXW","CARSCO-DESCES","CARSCO","DESCES",1,"+ Warming"
"8_1_XXW",0.932348737494045,"2014-2020",2014,2020,"XXW","CARSCO-DESCES","CARSCO","DESCES",1,"+ Warming"
"1_1_XXW",0.906025824964132,"2014-2020",2014,2020,"XXW","CARSCO-GENALG","CARSCO","GENALG",1,"+ Warming"
"18_2_XXW",1,"2014-2020",2014,2020,"XXW","CARSCO-GENALG","CARSCO","GENALG",1,"+ Warming"
"21_2_XXW",1.10382513661202,"2014-2020",2014,2020,"XXW","CARSCO-GENALG","CARSCO","GENALG",1,"+ Warming"
"38_3_XXW",0.313380281690141,"2014-2020",2014,2020,"XXW","CARSCO-GENALG","CARSCO","GENALG",1,"+ Warming"
"40_3_XXW",0.591763652641003,"2014-2020",2014,2020,"XXW","CARSCO-GENALG","CARSCO","GENALG",1,"+ Warming"
"8_1_XXW",0.782608695652174,"2014-2020",2014,2020,"XXW","CARSCO-GENALG","CARSCO","GENALG",1,"+ Warming"
"1_1_XXW",1.13071200850159,"2014-2020",2014,2020,"XXW","CARSCO-GEUROS","CARSCO","GEUROS",1,"+ Warming"
"18_2_XXW",1.17746759720837,"2014-2020",2014,2020,"XXW","CARSCO-GEUROS","CARSCO","GEUROS",1,"+ Warming"
"21_2_XXW",0.840522875816993,"2014-2020",2014,2020,"XXW","CARSCO-GEUROS","CARSCO","GEUROS",1,"+ Warming"
"38_3_XXW",0.514925373134328,"2014-2020",2014,2020,"XXW","CARSCO-GEUROS","CARSCO","GEUROS",1,"+ Warming"
"40_3_XXW",0.668517049960349,"2014-2020",2014,2020,"XXW","CARSCO-GEUROS","CARSCO","GEUROS",1,"+ Warming"
"8_1_XXW",1.18278427205101,"2014-2020",2014,2020,"XXW","CARSCO-GEUROS","CARSCO","GEUROS",1,"+ Warming"
"1_1_XXW",0.876558603491272,"2014-2020",2014,2020,"XXW","CARSCO-TRIPAR","CARSCO","TRIPAR",1,"+ Warming"
"18_2_XXW",0.931818181818182,"2014-2020",2014,2020,"XXW","CARSCO-TRIPAR","CARSCO","TRIPAR",1,"+ Warming"
"21_2_XXW",0.919678714859438,"2014-2020",2014,2020,"XXW","CARSCO-TRIPAR","CARSCO","TRIPAR",1,"+ Warming"
"38_3_XXW",1.08888888888889,"2014-2020",2014,2020,"XXW","CARSCO-TRIPAR","CARSCO","TRIPAR",1,"+ Warming"
"40_3_XXW",0.978287092882992,"2014-2020",2014,2020,"XXW","CARSCO-TRIPAR","CARSCO","TRIPAR",1,"+ Warming"
"8_1_XXW",1.08695652173913,"2014-2020",2014,2020,"XXW","CARSCO-TRIPAR","CARSCO","TRIPAR",1,"+ Warming"
"1_1_XXW",1.04876099120703,"2014-2020",2014,2020,"XXW","DESCES-GENALG","DESCES","GENALG",1,"+ Warming"
"18_2_XXW",1,"2014-2020",2014,2020,"XXW","DESCES-GENALG","DESCES","GENALG",1,"+ Warming"
"21_2_XXW",0.732225300092336,"2014-2020",2014,2020,"XXW","DESCES-GENALG","DESCES","GENALG",1,"+ Warming"
"38_3_XXW",0.46875,"2014-2020",2014,2020,"XXW","DESCES-GENALG","DESCES","GENALG",1,"+ Warming"
"40_3_XXW",1.13545150501672,"2014-2020",2014,2020,"XXW","DESCES-GENALG","DESCES","GENALG",1,"+ Warming"
"8_1_XXW",1.04979514654901,"2014-2020",2014,2020,"XXW","DESCES-GENALG","DESCES","GENALG",1,"+ Warming"
"1_1_XXW",0.727759197324415,"2014-2020",2014,2020,"XXW","DESCES-GEUROS","DESCES","GEUROS",1,"+ Warming"
"18_2_XXW",0.448132780082988,"2014-2020",2014,2020,"XXW","DESCES-GEUROS","DESCES","GEUROS",1,"+ Warming"
"21_2_XXW",0.781798245614035,"2014-2020",2014,2020,"XXW","DESCES-GEUROS","DESCES","GEUROS",1,"+ Warming"
"38_3_XXW",0.99198717948718,"2014-2020",2014,2020,"XXW","DESCES-GEUROS","DESCES","GEUROS",1,"+ Warming"
"40_3_XXW",0.678233438485805,"2014-2020",2014,2020,"XXW","DESCES-GEUROS","DESCES","GEUROS",1,"+ Warming"
"8_1_XXW",0.417177914110429,"2014-2020",2014,2020,"XXW","DESCES-GEUROS","DESCES","GEUROS",1,"+ Warming"
"1_1_XXW",1.08407079646018,"2014-2020",2014,2020,"XXW","DESCES-TRIPAR","DESCES","TRIPAR",1,"+ Warming"
"18_2_XXW",0.985552115583075,"2014-2020",2014,2020,"XXW","DESCES-TRIPAR","DESCES","TRIPAR",1,"+ Warming"
"21_2_XXW",0.929757343550447,"2014-2020",2014,2020,"XXW","DESCES-TRIPAR","DESCES","TRIPAR",1,"+ Warming"
"38_3_XXW",0.736940298507463,"2014-2020",2014,2020,"XXW","DESCES-TRIPAR","DESCES","TRIPAR",1,"+ Warming"
"40_3_XXW",1.07034220532319,"2014-2020",2014,2020,"XXW","DESCES-TRIPAR","DESCES","TRIPAR",1,"+ Warming"
"8_1_XXW",0.654769046190762,"2014-2020",2014,2020,"XXW","DESCES-TRIPAR","DESCES","TRIPAR",1,"+ Warming"
"1_1_XXW",1.10546875,"2014-2020",2014,2020,"XXW","GENALG-GEUROS","GENALG","GEUROS",1,"+ Warming"
"18_2_XXW",1,"2014-2020",2014,2020,"XXW","GENALG-GEUROS","GENALG","GEUROS",1,"+ Warming"
"21_2_XXW",1.62154432793136,"2014-2020",2014,2020,"XXW","GENALG-GEUROS","GENALG","GEUROS",1,"+ Warming"
"38_3_XXW",1.67088607594937,"2014-2020",2014,2020,"XXW","GENALG-GEUROS","GENALG","GEUROS",1,"+ Warming"
"40_3_XXW",0.591397849462366,"2014-2020",2014,2020,"XXW","GENALG-GEUROS","GENALG","GEUROS",1,"+ Warming"
"8_1_XXW",0.82020202020202,"2014-2020",2014,2020,"XXW","GENALG-GEUROS","GENALG","GEUROS",1,"+ Warming"
"1_1_XXW",0.987179487179487,"2014-2020",2014,2020,"XXW","GENALG-TRIPAR","GENALG","TRIPAR",1,"+ Warming"
"18_2_XXW",1,"2014-2020",2014,2020,"XXW","GENALG-TRIPAR","GENALG","TRIPAR",1,"+ Warming"
"21_2_XXW",0.924953095684803,"2014-2020",2014,2020,"XXW","GENALG-TRIPAR","GENALG","TRIPAR",1,"+ Warming"
"38_3_XXW",0.842105263157895,"2014-2020",2014,2020,"XXW","GENALG-TRIPAR","GENALG","TRIPAR",1,"+ Warming"
"40_3_XXW",1.06410256410256,"2014-2020",2014,2020,"XXW","GENALG-TRIPAR","GENALG","TRIPAR",1,"+ Warming"
"8_1_XXW",1.2798353909465,"2014-2020",2014,2020,"XXW","GENALG-TRIPAR","GENALG","TRIPAR",1,"+ Warming"
"1_1_XXW",0.595567867036011,"2014-2020",2014,2020,"XXW","GEUROS-TRIPAR","GEUROS","TRIPAR",1,"+ Warming"
"18_2_XXW",1.00805639476334,"2014-2020",2014,2020,"XXW","GEUROS-TRIPAR","GEUROS","TRIPAR",1,"+ Warming"
"21_2_XXW",1.25321888412017,"2014-2020",2014,2020,"XXW","GEUROS-TRIPAR","GEUROS","TRIPAR",1,"+ Warming"
"38_3_XXW",0.622641509433962,"2014-2020",2014,2020,"XXW","GEUROS-TRIPAR","GEUROS","TRIPAR",1,"+ Warming"
"40_3_XXW",1.03508771929825,"2014-2020",2014,2020,"XXW","GEUROS-TRIPAR","GEUROS","TRIPAR",1,"+ Warming"
"8_1_XXW",1.40853658536585,"2014-2020",2014,2020,"XXW","GEUROS-TRIPAR","GEUROS","TRIPAR",1,"+ Warming"
"1_1_XXW",1.19158878504673,"2015-2021",2015,2021,"XXW","ARTSCO-BISBIS","ARTSCO","BISBIS",1,"+ Warming"
"18_2_XXW",0.676939426142402,"2015-2021",2015,2021,"XXW","ARTSCO-BISBIS","ARTSCO","BISBIS",1,"+ Warming"
"21_2_XXW",0.862470862470862,"2015-2021",2015,2021,"XXW","ARTSCO-BISBIS","ARTSCO","BISBIS",1,"+ Warming"
"38_3_XXW",0.898016997167139,"2015-2021",2015,2021,"XXW","ARTSCO-BISBIS","ARTSCO","BISBIS",1,"+ Warming"
"40_3_XXW",0.953225806451613,"2015-2021",2015,2021,"XXW","ARTSCO-BISBIS","ARTSCO","BISBIS",1,"+ Warming"
"8_1_XXW",0.514018691588785,"2015-2021",2015,2021,"XXW","ARTSCO-BISBIS","ARTSCO","BISBIS",1,"+ Warming"
"1_1_XXW",0.615841584158416,"2015-2021",2015,2021,"XXW","ARTSCO-CALLEP","ARTSCO","CALLEP",1,"+ Warming"
"18_2_XXW",0.872,"2015-2021",2015,2021,"XXW","ARTSCO-CALLEP","ARTSCO","CALLEP",1,"+ Warming"
"21_2_XXW",1,"2015-2021",2015,2021,"XXW","ARTSCO-CALLEP","ARTSCO","CALLEP",1,"+ Warming"
"38_3_XXW",1.51515151515152,"2015-2021",2015,2021,"XXW","ARTSCO-CALLEP","ARTSCO","CALLEP",1,"+ Warming"
"40_3_XXW",1.34860883797054,"2015-2021",2015,2021,"XXW","ARTSCO-CALLEP","ARTSCO","CALLEP",1,"+ Warming"
"8_1_XXW",1.33333333333333,"2015-2021",2015,2021,"XXW","ARTSCO-CALLEP","ARTSCO","CALLEP",1,"+ Warming"
"1_1_XXW",1.18692810457516,"2015-2021",2015,2021,"XXW","ARTSCO-CARSCO","ARTSCO","CARSCO",1,"+ Warming"
"18_2_XXW",1.00811907983762,"2015-2021",2015,2021,"XXW","ARTSCO-CARSCO","ARTSCO","CARSCO",1,"+ Warming"
"21_2_XXW",1.05072923272036,"2015-2021",2015,2021,"XXW","ARTSCO-CARSCO","ARTSCO","CARSCO",1,"+ Warming"
"38_3_XXW",0.811377245508982,"2015-2021",2015,2021,"XXW","ARTSCO-CARSCO","ARTSCO","CARSCO",1,"+ Warming"
"40_3_XXW",0.903597122302158,"2015-2021",2015,2021,"XXW","ARTSCO-CARSCO","ARTSCO","CARSCO",1,"+ Warming"
"8_1_XXW",1.39420289855072,"2015-2021",2015,2021,"XXW","ARTSCO-CARSCO","ARTSCO","CARSCO",1,"+ Warming"
"1_1_XXW",0.841623036649215,"2015-2021",2015,2021,"XXW","ARTSCO-DESCES","ARTSCO","DESCES",1,"+ Warming"
"18_2_XXW",0.49469964664311,"2015-2021",2015,2021,"XXW","ARTSCO-DESCES","ARTSCO","DESCES",1,"+ Warming"
"21_2_XXW",0.770887166236004,"2015-2021",2015,2021,"XXW","ARTSCO-DESCES","ARTSCO","DESCES",1,"+ Warming"
"38_3_XXW",0.282700421940928,"2015-2021",2015,2021,"XXW","ARTSCO-DESCES","ARTSCO","DESCES",1,"+ Warming"
"40_3_XXW",1.16895368782161,"2015-2021",2015,2021,"XXW","ARTSCO-DESCES","ARTSCO","DESCES",1,"+ Warming"
"8_1_XXW",0.962241169305725,"2015-2021",2015,2021,"XXW","ARTSCO-DESCES","ARTSCO","DESCES",1,"+ Warming"
"1_1_XXW",0.786290322580645,"2015-2021",2015,2021,"XXW","ARTSCO-GENALG","ARTSCO","GENALG",1,"+ Warming"
"18_2_XXW",1,"2015-2021",2015,2021,"XXW","ARTSCO-GENALG","ARTSCO","GENALG",1,"+ Warming"
"21_2_XXW",1.33530360021494,"2015-2021",2015,2021,"XXW","ARTSCO-GENALG","ARTSCO","GENALG",1,"+ Warming"
"38_3_XXW",1.35549132947977,"2015-2021",2015,2021,"XXW","ARTSCO-GENALG","ARTSCO","GENALG",1,"+ Warming"
"40_3_XXW",0.8749460974558,"2015-2021",2015,2021,"XXW","ARTSCO-GENALG","ARTSCO","GENALG",1,"+ Warming"
"8_1_XXW",0.718518518518519,"2015-2021",2015,2021,"XXW","ARTSCO-GENALG","ARTSCO","GENALG",1,"+ Warming"
"1_1_XXW",1.0410447761194,"2015-2021",2015,2021,"XXW","ARTSCO-GEUROS","ARTSCO","GEUROS",1,"+ Warming"
"18_2_XXW",1.0607476635514,"2015-2021",2015,2021,"XXW","ARTSCO-GEUROS","ARTSCO","GEUROS",1,"+ Warming"
"21_2_XXW",1.11885245901639,"2015-2021",2015,2021,"XXW","ARTSCO-GEUROS","ARTSCO","GEUROS",1,"+ Warming"
"38_3_XXW",0.684343434343434,"2015-2021",2015,2021,"XXW","ARTSCO-GEUROS","ARTSCO","GEUROS",1,"+ Warming"
"40_3_XXW",0.606451612903226,"2015-2021",2015,2021,"XXW","ARTSCO-GEUROS","ARTSCO","GEUROS",1,"+ Warming"
"8_1_XXW",1.028,"2015-2021",2015,2021,"XXW","ARTSCO-GEUROS","ARTSCO","GEUROS",1,"+ Warming"
"1_1_XXW",1.36015325670498,"2015-2021",2015,2021,"XXW","ARTSCO-TRIPAR","ARTSCO","TRIPAR",1,"+ Warming"
"18_2_XXW",1.01678321678322,"2015-2021",2015,2021,"XXW","ARTSCO-TRIPAR","ARTSCO","TRIPAR",1,"+ Warming"
"21_2_XXW",0.907488986784141,"2015-2021",2015,2021,"XXW","ARTSCO-TRIPAR","ARTSCO","TRIPAR",1,"+ Warming"
"38_3_XXW",1.40304182509506,"2015-2021",2015,2021,"XXW","ARTSCO-TRIPAR","ARTSCO","TRIPAR",1,"+ Warming"
"40_3_XXW",0.953183520599251,"2015-2021",2015,2021,"XXW","ARTSCO-TRIPAR","ARTSCO","TRIPAR",1,"+ Warming"
"8_1_XXW",0.929411764705882,"2015-2021",2015,2021,"XXW","ARTSCO-TRIPAR","ARTSCO","TRIPAR",1,"+ Warming"
"1_1_XXW",0.952038369304556,"2015-2021",2015,2021,"XXW","BISBIS-CALLEP","BISBIS","CALLEP",1,"+ Warming"
"18_2_XXW",1.12359550561798,"2015-2021",2015,2021,"XXW","BISBIS-CALLEP","BISBIS","CALLEP",1,"+ Warming"
"21_2_XXW",1,"2015-2021",2015,2021,"XXW","BISBIS-CALLEP","BISBIS","CALLEP",1,"+ Warming"
"38_3_XXW",0.87029831387808,"2015-2021",2015,2021,"XXW","BISBIS-CALLEP","BISBIS","CALLEP",1,"+ Warming"
"40_3_XXW",0.57396449704142,"2015-2021",2015,2021,"XXW","BISBIS-CALLEP","BISBIS","CALLEP",1,"+ Warming"
"8_1_XXW",1.32394366197183,"2015-2021",2015,2021,"XXW","BISBIS-CALLEP","BISBIS","CALLEP",1,"+ Warming"
"1_1_XXW",1.13862718707941,"2015-2021",2015,2021,"XXW","BISBIS-CARSCO","BISBIS","CARSCO",1,"+ Warming"
"18_2_XXW",0.8125,"2015-2021",2015,2021,"XXW","BISBIS-CARSCO","BISBIS","CARSCO",1,"+ Warming"
"21_2_XXW",0.339366515837104,"2015-2021",2015,2021,"XXW","BISBIS-CARSCO","BISBIS","CARSCO",1,"+ Warming"
"38_3_XXW",0.857687420584498,"2015-2021",2015,2021,"XXW","BISBIS-CARSCO","BISBIS","CARSCO",1,"+ Warming"
"40_3_XXW",0.826086956521739,"2015-2021",2015,2021,"XXW","BISBIS-CARSCO","BISBIS","CARSCO",1,"+ Warming"
"8_1_XXW",0.668539325842697,"2015-2021",2015,2021,"XXW","BISBIS-CARSCO","BISBIS","CARSCO",1,"+ Warming"
"1_1_XXW",0.868525896414343,"2015-2021",2015,2021,"XXW","BISBIS-DESCES","BISBIS","DESCES",1,"+ Warming"
"18_2_XXW",1.04491858506457,"2015-2021",2015,2021,"XXW","BISBIS-DESCES","BISBIS","DESCES",1,"+ Warming"
"21_2_XXW",0.872262773722628,"2015-2021",2015,2021,"XXW","BISBIS-DESCES","BISBIS","DESCES",1,"+ Warming"
"38_3_XXW",1.03311546840959,"2015-2021",2015,2021,"XXW","BISBIS-DESCES","BISBIS","DESCES",1,"+ Warming"
"40_3_XXW",1.15055248618785,"2015-2021",2015,2021,"XXW","BISBIS-DESCES","BISBIS","DESCES",1,"+ Warming"
"8_1_XXW",0.941328469372245,"2015-2021",2015,2021,"XXW","BISBIS-DESCES","BISBIS","DESCES",1,"+ Warming"
"1_1_XXW",1.02450980392157,"2015-2021",2015,2021,"XXW","BISBIS-GENALG","BISBIS","GENALG",1,"+ Warming"
"18_2_XXW",1,"2015-2021",2015,2021,"XXW","BISBIS-GENALG","BISBIS","GENALG",1,"+ Warming"
"21_2_XXW",0.524752475247525,"2015-2021",2015,2021,"XXW","BISBIS-GENALG","BISBIS","GENALG",1,"+ Warming"
"38_3_XXW",0.944910179640719,"2015-2021",2015,2021,"XXW","BISBIS-GENALG","BISBIS","GENALG",1,"+ Warming"
"40_3_XXW",0.215970961887477,"2015-2021",2015,2021,"XXW","BISBIS-GENALG","BISBIS","GENALG",1,"+ Warming"
"8_1_XXW",1.37671232876712,"2015-2021",2015,2021,"XXW","BISBIS-GENALG","BISBIS","GENALG",1,"+ Warming"
"1_1_XXW",1.57723577235772,"2015-2021",2015,2021,"XXW","BISBIS-GEUROS","BISBIS","GEUROS",1,"+ Warming"
"18_2_XXW",0.835638730675346,"2015-2021",2015,2021,"XXW","BISBIS-GEUROS","BISBIS","GEUROS",1,"+ Warming"
"21_2_XXW",0.503355704697987,"2015-2021",2015,2021,"XXW","BISBIS-GEUROS","BISBIS","GEUROS",1,"+ Warming"
"38_3_XXW",1.23574879227053,"2015-2021",2015,2021,"XXW","BISBIS-GEUROS","BISBIS","GEUROS",1,"+ Warming"
"40_3_XXW",1.21910112359551,"2015-2021",2015,2021,"XXW","BISBIS-GEUROS","BISBIS","GEUROS",1,"+ Warming"
"8_1_XXW",1.04154302670623,"2015-2021",2015,2021,"XXW","BISBIS-GEUROS","BISBIS","GEUROS",1,"+ Warming"
"1_1_XXW",0.493723849372385,"2015-2021",2015,2021,"XXW","BISBIS-TRIPAR","BISBIS","TRIPAR",1,"+ Warming"
"18_2_XXW",1.09913793103448,"2015-2021",2015,2021,"XXW","BISBIS-TRIPAR","BISBIS","TRIPAR",1,"+ Warming"
"21_2_XXW",1.24347826086957,"2015-2021",2015,2021,"XXW","BISBIS-TRIPAR","BISBIS","TRIPAR",1,"+ Warming"
"38_3_XXW",0.483101391650099,"2015-2021",2015,2021,"XXW","BISBIS-TRIPAR","BISBIS","TRIPAR",1,"+ Warming"
"40_3_XXW",0.978260869565217,"2015-2021",2015,2021,"XXW","BISBIS-TRIPAR","BISBIS","TRIPAR",1,"+ Warming"
"8_1_XXW",1.42660550458716,"2015-2021",2015,2021,"XXW","BISBIS-TRIPAR","BISBIS","TRIPAR",1,"+ Warming"
"1_1_XXW",1.01755055322396,"2015-2021",2015,2021,"XXW","CALLEP-CARSCO","CALLEP","CARSCO",1,"+ Warming"
"18_2_XXW",1.49230769230769,"2015-2021",2015,2021,"XXW","CALLEP-CARSCO","CALLEP","CARSCO",1,"+ Warming"
"21_2_XXW",1,"2015-2021",2015,2021,"XXW","CALLEP-CARSCO","CALLEP","CARSCO",1,"+ Warming"
"38_3_XXW",0.572519083969466,"2015-2021",2015,2021,"XXW","CALLEP-CARSCO","CALLEP","CARSCO",1,"+ Warming"
"40_3_XXW",0.450819672131147,"2015-2021",2015,2021,"XXW","CALLEP-CARSCO","CALLEP","CARSCO",1,"+ Warming"
"8_1_XXW",1.03883495145631,"2015-2021",2015,2021,"XXW","CALLEP-CARSCO","CALLEP","CARSCO",1,"+ Warming"
"1_1_XXW",0.983430283800458,"2015-2021",2015,2021,"XXW","CALLEP-DESCES","CALLEP","DESCES",1,"+ Warming"
"18_2_XXW",1.13962264150943,"2015-2021",2015,2021,"XXW","CALLEP-DESCES","CALLEP","DESCES",1,"+ Warming"
"21_2_XXW",1,"2015-2021",2015,2021,"XXW","CALLEP-DESCES","CALLEP","DESCES",1,"+ Warming"
"38_3_XXW",0.785602503912363,"2015-2021",2015,2021,"XXW","CALLEP-DESCES","CALLEP","DESCES",1,"+ Warming"
"40_3_XXW",0.973426573426573,"2015-2021",2015,2021,"XXW","CALLEP-DESCES","CALLEP","DESCES",1,"+ Warming"
"8_1_XXW",0.991733006736069,"2015-2021",2015,2021,"XXW","CALLEP-DESCES","CALLEP","DESCES",1,"+ Warming"
"1_1_XXW",0.912280701754386,"2015-2021",2015,2021,"XXW","CALLEP-GENALG","CALLEP","GENALG",1,"+ Warming"
"18_2_XXW",1,"2015-2021",2015,2021,"XXW","CALLEP-GENALG","CALLEP","GENALG",1,"+ Warming"
"21_2_XXW",1,"2015-2021",2015,2021,"XXW","CALLEP-GENALG","CALLEP","GENALG",1,"+ Warming"
"38_3_XXW",1.45255474452555,"2015-2021",2015,2021,"XXW","CALLEP-GENALG","CALLEP","GENALG",1,"+ Warming"
"40_3_XXW",1.4504854368932,"2015-2021",2015,2021,"XXW","CALLEP-GENALG","CALLEP","GENALG",1,"+ Warming"
"8_1_XXW",1.02020202020202,"2015-2021",2015,2021,"XXW","CALLEP-GENALG","CALLEP","GENALG",1,"+ Warming"
"1_1_XXW",0.927330173775671,"2015-2021",2015,2021,"XXW","CALLEP-GEUROS","CALLEP","GEUROS",1,"+ Warming"
"18_2_XXW",0.86897880539499,"2015-2021",2015,2021,"XXW","CALLEP-GEUROS","CALLEP","GEUROS",1,"+ Warming"
"21_2_XXW",1,"2015-2021",2015,2021,"XXW","CALLEP-GEUROS","CALLEP","GEUROS",1,"+ Warming"
"38_3_XXW",0.83641975308642,"2015-2021",2015,2021,"XXW","CALLEP-GEUROS","CALLEP","GEUROS",1,"+ Warming"
"40_3_XXW",1.13609467455621,"2015-2021",2015,2021,"XXW","CALLEP-GEUROS","CALLEP","GEUROS",1,"+ Warming"
"8_1_XXW",0.941908713692946,"2015-2021",2015,2021,"XXW","CALLEP-GEUROS","CALLEP","GEUROS",1,"+ Warming"
"1_1_XXW",0.775206611570248,"2015-2021",2015,2021,"XXW","CALLEP-TRIPAR","CALLEP","TRIPAR",1,"+ Warming"
"18_2_XXW",1.02439024390244,"2015-2021",2015,2021,"XXW","CALLEP-TRIPAR","CALLEP","TRIPAR",1,"+ Warming"
"21_2_XXW",1,"2015-2021",2015,2021,"XXW","CALLEP-TRIPAR","CALLEP","TRIPAR",1,"+ Warming"
"38_3_XXW",0.942408376963351,"2015-2021",2015,2021,"XXW","CALLEP-TRIPAR","CALLEP","TRIPAR",1,"+ Warming"
"40_3_XXW",0.987951807228916,"2015-2021",2015,2021,"XXW","CALLEP-TRIPAR","CALLEP","TRIPAR",1,"+ Warming"
"8_1_XXW",1.01542416452442,"2015-2021",2015,2021,"XXW","CALLEP-TRIPAR","CALLEP","TRIPAR",1,"+ Warming"
"1_1_XXW",0.390374331550802,"2015-2021",2015,2021,"XXW","CARSCO-DESCES","CARSCO","DESCES",1,"+ Warming"
"18_2_XXW",1.02279924002533,"2015-2021",2015,2021,"XXW","CARSCO-DESCES","CARSCO","DESCES",1,"+ Warming"
"21_2_XXW",1,"2015-2021",2015,2021,"XXW","CARSCO-DESCES","CARSCO","DESCES",1,"+ Warming"
"38_3_XXW",0.989113530326594,"2015-2021",2015,2021,"XXW","CARSCO-DESCES","CARSCO","DESCES",1,"+ Warming"
"40_3_XXW",1.30037546933667,"2015-2021",2015,2021,"XXW","CARSCO-DESCES","CARSCO","DESCES",1,"+ Warming"
"8_1_XXW",0.855361596009975,"2015-2021",2015,2021,"XXW","CARSCO-DESCES","CARSCO","DESCES",1,"+ Warming"
"1_1_XXW",0.908116385911179,"2015-2021",2015,2021,"XXW","CARSCO-GENALG","CARSCO","GENALG",1,"+ Warming"
"18_2_XXW",1,"2015-2021",2015,2021,"XXW","CARSCO-GENALG","CARSCO","GENALG",1,"+ Warming"
"21_2_XXW",1.16393442622951,"2015-2021",2015,2021,"XXW","CARSCO-GENALG","CARSCO","GENALG",1,"+ Warming"
"38_3_XXW",0.320143884892086,"2015-2021",2015,2021,"XXW","CARSCO-GENALG","CARSCO","GENALG",1,"+ Warming"
"40_3_XXW",0.927144535840188,"2015-2021",2015,2021,"XXW","CARSCO-GENALG","CARSCO","GENALG",1,"+ Warming"
"8_1_XXW",0.729166666666667,"2015-2021",2015,2021,"XXW","CARSCO-GENALG","CARSCO","GENALG",1,"+ Warming"
"1_1_XXW",0.96612296110414,"2015-2021",2015,2021,"XXW","CARSCO-GEUROS","CARSCO","GEUROS",1,"+ Warming"
"18_2_XXW",1.16163583252191,"2015-2021",2015,2021,"XXW","CARSCO-GEUROS","CARSCO","GEUROS",1,"+ Warming"
"21_2_XXW",1.07002188183807,"2015-2021",2015,2021,"XXW","CARSCO-GEUROS","CARSCO","GEUROS",1,"+ Warming"
"38_3_XXW",0.786585365853659,"2015-2021",2015,2021,"XXW","CARSCO-GEUROS","CARSCO","GEUROS",1,"+ Warming"
"40_3_XXW",0.343873517786561,"2015-2021",2015,2021,"XXW","CARSCO-GEUROS","CARSCO","GEUROS",1,"+ Warming"
"8_1_XXW",1.36989591673339,"2015-2021",2015,2021,"XXW","CARSCO-GEUROS","CARSCO","GEUROS",1,"+ Warming"
"1_1_XXW",1.0873417721519,"2015-2021",2015,2021,"XXW","CARSCO-TRIPAR","CARSCO","TRIPAR",1,"+ Warming"
"18_2_XXW",1.1,"2015-2021",2015,2021,"XXW","CARSCO-TRIPAR","CARSCO","TRIPAR",1,"+ Warming"
"21_2_XXW",0.869158878504673,"2015-2021",2015,2021,"XXW","CARSCO-TRIPAR","CARSCO","TRIPAR",1,"+ Warming"
"38_3_XXW",1.10769230769231,"2015-2021",2015,2021,"XXW","CARSCO-TRIPAR","CARSCO","TRIPAR",1,"+ Warming"
"40_3_XXW",0.952095808383233,"2015-2021",2015,2021,"XXW","CARSCO-TRIPAR","CARSCO","TRIPAR",1,"+ Warming"
"8_1_XXW",0.6513353115727,"2015-2021",2015,2021,"XXW","CARSCO-TRIPAR","CARSCO","TRIPAR",1,"+ Warming"
"1_1_XXW",1.03919491525424,"2015-2021",2015,2021,"XXW","DESCES-GENALG","DESCES","GENALG",1,"+ Warming"
"18_2_XXW",1,"2015-2021",2015,2021,"XXW","DESCES-GENALG","DESCES","GENALG",1,"+ Warming"
"21_2_XXW",0.800174774249927,"2015-2021",2015,2021,"XXW","DESCES-GENALG","DESCES","GENALG",1,"+ Warming"
"38_3_XXW",0.635114503816794,"2015-2021",2015,2021,"XXW","DESCES-GENALG","DESCES","GENALG",1,"+ Warming"
"40_3_XXW",0.978793418647166,"2015-2021",2015,2021,"XXW","DESCES-GENALG","DESCES","GENALG",1,"+ Warming"
"8_1_XXW",1.06235810504011,"2015-2021",2015,2021,"XXW","DESCES-GENALG","DESCES","GENALG",1,"+ Warming"
"1_1_XXW",0.713461538461539,"2015-2021",2015,2021,"XXW","DESCES-GEUROS","DESCES","GEUROS",1,"+ Warming"
"18_2_XXW",0.476489028213166,"2015-2021",2015,2021,"XXW","DESCES-GEUROS","DESCES","GEUROS",1,"+ Warming"
"21_2_XXW",1.12712826333712,"2015-2021",2015,2021,"XXW","DESCES-GEUROS","DESCES","GEUROS",1,"+ Warming"
"38_3_XXW",0.818439716312057,"2015-2021",2015,2021,"XXW","DESCES-GEUROS","DESCES","GEUROS",1,"+ Warming"
"40_3_XXW",0.656077348066298,"2015-2021",2015,2021,"XXW","DESCES-GEUROS","DESCES","GEUROS",1,"+ Warming"
"8_1_XXW",0.389186295503212,"2015-2021",2015,2021,"XXW","DESCES-GEUROS","DESCES","GEUROS",1,"+ Warming"
"1_1_XXW",0.940759819703799,"2015-2021",2015,2021,"XXW","DESCES-TRIPAR","DESCES","TRIPAR",1,"+ Warming"
"18_2_XXW",1.00128617363344,"2015-2021",2015,2021,"XXW","DESCES-TRIPAR","DESCES","TRIPAR",1,"+ Warming"
"21_2_XXW",0.859504132231405,"2015-2021",2015,2021,"XXW","DESCES-TRIPAR","DESCES","TRIPAR",1,"+ Warming"
"38_3_XXW",0.690559440559441,"2015-2021",2015,2021,"XXW","DESCES-TRIPAR","DESCES","TRIPAR",1,"+ Warming"
"40_3_XXW",1.04702194357367,"2015-2021",2015,2021,"XXW","DESCES-TRIPAR","DESCES","TRIPAR",1,"+ Warming"
"8_1_XXW",0.726547774394664,"2015-2021",2015,2021,"XXW","DESCES-TRIPAR","DESCES","TRIPAR",1,"+ Warming"
"1_1_XXW",1.20512820512821,"2015-2021",2015,2021,"XXW","GENALG-GEUROS","GENALG","GEUROS",1,"+ Warming"
"18_2_XXW",1,"2015-2021",2015,2021,"XXW","GENALG-GEUROS","GENALG","GEUROS",1,"+ Warming"
"21_2_XXW",1.82051282051282,"2015-2021",2015,2021,"XXW","GENALG-GEUROS","GENALG","GEUROS",1,"+ Warming"
"38_3_XXW",1.55294117647059,"2015-2021",2015,2021,"XXW","GENALG-GEUROS","GENALG","GEUROS",1,"+ Warming"
"40_3_XXW",1.09800362976407,"2015-2021",2015,2021,"XXW","GENALG-GEUROS","GENALG","GEUROS",1,"+ Warming"
"8_1_XXW",0.797882579403272,"2015-2021",2015,2021,"XXW","GENALG-GEUROS","GENALG","GEUROS",1,"+ Warming"
"1_1_XXW",0.996644295302013,"2015-2021",2015,2021,"XXW","GENALG-TRIPAR","GENALG","TRIPAR",1,"+ Warming"
"18_2_XXW",1,"2015-2021",2015,2021,"XXW","GENALG-TRIPAR","GENALG","TRIPAR",1,"+ Warming"
"21_2_XXW",0.814876033057851,"2015-2021",2015,2021,"XXW","GENALG-TRIPAR","GENALG","TRIPAR",1,"+ Warming"
"38_3_XXW",0.859903381642512,"2015-2021",2015,2021,"XXW","GENALG-TRIPAR","GENALG","TRIPAR",1,"+ Warming"
"40_3_XXW",1.24154589371981,"2015-2021",2015,2021,"XXW","GENALG-TRIPAR","GENALG","TRIPAR",1,"+ Warming"
"8_1_XXW",1.34051724137931,"2015-2021",2015,2021,"XXW","GENALG-TRIPAR","GENALG","TRIPAR",1,"+ Warming"
"1_1_XXW",0.979522184300341,"2015-2021",2015,2021,"XXW","GEUROS-TRIPAR","GEUROS","TRIPAR",1,"+ Warming"
"18_2_XXW",1.02392821535394,"2015-2021",2015,2021,"XXW","GEUROS-TRIPAR","GEUROS","TRIPAR",1,"+ Warming"
"21_2_XXW",0.67816091954023,"2015-2021",2015,2021,"XXW","GEUROS-TRIPAR","GEUROS","TRIPAR",1,"+ Warming"
"38_3_XXW",0.747081712062257,"2015-2021",2015,2021,"XXW","GEUROS-TRIPAR","GEUROS","TRIPAR",1,"+ Warming"
"40_3_XXW",1.02173913043478,"2015-2021",2015,2021,"XXW","GEUROS-TRIPAR","GEUROS","TRIPAR",1,"+ Warming"
"8_1_XXW",1.37923250564334,"2015-2021",2015,2021,"XXW","GEUROS-TRIPAR","GEUROS","TRIPAR",1,"+ Warming"
"1_1_XXW",1.24454148471616,"2016-2022",2016,2022,"XXW","ARTSCO-BISBIS","ARTSCO","BISBIS",1,"+ Warming"
"18_2_XXW",0.728018757327081,"2016-2022",2016,2022,"XXW","ARTSCO-BISBIS","ARTSCO","BISBIS",1,"+ Warming"
"21_2_XXW",1.19066147859922,"2016-2022",2016,2022,"XXW","ARTSCO-BISBIS","ARTSCO","BISBIS",1,"+ Warming"
"38_3_XXW",0.985901309164149,"2016-2022",2016,2022,"XXW","ARTSCO-BISBIS","ARTSCO","BISBIS",1,"+ Warming"
"40_3_XXW",1.33333333333333,"2016-2022",2016,2022,"XXW","ARTSCO-BISBIS","ARTSCO","BISBIS",1,"+ Warming"
"8_1_XXW",1.42033898305085,"2016-2022",2016,2022,"XXW","ARTSCO-BISBIS","ARTSCO","BISBIS",1,"+ Warming"
"1_1_XXW",0.627350427350427,"2016-2022",2016,2022,"XXW","ARTSCO-CALLEP","ARTSCO","CALLEP",1,"+ Warming"
"18_2_XXW",0.87683284457478,"2016-2022",2016,2022,"XXW","ARTSCO-CALLEP","ARTSCO","CALLEP",1,"+ Warming"
"21_2_XXW",1,"2016-2022",2016,2022,"XXW","ARTSCO-CALLEP","ARTSCO","CALLEP",1,"+ Warming"
"38_3_XXW",1.39240506329114,"2016-2022",2016,2022,"XXW","ARTSCO-CALLEP","ARTSCO","CALLEP",1,"+ Warming"
"40_3_XXW",0.907216494845361,"2016-2022",2016,2022,"XXW","ARTSCO-CALLEP","ARTSCO","CALLEP",1,"+ Warming"
"8_1_XXW",1.15094339622642,"2016-2022",2016,2022,"XXW","ARTSCO-CALLEP","ARTSCO","CALLEP",1,"+ Warming"
"1_1_XXW",0.922324159021407,"2016-2022",2016,2022,"XXW","ARTSCO-CARSCO","ARTSCO","CARSCO",1,"+ Warming"
"18_2_XXW",0.910044977511244,"2016-2022",2016,2022,"XXW","ARTSCO-CARSCO","ARTSCO","CARSCO",1,"+ Warming"
"21_2_XXW",0.950323974082073,"2016-2022",2016,2022,"XXW","ARTSCO-CARSCO","ARTSCO","CARSCO",1,"+ Warming"
"38_3_XXW",0.950953678474115,"2016-2022",2016,2022,"XXW","ARTSCO-CARSCO","ARTSCO","CARSCO",1,"+ Warming"
"40_3_XXW",1.17518248175183,"2016-2022",2016,2022,"XXW","ARTSCO-CARSCO","ARTSCO","CARSCO",1,"+ Warming"
"8_1_XXW",1.41645244215938,"2016-2022",2016,2022,"XXW","ARTSCO-CARSCO","ARTSCO","CARSCO",1,"+ Warming"
"1_1_XXW",0.716253443526171,"2016-2022",2016,2022,"XXW","ARTSCO-DESCES","ARTSCO","DESCES",1,"+ Warming"
"18_2_XXW",0.41044776119403,"2016-2022",2016,2022,"XXW","ARTSCO-DESCES","ARTSCO","DESCES",1,"+ Warming"
"21_2_XXW",0.726660250240616,"2016-2022",2016,2022,"XXW","ARTSCO-DESCES","ARTSCO","DESCES",1,"+ Warming"
"38_3_XXW",0.650263620386643,"2016-2022",2016,2022,"XXW","ARTSCO-DESCES","ARTSCO","DESCES",1,"+ Warming"
"40_3_XXW",1,"2016-2022",2016,2022,"XXW","ARTSCO-DESCES","ARTSCO","DESCES",1,"+ Warming"
"8_1_XXW",1.01153212520593,"2016-2022",2016,2022,"XXW","ARTSCO-DESCES","ARTSCO","DESCES",1,"+ Warming"
"1_1_XXW",0.798611111111111,"2016-2022",2016,2022,"XXW","ARTSCO-GENALG","ARTSCO","GENALG",1,"+ Warming"
"18_2_XXW",1,"2016-2022",2016,2022,"XXW","ARTSCO-GENALG","ARTSCO","GENALG",1,"+ Warming"
"21_2_XXW",1.13529921942758,"2016-2022",2016,2022,"XXW","ARTSCO-GENALG","ARTSCO","GENALG",1,"+ Warming"
"38_3_XXW",1.065,"2016-2022",2016,2022,"XXW","ARTSCO-GENALG","ARTSCO","GENALG",1,"+ Warming"
"40_3_XXW",0.539316918189039,"2016-2022",2016,2022,"XXW","ARTSCO-GENALG","ARTSCO","GENALG",1,"+ Warming"
"8_1_XXW",0.951219512195122,"2016-2022",2016,2022,"XXW","ARTSCO-GENALG","ARTSCO","GENALG",1,"+ Warming"
"1_1_XXW",1.17880794701987,"2016-2022",2016,2022,"XXW","ARTSCO-GEUROS","ARTSCO","GEUROS",1,"+ Warming"
"18_2_XXW",0.941724941724942,"2016-2022",2016,2022,"XXW","ARTSCO-GEUROS","ARTSCO","GEUROS",1,"+ Warming"
"21_2_XXW",0.846625766871166,"2016-2022",2016,2022,"XXW","ARTSCO-GEUROS","ARTSCO","GEUROS",1,"+ Warming"
"38_3_XXW",0.474666666666667,"2016-2022",2016,2022,"XXW","ARTSCO-GEUROS","ARTSCO","GEUROS",1,"+ Warming"
"40_3_XXW",0.353723404255319,"2016-2022",2016,2022,"XXW","ARTSCO-GEUROS","ARTSCO","GEUROS",1,"+ Warming"
"8_1_XXW",1.09016393442623,"2016-2022",2016,2022,"XXW","ARTSCO-GEUROS","ARTSCO","GEUROS",1,"+ Warming"
"1_1_XXW",1.61025223759154,"2016-2022",2016,2022,"XXW","ARTSCO-TRIPAR","ARTSCO","TRIPAR",1,"+ Warming"
"18_2_XXW",1.01860465116279,"2016-2022",2016,2022,"XXW","ARTSCO-TRIPAR","ARTSCO","TRIPAR",1,"+ Warming"
"21_2_XXW",0.927710843373494,"2016-2022",2016,2022,"XXW","ARTSCO-TRIPAR","ARTSCO","TRIPAR",1,"+ Warming"
"38_3_XXW",1.28808864265928,"2016-2022",2016,2022,"XXW","ARTSCO-TRIPAR","ARTSCO","TRIPAR",1,"+ Warming"
"40_3_XXW",0.932835820895523,"2016-2022",2016,2022,"XXW","ARTSCO-TRIPAR","ARTSCO","TRIPAR",1,"+ Warming"
"8_1_XXW",1.09330628803245,"2016-2022",2016,2022,"XXW","ARTSCO-TRIPAR","ARTSCO","TRIPAR",1,"+ Warming"
"1_1_XXW",0.964735516372796,"2016-2022",2016,2022,"XXW","BISBIS-CALLEP","BISBIS","CALLEP",1,"+ Warming"
"18_2_XXW",1.08235294117647,"2016-2022",2016,2022,"XXW","BISBIS-CALLEP","BISBIS","CALLEP",1,"+ Warming"
"21_2_XXW",1,"2016-2022",2016,2022,"XXW","BISBIS-CALLEP","BISBIS","CALLEP",1,"+ Warming"
"38_3_XXW",1.18849449204406,"2016-2022",2016,2022,"XXW","BISBIS-CALLEP","BISBIS","CALLEP",1,"+ Warming"
"40_3_XXW",1.05325443786982,"2016-2022",2016,2022,"XXW","BISBIS-CALLEP","BISBIS","CALLEP",1,"+ Warming"
"8_1_XXW",1.13875598086124,"2016-2022",2016,2022,"XXW","BISBIS-CALLEP","BISBIS","CALLEP",1,"+ Warming"
"1_1_XXW",0.973551637279597,"2016-2022",2016,2022,"XXW","BISBIS-CARSCO","BISBIS","CARSCO",1,"+ Warming"
"18_2_XXW",0.983333333333333,"2016-2022",2016,2022,"XXW","BISBIS-CARSCO","BISBIS","CARSCO",1,"+ Warming"
"21_2_XXW",0.528089887640449,"2016-2022",2016,2022,"XXW","BISBIS-CARSCO","BISBIS","CARSCO",1,"+ Warming"
"38_3_XXW",0.561214495592556,"2016-2022",2016,2022,"XXW","BISBIS-CARSCO","BISBIS","CARSCO",1,"+ Warming"
"40_3_XXW",0.72318339100346,"2016-2022",2016,2022,"XXW","BISBIS-CARSCO","BISBIS","CARSCO",1,"+ Warming"
"8_1_XXW",0.908536585365854,"2016-2022",2016,2022,"XXW","BISBIS-CARSCO","BISBIS","CARSCO",1,"+ Warming"
"1_1_XXW",0.664107485604606,"2016-2022",2016,2022,"XXW","BISBIS-DESCES","BISBIS","DESCES",1,"+ Warming"
"18_2_XXW",1.07920792079208,"2016-2022",2016,2022,"XXW","BISBIS-DESCES","BISBIS","DESCES",1,"+ Warming"
"21_2_XXW",0.926056338028169,"2016-2022",2016,2022,"XXW","BISBIS-DESCES","BISBIS","DESCES",1,"+ Warming"
"38_3_XXW",1.11595615103532,"2016-2022",2016,2022,"XXW","BISBIS-DESCES","BISBIS","DESCES",1,"+ Warming"
"40_3_XXW",1.09055627425614,"2016-2022",2016,2022,"XXW","BISBIS-DESCES","BISBIS","DESCES",1,"+ Warming"
"8_1_XXW",0.946360153256705,"2016-2022",2016,2022,"XXW","BISBIS-DESCES","BISBIS","DESCES",1,"+ Warming"
"1_1_XXW",1,"2016-2022",2016,2022,"XXW","BISBIS-GENALG","BISBIS","GENALG",1,"+ Warming"
"18_2_XXW",1,"2016-2022",2016,2022,"XXW","BISBIS-GENALG","BISBIS","GENALG",1,"+ Warming"
"21_2_XXW",0.930864197530864,"2016-2022",2016,2022,"XXW","BISBIS-GENALG","BISBIS","GENALG",1,"+ Warming"
"38_3_XXW",1.23796033994334,"2016-2022",2016,2022,"XXW","BISBIS-GENALG","BISBIS","GENALG",1,"+ Warming"
"40_3_XXW",0.330739299610895,"2016-2022",2016,2022,"XXW","BISBIS-GENALG","BISBIS","GENALG",1,"+ Warming"
"8_1_XXW",1.17256637168142,"2016-2022",2016,2022,"XXW","BISBIS-GENALG","BISBIS","GENALG",1,"+ Warming"
"1_1_XXW",1.68627450980392,"2016-2022",2016,2022,"XXW","BISBIS-GEUROS","BISBIS","GEUROS",1,"+ Warming"
"18_2_XXW",0.95500387897595,"2016-2022",2016,2022,"XXW","BISBIS-GEUROS","BISBIS","GEUROS",1,"+ Warming"
"21_2_XXW",0.899280575539568,"2016-2022",2016,2022,"XXW","BISBIS-GEUROS","BISBIS","GEUROS",1,"+ Warming"
"38_3_XXW",1.18613485280152,"2016-2022",2016,2022,"XXW","BISBIS-GEUROS","BISBIS","GEUROS",1,"+ Warming"
"40_3_XXW",0.822834645669291,"2016-2022",2016,2022,"XXW","BISBIS-GEUROS","BISBIS","GEUROS",1,"+ Warming"
"8_1_XXW",1.2224281742354,"2016-2022",2016,2022,"XXW","BISBIS-GEUROS","BISBIS","GEUROS",1,"+ Warming"
"1_1_XXW",0.865513928914505,"2016-2022",2016,2022,"XXW","BISBIS-TRIPAR","BISBIS","TRIPAR",1,"+ Warming"
"18_2_XXW",1.08715596330275,"2016-2022",2016,2022,"XXW","BISBIS-TRIPAR","BISBIS","TRIPAR",1,"+ Warming"
"21_2_XXW",0.903448275862069,"2016-2022",2016,2022,"XXW","BISBIS-TRIPAR","BISBIS","TRIPAR",1,"+ Warming"
"38_3_XXW",0.452357071213641,"2016-2022",2016,2022,"XXW","BISBIS-TRIPAR","BISBIS","TRIPAR",1,"+ Warming"
"40_3_XXW",0.945205479452055,"2016-2022",2016,2022,"XXW","BISBIS-TRIPAR","BISBIS","TRIPAR",1,"+ Warming"
"8_1_XXW",1.49664429530201,"2016-2022",2016,2022,"XXW","BISBIS-TRIPAR","BISBIS","TRIPAR",1,"+ Warming"
"1_1_XXW",1.04152134196977,"2016-2022",2016,2022,"XXW","CALLEP-CARSCO","CALLEP","CARSCO",1,"+ Warming"
"18_2_XXW",1.30434782608696,"2016-2022",2016,2022,"XXW","CALLEP-CARSCO","CALLEP","CARSCO",1,"+ Warming"
"21_2_XXW",1,"2016-2022",2016,2022,"XXW","CALLEP-CARSCO","CALLEP","CARSCO",1,"+ Warming"
"38_3_XXW",0.495356037151703,"2016-2022",2016,2022,"XXW","CALLEP-CARSCO","CALLEP","CARSCO",1,"+ Warming"
"40_3_XXW",0.587209302325582,"2016-2022",2016,2022,"XXW","CALLEP-CARSCO","CALLEP","CARSCO",1,"+ Warming"
"8_1_XXW",1.00990099009901,"2016-2022",2016,2022,"XXW","CALLEP-CARSCO","CALLEP","CARSCO",1,"+ Warming"
"1_1_XXW",1.01772217878551,"2016-2022",2016,2022,"XXW","CALLEP-DESCES","CALLEP","DESCES",1,"+ Warming"
"18_2_XXW",1.15394566623545,"2016-2022",2016,2022,"XXW","CALLEP-DESCES","CALLEP","DESCES",1,"+ Warming"
"21_2_XXW",1,"2016-2022",2016,2022,"XXW","CALLEP-DESCES","CALLEP","DESCES",1,"+ Warming"
"38_3_XXW",1.24040219378428,"2016-2022",2016,2022,"XXW","CALLEP-DESCES","CALLEP","DESCES",1,"+ Warming"
"40_3_XXW",0.829268292682927,"2016-2022",2016,2022,"XXW","CALLEP-DESCES","CALLEP","DESCES",1,"+ Warming"
"8_1_XXW",1.0146750524109,"2016-2022",2016,2022,"XXW","CALLEP-DESCES","CALLEP","DESCES",1,"+ Warming"
"1_1_XXW",0.964912280701754,"2016-2022",2016,2022,"XXW","CALLEP-GENALG","CALLEP","GENALG",1,"+ Warming"
"18_2_XXW",1,"2016-2022",2016,2022,"XXW","CALLEP-GENALG","CALLEP","GENALG",1,"+ Warming"
"21_2_XXW",1,"2016-2022",2016,2022,"XXW","CALLEP-GENALG","CALLEP","GENALG",1,"+ Warming"
"38_3_XXW",0.705128205128205,"2016-2022",2016,2022,"XXW","CALLEP-GENALG","CALLEP","GENALG",1,"+ Warming"
"40_3_XXW",1.31023102310231,"2016-2022",2016,2022,"XXW","CALLEP-GENALG","CALLEP","GENALG",1,"+ Warming"
"8_1_XXW",1.64864864864865,"2016-2022",2016,2022,"XXW","CALLEP-GENALG","CALLEP","GENALG",1,"+ Warming"
"1_1_XXW",0.872278664731495,"2016-2022",2016,2022,"XXW","CALLEP-GEUROS","CALLEP","GEUROS",1,"+ Warming"
"18_2_XXW",0.837209302325581,"2016-2022",2016,2022,"XXW","CALLEP-GEUROS","CALLEP","GEUROS",1,"+ Warming"
"21_2_XXW",1,"2016-2022",2016,2022,"XXW","CALLEP-GEUROS","CALLEP","GEUROS",1,"+ Warming"
"38_3_XXW",0.332326283987915,"2016-2022",2016,2022,"XXW","CALLEP-GEUROS","CALLEP","GEUROS",1,"+ Warming"
"40_3_XXW",1.14598540145985,"2016-2022",2016,2022,"XXW","CALLEP-GEUROS","CALLEP","GEUROS",1,"+ Warming"
"8_1_XXW",0.903370786516854,"2016-2022",2016,2022,"XXW","CALLEP-GEUROS","CALLEP","GEUROS",1,"+ Warming"
"1_1_XXW",0.66056338028169,"2016-2022",2016,2022,"XXW","CALLEP-TRIPAR","CALLEP","TRIPAR",1,"+ Warming"
"18_2_XXW",1.14893617021277,"2016-2022",2016,2022,"XXW","CALLEP-TRIPAR","CALLEP","TRIPAR",1,"+ Warming"
"21_2_XXW",1,"2016-2022",2016,2022,"XXW","CALLEP-TRIPAR","CALLEP","TRIPAR",1,"+ Warming"
"38_3_XXW",0.56782334384858,"2016-2022",2016,2022,"XXW","CALLEP-TRIPAR","CALLEP","TRIPAR",1,"+ Warming"
"40_3_XXW",1.06896551724138,"2016-2022",2016,2022,"XXW","CALLEP-TRIPAR","CALLEP","TRIPAR",1,"+ Warming"
"8_1_XXW",1.02948402948403,"2016-2022",2016,2022,"XXW","CALLEP-TRIPAR","CALLEP","TRIPAR",1,"+ Warming"
"1_1_XXW",0.527369281045752,"2016-2022",2016,2022,"XXW","CARSCO-DESCES","CARSCO","DESCES",1,"+ Warming"
"18_2_XXW",0.980404964075767,"2016-2022",2016,2022,"XXW","CARSCO-DESCES","CARSCO","DESCES",1,"+ Warming"
"21_2_XXW",1.01149425287356,"2016-2022",2016,2022,"XXW","CARSCO-DESCES","CARSCO","DESCES",1,"+ Warming"
"38_3_XXW",0.5117903930131,"2016-2022",2016,2022,"XXW","CARSCO-DESCES","CARSCO","DESCES",1,"+ Warming"
"40_3_XXW",1.36984536082474,"2016-2022",2016,2022,"XXW","CARSCO-DESCES","CARSCO","DESCES",1,"+ Warming"
"8_1_XXW",0.872550959825846,"2016-2022",2016,2022,"XXW","CARSCO-DESCES","CARSCO","DESCES",1,"+ Warming"
"1_1_XXW",0.968396540252828,"2016-2022",2016,2022,"XXW","CARSCO-GENALG","CARSCO","GENALG",1,"+ Warming"
"18_2_XXW",1,"2016-2022",2016,2022,"XXW","CARSCO-GENALG","CARSCO","GENALG",1,"+ Warming"
"21_2_XXW",1.10561056105611,"2016-2022",2016,2022,"XXW","CARSCO-GENALG","CARSCO","GENALG",1,"+ Warming"
"38_3_XXW",1.02898550724638,"2016-2022",2016,2022,"XXW","CARSCO-GENALG","CARSCO","GENALG",1,"+ Warming"
"40_3_XXW",1.00766283524904,"2016-2022",2016,2022,"XXW","CARSCO-GENALG","CARSCO","GENALG",1,"+ Warming"
"8_1_XXW",0.840625,"2016-2022",2016,2022,"XXW","CARSCO-GENALG","CARSCO","GENALG",1,"+ Warming"
"1_1_XXW",0.837447320891029,"2016-2022",2016,2022,"XXW","CARSCO-GEUROS","CARSCO","GEUROS",1,"+ Warming"
"18_2_XXW",1.17044424297371,"2016-2022",2016,2022,"XXW","CARSCO-GEUROS","CARSCO","GEUROS",1,"+ Warming"
"21_2_XXW",1.04405286343612,"2016-2022",2016,2022,"XXW","CARSCO-GEUROS","CARSCO","GEUROS",1,"+ Warming"
"38_3_XXW",1.38219895287958,"2016-2022",2016,2022,"XXW","CARSCO-GEUROS","CARSCO","GEUROS",1,"+ Warming"
"40_3_XXW",0.33852140077821,"2016-2022",2016,2022,"XXW","CARSCO-GEUROS","CARSCO","GEUROS",1,"+ Warming"
"8_1_XXW",1.36317135549872,"2016-2022",2016,2022,"XXW","CARSCO-GEUROS","CARSCO","GEUROS",1,"+ Warming"
"1_1_XXW",0.748237059264816,"2016-2022",2016,2022,"XXW","CARSCO-TRIPAR","CARSCO","TRIPAR",1,"+ Warming"
"18_2_XXW",0.75,"2016-2022",2016,2022,"XXW","CARSCO-TRIPAR","CARSCO","TRIPAR",1,"+ Warming"
"21_2_XXW",0.832635983263598,"2016-2022",2016,2022,"XXW","CARSCO-TRIPAR","CARSCO","TRIPAR",1,"+ Warming"
"38_3_XXW",1.58695652173913,"2016-2022",2016,2022,"XXW","CARSCO-TRIPAR","CARSCO","TRIPAR",1,"+ Warming"
"40_3_XXW",0.932885906040268,"2016-2022",2016,2022,"XXW","CARSCO-TRIPAR","CARSCO","TRIPAR",1,"+ Warming"
"8_1_XXW",0.714492753623188,"2016-2022",2016,2022,"XXW","CARSCO-TRIPAR","CARSCO","TRIPAR",1,"+ Warming"
"1_1_XXW",1.0491118077325,"2016-2022",2016,2022,"XXW","DESCES-GENALG","DESCES","GENALG",1,"+ Warming"
"18_2_XXW",1,"2016-2022",2016,2022,"XXW","DESCES-GENALG","DESCES","GENALG",1,"+ Warming"
"21_2_XXW",0.834135295782621,"2016-2022",2016,2022,"XXW","DESCES-GENALG","DESCES","GENALG",1,"+ Warming"
"38_3_XXW",0.837423312883436,"2016-2022",2016,2022,"XXW","DESCES-GENALG","DESCES","GENALG",1,"+ Warming"
"40_3_XXW",0.979404192717911,"2016-2022",2016,2022,"XXW","DESCES-GENALG","DESCES","GENALG",1,"+ Warming"
"8_1_XXW",0.947357426363067,"2016-2022",2016,2022,"XXW","DESCES-GENALG","DESCES","GENALG",1,"+ Warming"
"1_1_XXW",0.657399103139014,"2016-2022",2016,2022,"XXW","DESCES-GEUROS","DESCES","GEUROS",1,"+ Warming"
"18_2_XXW",0.4,"2016-2022",2016,2022,"XXW","DESCES-GEUROS","DESCES","GEUROS",1,"+ Warming"
"21_2_XXW",1.17372421281216,"2016-2022",2016,2022,"XXW","DESCES-GEUROS","DESCES","GEUROS",1,"+ Warming"
"38_3_XXW",0.722463139635733,"2016-2022",2016,2022,"XXW","DESCES-GEUROS","DESCES","GEUROS",1,"+ Warming"
"40_3_XXW",0.735492577597841,"2016-2022",2016,2022,"XXW","DESCES-GEUROS","DESCES","GEUROS",1,"+ Warming"
"8_1_XXW",0.384397163120567,"2016-2022",2016,2022,"XXW","DESCES-GEUROS","DESCES","GEUROS",1,"+ Warming"
"1_1_XXW",1.14728855166258,"2016-2022",2016,2022,"XXW","DESCES-TRIPAR","DESCES","TRIPAR",1,"+ Warming"
"18_2_XXW",1.00397614314115,"2016-2022",2016,2022,"XXW","DESCES-TRIPAR","DESCES","TRIPAR",1,"+ Warming"
"21_2_XXW",0.785329018338727,"2016-2022",2016,2022,"XXW","DESCES-TRIPAR","DESCES","TRIPAR",1,"+ Warming"
"38_3_XXW",0.381035996488148,"2016-2022",2016,2022,"XXW","DESCES-TRIPAR","DESCES","TRIPAR",1,"+ Warming"
"40_3_XXW",1.05529225908373,"2016-2022",2016,2022,"XXW","DESCES-TRIPAR","DESCES","TRIPAR",1,"+ Warming"
"8_1_XXW",0.622648826837308,"2016-2022",2016,2022,"XXW","DESCES-TRIPAR","DESCES","TRIPAR",1,"+ Warming"
"1_1_XXW",1.18235294117647,"2016-2022",2016,2022,"XXW","GENALG-GEUROS","GENALG","GEUROS",1,"+ Warming"
"18_2_XXW",1,"2016-2022",2016,2022,"XXW","GENALG-GEUROS","GENALG","GEUROS",1,"+ Warming"
"21_2_XXW",1.7870778267254,"2016-2022",2016,2022,"XXW","GENALG-GEUROS","GENALG","GEUROS",1,"+ Warming"
"38_3_XXW",1.31627906976744,"2016-2022",2016,2022,"XXW","GENALG-GEUROS","GENALG","GEUROS",1,"+ Warming"
"40_3_XXW",1.22706065318818,"2016-2022",2016,2022,"XXW","GENALG-GEUROS","GENALG","GEUROS",1,"+ Warming"
"8_1_XXW",0.960308710033076,"2016-2022",2016,2022,"XXW","GENALG-GEUROS","GENALG","GEUROS",1,"+ Warming"
"1_1_XXW",0.992867332382311,"2016-2022",2016,2022,"XXW","GENALG-TRIPAR","GENALG","TRIPAR",1,"+ Warming"
"18_2_XXW",1,"2016-2022",2016,2022,"XXW","GENALG-TRIPAR","GENALG","TRIPAR",1,"+ Warming"
"21_2_XXW",0.699290780141844,"2016-2022",2016,2022,"XXW","GENALG-TRIPAR","GENALG","TRIPAR",1,"+ Warming"
"38_3_XXW",1.30348258706468,"2016-2022",2016,2022,"XXW","GENALG-TRIPAR","GENALG","TRIPAR",1,"+ Warming"
"40_3_XXW",1.27488151658768,"2016-2022",2016,2022,"XXW","GENALG-TRIPAR","GENALG","TRIPAR",1,"+ Warming"
"8_1_XXW",1.31132075471698,"2016-2022",2016,2022,"XXW","GENALG-TRIPAR","GENALG","TRIPAR",1,"+ Warming"
"1_1_XXW",1.1185296324081,"2016-2022",2016,2022,"XXW","GEUROS-TRIPAR","GEUROS","TRIPAR",1,"+ Warming"
"18_2_XXW",0.983348751156337,"2016-2022",2016,2022,"XXW","GEUROS-TRIPAR","GEUROS","TRIPAR",1,"+ Warming"
"21_2_XXW",0.514018691588785,"2016-2022",2016,2022,"XXW","GEUROS-TRIPAR","GEUROS","TRIPAR",1,"+ Warming"
"38_3_XXW",1.27393617021277,"2016-2022",2016,2022,"XXW","GEUROS-TRIPAR","GEUROS","TRIPAR",1,"+ Warming"
"40_3_XXW",1.03508771929825,"2016-2022",2016,2022,"XXW","GEUROS-TRIPAR","GEUROS","TRIPAR",1,"+ Warming"
"8_1_XXW",1.47924823805795,"2016-2022",2016,2022,"XXW","GEUROS-TRIPAR","GEUROS","TRIPAR",1,"+ Warming"
"1_1_XXW",1.00738007380074,"2017-2023",2017,2023,"XXW","ARTSCO-BISBIS","ARTSCO","BISBIS",1,"+ Warming"
"18_2_XXW",0.7437125748503,"2017-2023",2017,2023,"XXW","ARTSCO-BISBIS","ARTSCO","BISBIS",1,"+ Warming"
"21_2_XXW",1.03888888888889,"2017-2023",2017,2023,"XXW","ARTSCO-BISBIS","ARTSCO","BISBIS",1,"+ Warming"
"38_3_XXW",0.884098284654613,"2017-2023",2017,2023,"XXW","ARTSCO-BISBIS","ARTSCO","BISBIS",1,"+ Warming"
"40_3_XXW",1.20904836193448,"2017-2023",2017,2023,"XXW","ARTSCO-BISBIS","ARTSCO","BISBIS",1,"+ Warming"
"8_1_XXW",1.50485436893204,"2017-2023",2017,2023,"XXW","ARTSCO-BISBIS","ARTSCO","BISBIS",1,"+ Warming"
"1_1_XXW",0.584496124031008,"2017-2023",2017,2023,"XXW","ARTSCO-CALLEP","ARTSCO","CALLEP",1,"+ Warming"
"18_2_XXW",0.856135401974612,"2017-2023",2017,2023,"XXW","ARTSCO-CALLEP","ARTSCO","CALLEP",1,"+ Warming"
"21_2_XXW",1,"2017-2023",2017,2023,"XXW","ARTSCO-CALLEP","ARTSCO","CALLEP",1,"+ Warming"
"38_3_XXW",1.08609271523179,"2017-2023",2017,2023,"XXW","ARTSCO-CALLEP","ARTSCO","CALLEP",1,"+ Warming"
"40_3_XXW",0.976660682226212,"2017-2023",2017,2023,"XXW","ARTSCO-CALLEP","ARTSCO","CALLEP",1,"+ Warming"
"8_1_XXW",1,"2017-2023",2017,2023,"XXW","ARTSCO-CALLEP","ARTSCO","CALLEP",1,"+ Warming"
"1_1_XXW",0.885333333333333,"2017-2023",2017,2023,"XXW","ARTSCO-CARSCO","ARTSCO","CARSCO",1,"+ Warming"
"18_2_XXW",0.870875179340029,"2017-2023",2017,2023,"XXW","ARTSCO-CARSCO","ARTSCO","CARSCO",1,"+ Warming"
"21_2_XXW",0.957767722473605,"2017-2023",2017,2023,"XXW","ARTSCO-CARSCO","ARTSCO","CARSCO",1,"+ Warming"
"38_3_XXW",1.01800327332242,"2017-2023",2017,2023,"XXW","ARTSCO-CARSCO","ARTSCO","CARSCO",1,"+ Warming"
"40_3_XXW",0.988286969253294,"2017-2023",2017,2023,"XXW","ARTSCO-CARSCO","ARTSCO","CARSCO",1,"+ Warming"
"8_1_XXW",1.13778705636743,"2017-2023",2017,2023,"XXW","ARTSCO-CARSCO","ARTSCO","CARSCO",1,"+ Warming"
"1_1_XXW",0.947094535993062,"2017-2023",2017,2023,"XXW","ARTSCO-DESCES","ARTSCO","DESCES",1,"+ Warming"
"18_2_XXW",0.580645161290323,"2017-2023",2017,2023,"XXW","ARTSCO-DESCES","ARTSCO","DESCES",1,"+ Warming"
"21_2_XXW",0.546122994652406,"2017-2023",2017,2023,"XXW","ARTSCO-DESCES","ARTSCO","DESCES",1,"+ Warming"
"38_3_XXW",0.612305411415863,"2017-2023",2017,2023,"XXW","ARTSCO-DESCES","ARTSCO","DESCES",1,"+ Warming"
"40_3_XXW",0.842983316977429,"2017-2023",2017,2023,"XXW","ARTSCO-DESCES","ARTSCO","DESCES",1,"+ Warming"
"8_1_XXW",1.03441682600382,"2017-2023",2017,2023,"XXW","ARTSCO-DESCES","ARTSCO","DESCES",1,"+ Warming"
"1_1_XXW",0.880258899676375,"2017-2023",2017,2023,"XXW","ARTSCO-GENALG","ARTSCO","GENALG",1,"+ Warming"
"18_2_XXW",1,"2017-2023",2017,2023,"XXW","ARTSCO-GENALG","ARTSCO","GENALG",1,"+ Warming"
"21_2_XXW",1.04066811909949,"2017-2023",2017,2023,"XXW","ARTSCO-GENALG","ARTSCO","GENALG",1,"+ Warming"
"38_3_XXW",0.961065573770492,"2017-2023",2017,2023,"XXW","ARTSCO-GENALG","ARTSCO","GENALG",1,"+ Warming"
"40_3_XXW",0.561945031712474,"2017-2023",2017,2023,"XXW","ARTSCO-GENALG","ARTSCO","GENALG",1,"+ Warming"
"8_1_XXW",0.821138211382114,"2017-2023",2017,2023,"XXW","ARTSCO-GENALG","ARTSCO","GENALG",1,"+ Warming"
"1_1_XXW",1.25083612040134,"2017-2023",2017,2023,"XXW","ARTSCO-GEUROS","ARTSCO","GEUROS",1,"+ Warming"
"18_2_XXW",0.943262411347518,"2017-2023",2017,2023,"XXW","ARTSCO-GEUROS","ARTSCO","GEUROS",1,"+ Warming"
"21_2_XXW",0.641025641025641,"2017-2023",2017,2023,"XXW","ARTSCO-GEUROS","ARTSCO","GEUROS",1,"+ Warming"
"38_3_XXW",0.713836477987421,"2017-2023",2017,2023,"XXW","ARTSCO-GEUROS","ARTSCO","GEUROS",1,"+ Warming"
"40_3_XXW",0.674382716049383,"2017-2023",2017,2023,"XXW","ARTSCO-GEUROS","ARTSCO","GEUROS",1,"+ Warming"
"8_1_XXW",0.928725701943844,"2017-2023",2017,2023,"XXW","ARTSCO-GEUROS","ARTSCO","GEUROS",1,"+ Warming"
"1_1_XXW",1.49810174639332,"2017-2023",2017,2023,"XXW","ARTSCO-TRIPAR","ARTSCO","TRIPAR",1,"+ Warming"
"18_2_XXW",1.01499250374813,"2017-2023",2017,2023,"XXW","ARTSCO-TRIPAR","ARTSCO","TRIPAR",1,"+ Warming"
"21_2_XXW",0.965174129353234,"2017-2023",2017,2023,"XXW","ARTSCO-TRIPAR","ARTSCO","TRIPAR",1,"+ Warming"
"38_3_XXW",1.10477657935285,"2017-2023",2017,2023,"XXW","ARTSCO-TRIPAR","ARTSCO","TRIPAR",1,"+ Warming"
"40_3_XXW",0.951851851851852,"2017-2023",2017,2023,"XXW","ARTSCO-TRIPAR","ARTSCO","TRIPAR",1,"+ Warming"
"8_1_XXW",1.29924242424242,"2017-2023",2017,2023,"XXW","ARTSCO-TRIPAR","ARTSCO","TRIPAR",1,"+ Warming"
"1_1_XXW",1.03168316831683,"2017-2023",2017,2023,"XXW","BISBIS-CALLEP","BISBIS","CALLEP",1,"+ Warming"
"18_2_XXW",1.02777777777778,"2017-2023",2017,2023,"XXW","BISBIS-CALLEP","BISBIS","CALLEP",1,"+ Warming"
"21_2_XXW",1,"2017-2023",2017,2023,"XXW","BISBIS-CALLEP","BISBIS","CALLEP",1,"+ Warming"
"38_3_XXW",1.22436670687575,"2017-2023",2017,2023,"XXW","BISBIS-CALLEP","BISBIS","CALLEP",1,"+ Warming"
"40_3_XXW",1.32258064516129,"2017-2023",2017,2023,"XXW","BISBIS-CALLEP","BISBIS","CALLEP",1,"+ Warming"
"8_1_XXW",1.12727272727273,"2017-2023",2017,2023,"XXW","BISBIS-CALLEP","BISBIS","CALLEP",1,"+ Warming"
"1_1_XXW",0.94061433447099,"2017-2023",2017,2023,"XXW","BISBIS-CARSCO","BISBIS","CARSCO",1,"+ Warming"
"18_2_XXW",0.803921568627451,"2017-2023",2017,2023,"XXW","BISBIS-CARSCO","BISBIS","CARSCO",1,"+ Warming"
"21_2_XXW",0.568421052631579,"2017-2023",2017,2023,"XXW","BISBIS-CARSCO","BISBIS","CARSCO",1,"+ Warming"
"38_3_XXW",0.472578763127188,"2017-2023",2017,2023,"XXW","BISBIS-CARSCO","BISBIS","CARSCO",1,"+ Warming"
"40_3_XXW",0.56,"2017-2023",2017,2023,"XXW","BISBIS-CARSCO","BISBIS","CARSCO",1,"+ Warming"
"8_1_XXW",0.803691275167785,"2017-2023",2017,2023,"XXW","BISBIS-CARSCO","BISBIS","CARSCO",1,"+ Warming"
"1_1_XXW",0.547406082289803,"2017-2023",2017,2023,"XXW","BISBIS-DESCES","BISBIS","DESCES",1,"+ Warming"
"18_2_XXW",0.937204779105307,"2017-2023",2017,2023,"XXW","BISBIS-DESCES","BISBIS","DESCES",1,"+ Warming"
"21_2_XXW",1.00742574257426,"2017-2023",2017,2023,"XXW","BISBIS-DESCES","BISBIS","DESCES",1,"+ Warming"
"38_3_XXW",1.1354686269362,"2017-2023",2017,2023,"XXW","BISBIS-DESCES","BISBIS","DESCES",1,"+ Warming"
"40_3_XXW",0.841296928327645,"2017-2023",2017,2023,"XXW","BISBIS-DESCES","BISBIS","DESCES",1,"+ Warming"
"8_1_XXW",1.01376505552949,"2017-2023",2017,2023,"XXW","BISBIS-DESCES","BISBIS","DESCES",1,"+ Warming"
"1_1_XXW",1.03765690376569,"2017-2023",2017,2023,"XXW","BISBIS-GENALG","BISBIS","GENALG",1,"+ Warming"
"18_2_XXW",1,"2017-2023",2017,2023,"XXW","BISBIS-GENALG","BISBIS","GENALG",1,"+ Warming"
"21_2_XXW",0.900414937759336,"2017-2023",2017,2023,"XXW","BISBIS-GENALG","BISBIS","GENALG",1,"+ Warming"
"38_3_XXW",1.26301369863014,"2017-2023",2017,2023,"XXW","BISBIS-GENALG","BISBIS","GENALG",1,"+ Warming"
"40_3_XXW",0.402843601895735,"2017-2023",2017,2023,"XXW","BISBIS-GENALG","BISBIS","GENALG",1,"+ Warming"
"8_1_XXW",1.13333333333333,"2017-2023",2017,2023,"XXW","BISBIS-GENALG","BISBIS","GENALG",1,"+ Warming"
"1_1_XXW",1.6969696969697,"2017-2023",2017,2023,"XXW","BISBIS-GEUROS","BISBIS","GEUROS",1,"+ Warming"
"18_2_XXW",0.874895746455379,"2017-2023",2017,2023,"XXW","BISBIS-GEUROS","BISBIS","GEUROS",1,"+ Warming"
"21_2_XXW",0.981132075471698,"2017-2023",2017,2023,"XXW","BISBIS-GEUROS","BISBIS","GEUROS",1,"+ Warming"
"38_3_XXW",1.20480668756531,"2017-2023",2017,2023,"XXW","BISBIS-GEUROS","BISBIS","GEUROS",1,"+ Warming"
"40_3_XXW",0.846511627906977,"2017-2023",2017,2023,"XXW","BISBIS-GEUROS","BISBIS","GEUROS",1,"+ Warming"
"8_1_XXW",0.957602721800576,"2017-2023",2017,2023,"XXW","BISBIS-GEUROS","BISBIS","GEUROS",1,"+ Warming"
"1_1_XXW",0.977909940526763,"2017-2023",2017,2023,"XXW","BISBIS-TRIPAR","BISBIS","TRIPAR",1,"+ Warming"
"18_2_XXW",0.994252873563218,"2017-2023",2017,2023,"XXW","BISBIS-TRIPAR","BISBIS","TRIPAR",1,"+ Warming"
"21_2_XXW",0.889830508474576,"2017-2023",2017,2023,"XXW","BISBIS-TRIPAR","BISBIS","TRIPAR",1,"+ Warming"
"38_3_XXW",0.474727452923687,"2017-2023",2017,2023,"XXW","BISBIS-TRIPAR","BISBIS","TRIPAR",1,"+ Warming"
"40_3_XXW",0.897196261682243,"2017-2023",2017,2023,"XXW","BISBIS-TRIPAR","BISBIS","TRIPAR",1,"+ Warming"
"8_1_XXW",1.55038759689922,"2017-2023",2017,2023,"XXW","BISBIS-TRIPAR","BISBIS","TRIPAR",1,"+ Warming"
"1_1_XXW",1.02767017155506,"2017-2023",2017,2023,"XXW","CALLEP-CARSCO","CALLEP","CARSCO",1,"+ Warming"
"18_2_XXW",1.38461538461538,"2017-2023",2017,2023,"XXW","CALLEP-CARSCO","CALLEP","CARSCO",1,"+ Warming"
"21_2_XXW",1,"2017-2023",2017,2023,"XXW","CALLEP-CARSCO","CALLEP","CARSCO",1,"+ Warming"
"38_3_XXW",0.301075268817204,"2017-2023",2017,2023,"XXW","CALLEP-CARSCO","CALLEP","CARSCO",1,"+ Warming"
"40_3_XXW",0.632530120481928,"2017-2023",2017,2023,"XXW","CALLEP-CARSCO","CALLEP","CARSCO",1,"+ Warming"
"8_1_XXW",1,"2017-2023",2017,2023,"XXW","CALLEP-CARSCO","CALLEP","CARSCO",1,"+ Warming"
"1_1_XXW",1.0143813538309,"2017-2023",2017,2023,"XXW","CALLEP-DESCES","CALLEP","DESCES",1,"+ Warming"
"18_2_XXW",1.11229484595451,"2017-2023",2017,2023,"XXW","CALLEP-DESCES","CALLEP","DESCES",1,"+ Warming"
"21_2_XXW",1,"2017-2023",2017,2023,"XXW","CALLEP-DESCES","CALLEP","DESCES",1,"+ Warming"
"38_3_XXW",1.31366764995084,"2017-2023",2017,2023,"XXW","CALLEP-DESCES","CALLEP","DESCES",1,"+ Warming"
"40_3_XXW",0.898406374501992,"2017-2023",2017,2023,"XXW","CALLEP-DESCES","CALLEP","DESCES",1,"+ Warming"
"8_1_XXW",0.993211572652336,"2017-2023",2017,2023,"XXW","CALLEP-DESCES","CALLEP","DESCES",1,"+ Warming"
"1_1_XXW",1.33333333333333,"2017-2023",2017,2023,"XXW","CALLEP-GENALG","CALLEP","GENALG",1,"+ Warming"
"18_2_XXW",1,"2017-2023",2017,2023,"XXW","CALLEP-GENALG","CALLEP","GENALG",1,"+ Warming"
"21_2_XXW",1,"2017-2023",2017,2023,"XXW","CALLEP-GENALG","CALLEP","GENALG",1,"+ Warming"
"38_3_XXW",0.756410256410256,"2017-2023",2017,2023,"XXW","CALLEP-GENALG","CALLEP","GENALG",1,"+ Warming"
"40_3_XXW",1.09427609427609,"2017-2023",2017,2023,"XXW","CALLEP-GENALG","CALLEP","GENALG",1,"+ Warming"
"8_1_XXW",1.61764705882353,"2017-2023",2017,2023,"XXW","CALLEP-GENALG","CALLEP","GENALG",1,"+ Warming"
"1_1_XXW",0.905996758508914,"2017-2023",2017,2023,"XXW","CALLEP-GEUROS","CALLEP","GEUROS",1,"+ Warming"
"18_2_XXW",0.821062441752097,"2017-2023",2017,2023,"XXW","CALLEP-GEUROS","CALLEP","GEUROS",1,"+ Warming"
"21_2_XXW",1,"2017-2023",2017,2023,"XXW","CALLEP-GEUROS","CALLEP","GEUROS",1,"+ Warming"
"38_3_XXW",0.194078947368421,"2017-2023",2017,2023,"XXW","CALLEP-GEUROS","CALLEP","GEUROS",1,"+ Warming"
"40_3_XXW",1.12213740458015,"2017-2023",2017,2023,"XXW","CALLEP-GEUROS","CALLEP","GEUROS",1,"+ Warming"
"8_1_XXW",0.992254495159059,"2017-2023",2017,2023,"XXW","CALLEP-GEUROS","CALLEP","GEUROS",1,"+ Warming"
"1_1_XXW",0.700542005420054,"2017-2023",2017,2023,"XXW","CALLEP-TRIPAR","CALLEP","TRIPAR",1,"+ Warming"
"18_2_XXW",1.125,"2017-2023",2017,2023,"XXW","CALLEP-TRIPAR","CALLEP","TRIPAR",1,"+ Warming"
"21_2_XXW",1,"2017-2023",2017,2023,"XXW","CALLEP-TRIPAR","CALLEP","TRIPAR",1,"+ Warming"
"38_3_XXW",0.56782334384858,"2017-2023",2017,2023,"XXW","CALLEP-TRIPAR","CALLEP","TRIPAR",1,"+ Warming"
"40_3_XXW",1.1304347826087,"2017-2023",2017,2023,"XXW","CALLEP-TRIPAR","CALLEP","TRIPAR",1,"+ Warming"
"8_1_XXW",1.06378132118451,"2017-2023",2017,2023,"XXW","CALLEP-TRIPAR","CALLEP","TRIPAR",1,"+ Warming"
"1_1_XXW",0.709416276097145,"2017-2023",2017,2023,"XXW","CARSCO-DESCES","CARSCO","DESCES",1,"+ Warming"
"18_2_XXW",1.0577867668304,"2017-2023",2017,2023,"XXW","CARSCO-DESCES","CARSCO","DESCES",1,"+ Warming"
"21_2_XXW",1.01098436839882,"2017-2023",2017,2023,"XXW","CARSCO-DESCES","CARSCO","DESCES",1,"+ Warming"
"38_3_XXW",0.572265625,"2017-2023",2017,2023,"XXW","CARSCO-DESCES","CARSCO","DESCES",1,"+ Warming"
"40_3_XXW",1.39331210191083,"2017-2023",2017,2023,"XXW","CARSCO-DESCES","CARSCO","DESCES",1,"+ Warming"
"8_1_XXW",0.749200060947737,"2017-2023",2017,2023,"XXW","CARSCO-DESCES","CARSCO","DESCES",1,"+ Warming"
"1_1_XXW",1.0037078235076,"2017-2023",2017,2023,"XXW","CARSCO-GENALG","CARSCO","GENALG",1,"+ Warming"
"18_2_XXW",1,"2017-2023",2017,2023,"XXW","CARSCO-GENALG","CARSCO","GENALG",1,"+ Warming"
"21_2_XXW",1.31496062992126,"2017-2023",2017,2023,"XXW","CARSCO-GENALG","CARSCO","GENALG",1,"+ Warming"
"38_3_XXW",1.10429447852761,"2017-2023",2017,2023,"XXW","CARSCO-GENALG","CARSCO","GENALG",1,"+ Warming"
"40_3_XXW",1.15730337078652,"2017-2023",2017,2023,"XXW","CARSCO-GENALG","CARSCO","GENALG",1,"+ Warming"
"8_1_XXW",0.91219512195122,"2017-2023",2017,2023,"XXW","CARSCO-GENALG","CARSCO","GENALG",1,"+ Warming"
"1_1_XXW",0.889484259879437,"2017-2023",2017,2023,"XXW","CARSCO-GEUROS","CARSCO","GEUROS",1,"+ Warming"
"18_2_XXW",1.15080113100848,"2017-2023",2017,2023,"XXW","CARSCO-GEUROS","CARSCO","GEUROS",1,"+ Warming"
"21_2_XXW",1.10322580645161,"2017-2023",2017,2023,"XXW","CARSCO-GEUROS","CARSCO","GEUROS",1,"+ Warming"
"38_3_XXW",1.2475884244373,"2017-2023",2017,2023,"XXW","CARSCO-GEUROS","CARSCO","GEUROS",1,"+ Warming"
"40_3_XXW",0.33852140077821,"2017-2023",2017,2023,"XXW","CARSCO-GEUROS","CARSCO","GEUROS",1,"+ Warming"
"8_1_XXW",1.37584565271862,"2017-2023",2017,2023,"XXW","CARSCO-GEUROS","CARSCO","GEUROS",1,"+ Warming"
"1_1_XXW",0.721319547021172,"2017-2023",2017,2023,"XXW","CARSCO-TRIPAR","CARSCO","TRIPAR",1,"+ Warming"
"18_2_XXW",0.666666666666667,"2017-2023",2017,2023,"XXW","CARSCO-TRIPAR","CARSCO","TRIPAR",1,"+ Warming"
"21_2_XXW",0.759776536312849,"2017-2023",2017,2023,"XXW","CARSCO-TRIPAR","CARSCO","TRIPAR",1,"+ Warming"
"38_3_XXW",1.61728395061728,"2017-2023",2017,2023,"XXW","CARSCO-TRIPAR","CARSCO","TRIPAR",1,"+ Warming"
"40_3_XXW",0.932885906040268,"2017-2023",2017,2023,"XXW","CARSCO-TRIPAR","CARSCO","TRIPAR",1,"+ Warming"
"8_1_XXW",0.592638036809816,"2017-2023",2017,2023,"XXW","CARSCO-TRIPAR","CARSCO","TRIPAR",1,"+ Warming"
"1_1_XXW",0.976535197204194,"2017-2023",2017,2023,"XXW","DESCES-GENALG","DESCES","GENALG",1,"+ Warming"
"18_2_XXW",1,"2017-2023",2017,2023,"XXW","DESCES-GENALG","DESCES","GENALG",1,"+ Warming"
"21_2_XXW",0.983699059561128,"2017-2023",2017,2023,"XXW","DESCES-GENALG","DESCES","GENALG",1,"+ Warming"
"38_3_XXW",0.811320754716981,"2017-2023",2017,2023,"XXW","DESCES-GENALG","DESCES","GENALG",1,"+ Warming"
"40_3_XXW",1.16969696969697,"2017-2023",2017,2023,"XXW","DESCES-GENALG","DESCES","GENALG",1,"+ Warming"
"8_1_XXW",0.936523280167553,"2017-2023",2017,2023,"XXW","DESCES-GENALG","DESCES","GENALG",1,"+ Warming"
"1_1_XXW",0.543630017452007,"2017-2023",2017,2023,"XXW","DESCES-GEUROS","DESCES","GEUROS",1,"+ Warming"
"18_2_XXW",0.599640933572711,"2017-2023",2017,2023,"XXW","DESCES-GEUROS","DESCES","GEUROS",1,"+ Warming"
"21_2_XXW",1.34138486312399,"2017-2023",2017,2023,"XXW","DESCES-GEUROS","DESCES","GEUROS",1,"+ Warming"
"38_3_XXW",0.786463298379409,"2017-2023",2017,2023,"XXW","DESCES-GEUROS","DESCES","GEUROS",1,"+ Warming"
"40_3_XXW",0.6964586846543,"2017-2023",2017,2023,"XXW","DESCES-GEUROS","DESCES","GEUROS",1,"+ Warming"
"8_1_XXW",0.19942787086228,"2017-2023",2017,2023,"XXW","DESCES-GEUROS","DESCES","GEUROS",1,"+ Warming"
"1_1_XXW",1.05398512221041,"2017-2023",2017,2023,"XXW","DESCES-TRIPAR","DESCES","TRIPAR",1,"+ Warming"
"18_2_XXW",0.995336636549111,"2017-2023",2017,2023,"XXW","DESCES-TRIPAR","DESCES","TRIPAR",1,"+ Warming"
"21_2_XXW",0.77511961722488,"2017-2023",2017,2023,"XXW","DESCES-TRIPAR","DESCES","TRIPAR",1,"+ Warming"
"38_3_XXW",0.362523540489642,"2017-2023",2017,2023,"XXW","DESCES-TRIPAR","DESCES","TRIPAR",1,"+ Warming"
"40_3_XXW",1.0639175257732,"2017-2023",2017,2023,"XXW","DESCES-TRIPAR","DESCES","TRIPAR",1,"+ Warming"
"8_1_XXW",0.863581367211131,"2017-2023",2017,2023,"XXW","DESCES-TRIPAR","DESCES","TRIPAR",1,"+ Warming"
"1_1_XXW",1.08813559322034,"2017-2023",2017,2023,"XXW","GENALG-GEUROS","GENALG","GEUROS",1,"+ Warming"
"18_2_XXW",1,"2017-2023",2017,2023,"XXW","GENALG-GEUROS","GENALG","GEUROS",1,"+ Warming"
"21_2_XXW",1.48753462603878,"2017-2023",2017,2023,"XXW","GENALG-GEUROS","GENALG","GEUROS",1,"+ Warming"
"38_3_XXW",1.40957446808511,"2017-2023",2017,2023,"XXW","GENALG-GEUROS","GENALG","GEUROS",1,"+ Warming"
"40_3_XXW",1.1482602118003,"2017-2023",2017,2023,"XXW","GENALG-GEUROS","GENALG","GEUROS",1,"+ Warming"
"8_1_XXW",1.0242090784044,"2017-2023",2017,2023,"XXW","GENALG-GEUROS","GENALG","GEUROS",1,"+ Warming"
"1_1_XXW",0.988748241912799,"2017-2023",2017,2023,"XXW","GENALG-TRIPAR","GENALG","TRIPAR",1,"+ Warming"
"18_2_XXW",1,"2017-2023",2017,2023,"XXW","GENALG-TRIPAR","GENALG","TRIPAR",1,"+ Warming"
"21_2_XXW",1.19559902200489,"2017-2023",2017,2023,"XXW","GENALG-TRIPAR","GENALG","TRIPAR",1,"+ Warming"
"38_3_XXW",1.32338308457711,"2017-2023",2017,2023,"XXW","GENALG-TRIPAR","GENALG","TRIPAR",1,"+ Warming"
"40_3_XXW",1.3056768558952,"2017-2023",2017,2023,"XXW","GENALG-TRIPAR","GENALG","TRIPAR",1,"+ Warming"
"8_1_XXW",1.27668845315904,"2017-2023",2017,2023,"XXW","GENALG-TRIPAR","GENALG","TRIPAR",1,"+ Warming"
"1_1_XXW",1.11792086889061,"2017-2023",2017,2023,"XXW","GEUROS-TRIPAR","GEUROS","TRIPAR",1,"+ Warming"
"18_2_XXW",0.963142580019399,"2017-2023",2017,2023,"XXW","GEUROS-TRIPAR","GEUROS","TRIPAR",1,"+ Warming"
"21_2_XXW",0.824324324324324,"2017-2023",2017,2023,"XXW","GEUROS-TRIPAR","GEUROS","TRIPAR",1,"+ Warming"
"38_3_XXW",1.26074498567335,"2017-2023",2017,2023,"XXW","GEUROS-TRIPAR","GEUROS","TRIPAR",1,"+ Warming"
"40_3_XXW",1.03508771929825,"2017-2023",2017,2023,"XXW","GEUROS-TRIPAR","GEUROS","TRIPAR",1,"+ Warming"
"8_1_XXW",0.909405940594059,"2017-2023",2017,2023,"XXW","GEUROS-TRIPAR","GEUROS","TRIPAR",1,"+ Warming"
"1_1_XXW",1.25806451612903,"2018-2024",2018,2024,"XXW","ARTSCO-BISBIS","ARTSCO","BISBIS",1,"+ Warming"
"18_2_XXW",0.747416762342135,"2018-2024",2018,2024,"XXW","ARTSCO-BISBIS","ARTSCO","BISBIS",1,"+ Warming"
"21_2_XXW",1.09417040358744,"2018-2024",2018,2024,"XXW","ARTSCO-BISBIS","ARTSCO","BISBIS",1,"+ Warming"
"38_3_XXW",0.941258741258741,"2018-2024",2018,2024,"XXW","ARTSCO-BISBIS","ARTSCO","BISBIS",1,"+ Warming"
"40_3_XXW",0.832781456953642,"2018-2024",2018,2024,"XXW","ARTSCO-BISBIS","ARTSCO","BISBIS",1,"+ Warming"
"8_1_XXW",1.56224899598394,"2018-2024",2018,2024,"XXW","ARTSCO-BISBIS","ARTSCO","BISBIS",1,"+ Warming"
"1_1_XXW",0.628787878787879,"2018-2024",2018,2024,"XXW","ARTSCO-CALLEP","ARTSCO","CALLEP",1,"+ Warming"
"18_2_XXW",0.885797950219619,"2018-2024",2018,2024,"XXW","ARTSCO-CALLEP","ARTSCO","CALLEP",1,"+ Warming"
"21_2_XXW",1,"2018-2024",2018,2024,"XXW","ARTSCO-CALLEP","ARTSCO","CALLEP",1,"+ Warming"
"38_3_XXW",0.756363636363636,"2018-2024",2018,2024,"XXW","ARTSCO-CALLEP","ARTSCO","CALLEP",1,"+ Warming"
"40_3_XXW",1.07509881422925,"2018-2024",2018,2024,"XXW","ARTSCO-CALLEP","ARTSCO","CALLEP",1,"+ Warming"
"8_1_XXW",0.835616438356164,"2018-2024",2018,2024,"XXW","ARTSCO-CALLEP","ARTSCO","CALLEP",1,"+ Warming"
"1_1_XXW",0.966136834830684,"2018-2024",2018,2024,"XXW","ARTSCO-CARSCO","ARTSCO","CARSCO",1,"+ Warming"
"18_2_XXW",0.882030178326475,"2018-2024",2018,2024,"XXW","ARTSCO-CARSCO","ARTSCO","CARSCO",1,"+ Warming"
"21_2_XXW",0.906914893617021,"2018-2024",2018,2024,"XXW","ARTSCO-CARSCO","ARTSCO","CARSCO",1,"+ Warming"
"38_3_XXW",0.967741935483871,"2018-2024",2018,2024,"XXW","ARTSCO-CARSCO","ARTSCO","CARSCO",1,"+ Warming"
"40_3_XXW",0.943396226415094,"2018-2024",2018,2024,"XXW","ARTSCO-CARSCO","ARTSCO","CARSCO",1,"+ Warming"
"8_1_XXW",1.08303677342823,"2018-2024",2018,2024,"XXW","ARTSCO-CARSCO","ARTSCO","CARSCO",1,"+ Warming"
"1_1_XXW",0.862007168458781,"2018-2024",2018,2024,"XXW","ARTSCO-DESCES","ARTSCO","DESCES",1,"+ Warming"
"18_2_XXW",0.468443197755961,"2018-2024",2018,2024,"XXW","ARTSCO-DESCES","ARTSCO","DESCES",1,"+ Warming"
"21_2_XXW",0.92442645074224,"2018-2024",2018,2024,"XXW","ARTSCO-DESCES","ARTSCO","DESCES",1,"+ Warming"
"38_3_XXW",0.965144230769231,"2018-2024",2018,2024,"XXW","ARTSCO-DESCES","ARTSCO","DESCES",1,"+ Warming"
"40_3_XXW",0.887396694214876,"2018-2024",2018,2024,"XXW","ARTSCO-DESCES","ARTSCO","DESCES",1,"+ Warming"
"8_1_XXW",0.838272225012557,"2018-2024",2018,2024,"XXW","ARTSCO-DESCES","ARTSCO","DESCES",1,"+ Warming"
"1_1_XXW",0.890196078431373,"2018-2024",2018,2024,"XXW","ARTSCO-GENALG","ARTSCO","GENALG",1,"+ Warming"
"18_2_XXW",1,"2018-2024",2018,2024,"XXW","ARTSCO-GENALG","ARTSCO","GENALG",1,"+ Warming"
"21_2_XXW",0.91128010139417,"2018-2024",2018,2024,"XXW","ARTSCO-GENALG","ARTSCO","GENALG",1,"+ Warming"
"38_3_XXW",0.961065573770492,"2018-2024",2018,2024,"XXW","ARTSCO-GENALG","ARTSCO","GENALG",1,"+ Warming"
"40_3_XXW",0.580961269248717,"2018-2024",2018,2024,"XXW","ARTSCO-GENALG","ARTSCO","GENALG",1,"+ Warming"
"8_1_XXW",1.4778156996587,"2018-2024",2018,2024,"XXW","ARTSCO-GENALG","ARTSCO","GENALG",1,"+ Warming"
"1_1_XXW",1.38414634146341,"2018-2024",2018,2024,"XXW","ARTSCO-GEUROS","ARTSCO","GEUROS",1,"+ Warming"
"18_2_XXW",0.88,"2018-2024",2018,2024,"XXW","ARTSCO-GEUROS","ARTSCO","GEUROS",1,"+ Warming"
"21_2_XXW",0.882352941176471,"2018-2024",2018,2024,"XXW","ARTSCO-GEUROS","ARTSCO","GEUROS",1,"+ Warming"
"38_3_XXW",0.840501792114695,"2018-2024",2018,2024,"XXW","ARTSCO-GEUROS","ARTSCO","GEUROS",1,"+ Warming"
"40_3_XXW",1.0807560137457,"2018-2024",2018,2024,"XXW","ARTSCO-GEUROS","ARTSCO","GEUROS",1,"+ Warming"
"8_1_XXW",0.884912959381045,"2018-2024",2018,2024,"XXW","ARTSCO-GEUROS","ARTSCO","GEUROS",1,"+ Warming"
"1_1_XXW",1.30966239813737,"2018-2024",2018,2024,"XXW","ARTSCO-TRIPAR","ARTSCO","TRIPAR",1,"+ Warming"
"18_2_XXW",1.01512859304085,"2018-2024",2018,2024,"XXW","ARTSCO-TRIPAR","ARTSCO","TRIPAR",1,"+ Warming"
"21_2_XXW",0.49789029535865,"2018-2024",2018,2024,"XXW","ARTSCO-TRIPAR","ARTSCO","TRIPAR",1,"+ Warming"
"38_3_XXW",1.14954682779456,"2018-2024",2018,2024,"XXW","ARTSCO-TRIPAR","ARTSCO","TRIPAR",1,"+ Warming"
"40_3_XXW",0.912065439672802,"2018-2024",2018,2024,"XXW","ARTSCO-TRIPAR","ARTSCO","TRIPAR",1,"+ Warming"
"8_1_XXW",1.01545253863135,"2018-2024",2018,2024,"XXW","ARTSCO-TRIPAR","ARTSCO","TRIPAR",1,"+ Warming"
"1_1_XXW",0.855670103092784,"2018-2024",2018,2024,"XXW","BISBIS-CALLEP","BISBIS","CALLEP",1,"+ Warming"
"18_2_XXW",1.06198347107438,"2018-2024",2018,2024,"XXW","BISBIS-CALLEP","BISBIS","CALLEP",1,"+ Warming"
"21_2_XXW",1,"2018-2024",2018,2024,"XXW","BISBIS-CALLEP","BISBIS","CALLEP",1,"+ Warming"
"38_3_XXW",1.4891846921797,"2018-2024",2018,2024,"XXW","BISBIS-CALLEP","BISBIS","CALLEP",1,"+ Warming"
"40_3_XXW",1.26811594202899,"2018-2024",2018,2024,"XXW","BISBIS-CALLEP","BISBIS","CALLEP",1,"+ Warming"
"8_1_XXW",0.944,"2018-2024",2018,2024,"XXW","BISBIS-CALLEP","BISBIS","CALLEP",1,"+ Warming"
"1_1_XXW",0.851274787535411,"2018-2024",2018,2024,"XXW","BISBIS-CARSCO","BISBIS","CARSCO",1,"+ Warming"
"18_2_XXW",0.569444444444444,"2018-2024",2018,2024,"XXW","BISBIS-CARSCO","BISBIS","CARSCO",1,"+ Warming"
"21_2_XXW",0.860655737704918,"2018-2024",2018,2024,"XXW","BISBIS-CARSCO","BISBIS","CARSCO",1,"+ Warming"
"38_3_XXW",0.459704880817253,"2018-2024",2018,2024,"XXW","BISBIS-CARSCO","BISBIS","CARSCO",1,"+ Warming"
"40_3_XXW",0.701492537313433,"2018-2024",2018,2024,"XXW","BISBIS-CARSCO","BISBIS","CARSCO",1,"+ Warming"
"8_1_XXW",0.719931271477663,"2018-2024",2018,2024,"XXW","BISBIS-CARSCO","BISBIS","CARSCO",1,"+ Warming"
"1_1_XXW",0.617946345975948,"2018-2024",2018,2024,"XXW","BISBIS-DESCES","BISBIS","DESCES",1,"+ Warming"
"18_2_XXW",0.961012028204065,"2018-2024",2018,2024,"XXW","BISBIS-DESCES","BISBIS","DESCES",1,"+ Warming"
"21_2_XXW",1.06514657980456,"2018-2024",2018,2024,"XXW","BISBIS-DESCES","BISBIS","DESCES",1,"+ Warming"
"38_3_XXW",1.08305319359304,"2018-2024",2018,2024,"XXW","BISBIS-DESCES","BISBIS","DESCES",1,"+ Warming"
"40_3_XXW",0.84,"2018-2024",2018,2024,"XXW","BISBIS-DESCES","BISBIS","DESCES",1,"+ Warming"
"8_1_XXW",0.938725172010905,"2018-2024",2018,2024,"XXW","BISBIS-DESCES","BISBIS","DESCES",1,"+ Warming"
"1_1_XXW",1,"2018-2024",2018,2024,"XXW","BISBIS-GENALG","BISBIS","GENALG",1,"+ Warming"
"18_2_XXW",1,"2018-2024",2018,2024,"XXW","BISBIS-GENALG","BISBIS","GENALG",1,"+ Warming"
"21_2_XXW",0.807829181494662,"2018-2024",2018,2024,"XXW","BISBIS-GENALG","BISBIS","GENALG",1,"+ Warming"
"38_3_XXW",1.23796033994334,"2018-2024",2018,2024,"XXW","BISBIS-GENALG","BISBIS","GENALG",1,"+ Warming"
"40_3_XXW",0.678092399403875,"2018-2024",2018,2024,"XXW","BISBIS-GENALG","BISBIS","GENALG",1,"+ Warming"
"8_1_XXW",1.37846153846154,"2018-2024",2018,2024,"XXW","BISBIS-GENALG","BISBIS","GENALG",1,"+ Warming"
"1_1_XXW",1.45392491467577,"2018-2024",2018,2024,"XXW","BISBIS-GEUROS","BISBIS","GEUROS",1,"+ Warming"
"18_2_XXW",0.609321453050034,"2018-2024",2018,2024,"XXW","BISBIS-GEUROS","BISBIS","GEUROS",1,"+ Warming"
"21_2_XXW",1.18918918918919,"2018-2024",2018,2024,"XXW","BISBIS-GEUROS","BISBIS","GEUROS",1,"+ Warming"
"38_3_XXW",1.08846761453397,"2018-2024",2018,2024,"XXW","BISBIS-GEUROS","BISBIS","GEUROS",1,"+ Warming"
"40_3_XXW",0.841121495327103,"2018-2024",2018,2024,"XXW","BISBIS-GEUROS","BISBIS","GEUROS",1,"+ Warming"
"8_1_XXW",0.937032258064516,"2018-2024",2018,2024,"XXW","BISBIS-GEUROS","BISBIS","GEUROS",1,"+ Warming"
"1_1_XXW",1.50625869262865,"2018-2024",2018,2024,"XXW","BISBIS-TRIPAR","BISBIS","TRIPAR",1,"+ Warming"
"18_2_XXW",1.08181818181818,"2018-2024",2018,2024,"XXW","BISBIS-TRIPAR","BISBIS","TRIPAR",1,"+ Warming"
"21_2_XXW",0.854545454545455,"2018-2024",2018,2024,"XXW","BISBIS-TRIPAR","BISBIS","TRIPAR",1,"+ Warming"
"38_3_XXW",0.532888465204957,"2018-2024",2018,2024,"XXW","BISBIS-TRIPAR","BISBIS","TRIPAR",1,"+ Warming"
"40_3_XXW",0.917355371900826,"2018-2024",2018,2024,"XXW","BISBIS-TRIPAR","BISBIS","TRIPAR",1,"+ Warming"
"8_1_XXW",1.55038759689922,"2018-2024",2018,2024,"XXW","BISBIS-TRIPAR","BISBIS","TRIPAR",1,"+ Warming"
"1_1_XXW",0.983421250941974,"2018-2024",2018,2024,"XXW","CALLEP-CARSCO","CALLEP","CARSCO",1,"+ Warming"
"18_2_XXW",1.24,"2018-2024",2018,2024,"XXW","CALLEP-CARSCO","CALLEP","CARSCO",1,"+ Warming"
"21_2_XXW",1,"2018-2024",2018,2024,"XXW","CALLEP-CARSCO","CALLEP","CARSCO",1,"+ Warming"
"38_3_XXW",0.358974358974359,"2018-2024",2018,2024,"XXW","CALLEP-CARSCO","CALLEP","CARSCO",1,"+ Warming"
"40_3_XXW",0.605882352941177,"2018-2024",2018,2024,"XXW","CALLEP-CARSCO","CALLEP","CARSCO",1,"+ Warming"
"8_1_XXW",0.919075144508671,"2018-2024",2018,2024,"XXW","CALLEP-CARSCO","CALLEP","CARSCO",1,"+ Warming"
"1_1_XXW",1.06024096385542,"2018-2024",2018,2024,"XXW","CALLEP-DESCES","CALLEP","DESCES",1,"+ Warming"
"18_2_XXW",1.04048582995951,"2018-2024",2018,2024,"XXW","CALLEP-DESCES","CALLEP","DESCES",1,"+ Warming"
"21_2_XXW",1,"2018-2024",2018,2024,"XXW","CALLEP-DESCES","CALLEP","DESCES",1,"+ Warming"
"38_3_XXW",1.2566510172144,"2018-2024",2018,2024,"XXW","CALLEP-DESCES","CALLEP","DESCES",1,"+ Warming"
"40_3_XXW",0.898406374501992,"2018-2024",2018,2024,"XXW","CALLEP-DESCES","CALLEP","DESCES",1,"+ Warming"
"8_1_XXW",1.0093745814919,"2018-2024",2018,2024,"XXW","CALLEP-DESCES","CALLEP","DESCES",1,"+ Warming"
"1_1_XXW",1.33333333333333,"2018-2024",2018,2024,"XXW","CALLEP-GENALG","CALLEP","GENALG",1,"+ Warming"
"18_2_XXW",1,"2018-2024",2018,2024,"XXW","CALLEP-GENALG","CALLEP","GENALG",1,"+ Warming"
"21_2_XXW",1,"2018-2024",2018,2024,"XXW","CALLEP-GENALG","CALLEP","GENALG",1,"+ Warming"
"38_3_XXW",0.803921568627451,"2018-2024",2018,2024,"XXW","CALLEP-GENALG","CALLEP","GENALG",1,"+ Warming"
"40_3_XXW",0.971326164874552,"2018-2024",2018,2024,"XXW","CALLEP-GENALG","CALLEP","GENALG",1,"+ Warming"
"8_1_XXW",0.842696629213483,"2018-2024",2018,2024,"XXW","CALLEP-GENALG","CALLEP","GENALG",1,"+ Warming"
"1_1_XXW",0.774038461538461,"2018-2024",2018,2024,"XXW","CALLEP-GEUROS","CALLEP","GEUROS",1,"+ Warming"
"18_2_XXW",1.00472069236821,"2018-2024",2018,2024,"XXW","CALLEP-GEUROS","CALLEP","GEUROS",1,"+ Warming"
"21_2_XXW",1,"2018-2024",2018,2024,"XXW","CALLEP-GEUROS","CALLEP","GEUROS",1,"+ Warming"
"38_3_XXW",0.63953488372093,"2018-2024",2018,2024,"XXW","CALLEP-GEUROS","CALLEP","GEUROS",1,"+ Warming"
"40_3_XXW",1.11206896551724,"2018-2024",2018,2024,"XXW","CALLEP-GEUROS","CALLEP","GEUROS",1,"+ Warming"
"8_1_XXW",0.99615278922781,"2018-2024",2018,2024,"XXW","CALLEP-GEUROS","CALLEP","GEUROS",1,"+ Warming"
"1_1_XXW",0.746701846965699,"2018-2024",2018,2024,"XXW","CALLEP-TRIPAR","CALLEP","TRIPAR",1,"+ Warming"
"18_2_XXW",1.1875,"2018-2024",2018,2024,"XXW","CALLEP-TRIPAR","CALLEP","TRIPAR",1,"+ Warming"
"21_2_XXW",1,"2018-2024",2018,2024,"XXW","CALLEP-TRIPAR","CALLEP","TRIPAR",1,"+ Warming"
"38_3_XXW",0.253623188405797,"2018-2024",2018,2024,"XXW","CALLEP-TRIPAR","CALLEP","TRIPAR",1,"+ Warming"
"40_3_XXW",1.1304347826087,"2018-2024",2018,2024,"XXW","CALLEP-TRIPAR","CALLEP","TRIPAR",1,"+ Warming"
"8_1_XXW",1.17114914425428,"2018-2024",2018,2024,"XXW","CALLEP-TRIPAR","CALLEP","TRIPAR",1,"+ Warming"
"1_1_XXW",0.719169190826482,"2018-2024",2018,2024,"XXW","CARSCO-DESCES","CARSCO","DESCES",1,"+ Warming"
"18_2_XXW",1.04230938739533,"2018-2024",2018,2024,"XXW","CARSCO-DESCES","CARSCO","DESCES",1,"+ Warming"
"21_2_XXW",1.08203799654577,"2018-2024",2018,2024,"XXW","CARSCO-DESCES","CARSCO","DESCES",1,"+ Warming"
"38_3_XXW",0.559347181008902,"2018-2024",2018,2024,"XXW","CARSCO-DESCES","CARSCO","DESCES",1,"+ Warming"
"40_3_XXW",1.38132911392405,"2018-2024",2018,2024,"XXW","CARSCO-DESCES","CARSCO","DESCES",1,"+ Warming"
"8_1_XXW",0.770483395307091,"2018-2024",2018,2024,"XXW","CARSCO-DESCES","CARSCO","DESCES",1,"+ Warming"
"1_1_XXW",0.989035916824197,"2018-2024",2018,2024,"XXW","CARSCO-GENALG","CARSCO","GENALG",1,"+ Warming"
"18_2_XXW",1,"2018-2024",2018,2024,"XXW","CARSCO-GENALG","CARSCO","GENALG",1,"+ Warming"
"21_2_XXW",1.13475177304965,"2018-2024",2018,2024,"XXW","CARSCO-GENALG","CARSCO","GENALG",1,"+ Warming"
"38_3_XXW",1.11627906976744,"2018-2024",2018,2024,"XXW","CARSCO-GENALG","CARSCO","GENALG",1,"+ Warming"
"40_3_XXW",1.17271589486859,"2018-2024",2018,2024,"XXW","CARSCO-GENALG","CARSCO","GENALG",1,"+ Warming"
"8_1_XXW",0.888361045130641,"2018-2024",2018,2024,"XXW","CARSCO-GENALG","CARSCO","GENALG",1,"+ Warming"
"1_1_XXW",0.940906106369009,"2018-2024",2018,2024,"XXW","CARSCO-GEUROS","CARSCO","GEUROS",1,"+ Warming"
"18_2_XXW",1.41305998481397,"2018-2024",2018,2024,"XXW","CARSCO-GEUROS","CARSCO","GEUROS",1,"+ Warming"
"21_2_XXW",1.32236842105263,"2018-2024",2018,2024,"XXW","CARSCO-GEUROS","CARSCO","GEUROS",1,"+ Warming"
"38_3_XXW",1.31404958677686,"2018-2024",2018,2024,"XXW","CARSCO-GEUROS","CARSCO","GEUROS",1,"+ Warming"
"40_3_XXW",0.195121951219512,"2018-2024",2018,2024,"XXW","CARSCO-GEUROS","CARSCO","GEUROS",1,"+ Warming"
"8_1_XXW",1.37119113573407,"2018-2024",2018,2024,"XXW","CARSCO-GEUROS","CARSCO","GEUROS",1,"+ Warming"
"1_1_XXW",0.867352367441036,"2018-2024",2018,2024,"XXW","CARSCO-TRIPAR","CARSCO","TRIPAR",1,"+ Warming"
"18_2_XXW",0.615384615384615,"2018-2024",2018,2024,"XXW","CARSCO-TRIPAR","CARSCO","TRIPAR",1,"+ Warming"
"21_2_XXW",0.653333333333333,"2018-2024",2018,2024,"XXW","CARSCO-TRIPAR","CARSCO","TRIPAR",1,"+ Warming"
"38_3_XXW",1.51445086705202,"2018-2024",2018,2024,"XXW","CARSCO-TRIPAR","CARSCO","TRIPAR",1,"+ Warming"
"40_3_XXW",0.947712418300654,"2018-2024",2018,2024,"XXW","CARSCO-TRIPAR","CARSCO","TRIPAR",1,"+ Warming"
"8_1_XXW",0.668016194331984,"2018-2024",2018,2024,"XXW","CARSCO-TRIPAR","CARSCO","TRIPAR",1,"+ Warming"
"1_1_XXW",0.991427130610187,"2018-2024",2018,2024,"XXW","DESCES-GENALG","DESCES","GENALG",1,"+ Warming"
"18_2_XXW",1,"2018-2024",2018,2024,"XXW","DESCES-GENALG","DESCES","GENALG",1,"+ Warming"
"21_2_XXW",1.04844878878028,"2018-2024",2018,2024,"XXW","DESCES-GENALG","DESCES","GENALG",1,"+ Warming"
"38_3_XXW",0.823190789473684,"2018-2024",2018,2024,"XXW","DESCES-GENALG","DESCES","GENALG",1,"+ Warming"
"40_3_XXW",1.15420780441937,"2018-2024",2018,2024,"XXW","DESCES-GENALG","DESCES","GENALG",1,"+ Warming"
"8_1_XXW",0.871386900026518,"2018-2024",2018,2024,"XXW","DESCES-GENALG","DESCES","GENALG",1,"+ Warming"
"1_1_XXW",0.509228187919463,"2018-2024",2018,2024,"XXW","DESCES-GEUROS","DESCES","GEUROS",1,"+ Warming"
"18_2_XXW",0.893023255813953,"2018-2024",2018,2024,"XXW","DESCES-GEUROS","DESCES","GEUROS",1,"+ Warming"
"21_2_XXW",1.38950715421304,"2018-2024",2018,2024,"XXW","DESCES-GEUROS","DESCES","GEUROS",1,"+ Warming"
"38_3_XXW",0.57153965785381,"2018-2024",2018,2024,"XXW","DESCES-GEUROS","DESCES","GEUROS",1,"+ Warming"
"40_3_XXW",0.683391003460208,"2018-2024",2018,2024,"XXW","DESCES-GEUROS","DESCES","GEUROS",1,"+ Warming"
"8_1_XXW",0.325279480706816,"2018-2024",2018,2024,"XXW","DESCES-GEUROS","DESCES","GEUROS",1,"+ Warming"
"1_1_XXW",0.892004634994206,"2018-2024",2018,2024,"XXW","DESCES-TRIPAR","DESCES","TRIPAR",1,"+ Warming"
"18_2_XXW",0.998182644252612,"2018-2024",2018,2024,"XXW","DESCES-TRIPAR","DESCES","TRIPAR",1,"+ Warming"
"21_2_XXW",0.885350318471338,"2018-2024",2018,2024,"XXW","DESCES-TRIPAR","DESCES","TRIPAR",1,"+ Warming"
"38_3_XXW",0.668345323741007,"2018-2024",2018,2024,"XXW","DESCES-TRIPAR","DESCES","TRIPAR",1,"+ Warming"
"40_3_XXW",1.0639175257732,"2018-2024",2018,2024,"XXW","DESCES-TRIPAR","DESCES","TRIPAR",1,"+ Warming"
"8_1_XXW",0.93614856270669,"2018-2024",2018,2024,"XXW","DESCES-TRIPAR","DESCES","TRIPAR",1,"+ Warming"
"1_1_XXW",1.004914004914,"2018-2024",2018,2024,"XXW","GENALG-GEUROS","GENALG","GEUROS",1,"+ Warming"
"18_2_XXW",1,"2018-2024",2018,2024,"XXW","GENALG-GEUROS","GENALG","GEUROS",1,"+ Warming"
"21_2_XXW",1.53372434017595,"2018-2024",2018,2024,"XXW","GENALG-GEUROS","GENALG","GEUROS",1,"+ Warming"
"38_3_XXW",1.61818181818182,"2018-2024",2018,2024,"XXW","GENALG-GEUROS","GENALG","GEUROS",1,"+ Warming"
"40_3_XXW",0.849056603773585,"2018-2024",2018,2024,"XXW","GENALG-GEUROS","GENALG","GEUROS",1,"+ Warming"
"8_1_XXW",1.0016155088853,"2018-2024",2018,2024,"XXW","GENALG-GEUROS","GENALG","GEUROS",1,"+ Warming"
"1_1_XXW",1.06094182825485,"2018-2024",2018,2024,"XXW","GENALG-TRIPAR","GENALG","TRIPAR",1,"+ Warming"
"18_2_XXW",1,"2018-2024",2018,2024,"XXW","GENALG-TRIPAR","GENALG","TRIPAR",1,"+ Warming"
"21_2_XXW",1.13056379821958,"2018-2024",2018,2024,"XXW","GENALG-TRIPAR","GENALG","TRIPAR",1,"+ Warming"
"38_3_XXW",1.28971962616822,"2018-2024",2018,2024,"XXW","GENALG-TRIPAR","GENALG","TRIPAR",1,"+ Warming"
"40_3_XXW",1.38862559241706,"2018-2024",2018,2024,"XXW","GENALG-TRIPAR","GENALG","TRIPAR",1,"+ Warming"
"8_1_XXW",1.17768595041322,"2018-2024",2018,2024,"XXW","GENALG-TRIPAR","GENALG","TRIPAR",1,"+ Warming"
"1_1_XXW",1.49183147033534,"2018-2024",2018,2024,"XXW","GEUROS-TRIPAR","GEUROS","TRIPAR",1,"+ Warming"
"18_2_XXW",0.907125700560448,"2018-2024",2018,2024,"XXW","GEUROS-TRIPAR","GEUROS","TRIPAR",1,"+ Warming"
"21_2_XXW",1.056,"2018-2024",2018,2024,"XXW","GEUROS-TRIPAR","GEUROS","TRIPAR",1,"+ Warming"
"38_3_XXW",1.36619718309859,"2018-2024",2018,2024,"XXW","GEUROS-TRIPAR","GEUROS","TRIPAR",1,"+ Warming"
"40_3_XXW",1.05050505050505,"2018-2024",2018,2024,"XXW","GEUROS-TRIPAR","GEUROS","TRIPAR",1,"+ Warming"
"8_1_XXW",0.924640555280119,"2018-2024",2018,2024,"XXW","GEUROS-TRIPAR","GEUROS","TRIPAR",1,"+ Warming"
