"VR","lowerCI","upperCI","window","start.year","end.year","pair","pair1","pair2","treatment","bn","sig.synch","sig.comp","affiliation","aff.name","treatment.name"
1.16072111078926,0.723200943493353,1.30168900427439,"2007-2013",2007,2013,"ARTSCO-BISBIS","ARTSCO","BISBIS","XXX",10000,FALSE,FALSE,0,"None","Control"
0.759526443425068,0.831613607728221,1.17386707156612,"2007-2013",2007,2013,"ARTSCO-CALLEP","ARTSCO","CALLEP","XXX",10000,FALSE,TRUE,-1,"Compensatory","Control"
1.15431543295127,0.715896153752003,1.29019253217033,"2007-2013",2007,2013,"ARTSCO-CARSCO","ARTSCO","CARSCO","XXX",10000,FALSE,FALSE,0,"None","Control"
1.05688973750781,0.788975055893334,1.22478814499968,"2007-2013",2007,2013,"ARTSCO-DESCES","ARTSCO","DESCES","XXX",10000,FALSE,FALSE,0,"None","Control"
1.18404987400196,0.721841782209964,1.28772366723525,"2007-2013",2007,2013,"ARTSCO-GENALG","ARTSCO","GENALG","XXX",10000,FALSE,FALSE,0,"None","Control"
0.776532008136217,0.792144917706841,1.21706713379312,"2007-2013",2007,2013,"ARTSCO-GEUROS","ARTSCO","GEUROS","XXX",10000,FALSE,TRUE,-1,"Compensatory","Control"
1.0721606344005,0.737863738914466,1.23319348921449,"2007-2013",2007,2013,"ARTSCO-TRIPAR","ARTSCO","TRIPAR","XXX",10000,FALSE,FALSE,0,"None","Control"
0.904915334346911,0.807437497815239,1.1958863862397,"2007-2013",2007,2013,"BISBIS-CALLEP","BISBIS","CALLEP","XXX",10000,FALSE,FALSE,0,"None","Control"
1.26957593368554,0.748139815321567,1.2559907356193,"2007-2013",2007,2013,"BISBIS-CARSCO","BISBIS","CARSCO","XXX",10000,TRUE,FALSE,1,"Synchrony","Control"
0.782008664975766,0.769033534580267,1.21467678491785,"2007-2013",2007,2013,"BISBIS-DESCES","BISBIS","DESCES","XXX",10000,FALSE,FALSE,0,"None","Control"
1.34741496659478,0.706649666211268,1.30925781933935,"2007-2013",2007,2013,"BISBIS-GENALG","BISBIS","GENALG","XXX",10000,TRUE,FALSE,1,"Synchrony","Control"
0.94704400374403,0.797864797409755,1.22157738730668,"2007-2013",2007,2013,"BISBIS-GEUROS","BISBIS","GEUROS","XXX",10000,FALSE,FALSE,0,"None","Control"
1.09259128956672,0.774827854729767,1.22102275251154,"2007-2013",2007,2013,"BISBIS-TRIPAR","BISBIS","TRIPAR","XXX",10000,FALSE,FALSE,0,"None","Control"
0.93038276437141,0.812213609619518,1.1752472809874,"2007-2013",2007,2013,"CALLEP-CARSCO","CALLEP","CARSCO","XXX",10000,FALSE,FALSE,0,"None","Control"
0.914334439765521,0.855692641710273,1.15695420529047,"2007-2013",2007,2013,"CALLEP-DESCES","CALLEP","DESCES","XXX",10000,FALSE,FALSE,0,"None","Control"
1.13893478837003,0.832229457796363,1.17989077024785,"2007-2013",2007,2013,"CALLEP-GENALG","CALLEP","GENALG","XXX",10000,FALSE,FALSE,0,"None","Control"
1.1334021456813,0.86679308675075,1.13894506758558,"2007-2013",2007,2013,"CALLEP-GEUROS","CALLEP","GEUROS","XXX",10000,FALSE,FALSE,0,"None","Control"
1.18108041074411,0.80427650240372,1.1762995563632,"2007-2013",2007,2013,"CALLEP-TRIPAR","CALLEP","TRIPAR","XXX",10000,TRUE,FALSE,1,"Synchrony","Control"
0.952189857579173,0.781316924947949,1.21553316517095,"2007-2013",2007,2013,"CARSCO-DESCES","CARSCO","DESCES","XXX",10000,FALSE,FALSE,0,"None","Control"
1.04690720736178,0.755114972772113,1.25310170441702,"2007-2013",2007,2013,"CARSCO-GENALG","CARSCO","GENALG","XXX",10000,FALSE,FALSE,0,"None","Control"
0.919635249764628,0.761158912562425,1.25327962788457,"2007-2013",2007,2013,"CARSCO-GEUROS","CARSCO","GEUROS","XXX",10000,FALSE,FALSE,0,"None","Control"
1.08043519484037,0.808180590935092,1.15791429601964,"2007-2013",2007,2013,"CARSCO-TRIPAR","CARSCO","TRIPAR","XXX",10000,FALSE,FALSE,0,"None","Control"
0.748116351598112,0.789699770381748,1.1964766021275,"2007-2013",2007,2013,"DESCES-GENALG","DESCES","GENALG","XXX",10000,FALSE,TRUE,-1,"Compensatory","Control"
0.681483619249786,0.668081609805631,1.3186506256019,"2007-2013",2007,2013,"DESCES-GEUROS","DESCES","GEUROS","XXX",10000,FALSE,FALSE,0,"None","Control"
1.01691488046105,0.898509415832626,1.11205409491566,"2007-2013",2007,2013,"DESCES-TRIPAR","DESCES","TRIPAR","XXX",10000,FALSE,FALSE,0,"None","Control"
0.942108654966395,0.784033938342522,1.20108259488581,"2007-2013",2007,2013,"GENALG-GEUROS","GENALG","GEUROS","XXX",10000,FALSE,FALSE,0,"None","Control"
0.938735053480033,0.736644485694544,1.24879596612066,"2007-2013",2007,2013,"GENALG-TRIPAR","GENALG","TRIPAR","XXX",10000,FALSE,FALSE,0,"None","Control"
0.996912944615538,0.837781395266621,1.16248650091393,"2007-2013",2007,2013,"GEUROS-TRIPAR","GEUROS","TRIPAR","XXX",10000,FALSE,FALSE,0,"None","Control"
1.21291449928097,0.679296941081879,1.33063268352446,"2008-2014",2008,2014,"ARTSCO-BISBIS","ARTSCO","BISBIS","XXX",10000,FALSE,FALSE,0,"None","Control"
0.869903239244122,0.848186123076023,1.16963124766966,"2008-2014",2008,2014,"ARTSCO-CALLEP","ARTSCO","CALLEP","XXX",10000,FALSE,FALSE,0,"None","Control"
1.16429984873426,0.736469304106219,1.27521032859027,"2008-2014",2008,2014,"ARTSCO-CARSCO","ARTSCO","CARSCO","XXX",10000,FALSE,FALSE,0,"None","Control"
0.909814737198175,0.792445432680005,1.18564315449778,"2008-2014",2008,2014,"ARTSCO-DESCES","ARTSCO","DESCES","XXX",10000,FALSE,FALSE,0,"None","Control"
1.2407201691057,0.679127511214544,1.32015625749953,"2008-2014",2008,2014,"ARTSCO-GENALG","ARTSCO","GENALG","XXX",10000,FALSE,FALSE,0,"None","Control"
0.866887666387385,0.765270750101995,1.25108082417411,"2008-2014",2008,2014,"ARTSCO-GEUROS","ARTSCO","GEUROS","XXX",10000,FALSE,FALSE,0,"None","Control"
1.04819630437847,0.752549367276307,1.22263659028827,"2008-2014",2008,2014,"ARTSCO-TRIPAR","ARTSCO","TRIPAR","XXX",10000,FALSE,FALSE,0,"None","Control"
1.06849361255355,0.780513753983281,1.22225615544663,"2008-2014",2008,2014,"BISBIS-CALLEP","BISBIS","CALLEP","XXX",10000,FALSE,FALSE,0,"None","Control"
1.21987416545232,0.740969320753933,1.24982905297178,"2008-2014",2008,2014,"BISBIS-CARSCO","BISBIS","CARSCO","XXX",10000,FALSE,FALSE,0,"None","Control"
0.668659911056138,0.793774657113454,1.19526115904827,"2008-2014",2008,2014,"BISBIS-DESCES","BISBIS","DESCES","XXX",10000,FALSE,TRUE,-1,"Compensatory","Control"
1.34146872215877,0.708095750961879,1.31796374077378,"2008-2014",2008,2014,"BISBIS-GENALG","BISBIS","GENALG","XXX",10000,TRUE,FALSE,1,"Synchrony","Control"
0.97206542424613,0.732405906177328,1.27110696432224,"2008-2014",2008,2014,"BISBIS-GEUROS","BISBIS","GEUROS","XXX",10000,FALSE,FALSE,0,"None","Control"
1.02071065303711,0.777868764705479,1.20209214443358,"2008-2014",2008,2014,"BISBIS-TRIPAR","BISBIS","TRIPAR","XXX",10000,FALSE,FALSE,0,"None","Control"
0.857819274150599,0.871899181208509,1.13773449648209,"2008-2014",2008,2014,"CALLEP-CARSCO","CALLEP","CARSCO","XXX",10000,FALSE,TRUE,-1,"Compensatory","Control"
0.915868519787063,0.884452819793119,1.09898369054396,"2008-2014",2008,2014,"CALLEP-DESCES","CALLEP","DESCES","XXX",10000,FALSE,FALSE,0,"None","Control"
1.03219336252522,0.818609667104136,1.16069963428371,"2008-2014",2008,2014,"CALLEP-GENALG","CALLEP","GENALG","XXX",10000,FALSE,FALSE,0,"None","Control"
1.09956033813223,0.834688206542223,1.16828619861919,"2008-2014",2008,2014,"CALLEP-GEUROS","CALLEP","GEUROS","XXX",10000,FALSE,FALSE,0,"None","Control"
1.14844139200855,0.784003908794338,1.19954919714725,"2008-2014",2008,2014,"CALLEP-TRIPAR","CALLEP","TRIPAR","XXX",10000,FALSE,FALSE,0,"None","Control"
0.930276421098871,0.785634442435555,1.21212849473829,"2008-2014",2008,2014,"CARSCO-DESCES","CARSCO","DESCES","XXX",10000,FALSE,FALSE,0,"None","Control"
1.04239067807604,0.795292307789856,1.18812821620999,"2008-2014",2008,2014,"CARSCO-GENALG","CARSCO","GENALG","XXX",10000,FALSE,FALSE,0,"None","Control"
0.901862214705963,0.731276689917581,1.26073734321306,"2008-2014",2008,2014,"CARSCO-GEUROS","CARSCO","GEUROS","XXX",10000,FALSE,FALSE,0,"None","Control"
1.06118221784391,0.801276062620041,1.18304105029512,"2008-2014",2008,2014,"CARSCO-TRIPAR","CARSCO","TRIPAR","XXX",10000,FALSE,FALSE,0,"None","Control"
0.917155368843321,0.844369222021926,1.14891446313539,"2008-2014",2008,2014,"DESCES-GENALG","DESCES","GENALG","XXX",10000,FALSE,FALSE,0,"None","Control"
0.825151688929528,0.718126928113464,1.29771678007548,"2008-2014",2008,2014,"DESCES-GEUROS","DESCES","GEUROS","XXX",10000,FALSE,FALSE,0,"None","Control"
0.957971423805746,0.881550392932657,1.12594386764529,"2008-2014",2008,2014,"DESCES-TRIPAR","DESCES","TRIPAR","XXX",10000,FALSE,FALSE,0,"None","Control"
0.83887188311964,0.735754428353887,1.22438972983038,"2008-2014",2008,2014,"GENALG-GEUROS","GENALG","GEUROS","XXX",10000,FALSE,FALSE,0,"None","Control"
0.874603034237044,0.780834629543331,1.19495419227405,"2008-2014",2008,2014,"GENALG-TRIPAR","GENALG","TRIPAR","XXX",10000,FALSE,FALSE,0,"None","Control"
1.00794483893938,0.802520123079094,1.19459688311558,"2008-2014",2008,2014,"GEUROS-TRIPAR","GEUROS","TRIPAR","XXX",10000,FALSE,FALSE,0,"None","Control"
1.16965504434938,0.677300398509702,1.34708704346729,"2009-2015",2009,2015,"ARTSCO-BISBIS","ARTSCO","BISBIS","XXX",10000,FALSE,FALSE,0,"None","Control"
0.87503619905888,0.840305355201047,1.14703084561955,"2009-2015",2009,2015,"ARTSCO-CALLEP","ARTSCO","CALLEP","XXX",10000,FALSE,FALSE,0,"None","Control"
1.12517917066555,0.715130174515755,1.27458307621981,"2009-2015",2009,2015,"ARTSCO-CARSCO","ARTSCO","CARSCO","XXX",10000,FALSE,FALSE,0,"None","Control"
0.939547492431463,0.787417408265069,1.22899676457822,"2009-2015",2009,2015,"ARTSCO-DESCES","ARTSCO","DESCES","XXX",10000,FALSE,FALSE,0,"None","Control"
1.14467743909261,0.74678083569065,1.27123216367464,"2009-2015",2009,2015,"ARTSCO-GENALG","ARTSCO","GENALG","XXX",10000,FALSE,FALSE,0,"None","Control"
0.772235515355474,0.722482648126067,1.29372121346348,"2009-2015",2009,2015,"ARTSCO-GEUROS","ARTSCO","GEUROS","XXX",10000,FALSE,FALSE,0,"None","Control"
0.931330200210834,0.780586598892812,1.21069360618072,"2009-2015",2009,2015,"ARTSCO-TRIPAR","ARTSCO","TRIPAR","XXX",10000,FALSE,FALSE,0,"None","Control"
1.10136877410441,0.795998466877354,1.19197438334945,"2009-2015",2009,2015,"BISBIS-CALLEP","BISBIS","CALLEP","XXX",10000,FALSE,FALSE,0,"None","Control"
1.20515729404257,0.739741591807257,1.26734712673211,"2009-2015",2009,2015,"BISBIS-CARSCO","BISBIS","CARSCO","XXX",10000,FALSE,FALSE,0,"None","Control"
0.637829930693801,0.78198765103452,1.20684597938787,"2009-2015",2009,2015,"BISBIS-DESCES","BISBIS","DESCES","XXX",10000,FALSE,TRUE,-1,"Compensatory","Control"
1.20292092761494,0.731648873508775,1.29321388556227,"2009-2015",2009,2015,"BISBIS-GENALG","BISBIS","GENALG","XXX",10000,FALSE,FALSE,0,"None","Control"
0.989024106034304,0.703605871227027,1.2854816831609,"2009-2015",2009,2015,"BISBIS-GEUROS","BISBIS","GEUROS","XXX",10000,FALSE,FALSE,0,"None","Control"
1.08612309921551,0.756047179940016,1.2171175382548,"2009-2015",2009,2015,"BISBIS-TRIPAR","BISBIS","TRIPAR","XXX",10000,FALSE,FALSE,0,"None","Control"
0.812408520399721,0.818849383502403,1.20153703118817,"2009-2015",2009,2015,"CALLEP-CARSCO","CALLEP","CARSCO","XXX",10000,FALSE,TRUE,-1,"Compensatory","Control"
0.882589797869442,0.873765833860402,1.12507703185768,"2009-2015",2009,2015,"CALLEP-DESCES","CALLEP","DESCES","XXX",10000,FALSE,FALSE,0,"None","Control"
1.04201043772076,0.808721001818821,1.17170939928656,"2009-2015",2009,2015,"CALLEP-GENALG","CALLEP","GENALG","XXX",10000,FALSE,FALSE,0,"None","Control"
1.04214603028456,0.835379149302415,1.17467490091991,"2009-2015",2009,2015,"CALLEP-GEUROS","CALLEP","GEUROS","XXX",10000,FALSE,FALSE,0,"None","Control"
1.12439335544215,0.818237063801513,1.14501195686502,"2009-2015",2009,2015,"CALLEP-TRIPAR","CALLEP","TRIPAR","XXX",10000,FALSE,FALSE,0,"None","Control"
0.905177590792569,0.771925306979298,1.2201690451082,"2009-2015",2009,2015,"CARSCO-DESCES","CARSCO","DESCES","XXX",10000,FALSE,FALSE,0,"None","Control"
1.11984614240919,0.805340408847899,1.19720203440088,"2009-2015",2009,2015,"CARSCO-GENALG","CARSCO","GENALG","XXX",10000,FALSE,FALSE,0,"None","Control"
0.989689180604104,0.739541943889853,1.28135501346642,"2009-2015",2009,2015,"CARSCO-GEUROS","CARSCO","GEUROS","XXX",10000,FALSE,FALSE,0,"None","Control"
1.04706481166736,0.8209596762303,1.15620385194522,"2009-2015",2009,2015,"CARSCO-TRIPAR","CARSCO","TRIPAR","XXX",10000,FALSE,FALSE,0,"None","Control"
0.966271925315027,0.838964861925708,1.16484061824562,"2009-2015",2009,2015,"DESCES-GENALG","DESCES","GENALG","XXX",10000,FALSE,FALSE,0,"None","Control"
0.799635466490774,0.718047779875416,1.29003507194249,"2009-2015",2009,2015,"DESCES-GEUROS","DESCES","GEUROS","XXX",10000,FALSE,FALSE,0,"None","Control"
0.925129223139629,0.864562658393993,1.14153090232497,"2009-2015",2009,2015,"DESCES-TRIPAR","DESCES","TRIPAR","XXX",10000,FALSE,FALSE,0,"None","Control"
0.906966740440425,0.750763189022049,1.2472957609348,"2009-2015",2009,2015,"GENALG-GEUROS","GENALG","GEUROS","XXX",10000,FALSE,FALSE,0,"None","Control"
0.913082589191665,0.743915805883582,1.26492842158594,"2009-2015",2009,2015,"GENALG-TRIPAR","GENALG","TRIPAR","XXX",10000,FALSE,FALSE,0,"None","Control"
0.992025853474789,0.830833990290802,1.19086533514863,"2009-2015",2009,2015,"GEUROS-TRIPAR","GEUROS","TRIPAR","XXX",10000,FALSE,FALSE,0,"None","Control"
1.14173160578843,0.744549881405429,1.26463610703143,"2010-2016",2010,2016,"ARTSCO-BISBIS","ARTSCO","BISBIS","XXX",10000,FALSE,FALSE,0,"None","Control"
0.876160345512529,0.84883005346028,1.14162267656869,"2010-2016",2010,2016,"ARTSCO-CALLEP","ARTSCO","CALLEP","XXX",10000,FALSE,FALSE,0,"None","Control"
0.987818637101202,0.762868075770561,1.26222740602959,"2010-2016",2010,2016,"ARTSCO-CARSCO","ARTSCO","CARSCO","XXX",10000,FALSE,FALSE,0,"None","Control"
0.977173984930827,0.764886586786022,1.28124321173212,"2010-2016",2010,2016,"ARTSCO-DESCES","ARTSCO","DESCES","XXX",10000,FALSE,FALSE,0,"None","Control"
1.06980947441076,0.735798919286936,1.25580553775827,"2010-2016",2010,2016,"ARTSCO-GENALG","ARTSCO","GENALG","XXX",10000,FALSE,FALSE,0,"None","Control"
0.784453545597525,0.714488198765171,1.2940025765105,"2010-2016",2010,2016,"ARTSCO-GEUROS","ARTSCO","GEUROS","XXX",10000,FALSE,FALSE,0,"None","Control"
0.923479284330186,0.794375733813054,1.23115642849802,"2010-2016",2010,2016,"ARTSCO-TRIPAR","ARTSCO","TRIPAR","XXX",10000,FALSE,FALSE,0,"None","Control"
1.08104256241897,0.792883901102999,1.21216139583231,"2010-2016",2010,2016,"BISBIS-CALLEP","BISBIS","CALLEP","XXX",10000,FALSE,FALSE,0,"None","Control"
1.05381665181578,0.756827165280802,1.22897910525485,"2010-2016",2010,2016,"BISBIS-CARSCO","BISBIS","CARSCO","XXX",10000,FALSE,FALSE,0,"None","Control"
0.799060006848378,0.790800948290384,1.21216527232899,"2010-2016",2010,2016,"BISBIS-DESCES","BISBIS","DESCES","XXX",10000,FALSE,FALSE,0,"None","Control"
0.915814628559411,0.714883314781295,1.29797954216344,"2010-2016",2010,2016,"BISBIS-GENALG","BISBIS","GENALG","XXX",10000,FALSE,FALSE,0,"None","Control"
1.14416847503763,0.744211272382948,1.26014428922564,"2010-2016",2010,2016,"BISBIS-GEUROS","BISBIS","GEUROS","XXX",10000,FALSE,FALSE,0,"None","Control"
1.0749827482634,0.714385738944667,1.27407437982713,"2010-2016",2010,2016,"BISBIS-TRIPAR","BISBIS","TRIPAR","XXX",10000,FALSE,FALSE,0,"None","Control"
0.918371309040482,0.864296835865703,1.16718250755434,"2010-2016",2010,2016,"CALLEP-CARSCO","CALLEP","CARSCO","XXX",10000,FALSE,FALSE,0,"None","Control"
0.88041776173782,0.892909334750149,1.1002474407182,"2010-2016",2010,2016,"CALLEP-DESCES","CALLEP","DESCES","XXX",10000,FALSE,TRUE,-1,"Compensatory","Control"
1.12318320738408,0.790171565659691,1.2117071799374,"2010-2016",2010,2016,"CALLEP-GENALG","CALLEP","GENALG","XXX",10000,FALSE,FALSE,0,"None","Control"
1.1182323980421,0.859972812552561,1.16299239715869,"2010-2016",2010,2016,"CALLEP-GEUROS","CALLEP","GEUROS","XXX",10000,FALSE,FALSE,0,"None","Control"
1.05543436797194,0.902393947523073,1.11154712206326,"2010-2016",2010,2016,"CALLEP-TRIPAR","CALLEP","TRIPAR","XXX",10000,FALSE,FALSE,0,"None","Control"
0.895471894097709,0.793151086447864,1.23252450841993,"2010-2016",2010,2016,"CARSCO-DESCES","CARSCO","DESCES","XXX",10000,FALSE,FALSE,0,"None","Control"
0.979661014449663,0.720908195151161,1.28923221161941,"2010-2016",2010,2016,"CARSCO-GENALG","CARSCO","GENALG","XXX",10000,FALSE,FALSE,0,"None","Control"
0.886806027508804,0.753145470302136,1.28049493232407,"2010-2016",2010,2016,"CARSCO-GEUROS","CARSCO","GEUROS","XXX",10000,FALSE,FALSE,0,"None","Control"
1.02808715646828,0.843140313701933,1.13883684991584,"2010-2016",2010,2016,"CARSCO-TRIPAR","CARSCO","TRIPAR","XXX",10000,FALSE,FALSE,0,"None","Control"
0.98072568588204,0.855963052051315,1.14542179801123,"2010-2016",2010,2016,"DESCES-GENALG","DESCES","GENALG","XXX",10000,FALSE,FALSE,0,"None","Control"
0.777605144087494,0.687193326974749,1.31734253743364,"2010-2016",2010,2016,"DESCES-GEUROS","DESCES","GEUROS","XXX",10000,FALSE,FALSE,0,"None","Control"
0.936289375655807,0.862438306295669,1.15039920267497,"2010-2016",2010,2016,"DESCES-TRIPAR","DESCES","TRIPAR","XXX",10000,FALSE,FALSE,0,"None","Control"
0.962498098694204,0.766522963676214,1.23020732890231,"2010-2016",2010,2016,"GENALG-GEUROS","GENALG","GEUROS","XXX",10000,FALSE,FALSE,0,"None","Control"
0.837163616068626,0.777951039886513,1.21091648431018,"2010-2016",2010,2016,"GENALG-TRIPAR","GENALG","TRIPAR","XXX",10000,FALSE,FALSE,0,"None","Control"
0.986610917871934,0.844920014929665,1.12981763377009,"2010-2016",2010,2016,"GEUROS-TRIPAR","GEUROS","TRIPAR","XXX",10000,FALSE,FALSE,0,"None","Control"
1.0017098180953,0.799812551989661,1.22238094824808,"2011-2017",2011,2017,"ARTSCO-BISBIS","ARTSCO","BISBIS","XXX",10000,FALSE,FALSE,0,"None","Control"
0.923962413747531,0.854945577940915,1.14376858966207,"2011-2017",2011,2017,"ARTSCO-CALLEP","ARTSCO","CALLEP","XXX",10000,FALSE,FALSE,0,"None","Control"
0.873788975661866,0.797394317662226,1.20892762115167,"2011-2017",2011,2017,"ARTSCO-CARSCO","ARTSCO","CARSCO","XXX",10000,FALSE,FALSE,0,"None","Control"
0.947371963712092,0.785246920383236,1.26514942486463,"2011-2017",2011,2017,"ARTSCO-DESCES","ARTSCO","DESCES","XXX",10000,FALSE,FALSE,0,"None","Control"
1.06017948913005,0.724816929306076,1.26945583556503,"2011-2017",2011,2017,"ARTSCO-GENALG","ARTSCO","GENALG","XXX",10000,FALSE,FALSE,0,"None","Control"
0.916692521851383,0.753458811444643,1.25733082996201,"2011-2017",2011,2017,"ARTSCO-GEUROS","ARTSCO","GEUROS","XXX",10000,FALSE,FALSE,0,"None","Control"
0.859058144288544,0.772602630823688,1.25482126315766,"2011-2017",2011,2017,"ARTSCO-TRIPAR","ARTSCO","TRIPAR","XXX",10000,FALSE,FALSE,0,"None","Control"
1.0855329357707,0.817902877835419,1.21753177012082,"2011-2017",2011,2017,"BISBIS-CALLEP","BISBIS","CALLEP","XXX",10000,FALSE,FALSE,0,"None","Control"
0.883964153708854,0.782827254217884,1.21873976193273,"2011-2017",2011,2017,"BISBIS-CARSCO","BISBIS","CARSCO","XXX",10000,FALSE,FALSE,0,"None","Control"
0.833803661897908,0.811442929647764,1.19954747613152,"2011-2017",2011,2017,"BISBIS-DESCES","BISBIS","DESCES","XXX",10000,FALSE,FALSE,0,"None","Control"
0.822180603872663,0.723936034351609,1.27054604049511,"2011-2017",2011,2017,"BISBIS-GENALG","BISBIS","GENALG","XXX",10000,FALSE,FALSE,0,"None","Control"
1.13979273545876,0.775497550086979,1.24541015847278,"2011-2017",2011,2017,"BISBIS-GEUROS","BISBIS","GEUROS","XXX",10000,FALSE,FALSE,0,"None","Control"
1.0282840198264,0.701165270825728,1.31712928219609,"2011-2017",2011,2017,"BISBIS-TRIPAR","BISBIS","TRIPAR","XXX",10000,FALSE,FALSE,0,"None","Control"
0.907976976678147,0.816788683815153,1.21067491959192,"2011-2017",2011,2017,"CALLEP-CARSCO","CALLEP","CARSCO","XXX",10000,FALSE,FALSE,0,"None","Control"
0.892215803484858,0.910374123035506,1.07029414101829,"2011-2017",2011,2017,"CALLEP-DESCES","CALLEP","DESCES","XXX",10000,FALSE,TRUE,-1,"Compensatory","Control"
1.12943777470781,0.820899591619394,1.17276628168608,"2011-2017",2011,2017,"CALLEP-GENALG","CALLEP","GENALG","XXX",10000,FALSE,FALSE,0,"None","Control"
1.13213872685029,0.866637071158344,1.14671461995056,"2011-2017",2011,2017,"CALLEP-GEUROS","CALLEP","GEUROS","XXX",10000,FALSE,FALSE,0,"None","Control"
1.08583442204862,0.884784242616945,1.12778928629762,"2011-2017",2011,2017,"CALLEP-TRIPAR","CALLEP","TRIPAR","XXX",10000,FALSE,FALSE,0,"None","Control"
0.987220644414868,0.784921490777444,1.19881466300717,"2011-2017",2011,2017,"CARSCO-DESCES","CARSCO","DESCES","XXX",10000,FALSE,FALSE,0,"None","Control"
0.885620014901405,0.769520214048653,1.25164528188915,"2011-2017",2011,2017,"CARSCO-GENALG","CARSCO","GENALG","XXX",10000,FALSE,FALSE,0,"None","Control"
0.840734637199979,0.736182763215318,1.28742365765031,"2011-2017",2011,2017,"CARSCO-GEUROS","CARSCO","GEUROS","XXX",10000,FALSE,FALSE,0,"None","Control"
1.04529736414572,0.854464364812902,1.16578331709419,"2011-2017",2011,2017,"CARSCO-TRIPAR","CARSCO","TRIPAR","XXX",10000,FALSE,FALSE,0,"None","Control"
0.921998084514908,0.85411918116751,1.14964489643257,"2011-2017",2011,2017,"DESCES-GENALG","DESCES","GENALG","XXX",10000,FALSE,FALSE,0,"None","Control"
0.737753297655497,0.712940161448771,1.30566193721272,"2011-2017",2011,2017,"DESCES-GEUROS","DESCES","GEUROS","XXX",10000,FALSE,FALSE,0,"None","Control"
0.910070606954299,0.829375689761916,1.1734262176108,"2011-2017",2011,2017,"DESCES-TRIPAR","DESCES","TRIPAR","XXX",10000,FALSE,FALSE,0,"None","Control"
1.13503405366864,0.744938920405283,1.27007778588126,"2011-2017",2011,2017,"GENALG-GEUROS","GENALG","GEUROS","XXX",10000,FALSE,FALSE,0,"None","Control"
0.849302731762619,0.759712802566579,1.23118472220031,"2011-2017",2011,2017,"GENALG-TRIPAR","GENALG","TRIPAR","XXX",10000,FALSE,FALSE,0,"None","Control"
0.973247264573115,0.812119308449359,1.19157506447813,"2011-2017",2011,2017,"GEUROS-TRIPAR","GEUROS","TRIPAR","XXX",10000,FALSE,FALSE,0,"None","Control"
0.923069728325977,0.731508207861764,1.28829216159563,"2012-2018",2012,2018,"ARTSCO-BISBIS","ARTSCO","BISBIS","XXX",10000,FALSE,FALSE,0,"None","Control"
0.990218669687981,0.837028640549547,1.16580560344491,"2012-2018",2012,2018,"ARTSCO-CALLEP","ARTSCO","CALLEP","XXX",10000,FALSE,FALSE,0,"None","Control"
0.872700490838631,0.765464193622628,1.23255426597499,"2012-2018",2012,2018,"ARTSCO-CARSCO","ARTSCO","CARSCO","XXX",10000,FALSE,FALSE,0,"None","Control"
0.897659914224451,0.799453401442023,1.250144925317,"2012-2018",2012,2018,"ARTSCO-DESCES","ARTSCO","DESCES","XXX",10000,FALSE,FALSE,0,"None","Control"
1.09191236776699,0.686292565371426,1.33057974704181,"2012-2018",2012,2018,"ARTSCO-GENALG","ARTSCO","GENALG","XXX",10000,FALSE,FALSE,0,"None","Control"
1.0163495050957,0.728316095558178,1.27401421498481,"2012-2018",2012,2018,"ARTSCO-GEUROS","ARTSCO","GEUROS","XXX",10000,FALSE,FALSE,0,"None","Control"
0.962686365523631,0.740605043897825,1.27710959069579,"2012-2018",2012,2018,"ARTSCO-TRIPAR","ARTSCO","TRIPAR","XXX",10000,FALSE,FALSE,0,"None","Control"
1.06107099337521,0.820211512651506,1.18428056194897,"2012-2018",2012,2018,"BISBIS-CALLEP","BISBIS","CALLEP","XXX",10000,FALSE,FALSE,0,"None","Control"
0.789783842109437,0.781677032825799,1.22545035674366,"2012-2018",2012,2018,"BISBIS-CARSCO","BISBIS","CARSCO","XXX",10000,FALSE,FALSE,0,"None","Control"
0.926094841190767,0.820599384614924,1.18008446670907,"2012-2018",2012,2018,"BISBIS-DESCES","BISBIS","DESCES","XXX",10000,FALSE,FALSE,0,"None","Control"
0.785998888656994,0.730405042971471,1.26751147135846,"2012-2018",2012,2018,"BISBIS-GENALG","BISBIS","GENALG","XXX",10000,FALSE,FALSE,0,"None","Control"
0.990215800914916,0.742538335211822,1.26652747340872,"2012-2018",2012,2018,"BISBIS-GEUROS","BISBIS","GEUROS","XXX",10000,FALSE,FALSE,0,"None","Control"
0.931663670930248,0.698548187796292,1.31228100176318,"2012-2018",2012,2018,"BISBIS-TRIPAR","BISBIS","TRIPAR","XXX",10000,FALSE,FALSE,0,"None","Control"
0.822638727754742,0.806748990253354,1.23364910591953,"2012-2018",2012,2018,"CALLEP-CARSCO","CALLEP","CARSCO","XXX",10000,FALSE,FALSE,0,"None","Control"
0.901408039891623,0.915941290290097,1.05650107621754,"2012-2018",2012,2018,"CALLEP-DESCES","CALLEP","DESCES","XXX",10000,FALSE,TRUE,-1,"Compensatory","Control"
1.14392553847484,0.789240986259701,1.19490415513542,"2012-2018",2012,2018,"CALLEP-GENALG","CALLEP","GENALG","XXX",10000,FALSE,FALSE,0,"None","Control"
1.15560420441151,0.847241421566239,1.15869389043856,"2012-2018",2012,2018,"CALLEP-GEUROS","CALLEP","GEUROS","XXX",10000,FALSE,FALSE,0,"None","Control"
1.06864475765879,0.903731450411296,1.10275984905702,"2012-2018",2012,2018,"CALLEP-TRIPAR","CALLEP","TRIPAR","XXX",10000,FALSE,FALSE,0,"None","Control"
0.958303568825709,0.822463680362663,1.16263979347954,"2012-2018",2012,2018,"CARSCO-DESCES","CARSCO","DESCES","XXX",10000,FALSE,FALSE,0,"None","Control"
0.951329998328969,0.722475909215644,1.26861872384117,"2012-2018",2012,2018,"CARSCO-GENALG","CARSCO","GENALG","XXX",10000,FALSE,FALSE,0,"None","Control"
0.759835717326887,0.744940976399944,1.24601065129072,"2012-2018",2012,2018,"CARSCO-GEUROS","CARSCO","GEUROS","XXX",10000,FALSE,FALSE,0,"None","Control"
1.03689345379214,0.817496284969598,1.17805404696101,"2012-2018",2012,2018,"CARSCO-TRIPAR","CARSCO","TRIPAR","XXX",10000,FALSE,FALSE,0,"None","Control"
0.911258313898951,0.869982374467603,1.13822316662703,"2012-2018",2012,2018,"DESCES-GENALG","DESCES","GENALG","XXX",10000,FALSE,FALSE,0,"None","Control"
0.672303302085154,0.721333207199105,1.29118315493911,"2012-2018",2012,2018,"DESCES-GEUROS","DESCES","GEUROS","XXX",10000,FALSE,TRUE,-1,"Compensatory","Control"
0.888744652982545,0.833840568871408,1.173910081037,"2012-2018",2012,2018,"DESCES-TRIPAR","DESCES","TRIPAR","XXX",10000,FALSE,FALSE,0,"None","Control"
1.18288968726282,0.791454471789065,1.23801573409995,"2012-2018",2012,2018,"GENALG-GEUROS","GENALG","GEUROS","XXX",10000,FALSE,FALSE,0,"None","Control"
0.918570466629812,0.765041184681899,1.23772301665877,"2012-2018",2012,2018,"GENALG-TRIPAR","GENALG","TRIPAR","XXX",10000,FALSE,FALSE,0,"None","Control"
1.04013582397231,0.793280191138331,1.19519959416361,"2012-2018",2012,2018,"GEUROS-TRIPAR","GEUROS","TRIPAR","XXX",10000,FALSE,FALSE,0,"None","Control"
1.05698087252694,0.711418109009372,1.30080777474951,"2013-2019",2013,2019,"ARTSCO-BISBIS","ARTSCO","BISBIS","XXX",10000,FALSE,FALSE,0,"None","Control"
1.07567399657343,0.82428438153659,1.12312595552017,"2013-2019",2013,2019,"ARTSCO-CALLEP","ARTSCO","CALLEP","XXX",10000,FALSE,FALSE,0,"None","Control"
0.961377878798393,0.788419056892181,1.189696194227,"2013-2019",2013,2019,"ARTSCO-CARSCO","ARTSCO","CARSCO","XXX",10000,FALSE,FALSE,0,"None","Control"
0.786299524248277,0.818558451228206,1.21542082610752,"2013-2019",2013,2019,"ARTSCO-DESCES","ARTSCO","DESCES","XXX",10000,FALSE,TRUE,-1,"Compensatory","Control"
1.07613742541569,0.734268796738905,1.28201630273173,"2013-2019",2013,2019,"ARTSCO-GENALG","ARTSCO","GENALG","XXX",10000,FALSE,FALSE,0,"None","Control"
1.09605537948808,0.707298798683518,1.29534070892746,"2013-2019",2013,2019,"ARTSCO-GEUROS","ARTSCO","GEUROS","XXX",10000,FALSE,FALSE,0,"None","Control"
0.999097802456356,0.741121345777758,1.28956651784716,"2013-2019",2013,2019,"ARTSCO-TRIPAR","ARTSCO","TRIPAR","XXX",10000,FALSE,FALSE,0,"None","Control"
1.05920963565471,0.787254392290033,1.2079669527627,"2013-2019",2013,2019,"BISBIS-CALLEP","BISBIS","CALLEP","XXX",10000,FALSE,FALSE,0,"None","Control"
0.898651980123295,0.747097941160178,1.22291511883234,"2013-2019",2013,2019,"BISBIS-CARSCO","BISBIS","CARSCO","XXX",10000,FALSE,FALSE,0,"None","Control"
0.908665392706234,0.833353131304121,1.18000220309229,"2013-2019",2013,2019,"BISBIS-DESCES","BISBIS","DESCES","XXX",10000,FALSE,FALSE,0,"None","Control"
0.904778568411054,0.735903791350447,1.27658295357986,"2013-2019",2013,2019,"BISBIS-GENALG","BISBIS","GENALG","XXX",10000,FALSE,FALSE,0,"None","Control"
1.07034304983876,0.759576535953268,1.23046561732403,"2013-2019",2013,2019,"BISBIS-GEUROS","BISBIS","GEUROS","XXX",10000,FALSE,FALSE,0,"None","Control"
0.982950168509035,0.721562092951794,1.29291660916225,"2013-2019",2013,2019,"BISBIS-TRIPAR","BISBIS","TRIPAR","XXX",10000,FALSE,FALSE,0,"None","Control"
0.847857725472389,0.820406745080232,1.21306648655566,"2013-2019",2013,2019,"CALLEP-CARSCO","CALLEP","CARSCO","XXX",10000,FALSE,FALSE,0,"None","Control"
0.914912212306946,0.923420568592349,1.07872824030167,"2013-2019",2013,2019,"CALLEP-DESCES","CALLEP","DESCES","XXX",10000,FALSE,TRUE,-1,"Compensatory","Control"
1.14713250720907,0.802609716868457,1.18289240503793,"2013-2019",2013,2019,"CALLEP-GENALG","CALLEP","GENALG","XXX",10000,FALSE,FALSE,0,"None","Control"
1.20498778927877,0.845564662673996,1.14284094011242,"2013-2019",2013,2019,"CALLEP-GEUROS","CALLEP","GEUROS","XXX",10000,TRUE,FALSE,1,"Synchrony","Control"
1.07014685766828,0.893930638176504,1.09412335388097,"2013-2019",2013,2019,"CALLEP-TRIPAR","CALLEP","TRIPAR","XXX",10000,FALSE,FALSE,0,"None","Control"
0.924221493179654,0.865192189602191,1.11711411863452,"2013-2019",2013,2019,"CARSCO-DESCES","CARSCO","DESCES","XXX",10000,FALSE,FALSE,0,"None","Control"
1.08419227529456,0.701851178040643,1.30257274196181,"2013-2019",2013,2019,"CARSCO-GENALG","CARSCO","GENALG","XXX",10000,FALSE,FALSE,0,"None","Control"
0.779376182228456,0.794557419483843,1.21681866211208,"2013-2019",2013,2019,"CARSCO-GEUROS","CARSCO","GEUROS","XXX",10000,FALSE,TRUE,-1,"Compensatory","Control"
1.02626326737558,0.8168757116482,1.19982574238461,"2013-2019",2013,2019,"CARSCO-TRIPAR","CARSCO","TRIPAR","XXX",10000,FALSE,FALSE,0,"None","Control"
0.860819440743808,0.865387558261931,1.13441732302735,"2013-2019",2013,2019,"DESCES-GENALG","DESCES","GENALG","XXX",10000,FALSE,TRUE,-1,"Compensatory","Control"
0.632904092514191,0.763368057803345,1.24637411018682,"2013-2019",2013,2019,"DESCES-GEUROS","DESCES","GEUROS","XXX",10000,FALSE,TRUE,-1,"Compensatory","Control"
0.921282963873256,0.84885567252219,1.18666570197963,"2013-2019",2013,2019,"DESCES-TRIPAR","DESCES","TRIPAR","XXX",10000,FALSE,FALSE,0,"None","Control"
1.28722542505693,0.763603353931747,1.2614099506883,"2013-2019",2013,2019,"GENALG-GEUROS","GENALG","GEUROS","XXX",10000,TRUE,FALSE,1,"Synchrony","Control"
0.898934629601376,0.776455748564388,1.20762508391518,"2013-2019",2013,2019,"GENALG-TRIPAR","GENALG","TRIPAR","XXX",10000,FALSE,FALSE,0,"None","Control"
1.05522030777664,0.832844063185997,1.18968074136012,"2013-2019",2013,2019,"GEUROS-TRIPAR","GEUROS","TRIPAR","XXX",10000,FALSE,FALSE,0,"None","Control"
1.13966661683775,0.733894081378099,1.27558024162868,"2014-2020",2014,2020,"ARTSCO-BISBIS","ARTSCO","BISBIS","XXX",10000,FALSE,FALSE,0,"None","Control"
1.15826762753107,0.83494913517543,1.21602155086877,"2014-2020",2014,2020,"ARTSCO-CALLEP","ARTSCO","CALLEP","XXX",10000,FALSE,FALSE,0,"None","Control"
0.963336817391411,0.785381066614101,1.22502176178144,"2014-2020",2014,2020,"ARTSCO-CARSCO","ARTSCO","CARSCO","XXX",10000,FALSE,FALSE,0,"None","Control"
0.769765757981041,0.805643511548307,1.26251972358062,"2014-2020",2014,2020,"ARTSCO-DESCES","ARTSCO","DESCES","XXX",10000,FALSE,TRUE,-1,"Compensatory","Control"
1.13367260527972,0.760302136940136,1.24610830073174,"2014-2020",2014,2020,"ARTSCO-GENALG","ARTSCO","GENALG","XXX",10000,FALSE,FALSE,0,"None","Control"
1.11667621207258,0.783439388492844,1.25904028258281,"2014-2020",2014,2020,"ARTSCO-GEUROS","ARTSCO","GEUROS","XXX",10000,FALSE,FALSE,0,"None","Control"
0.918475334857848,0.715009716216441,1.27279850077175,"2014-2020",2014,2020,"ARTSCO-TRIPAR","ARTSCO","TRIPAR","XXX",10000,FALSE,FALSE,0,"None","Control"
1.05581914830966,0.826863119865448,1.19770802984555,"2014-2020",2014,2020,"BISBIS-CALLEP","BISBIS","CALLEP","XXX",10000,FALSE,FALSE,0,"None","Control"
1.00880800685908,0.738624233426225,1.25847873106322,"2014-2020",2014,2020,"BISBIS-CARSCO","BISBIS","CARSCO","XXX",10000,FALSE,FALSE,0,"None","Control"
0.869853186347706,0.826764512105011,1.18879350031618,"2014-2020",2014,2020,"BISBIS-DESCES","BISBIS","DESCES","XXX",10000,FALSE,FALSE,0,"None","Control"
0.939103259140831,0.742461878488721,1.27237652347915,"2014-2020",2014,2020,"BISBIS-GENALG","BISBIS","GENALG","XXX",10000,FALSE,FALSE,0,"None","Control"
1.03945540910323,0.766885753943885,1.25793620037542,"2014-2020",2014,2020,"BISBIS-GEUROS","BISBIS","GEUROS","XXX",10000,FALSE,FALSE,0,"None","Control"
0.876172104753492,0.71787745963112,1.28257877911024,"2014-2020",2014,2020,"BISBIS-TRIPAR","BISBIS","TRIPAR","XXX",10000,FALSE,FALSE,0,"None","Control"
0.971133444742141,0.791554246290091,1.24272087542735,"2014-2020",2014,2020,"CALLEP-CARSCO","CALLEP","CARSCO","XXX",10000,FALSE,FALSE,0,"None","Control"
0.922880663804293,0.913226944385237,1.0960973571023,"2014-2020",2014,2020,"CALLEP-DESCES","CALLEP","DESCES","XXX",10000,FALSE,FALSE,0,"None","Control"
1.11048469195953,0.818466338970795,1.20241644921294,"2014-2020",2014,2020,"CALLEP-GENALG","CALLEP","GENALG","XXX",10000,FALSE,FALSE,0,"None","Control"
1.15498141243909,0.862075630924347,1.16971509935415,"2014-2020",2014,2020,"CALLEP-GEUROS","CALLEP","GEUROS","XXX",10000,FALSE,FALSE,0,"None","Control"
1.07605362706459,0.897737655859763,1.08327917607743,"2014-2020",2014,2020,"CALLEP-TRIPAR","CALLEP","TRIPAR","XXX",10000,FALSE,FALSE,0,"None","Control"
0.884235172920038,0.85276529886336,1.16120932167881,"2014-2020",2014,2020,"CARSCO-DESCES","CARSCO","DESCES","XXX",10000,FALSE,FALSE,0,"None","Control"
1.06116659212562,0.682199022417639,1.32065018161122,"2014-2020",2014,2020,"CARSCO-GENALG","CARSCO","GENALG","XXX",10000,FALSE,FALSE,0,"None","Control"
0.928307664100135,0.779588581959647,1.2289543220788,"2014-2020",2014,2020,"CARSCO-GEUROS","CARSCO","GEUROS","XXX",10000,FALSE,FALSE,0,"None","Control"
1.06641416826671,0.7759998971049,1.21106164161266,"2014-2020",2014,2020,"CARSCO-TRIPAR","CARSCO","TRIPAR","XXX",10000,FALSE,FALSE,0,"None","Control"
0.883226217648466,0.863103434335336,1.1357468517682,"2014-2020",2014,2020,"DESCES-GENALG","DESCES","GENALG","XXX",10000,FALSE,FALSE,0,"None","Control"
0.585074633624116,0.734900246730237,1.27863287612476,"2014-2020",2014,2020,"DESCES-GEUROS","DESCES","GEUROS","XXX",10000,FALSE,TRUE,-1,"Compensatory","Control"
0.916387692637429,0.843201908151732,1.17741357814884,"2014-2020",2014,2020,"DESCES-TRIPAR","DESCES","TRIPAR","XXX",10000,FALSE,FALSE,0,"None","Control"
1.29040127998688,0.766249063295144,1.26338516743981,"2014-2020",2014,2020,"GENALG-GEUROS","GENALG","GEUROS","XXX",10000,TRUE,FALSE,1,"Synchrony","Control"
0.876555336010122,0.763821199590271,1.20642418522507,"2014-2020",2014,2020,"GENALG-TRIPAR","GENALG","TRIPAR","XXX",10000,FALSE,FALSE,0,"None","Control"
1.03830143710372,0.821275124942905,1.19746189115715,"2014-2020",2014,2020,"GEUROS-TRIPAR","GEUROS","TRIPAR","XXX",10000,FALSE,FALSE,0,"None","Control"
1.07747894649598,0.737101637745405,1.28294834056207,"2015-2021",2015,2021,"ARTSCO-BISBIS","ARTSCO","BISBIS","XXX",10000,FALSE,FALSE,0,"None","Control"
1.1387557595296,0.82337062496489,1.20693929675599,"2015-2021",2015,2021,"ARTSCO-CALLEP","ARTSCO","CALLEP","XXX",10000,FALSE,FALSE,0,"None","Control"
1.10281800824872,0.773471605346023,1.22951667919564,"2015-2021",2015,2021,"ARTSCO-CARSCO","ARTSCO","CARSCO","XXX",10000,FALSE,FALSE,0,"None","Control"
0.727985839318055,0.787232706695209,1.21737724122984,"2015-2021",2015,2021,"ARTSCO-DESCES","ARTSCO","DESCES","XXX",10000,FALSE,TRUE,-1,"Compensatory","Control"
1.11822907643384,0.767748612431671,1.24844555537567,"2015-2021",2015,2021,"ARTSCO-GENALG","ARTSCO","GENALG","XXX",10000,FALSE,FALSE,0,"None","Control"
1.20974544522971,0.776630323959934,1.22255046549979,"2015-2021",2015,2021,"ARTSCO-GEUROS","ARTSCO","GEUROS","XXX",10000,FALSE,FALSE,0,"None","Control"
0.990978798936419,0.735020598084029,1.24022602999478,"2015-2021",2015,2021,"ARTSCO-TRIPAR","ARTSCO","TRIPAR","XXX",10000,FALSE,FALSE,0,"None","Control"
1.07286644018502,0.801974892309617,1.21566090951929,"2015-2021",2015,2021,"BISBIS-CALLEP","BISBIS","CALLEP","XXX",10000,FALSE,FALSE,0,"None","Control"
1.08219693205995,0.749469940324242,1.2505439830482,"2015-2021",2015,2021,"BISBIS-CARSCO","BISBIS","CARSCO","XXX",10000,FALSE,FALSE,0,"None","Control"
0.915292793464352,0.826619775565608,1.20488649935449,"2015-2021",2015,2021,"BISBIS-DESCES","BISBIS","DESCES","XXX",10000,FALSE,FALSE,0,"None","Control"
1.137465605833,0.738921436214852,1.28326763491174,"2015-2021",2015,2021,"BISBIS-GENALG","BISBIS","GENALG","XXX",10000,FALSE,FALSE,0,"None","Control"
0.987938916905079,0.797249793314259,1.25369624472493,"2015-2021",2015,2021,"BISBIS-GEUROS","BISBIS","GEUROS","XXX",10000,FALSE,FALSE,0,"None","Control"
0.780089232132129,0.758126401653039,1.26357993044445,"2015-2021",2015,2021,"BISBIS-TRIPAR","BISBIS","TRIPAR","XXX",10000,FALSE,FALSE,0,"None","Control"
0.957341856072507,0.763748628002929,1.25625771839136,"2015-2021",2015,2021,"CALLEP-CARSCO","CALLEP","CARSCO","XXX",10000,FALSE,FALSE,0,"None","Control"
0.933590978587429,0.894356829846393,1.10892316553683,"2015-2021",2015,2021,"CALLEP-DESCES","CALLEP","DESCES","XXX",10000,FALSE,FALSE,0,"None","Control"
1.1132280690488,0.748850140265457,1.24196429749601,"2015-2021",2015,2021,"CALLEP-GENALG","CALLEP","GENALG","XXX",10000,FALSE,FALSE,0,"None","Control"
1.20951780725123,0.857676932059843,1.18273832443244,"2015-2021",2015,2021,"CALLEP-GEUROS","CALLEP","GEUROS","XXX",10000,TRUE,FALSE,1,"Synchrony","Control"
1.13095954455258,0.876257269633932,1.10815302737703,"2015-2021",2015,2021,"CALLEP-TRIPAR","CALLEP","TRIPAR","XXX",10000,TRUE,FALSE,1,"Synchrony","Control"
0.90560023675955,0.866232413651404,1.12835553611608,"2015-2021",2015,2021,"CARSCO-DESCES","CARSCO","DESCES","XXX",10000,FALSE,FALSE,0,"None","Control"
1.17910830922339,0.676543864163916,1.32216200822385,"2015-2021",2015,2021,"CARSCO-GENALG","CARSCO","GENALG","XXX",10000,FALSE,FALSE,0,"None","Control"
1.03163985436429,0.784597236622645,1.22366233924998,"2015-2021",2015,2021,"CARSCO-GEUROS","CARSCO","GEUROS","XXX",10000,FALSE,FALSE,0,"None","Control"
0.993318764937051,0.762797258961334,1.22796038248897,"2015-2021",2015,2021,"CARSCO-TRIPAR","CARSCO","TRIPAR","XXX",10000,FALSE,FALSE,0,"None","Control"
0.880721709589904,0.886644387069051,1.11553452778845,"2015-2021",2015,2021,"DESCES-GENALG","DESCES","GENALG","XXX",10000,FALSE,TRUE,-1,"Compensatory","Control"
0.56151928479624,0.763601809567609,1.24889164823187,"2015-2021",2015,2021,"DESCES-GEUROS","DESCES","GEUROS","XXX",10000,FALSE,TRUE,-1,"Compensatory","Control"
1.03436213778937,0.838525314898958,1.1370094617933,"2015-2021",2015,2021,"DESCES-TRIPAR","DESCES","TRIPAR","XXX",10000,FALSE,FALSE,0,"None","Control"
1.1979424812511,0.778156365443913,1.21762555227458,"2015-2021",2015,2021,"GENALG-GEUROS","GENALG","GEUROS","XXX",10000,FALSE,FALSE,0,"None","Control"
1.05838954145605,0.736985803855354,1.22246615955655,"2015-2021",2015,2021,"GENALG-TRIPAR","GENALG","TRIPAR","XXX",10000,FALSE,FALSE,0,"None","Control"
1.12093850563881,0.783539212056791,1.22964823329426,"2015-2021",2015,2021,"GEUROS-TRIPAR","GEUROS","TRIPAR","XXX",10000,FALSE,FALSE,0,"None","Control"
0.992367678423524,0.772700271561768,1.24106924315352,"2016-2022",2016,2022,"ARTSCO-BISBIS","ARTSCO","BISBIS","XXX",10000,FALSE,FALSE,0,"None","Control"
1.0859199791018,0.84268508886964,1.18685323132869,"2016-2022",2016,2022,"ARTSCO-CALLEP","ARTSCO","CALLEP","XXX",10000,FALSE,FALSE,0,"None","Control"
1.0273698992184,0.782282406879715,1.22212244157808,"2016-2022",2016,2022,"ARTSCO-CARSCO","ARTSCO","CARSCO","XXX",10000,FALSE,FALSE,0,"None","Control"
0.890082504452104,0.791065928912555,1.20673386695451,"2016-2022",2016,2022,"ARTSCO-DESCES","ARTSCO","DESCES","XXX",10000,FALSE,FALSE,0,"None","Control"
1.007360183103,0.782548417035118,1.20354432222521,"2016-2022",2016,2022,"ARTSCO-GENALG","ARTSCO","GENALG","XXX",10000,FALSE,FALSE,0,"None","Control"
1.18121110455313,0.770643493362945,1.24227894384445,"2016-2022",2016,2022,"ARTSCO-GEUROS","ARTSCO","GEUROS","XXX",10000,FALSE,FALSE,0,"None","Control"
1.02963593144448,0.740215173850161,1.25762034401446,"2016-2022",2016,2022,"ARTSCO-TRIPAR","ARTSCO","TRIPAR","XXX",10000,FALSE,FALSE,0,"None","Control"
1.01264135226123,0.772701242823854,1.24764291071504,"2016-2022",2016,2022,"BISBIS-CALLEP","BISBIS","CALLEP","XXX",10000,FALSE,FALSE,0,"None","Control"
1.19622056973767,0.734296141684462,1.24905123611881,"2016-2022",2016,2022,"BISBIS-CARSCO","BISBIS","CARSCO","XXX",10000,FALSE,FALSE,0,"None","Control"
0.861359587141072,0.790454081082161,1.18908453141884,"2016-2022",2016,2022,"BISBIS-DESCES","BISBIS","DESCES","XXX",10000,FALSE,FALSE,0,"None","Control"
1.0967222674533,0.699706458736914,1.27826712664077,"2016-2022",2016,2022,"BISBIS-GENALG","BISBIS","GENALG","XXX",10000,FALSE,FALSE,0,"None","Control"
0.984791473289555,0.812235514898045,1.21230666219967,"2016-2022",2016,2022,"BISBIS-GEUROS","BISBIS","GEUROS","XXX",10000,FALSE,FALSE,0,"None","Control"
0.907133072689773,0.773311572935771,1.21768268553083,"2016-2022",2016,2022,"BISBIS-TRIPAR","BISBIS","TRIPAR","XXX",10000,FALSE,FALSE,0,"None","Control"
0.962229310744001,0.805259872929734,1.19761602274173,"2016-2022",2016,2022,"CALLEP-CARSCO","CALLEP","CARSCO","XXX",10000,FALSE,FALSE,0,"None","Control"
1.03294056124344,0.915600160979297,1.07321375472301,"2016-2022",2016,2022,"CALLEP-DESCES","CALLEP","DESCES","XXX",10000,FALSE,FALSE,0,"None","Control"
0.903769671837033,0.758107650553521,1.24471613554212,"2016-2022",2016,2022,"CALLEP-GENALG","CALLEP","GENALG","XXX",10000,FALSE,FALSE,0,"None","Control"
1.13855315131096,0.851991996528322,1.12898492082295,"2016-2022",2016,2022,"CALLEP-GEUROS","CALLEP","GEUROS","XXX",10000,TRUE,FALSE,1,"Synchrony","Control"
1.1297456511626,0.902524235618849,1.09897667509816,"2016-2022",2016,2022,"CALLEP-TRIPAR","CALLEP","TRIPAR","XXX",10000,TRUE,FALSE,1,"Synchrony","Control"
0.788852696321831,0.851500443916173,1.13332340055272,"2016-2022",2016,2022,"CARSCO-DESCES","CARSCO","DESCES","XXX",10000,FALSE,TRUE,-1,"Compensatory","Control"
1.30375985403658,0.74806546646152,1.25483342284019,"2016-2022",2016,2022,"CARSCO-GENALG","CARSCO","GENALG","XXX",10000,TRUE,FALSE,1,"Synchrony","Control"
1.05899730783283,0.811781897706006,1.18678099234215,"2016-2022",2016,2022,"CARSCO-GEUROS","CARSCO","GEUROS","XXX",10000,FALSE,FALSE,0,"None","Control"
1.1230124845004,0.799820194440483,1.22984240500763,"2016-2022",2016,2022,"CARSCO-TRIPAR","CARSCO","TRIPAR","XXX",10000,FALSE,FALSE,0,"None","Control"
0.880161697412957,0.867805501114806,1.11947967367125,"2016-2022",2016,2022,"DESCES-GENALG","DESCES","GENALG","XXX",10000,FALSE,FALSE,0,"None","Control"
0.692634220382467,0.757084249728895,1.2317839031396,"2016-2022",2016,2022,"DESCES-GEUROS","DESCES","GEUROS","XXX",10000,FALSE,TRUE,-1,"Compensatory","Control"
0.974612446203026,0.846864712281679,1.14621363520369,"2016-2022",2016,2022,"DESCES-TRIPAR","DESCES","TRIPAR","XXX",10000,FALSE,FALSE,0,"None","Control"
1.01207912620391,0.790474928591106,1.20122364574427,"2016-2022",2016,2022,"GENALG-GEUROS","GENALG","GEUROS","XXX",10000,FALSE,FALSE,0,"None","Control"
1.027093048717,0.845378069477133,1.1620482776781,"2016-2022",2016,2022,"GENALG-TRIPAR","GENALG","TRIPAR","XXX",10000,FALSE,FALSE,0,"None","Control"
1.23999910281252,0.783824540877914,1.21134988258248,"2016-2022",2016,2022,"GEUROS-TRIPAR","GEUROS","TRIPAR","XXX",10000,TRUE,FALSE,1,"Synchrony","Control"
0.992328534778725,0.727362522596974,1.2761292644001,"2017-2023",2017,2023,"ARTSCO-BISBIS","ARTSCO","BISBIS","XXX",10000,FALSE,FALSE,0,"None","Control"
1.23642793673911,0.803816268296094,1.21734679772228,"2017-2023",2017,2023,"ARTSCO-CALLEP","ARTSCO","CALLEP","XXX",10000,TRUE,FALSE,1,"Synchrony","Control"
1.08929672900733,0.812747007614933,1.20975883066649,"2017-2023",2017,2023,"ARTSCO-CARSCO","ARTSCO","CARSCO","XXX",10000,FALSE,FALSE,0,"None","Control"
0.890954659643405,0.787847576150946,1.1958734161581,"2017-2023",2017,2023,"ARTSCO-DESCES","ARTSCO","DESCES","XXX",10000,FALSE,FALSE,0,"None","Control"
1.04845364394759,0.73775532356205,1.24176182255624,"2017-2023",2017,2023,"ARTSCO-GENALG","ARTSCO","GENALG","XXX",10000,FALSE,FALSE,0,"None","Control"
1.15906058420302,0.77079955246827,1.21692424404923,"2017-2023",2017,2023,"ARTSCO-GEUROS","ARTSCO","GEUROS","XXX",10000,FALSE,FALSE,0,"None","Control"
1.12147098978633,0.796237041317794,1.20351575367071,"2017-2023",2017,2023,"ARTSCO-TRIPAR","ARTSCO","TRIPAR","XXX",10000,FALSE,FALSE,0,"None","Control"
1.04581823337545,0.797529506179857,1.22836094609058,"2017-2023",2017,2023,"BISBIS-CALLEP","BISBIS","CALLEP","XXX",10000,FALSE,FALSE,0,"None","Control"
1.18276343313092,0.72708060625039,1.26316636343185,"2017-2023",2017,2023,"BISBIS-CARSCO","BISBIS","CARSCO","XXX",10000,FALSE,FALSE,0,"None","Control"
0.811620754988714,0.823269431625211,1.18992851549705,"2017-2023",2017,2023,"BISBIS-DESCES","BISBIS","DESCES","XXX",10000,FALSE,TRUE,-1,"Compensatory","Control"
0.928332192654855,0.727198238467076,1.29824489642339,"2017-2023",2017,2023,"BISBIS-GENALG","BISBIS","GENALG","XXX",10000,FALSE,FALSE,0,"None","Control"
0.915455180889931,0.760284354324972,1.21669935690561,"2017-2023",2017,2023,"BISBIS-GEUROS","BISBIS","GEUROS","XXX",10000,FALSE,FALSE,0,"None","Control"
0.931427155765775,0.747786929810188,1.25530334034235,"2017-2023",2017,2023,"BISBIS-TRIPAR","BISBIS","TRIPAR","XXX",10000,FALSE,FALSE,0,"None","Control"
0.954447662081721,0.803268042139284,1.20576134189905,"2017-2023",2017,2023,"CALLEP-CARSCO","CALLEP","CARSCO","XXX",10000,FALSE,FALSE,0,"None","Control"
0.979403306589886,0.906467482458782,1.08039485551724,"2017-2023",2017,2023,"CALLEP-DESCES","CALLEP","DESCES","XXX",10000,FALSE,FALSE,0,"None","Control"
0.963617640439441,0.730284307106107,1.27554576810547,"2017-2023",2017,2023,"CALLEP-GENALG","CALLEP","GENALG","XXX",10000,FALSE,FALSE,0,"None","Control"
1.0942687819082,0.828354648300409,1.15072604625679,"2017-2023",2017,2023,"CALLEP-GEUROS","CALLEP","GEUROS","XXX",10000,FALSE,FALSE,0,"None","Control"
1.0462537327092,0.913113142242748,1.08223073428515,"2017-2023",2017,2023,"CALLEP-TRIPAR","CALLEP","TRIPAR","XXX",10000,FALSE,FALSE,0,"None","Control"
0.736521407397312,0.823437846934389,1.17853863185429,"2017-2023",2017,2023,"CARSCO-DESCES","CARSCO","DESCES","XXX",10000,FALSE,TRUE,-1,"Compensatory","Control"
1.2739101997113,0.707052671847156,1.28453122295891,"2017-2023",2017,2023,"CARSCO-GENALG","CARSCO","GENALG","XXX",10000,FALSE,FALSE,0,"None","Control"
1.13041736637411,0.775919104899719,1.21428401643032,"2017-2023",2017,2023,"CARSCO-GEUROS","CARSCO","GEUROS","XXX",10000,FALSE,FALSE,0,"None","Control"
1.15894417992279,0.724095520729678,1.26384449575142,"2017-2023",2017,2023,"CARSCO-TRIPAR","CARSCO","TRIPAR","XXX",10000,FALSE,FALSE,0,"None","Control"
0.960214644301875,0.867847693608248,1.11986226879524,"2017-2023",2017,2023,"DESCES-GENALG","DESCES","GENALG","XXX",10000,FALSE,FALSE,0,"None","Control"
0.62383849846597,0.72722880577124,1.25292047218051,"2017-2023",2017,2023,"DESCES-GEUROS","DESCES","GEUROS","XXX",10000,FALSE,TRUE,-1,"Compensatory","Control"
0.875874292495353,0.808101798467366,1.18780030963381,"2017-2023",2017,2023,"DESCES-TRIPAR","DESCES","TRIPAR","XXX",10000,FALSE,FALSE,0,"None","Control"
1.0111393913063,0.796583821164276,1.19019165522686,"2017-2023",2017,2023,"GENALG-GEUROS","GENALG","GEUROS","XXX",10000,FALSE,FALSE,0,"None","Control"
1.05918981786318,0.835097510894838,1.15487920121957,"2017-2023",2017,2023,"GENALG-TRIPAR","GENALG","TRIPAR","XXX",10000,FALSE,FALSE,0,"None","Control"
1.30531081668755,0.737430979549591,1.27883224446123,"2017-2023",2017,2023,"GEUROS-TRIPAR","GEUROS","TRIPAR","XXX",10000,TRUE,FALSE,1,"Synchrony","Control"
1.00375726445912,0.703570175511091,1.29380181225857,"2018-2024",2018,2024,"ARTSCO-BISBIS","ARTSCO","BISBIS","XXX",10000,FALSE,FALSE,0,"None","Control"
1.22889451388191,0.835560756234316,1.17544247353764,"2018-2024",2018,2024,"ARTSCO-CALLEP","ARTSCO","CALLEP","XXX",10000,TRUE,FALSE,1,"Synchrony","Control"
1.12111480677333,0.806278157717594,1.20048881632484,"2018-2024",2018,2024,"ARTSCO-CARSCO","ARTSCO","CARSCO","XXX",10000,FALSE,FALSE,0,"None","Control"
0.801735622177728,0.748656134560141,1.21694104251315,"2018-2024",2018,2024,"ARTSCO-DESCES","ARTSCO","DESCES","XXX",10000,FALSE,FALSE,0,"None","Control"
1.04402794150512,0.719823844099752,1.27635169831378,"2018-2024",2018,2024,"ARTSCO-GENALG","ARTSCO","GENALG","XXX",10000,FALSE,FALSE,0,"None","Control"
1.18382062588202,0.785296108681191,1.22238961548498,"2018-2024",2018,2024,"ARTSCO-GEUROS","ARTSCO","GEUROS","XXX",10000,FALSE,FALSE,0,"None","Control"
1.14732956446409,0.788172818113377,1.22200021620206,"2018-2024",2018,2024,"ARTSCO-TRIPAR","ARTSCO","TRIPAR","XXX",10000,FALSE,FALSE,0,"None","Control"
1.09098708790158,0.788520408416655,1.21956650961262,"2018-2024",2018,2024,"BISBIS-CALLEP","BISBIS","CALLEP","XXX",10000,FALSE,FALSE,0,"None","Control"
1.14816298409483,0.763462730981779,1.23875370208663,"2018-2024",2018,2024,"BISBIS-CARSCO","BISBIS","CARSCO","XXX",10000,FALSE,FALSE,0,"None","Control"
0.812618551395568,0.847959448214847,1.14671362932032,"2018-2024",2018,2024,"BISBIS-DESCES","BISBIS","DESCES","XXX",10000,FALSE,TRUE,-1,"Compensatory","Control"
0.86560610042175,0.715179854843543,1.25046372111712,"2018-2024",2018,2024,"BISBIS-GENALG","BISBIS","GENALG","XXX",10000,FALSE,FALSE,0,"None","Control"
1.05423472061797,0.775139936077503,1.2276029671528,"2018-2024",2018,2024,"BISBIS-GEUROS","BISBIS","GEUROS","XXX",10000,FALSE,FALSE,0,"None","Control"
0.935242900447073,0.752898977888266,1.25717182928085,"2018-2024",2018,2024,"BISBIS-TRIPAR","BISBIS","TRIPAR","XXX",10000,FALSE,FALSE,0,"None","Control"
1.03788592642639,0.854483591087453,1.1405813632565,"2018-2024",2018,2024,"CALLEP-CARSCO","CALLEP","CARSCO","XXX",10000,FALSE,FALSE,0,"None","Control"
0.941097596624518,0.910919449975033,1.09202963964576,"2018-2024",2018,2024,"CALLEP-DESCES","CALLEP","DESCES","XXX",10000,FALSE,FALSE,0,"None","Control"
0.856268896992078,0.731529812458448,1.25942590611928,"2018-2024",2018,2024,"CALLEP-GENALG","CALLEP","GENALG","XXX",10000,FALSE,FALSE,0,"None","Control"
1.10743164046985,0.856076509183912,1.14715463480708,"2018-2024",2018,2024,"CALLEP-GEUROS","CALLEP","GEUROS","XXX",10000,FALSE,FALSE,0,"None","Control"
1.03766069025448,0.891682976024553,1.09354891380737,"2018-2024",2018,2024,"CALLEP-TRIPAR","CALLEP","TRIPAR","XXX",10000,FALSE,FALSE,0,"None","Control"
0.691351469973917,0.803501572148523,1.18638697851125,"2018-2024",2018,2024,"CARSCO-DESCES","CARSCO","DESCES","XXX",10000,FALSE,TRUE,-1,"Compensatory","Control"
1.03289434428524,0.792529459338905,1.20630624226744,"2018-2024",2018,2024,"CARSCO-GENALG","CARSCO","GENALG","XXX",10000,FALSE,FALSE,0,"None","Control"
1.12459496314681,0.748149905444358,1.26902210170516,"2018-2024",2018,2024,"CARSCO-GEUROS","CARSCO","GEUROS","XXX",10000,FALSE,FALSE,0,"None","Control"
1.05890037775263,0.74222133306953,1.25110679560902,"2018-2024",2018,2024,"CARSCO-TRIPAR","CARSCO","TRIPAR","XXX",10000,FALSE,FALSE,0,"None","Control"
0.944156132972409,0.856324849518652,1.14951202364502,"2018-2024",2018,2024,"DESCES-GENALG","DESCES","GENALG","XXX",10000,FALSE,FALSE,0,"None","Control"
0.606739075458097,0.720837991300938,1.27079719104812,"2018-2024",2018,2024,"DESCES-GEUROS","DESCES","GEUROS","XXX",10000,FALSE,TRUE,-1,"Compensatory","Control"
0.895804083412082,0.782774171215899,1.18397633528531,"2018-2024",2018,2024,"DESCES-TRIPAR","DESCES","TRIPAR","XXX",10000,FALSE,FALSE,0,"None","Control"
0.953491053440059,0.803818571279416,1.21094340870815,"2018-2024",2018,2024,"GENALG-GEUROS","GENALG","GEUROS","XXX",10000,FALSE,FALSE,0,"None","Control"
1.10425540843312,0.813584685386475,1.19965755436811,"2018-2024",2018,2024,"GENALG-TRIPAR","GENALG","TRIPAR","XXX",10000,FALSE,FALSE,0,"None","Control"
1.23910077024326,0.709252533528397,1.29220927614148,"2018-2024",2018,2024,"GEUROS-TRIPAR","GEUROS","TRIPAR","XXX",10000,FALSE,FALSE,0,"None","Control"
0.723964641732586,0.730163241385623,1.28444171136632,"2007-2013",2007,2013,"ARTSCO-BISBIS","ARTSCO","BISBIS","PXX",10000,FALSE,TRUE,-1,"Compensatory","+ Snow"
0.907539751787245,0.788979269358973,1.24165085220841,"2007-2013",2007,2013,"ARTSCO-CALLEP","ARTSCO","CALLEP","PXX",10000,FALSE,FALSE,0,"None","+ Snow"
1.00037088031248,0.709253639063178,1.27733816510934,"2007-2013",2007,2013,"ARTSCO-CARSCO","ARTSCO","CARSCO","PXX",10000,FALSE,FALSE,0,"None","+ Snow"
0.677615231465151,0.718445161931935,1.27036629594861,"2007-2013",2007,2013,"ARTSCO-DESCES","ARTSCO","DESCES","PXX",10000,FALSE,TRUE,-1,"Compensatory","+ Snow"
1.18941556023329,0.721918054342589,1.27241769548344,"2007-2013",2007,2013,"ARTSCO-GENALG","ARTSCO","GENALG","PXX",10000,FALSE,FALSE,0,"None","+ Snow"
1.04727686799057,0.762179279241586,1.29100845785209,"2007-2013",2007,2013,"ARTSCO-GEUROS","ARTSCO","GEUROS","PXX",10000,FALSE,FALSE,0,"None","+ Snow"
0.960136861743287,0.769615809415685,1.24345661991528,"2007-2013",2007,2013,"ARTSCO-TRIPAR","ARTSCO","TRIPAR","PXX",10000,FALSE,FALSE,0,"None","+ Snow"
1.22902096675504,0.730950043132256,1.25850448487746,"2007-2013",2007,2013,"BISBIS-CALLEP","BISBIS","CALLEP","PXX",10000,FALSE,FALSE,0,"None","+ Snow"
0.901733428660825,0.766529348556683,1.2345292950835,"2007-2013",2007,2013,"BISBIS-CARSCO","BISBIS","CARSCO","PXX",10000,FALSE,FALSE,0,"None","+ Snow"
0.992115667809096,0.823484115394014,1.17546520972382,"2007-2013",2007,2013,"BISBIS-DESCES","BISBIS","DESCES","PXX",10000,FALSE,FALSE,0,"None","+ Snow"
0.965926084959848,0.709641469842683,1.28950943857134,"2007-2013",2007,2013,"BISBIS-GENALG","BISBIS","GENALG","PXX",10000,FALSE,FALSE,0,"None","+ Snow"
1.02737458691064,0.780524811774911,1.24803669746384,"2007-2013",2007,2013,"BISBIS-GEUROS","BISBIS","GEUROS","PXX",10000,FALSE,FALSE,0,"None","+ Snow"
1.03246460488893,0.715260630117007,1.24503826677846,"2007-2013",2007,2013,"BISBIS-TRIPAR","BISBIS","TRIPAR","PXX",10000,FALSE,FALSE,0,"None","+ Snow"
1.01268179215183,0.710205523044628,1.2946844081369,"2007-2013",2007,2013,"CALLEP-CARSCO","CALLEP","CARSCO","PXX",10000,FALSE,FALSE,0,"None","+ Snow"
1.02150508943728,0.823371964219899,1.16958821030921,"2007-2013",2007,2013,"CALLEP-DESCES","CALLEP","DESCES","PXX",10000,FALSE,FALSE,0,"None","+ Snow"
1.03958749030971,0.699847904541517,1.29246804666907,"2007-2013",2007,2013,"CALLEP-GENALG","CALLEP","GENALG","PXX",10000,FALSE,FALSE,0,"None","+ Snow"
1.0092808748951,0.726396673700549,1.27607891733982,"2007-2013",2007,2013,"CALLEP-GEUROS","CALLEP","GEUROS","PXX",10000,FALSE,FALSE,0,"None","+ Snow"
1.12780829492402,0.754614666601105,1.25849598903247,"2007-2013",2007,2013,"CALLEP-TRIPAR","CALLEP","TRIPAR","PXX",10000,FALSE,FALSE,0,"None","+ Snow"
0.742700099486856,0.812169090500619,1.21336748818402,"2007-2013",2007,2013,"CARSCO-DESCES","CARSCO","DESCES","PXX",10000,FALSE,TRUE,-1,"Compensatory","+ Snow"
1.17162012357645,0.727612233885961,1.25441674838214,"2007-2013",2007,2013,"CARSCO-GENALG","CARSCO","GENALG","PXX",10000,FALSE,FALSE,0,"None","+ Snow"
1.04299535119876,0.824157058832386,1.18085810748843,"2007-2013",2007,2013,"CARSCO-GEUROS","CARSCO","GEUROS","PXX",10000,FALSE,FALSE,0,"None","+ Snow"
0.993867998114333,0.752141787450929,1.24969623468368,"2007-2013",2007,2013,"CARSCO-TRIPAR","CARSCO","TRIPAR","PXX",10000,FALSE,FALSE,0,"None","+ Snow"
0.767341095607317,0.823003127916902,1.1796997155275,"2007-2013",2007,2013,"DESCES-GENALG","DESCES","GENALG","PXX",10000,FALSE,TRUE,-1,"Compensatory","+ Snow"
0.610022650900141,0.735206618984667,1.25140808820943,"2007-2013",2007,2013,"DESCES-GEUROS","DESCES","GEUROS","PXX",10000,FALSE,TRUE,-1,"Compensatory","+ Snow"
0.971879022553917,0.82617469134363,1.16393951445254,"2007-2013",2007,2013,"DESCES-TRIPAR","DESCES","TRIPAR","PXX",10000,FALSE,FALSE,0,"None","+ Snow"
1.19863902442192,0.765768570506187,1.2533865142299,"2007-2013",2007,2013,"GENALG-GEUROS","GENALG","GEUROS","PXX",10000,FALSE,FALSE,0,"None","+ Snow"
0.928844102454897,0.756442327567302,1.20781417969981,"2007-2013",2007,2013,"GENALG-TRIPAR","GENALG","TRIPAR","PXX",10000,FALSE,FALSE,0,"None","+ Snow"
0.937534078757065,0.800908234946895,1.19639525931901,"2007-2013",2007,2013,"GEUROS-TRIPAR","GEUROS","TRIPAR","PXX",10000,FALSE,FALSE,0,"None","+ Snow"
0.691168255883691,0.759919799962248,1.24280142725147,"2008-2014",2008,2014,"ARTSCO-BISBIS","ARTSCO","BISBIS","PXX",10000,FALSE,TRUE,-1,"Compensatory","+ Snow"
0.975171832876358,0.747015416294006,1.24099459421672,"2008-2014",2008,2014,"ARTSCO-CALLEP","ARTSCO","CALLEP","PXX",10000,FALSE,FALSE,0,"None","+ Snow"
0.980999815999895,0.692039721524235,1.31620112719402,"2008-2014",2008,2014,"ARTSCO-CARSCO","ARTSCO","CARSCO","PXX",10000,FALSE,FALSE,0,"None","+ Snow"
0.76647796973048,0.729396401059749,1.26135210925696,"2008-2014",2008,2014,"ARTSCO-DESCES","ARTSCO","DESCES","PXX",10000,FALSE,FALSE,0,"None","+ Snow"
1.14774402613951,0.69053224807993,1.30377382558756,"2008-2014",2008,2014,"ARTSCO-GENALG","ARTSCO","GENALG","PXX",10000,FALSE,FALSE,0,"None","+ Snow"
0.905635452791343,0.718034418529033,1.30862251932473,"2008-2014",2008,2014,"ARTSCO-GEUROS","ARTSCO","GEUROS","PXX",10000,FALSE,FALSE,0,"None","+ Snow"
0.921177560779694,0.773919008015864,1.22518173554555,"2008-2014",2008,2014,"ARTSCO-TRIPAR","ARTSCO","TRIPAR","PXX",10000,FALSE,FALSE,0,"None","+ Snow"
1.29303524088353,0.716328933425987,1.27029429256065,"2008-2014",2008,2014,"BISBIS-CALLEP","BISBIS","CALLEP","PXX",10000,TRUE,FALSE,1,"Synchrony","+ Snow"
1.09363704056589,0.744922933026167,1.25116549650433,"2008-2014",2008,2014,"BISBIS-CARSCO","BISBIS","CARSCO","PXX",10000,FALSE,FALSE,0,"None","+ Snow"
0.794000344838494,0.811638683586677,1.19414190135124,"2008-2014",2008,2014,"BISBIS-DESCES","BISBIS","DESCES","PXX",10000,FALSE,TRUE,-1,"Compensatory","+ Snow"
1.13458153021943,0.762393671296189,1.22771681169945,"2008-2014",2008,2014,"BISBIS-GENALG","BISBIS","GENALG","PXX",10000,FALSE,FALSE,0,"None","+ Snow"
1.28797238366021,0.733005628140483,1.27499187186947,"2008-2014",2008,2014,"BISBIS-GEUROS","BISBIS","GEUROS","PXX",10000,TRUE,FALSE,1,"Synchrony","+ Snow"
1.14398784333354,0.740315544848522,1.25874203379624,"2008-2014",2008,2014,"BISBIS-TRIPAR","BISBIS","TRIPAR","PXX",10000,FALSE,FALSE,0,"None","+ Snow"
1.07983162658224,0.756408252928966,1.25542618118873,"2008-2014",2008,2014,"CALLEP-CARSCO","CALLEP","CARSCO","PXX",10000,FALSE,FALSE,0,"None","+ Snow"
0.90176434350205,0.852752692567491,1.13933561153949,"2008-2014",2008,2014,"CALLEP-DESCES","CALLEP","DESCES","PXX",10000,FALSE,FALSE,0,"None","+ Snow"
1.20739849861118,0.711582013376609,1.29057042933997,"2008-2014",2008,2014,"CALLEP-GENALG","CALLEP","GENALG","PXX",10000,FALSE,FALSE,0,"None","+ Snow"
1.42290204045058,0.672976368084398,1.34048035822096,"2008-2014",2008,2014,"CALLEP-GEUROS","CALLEP","GEUROS","PXX",10000,TRUE,FALSE,1,"Synchrony","+ Snow"
1.12687035865014,0.802650691057893,1.21771583901657,"2008-2014",2008,2014,"CALLEP-TRIPAR","CALLEP","TRIPAR","PXX",10000,FALSE,FALSE,0,"None","+ Snow"
0.839090974067468,0.829031419380015,1.18739579276847,"2008-2014",2008,2014,"CARSCO-DESCES","CARSCO","DESCES","PXX",10000,FALSE,FALSE,0,"None","+ Snow"
1.06682414017484,0.694116957754167,1.30065687773887,"2008-2014",2008,2014,"CARSCO-GENALG","CARSCO","GENALG","PXX",10000,FALSE,FALSE,0,"None","+ Snow"
1.07139985122588,0.788233355691464,1.2254883343725,"2008-2014",2008,2014,"CARSCO-GEUROS","CARSCO","GEUROS","PXX",10000,FALSE,FALSE,0,"None","+ Snow"
0.899719946532273,0.740041495881902,1.26177927570393,"2008-2014",2008,2014,"CARSCO-TRIPAR","CARSCO","TRIPAR","PXX",10000,FALSE,FALSE,0,"None","+ Snow"
0.707560949094602,0.81174651392404,1.16981024290325,"2008-2014",2008,2014,"DESCES-GENALG","DESCES","GENALG","PXX",10000,FALSE,TRUE,-1,"Compensatory","+ Snow"
0.751360700579887,0.774340431131071,1.21121769480461,"2008-2014",2008,2014,"DESCES-GEUROS","DESCES","GEUROS","PXX",10000,FALSE,TRUE,-1,"Compensatory","+ Snow"
0.970426833476775,0.843269217329667,1.16494092965564,"2008-2014",2008,2014,"DESCES-TRIPAR","DESCES","TRIPAR","PXX",10000,FALSE,FALSE,0,"None","+ Snow"
1.35164693202889,0.712558349885575,1.26974927340865,"2008-2014",2008,2014,"GENALG-GEUROS","GENALG","GEUROS","PXX",10000,TRUE,FALSE,1,"Synchrony","+ Snow"
0.892023342782088,0.781468589104815,1.20016202924703,"2008-2014",2008,2014,"GENALG-TRIPAR","GENALG","TRIPAR","PXX",10000,FALSE,FALSE,0,"None","+ Snow"
0.885435352358024,0.809847638096667,1.20280439075251,"2008-2014",2008,2014,"GEUROS-TRIPAR","GEUROS","TRIPAR","PXX",10000,FALSE,FALSE,0,"None","+ Snow"
0.753895522815002,0.723375584294192,1.28653873004262,"2009-2015",2009,2015,"ARTSCO-BISBIS","ARTSCO","BISBIS","PXX",10000,FALSE,FALSE,0,"None","+ Snow"
1.0265447782243,0.761972455437913,1.23624227714207,"2009-2015",2009,2015,"ARTSCO-CALLEP","ARTSCO","CALLEP","PXX",10000,FALSE,FALSE,0,"None","+ Snow"
1.16616316759027,0.719708086481271,1.27334721029463,"2009-2015",2009,2015,"ARTSCO-CARSCO","ARTSCO","CARSCO","PXX",10000,FALSE,FALSE,0,"None","+ Snow"
0.6785357811638,0.767966817445699,1.24143789748114,"2009-2015",2009,2015,"ARTSCO-DESCES","ARTSCO","DESCES","PXX",10000,FALSE,TRUE,-1,"Compensatory","+ Snow"
1.15491921995608,0.701387205982778,1.28225314296645,"2009-2015",2009,2015,"ARTSCO-GENALG","ARTSCO","GENALG","PXX",10000,FALSE,FALSE,0,"None","+ Snow"
0.981415272735743,0.712746285525644,1.27527451334861,"2009-2015",2009,2015,"ARTSCO-GEUROS","ARTSCO","GEUROS","PXX",10000,FALSE,FALSE,0,"None","+ Snow"
0.973513055536149,0.784552296094138,1.20345540472861,"2009-2015",2009,2015,"ARTSCO-TRIPAR","ARTSCO","TRIPAR","PXX",10000,FALSE,FALSE,0,"None","+ Snow"
1.395481163775,0.726823707414359,1.28255104017053,"2009-2015",2009,2015,"BISBIS-CALLEP","BISBIS","CALLEP","PXX",10000,TRUE,FALSE,1,"Synchrony","+ Snow"
0.940524935726468,0.74345981646034,1.28207169903876,"2009-2015",2009,2015,"BISBIS-CARSCO","BISBIS","CARSCO","PXX",10000,FALSE,FALSE,0,"None","+ Snow"
0.912788487968779,0.830927140356595,1.17729201400362,"2009-2015",2009,2015,"BISBIS-DESCES","BISBIS","DESCES","PXX",10000,FALSE,FALSE,0,"None","+ Snow"
1.20669336603469,0.717143147119864,1.27086832901843,"2009-2015",2009,2015,"BISBIS-GENALG","BISBIS","GENALG","PXX",10000,FALSE,FALSE,0,"None","+ Snow"
1.39388937455783,0.687525620254141,1.32890326770953,"2009-2015",2009,2015,"BISBIS-GEUROS","BISBIS","GEUROS","PXX",10000,TRUE,FALSE,1,"Synchrony","+ Snow"
1.11957050992944,0.776287156571826,1.25789967470617,"2009-2015",2009,2015,"BISBIS-TRIPAR","BISBIS","TRIPAR","PXX",10000,FALSE,FALSE,0,"None","+ Snow"
1.23229516071214,0.725541801968667,1.268525960966,"2009-2015",2009,2015,"CALLEP-CARSCO","CALLEP","CARSCO","PXX",10000,FALSE,FALSE,0,"None","+ Snow"
0.826528538854518,0.867610136477063,1.16102918113155,"2009-2015",2009,2015,"CALLEP-DESCES","CALLEP","DESCES","PXX",10000,FALSE,TRUE,-1,"Compensatory","+ Snow"
1.3708090789239,0.736601946735014,1.26999369870648,"2009-2015",2009,2015,"CALLEP-GENALG","CALLEP","GENALG","PXX",10000,TRUE,FALSE,1,"Synchrony","+ Snow"
1.42716516304831,0.72756303125043,1.26427279654444,"2009-2015",2009,2015,"CALLEP-GEUROS","CALLEP","GEUROS","PXX",10000,TRUE,FALSE,1,"Synchrony","+ Snow"
1.12128536042309,0.759579739843387,1.22601646819483,"2009-2015",2009,2015,"CALLEP-TRIPAR","CALLEP","TRIPAR","PXX",10000,FALSE,FALSE,0,"None","+ Snow"
0.878134106803864,0.829203643225456,1.19269491099241,"2009-2015",2009,2015,"CARSCO-DESCES","CARSCO","DESCES","PXX",10000,FALSE,FALSE,0,"None","+ Snow"
1.13634093189088,0.700111227885059,1.28854050264671,"2009-2015",2009,2015,"CARSCO-GENALG","CARSCO","GENALG","PXX",10000,FALSE,FALSE,0,"None","+ Snow"
1.16447015158294,0.803578573110648,1.1887897813946,"2009-2015",2009,2015,"CARSCO-GEUROS","CARSCO","GEUROS","PXX",10000,FALSE,FALSE,0,"None","+ Snow"
0.85893761992319,0.725390774755224,1.2840080411591,"2009-2015",2009,2015,"CARSCO-TRIPAR","CARSCO","TRIPAR","PXX",10000,FALSE,FALSE,0,"None","+ Snow"
0.696862587201658,0.831650777910667,1.14718780475712,"2009-2015",2009,2015,"DESCES-GENALG","DESCES","GENALG","PXX",10000,FALSE,TRUE,-1,"Compensatory","+ Snow"
0.725075302858399,0.801030169356266,1.17573569665193,"2009-2015",2009,2015,"DESCES-GEUROS","DESCES","GEUROS","PXX",10000,FALSE,TRUE,-1,"Compensatory","+ Snow"
1.02391092736836,0.841198063521889,1.15132395460697,"2009-2015",2009,2015,"DESCES-TRIPAR","DESCES","TRIPAR","PXX",10000,FALSE,FALSE,0,"None","+ Snow"
1.40039111568217,0.741951616284955,1.27572007721126,"2009-2015",2009,2015,"GENALG-GEUROS","GENALG","GEUROS","PXX",10000,TRUE,FALSE,1,"Synchrony","+ Snow"
0.912921477865767,0.741508514176351,1.23866052453174,"2009-2015",2009,2015,"GENALG-TRIPAR","GENALG","TRIPAR","PXX",10000,FALSE,FALSE,0,"None","+ Snow"
0.979256668382496,0.790367948289895,1.20655865107312,"2009-2015",2009,2015,"GEUROS-TRIPAR","GEUROS","TRIPAR","PXX",10000,FALSE,FALSE,0,"None","+ Snow"
0.954687886546203,0.734552643772572,1.30693479481666,"2010-2016",2010,2016,"ARTSCO-BISBIS","ARTSCO","BISBIS","PXX",10000,FALSE,FALSE,0,"None","+ Snow"
1.13175540614083,0.732629138843862,1.28353983934342,"2010-2016",2010,2016,"ARTSCO-CALLEP","ARTSCO","CALLEP","PXX",10000,FALSE,FALSE,0,"None","+ Snow"
1.14566003187685,0.800212341623289,1.23182524516682,"2010-2016",2010,2016,"ARTSCO-CARSCO","ARTSCO","CARSCO","PXX",10000,FALSE,FALSE,0,"None","+ Snow"
0.676439399018448,0.785447276451187,1.20883031249098,"2010-2016",2010,2016,"ARTSCO-DESCES","ARTSCO","DESCES","PXX",10000,FALSE,TRUE,-1,"Compensatory","+ Snow"
1.33259971249985,0.773453914492004,1.24114778822717,"2010-2016",2010,2016,"ARTSCO-GENALG","ARTSCO","GENALG","PXX",10000,TRUE,FALSE,1,"Synchrony","+ Snow"
1.10337552041141,0.724562459310637,1.26839033301714,"2010-2016",2010,2016,"ARTSCO-GEUROS","ARTSCO","GEUROS","PXX",10000,FALSE,FALSE,0,"None","+ Snow"
1.00923498568645,0.801420175102603,1.20149902809964,"2010-2016",2010,2016,"ARTSCO-TRIPAR","ARTSCO","TRIPAR","PXX",10000,FALSE,FALSE,0,"None","+ Snow"
1.45607370934039,0.693265611587182,1.30279449353161,"2010-2016",2010,2016,"BISBIS-CALLEP","BISBIS","CALLEP","PXX",10000,TRUE,FALSE,1,"Synchrony","+ Snow"
0.950334785123877,0.765490642229619,1.22959819240608,"2010-2016",2010,2016,"BISBIS-CARSCO","BISBIS","CARSCO","PXX",10000,FALSE,FALSE,0,"None","+ Snow"
0.829255760555968,0.824666629571316,1.16400991925842,"2010-2016",2010,2016,"BISBIS-DESCES","BISBIS","DESCES","PXX",10000,FALSE,FALSE,0,"None","+ Snow"
1.25808333143446,0.689646490565886,1.28612973769256,"2010-2016",2010,2016,"BISBIS-GENALG","BISBIS","GENALG","PXX",10000,FALSE,FALSE,0,"None","+ Snow"
1.39710319185275,0.711505275410409,1.31071920967779,"2010-2016",2010,2016,"BISBIS-GEUROS","BISBIS","GEUROS","PXX",10000,TRUE,FALSE,1,"Synchrony","+ Snow"
1.08545886100406,0.770144945084016,1.20783650987612,"2010-2016",2010,2016,"BISBIS-TRIPAR","BISBIS","TRIPAR","PXX",10000,FALSE,FALSE,0,"None","+ Snow"
1.14393016005397,0.709047118692489,1.2866414140795,"2010-2016",2010,2016,"CALLEP-CARSCO","CALLEP","CARSCO","PXX",10000,FALSE,FALSE,0,"None","+ Snow"
0.820854317897422,0.830620195950818,1.16607642066872,"2010-2016",2010,2016,"CALLEP-DESCES","CALLEP","DESCES","PXX",10000,FALSE,TRUE,-1,"Compensatory","+ Snow"
1.27874548486674,0.690650748838154,1.3033977002946,"2010-2016",2010,2016,"CALLEP-GENALG","CALLEP","GENALG","PXX",10000,FALSE,FALSE,0,"None","+ Snow"
1.19711093380269,0.723112419502313,1.24250467019503,"2010-2016",2010,2016,"CALLEP-GEUROS","CALLEP","GEUROS","PXX",10000,FALSE,FALSE,0,"None","+ Snow"
1.10799791255748,0.75859340545639,1.24791544060147,"2010-2016",2010,2016,"CALLEP-TRIPAR","CALLEP","TRIPAR","PXX",10000,FALSE,FALSE,0,"None","+ Snow"
0.88455231809517,0.809961302283827,1.20124603268734,"2010-2016",2010,2016,"CARSCO-DESCES","CARSCO","DESCES","PXX",10000,FALSE,FALSE,0,"None","+ Snow"
1.09933139743713,0.727325591595965,1.28831972422661,"2010-2016",2010,2016,"CARSCO-GENALG","CARSCO","GENALG","PXX",10000,FALSE,FALSE,0,"None","+ Snow"
1.1070523117595,0.820760543625149,1.19859351608903,"2010-2016",2010,2016,"CARSCO-GEUROS","CARSCO","GEUROS","PXX",10000,FALSE,FALSE,0,"None","+ Snow"
0.87128052961459,0.734710850588163,1.2798518513416,"2010-2016",2010,2016,"CARSCO-TRIPAR","CARSCO","TRIPAR","PXX",10000,FALSE,FALSE,0,"None","+ Snow"
0.77532447167539,0.874938938653866,1.15101675798574,"2010-2016",2010,2016,"DESCES-GENALG","DESCES","GENALG","PXX",10000,FALSE,TRUE,-1,"Compensatory","+ Snow"
0.74407243581786,0.820246741780448,1.16691617700598,"2010-2016",2010,2016,"DESCES-GEUROS","DESCES","GEUROS","PXX",10000,FALSE,TRUE,-1,"Compensatory","+ Snow"
0.979674319579268,0.836085554962269,1.14787669699952,"2010-2016",2010,2016,"DESCES-TRIPAR","DESCES","TRIPAR","PXX",10000,FALSE,FALSE,0,"None","+ Snow"
1.12144235491972,0.74987132234921,1.28438661073212,"2010-2016",2010,2016,"GENALG-GEUROS","GENALG","GEUROS","PXX",10000,FALSE,FALSE,0,"None","+ Snow"
0.971630163169293,0.741125527698052,1.24549865049154,"2010-2016",2010,2016,"GENALG-TRIPAR","GENALG","TRIPAR","PXX",10000,FALSE,FALSE,0,"None","+ Snow"
1.00962846724341,0.785918560186306,1.21101606363168,"2010-2016",2010,2016,"GEUROS-TRIPAR","GEUROS","TRIPAR","PXX",10000,FALSE,FALSE,0,"None","+ Snow"
0.752454452500333,0.706977206117337,1.30103839677056,"2011-2017",2011,2017,"ARTSCO-BISBIS","ARTSCO","BISBIS","PXX",10000,FALSE,FALSE,0,"None","+ Snow"
0.958846930884409,0.721407214490184,1.26304006097271,"2011-2017",2011,2017,"ARTSCO-CALLEP","ARTSCO","CALLEP","PXX",10000,FALSE,FALSE,0,"None","+ Snow"
0.99662803421686,0.783566837047803,1.23558850097339,"2011-2017",2011,2017,"ARTSCO-CARSCO","ARTSCO","CARSCO","PXX",10000,FALSE,FALSE,0,"None","+ Snow"
1.0092586982883,0.815519970566425,1.19314389001084,"2011-2017",2011,2017,"ARTSCO-DESCES","ARTSCO","DESCES","PXX",10000,FALSE,FALSE,0,"None","+ Snow"
1.17076868672048,0.790837128877658,1.19085239462337,"2011-2017",2011,2017,"ARTSCO-GENALG","ARTSCO","GENALG","PXX",10000,FALSE,FALSE,0,"None","+ Snow"
1.2050171110254,0.712153352290064,1.27726374302322,"2011-2017",2011,2017,"ARTSCO-GEUROS","ARTSCO","GEUROS","PXX",10000,FALSE,FALSE,0,"None","+ Snow"
1.00301274875447,0.76810460956683,1.23802064982693,"2011-2017",2011,2017,"ARTSCO-TRIPAR","ARTSCO","TRIPAR","PXX",10000,FALSE,FALSE,0,"None","+ Snow"
1.26964664959749,0.700245509670531,1.30062722777713,"2011-2017",2011,2017,"BISBIS-CALLEP","BISBIS","CALLEP","PXX",10000,FALSE,FALSE,0,"None","+ Snow"
1.0358952375537,0.763106550101437,1.24529601460945,"2011-2017",2011,2017,"BISBIS-CARSCO","BISBIS","CARSCO","PXX",10000,FALSE,FALSE,0,"None","+ Snow"
0.699952111001258,0.791372908060096,1.21876212521032,"2011-2017",2011,2017,"BISBIS-DESCES","BISBIS","DESCES","PXX",10000,FALSE,TRUE,-1,"Compensatory","+ Snow"
1.14324502915692,0.76223113094402,1.23599480292361,"2011-2017",2011,2017,"BISBIS-GENALG","BISBIS","GENALG","PXX",10000,FALSE,FALSE,0,"None","+ Snow"
1.16810400183239,0.757475785741422,1.26049731434395,"2011-2017",2011,2017,"BISBIS-GEUROS","BISBIS","GEUROS","PXX",10000,FALSE,FALSE,0,"None","+ Snow"
1.11281750236486,0.759114352000827,1.22421401183969,"2011-2017",2011,2017,"BISBIS-TRIPAR","BISBIS","TRIPAR","PXX",10000,FALSE,FALSE,0,"None","+ Snow"
1.0176131207091,0.775856617066789,1.2119932483649,"2011-2017",2011,2017,"CALLEP-CARSCO","CALLEP","CARSCO","PXX",10000,FALSE,FALSE,0,"None","+ Snow"
0.793364650507309,0.779147712842776,1.22653020991769,"2011-2017",2011,2017,"CALLEP-DESCES","CALLEP","DESCES","PXX",10000,FALSE,FALSE,0,"None","+ Snow"
1.08901530025346,0.673474576824852,1.3307749146347,"2011-2017",2011,2017,"CALLEP-GENALG","CALLEP","GENALG","PXX",10000,FALSE,FALSE,0,"None","+ Snow"
1.04381045527336,0.773703960256731,1.25592096488338,"2011-2017",2011,2017,"CALLEP-GEUROS","CALLEP","GEUROS","PXX",10000,FALSE,FALSE,0,"None","+ Snow"
1.09994606228973,0.7203649254389,1.28587081894176,"2011-2017",2011,2017,"CALLEP-TRIPAR","CALLEP","TRIPAR","PXX",10000,FALSE,FALSE,0,"None","+ Snow"
0.796593330000981,0.837228837776954,1.18519731262721,"2011-2017",2011,2017,"CARSCO-DESCES","CARSCO","DESCES","PXX",10000,FALSE,TRUE,-1,"Compensatory","+ Snow"
0.9032413894028,0.7699565287022,1.22153151926569,"2011-2017",2011,2017,"CARSCO-GENALG","CARSCO","GENALG","PXX",10000,FALSE,FALSE,0,"None","+ Snow"
0.908920730936663,0.775112558686669,1.203231351928,"2011-2017",2011,2017,"CARSCO-GEUROS","CARSCO","GEUROS","PXX",10000,FALSE,FALSE,0,"None","+ Snow"
0.912132458707148,0.783430535749077,1.2310705546212,"2011-2017",2011,2017,"CARSCO-TRIPAR","CARSCO","TRIPAR","PXX",10000,FALSE,FALSE,0,"None","+ Snow"
0.86682973121483,0.837898283767733,1.17304875753826,"2011-2017",2011,2017,"DESCES-GENALG","DESCES","GENALG","PXX",10000,FALSE,FALSE,0,"None","+ Snow"
0.69553536506375,0.740748138492691,1.24301521159382,"2011-2017",2011,2017,"DESCES-GEUROS","DESCES","GEUROS","PXX",10000,FALSE,TRUE,-1,"Compensatory","+ Snow"
0.860020776829161,0.843629066859295,1.16763590031314,"2011-2017",2011,2017,"DESCES-TRIPAR","DESCES","TRIPAR","PXX",10000,FALSE,FALSE,0,"None","+ Snow"
1.05257507968942,0.777585745048575,1.21632555405738,"2011-2017",2011,2017,"GENALG-GEUROS","GENALG","GEUROS","PXX",10000,FALSE,FALSE,0,"None","+ Snow"
1.1404857141318,0.742864623613089,1.27111819035771,"2011-2017",2011,2017,"GENALG-TRIPAR","GENALG","TRIPAR","PXX",10000,FALSE,FALSE,0,"None","+ Snow"
0.932939681897582,0.826410221383523,1.19880050804609,"2011-2017",2011,2017,"GEUROS-TRIPAR","GEUROS","TRIPAR","PXX",10000,FALSE,FALSE,0,"None","+ Snow"
0.761332297806051,0.714280669459438,1.29997590590606,"2012-2018",2012,2018,"ARTSCO-BISBIS","ARTSCO","BISBIS","PXX",10000,FALSE,FALSE,0,"None","+ Snow"
1.07096011462735,0.741163636592752,1.27067529256699,"2012-2018",2012,2018,"ARTSCO-CALLEP","ARTSCO","CALLEP","PXX",10000,FALSE,FALSE,0,"None","+ Snow"
0.888261534875501,0.787352034459267,1.2271162725466,"2012-2018",2012,2018,"ARTSCO-CARSCO","ARTSCO","CARSCO","PXX",10000,FALSE,FALSE,0,"None","+ Snow"
1.00048244457158,0.812158404459404,1.18357367267061,"2012-2018",2012,2018,"ARTSCO-DESCES","ARTSCO","DESCES","PXX",10000,FALSE,FALSE,0,"None","+ Snow"
1.20804486096917,0.809401135881952,1.22600577833981,"2012-2018",2012,2018,"ARTSCO-GENALG","ARTSCO","GENALG","PXX",10000,FALSE,FALSE,0,"None","+ Snow"
1.14381456248131,0.686400907232908,1.30576948018769,"2012-2018",2012,2018,"ARTSCO-GEUROS","ARTSCO","GEUROS","PXX",10000,FALSE,FALSE,0,"None","+ Snow"
0.894247596418002,0.773397625304668,1.25433635070038,"2012-2018",2012,2018,"ARTSCO-TRIPAR","ARTSCO","TRIPAR","PXX",10000,FALSE,FALSE,0,"None","+ Snow"
1.25681072285508,0.727594732544356,1.27166080340672,"2012-2018",2012,2018,"BISBIS-CALLEP","BISBIS","CALLEP","PXX",10000,FALSE,FALSE,0,"None","+ Snow"
1.16685966375982,0.745267404190696,1.25918084331726,"2012-2018",2012,2018,"BISBIS-CARSCO","BISBIS","CARSCO","PXX",10000,FALSE,FALSE,0,"None","+ Snow"
0.615423182392162,0.793015826067722,1.20467167805311,"2012-2018",2012,2018,"BISBIS-DESCES","BISBIS","DESCES","PXX",10000,FALSE,TRUE,-1,"Compensatory","+ Snow"
1.16774374967788,0.788462725048686,1.2369834850477,"2012-2018",2012,2018,"BISBIS-GENALG","BISBIS","GENALG","PXX",10000,FALSE,FALSE,0,"None","+ Snow"
1.15131059358505,0.761710914664606,1.24782706085396,"2012-2018",2012,2018,"BISBIS-GEUROS","BISBIS","GEUROS","PXX",10000,FALSE,FALSE,0,"None","+ Snow"
1.12570233957435,0.720020305143182,1.24800188606904,"2012-2018",2012,2018,"BISBIS-TRIPAR","BISBIS","TRIPAR","PXX",10000,FALSE,FALSE,0,"None","+ Snow"
1.05981415553501,0.774839159107826,1.21897629175833,"2012-2018",2012,2018,"CALLEP-CARSCO","CALLEP","CARSCO","PXX",10000,FALSE,FALSE,0,"None","+ Snow"
0.85126107964225,0.85190755335663,1.13514156208915,"2012-2018",2012,2018,"CALLEP-DESCES","CALLEP","DESCES","PXX",10000,FALSE,TRUE,-1,"Compensatory","+ Snow"
1.15190153394242,0.676837704253352,1.31545204786267,"2012-2018",2012,2018,"CALLEP-GENALG","CALLEP","GENALG","PXX",10000,FALSE,FALSE,0,"None","+ Snow"
1.00523067918543,0.762060201051177,1.25992529745138,"2012-2018",2012,2018,"CALLEP-GEUROS","CALLEP","GEUROS","PXX",10000,FALSE,FALSE,0,"None","+ Snow"
1.08358156522465,0.75461911770247,1.26293853315036,"2012-2018",2012,2018,"CALLEP-TRIPAR","CALLEP","TRIPAR","PXX",10000,FALSE,FALSE,0,"None","+ Snow"
0.700997805248819,0.768839206049169,1.25029733797318,"2012-2018",2012,2018,"CARSCO-DESCES","CARSCO","DESCES","PXX",10000,FALSE,TRUE,-1,"Compensatory","+ Snow"
0.925058342770611,0.794720454355988,1.22993885725317,"2012-2018",2012,2018,"CARSCO-GENALG","CARSCO","GENALG","PXX",10000,FALSE,FALSE,0,"None","+ Snow"
0.898411876166313,0.798109376639314,1.20504900467785,"2012-2018",2012,2018,"CARSCO-GEUROS","CARSCO","GEUROS","PXX",10000,FALSE,FALSE,0,"None","+ Snow"
0.959670386305862,0.781428647524151,1.24539653777929,"2012-2018",2012,2018,"CARSCO-TRIPAR","CARSCO","TRIPAR","PXX",10000,FALSE,FALSE,0,"None","+ Snow"
0.827960835419389,0.859214928715983,1.13665471280047,"2012-2018",2012,2018,"DESCES-GENALG","DESCES","GENALG","PXX",10000,FALSE,TRUE,-1,"Compensatory","+ Snow"
0.762395537870257,0.741094283201984,1.25199271544477,"2012-2018",2012,2018,"DESCES-GEUROS","DESCES","GEUROS","PXX",10000,FALSE,FALSE,0,"None","+ Snow"
0.87258766026337,0.854394946068424,1.16196164588484,"2012-2018",2012,2018,"DESCES-TRIPAR","DESCES","TRIPAR","PXX",10000,FALSE,FALSE,0,"None","+ Snow"
1.04421374349596,0.762179806513292,1.22607677051618,"2012-2018",2012,2018,"GENALG-GEUROS","GENALG","GEUROS","PXX",10000,FALSE,FALSE,0,"None","+ Snow"
1.05585356401617,0.73588548083169,1.27253926582199,"2012-2018",2012,2018,"GENALG-TRIPAR","GENALG","TRIPAR","PXX",10000,FALSE,FALSE,0,"None","+ Snow"
0.821056306295047,0.784881926597445,1.21058961810354,"2012-2018",2012,2018,"GEUROS-TRIPAR","GEUROS","TRIPAR","PXX",10000,FALSE,FALSE,0,"None","+ Snow"
0.901050410744124,0.745405311796256,1.24272659650375,"2013-2019",2013,2019,"ARTSCO-BISBIS","ARTSCO","BISBIS","PXX",10000,FALSE,FALSE,0,"None","+ Snow"
1.0370849433957,0.716438446686387,1.28557405417762,"2013-2019",2013,2019,"ARTSCO-CALLEP","ARTSCO","CALLEP","PXX",10000,FALSE,FALSE,0,"None","+ Snow"
0.924668434252495,0.752163686570013,1.24411701160192,"2013-2019",2013,2019,"ARTSCO-CARSCO","ARTSCO","CARSCO","PXX",10000,FALSE,FALSE,0,"None","+ Snow"
0.90811399896242,0.810018524235557,1.19352034529114,"2013-2019",2013,2019,"ARTSCO-DESCES","ARTSCO","DESCES","PXX",10000,FALSE,FALSE,0,"None","+ Snow"
1.17704121759418,0.804646961725559,1.21351146567898,"2013-2019",2013,2019,"ARTSCO-GENALG","ARTSCO","GENALG","PXX",10000,FALSE,FALSE,0,"None","+ Snow"
1.23821069118726,0.671469469931172,1.31614578967004,"2013-2019",2013,2019,"ARTSCO-GEUROS","ARTSCO","GEUROS","PXX",10000,FALSE,FALSE,0,"None","+ Snow"
0.953592334911151,0.749554824453627,1.25796959782382,"2013-2019",2013,2019,"ARTSCO-TRIPAR","ARTSCO","TRIPAR","PXX",10000,FALSE,FALSE,0,"None","+ Snow"
1.24068315160188,0.692927322830576,1.2947249265968,"2013-2019",2013,2019,"BISBIS-CALLEP","BISBIS","CALLEP","PXX",10000,FALSE,FALSE,0,"None","+ Snow"
1.23591171792324,0.773066946282346,1.22395447079266,"2013-2019",2013,2019,"BISBIS-CARSCO","BISBIS","CARSCO","PXX",10000,TRUE,FALSE,1,"Synchrony","+ Snow"
0.604615358378217,0.793073573519884,1.1790524485721,"2013-2019",2013,2019,"BISBIS-DESCES","BISBIS","DESCES","PXX",10000,FALSE,TRUE,-1,"Compensatory","+ Snow"
1.08503024906705,0.782640491822719,1.22804342203265,"2013-2019",2013,2019,"BISBIS-GENALG","BISBIS","GENALG","PXX",10000,FALSE,FALSE,0,"None","+ Snow"
1.10576420902438,0.753244400379601,1.24606567410218,"2013-2019",2013,2019,"BISBIS-GEUROS","BISBIS","GEUROS","PXX",10000,FALSE,FALSE,0,"None","+ Snow"
1.34272790556941,0.711146738301349,1.29455499247941,"2013-2019",2013,2019,"BISBIS-TRIPAR","BISBIS","TRIPAR","PXX",10000,TRUE,FALSE,1,"Synchrony","+ Snow"
1.13988498611516,0.751538181255545,1.24221309580212,"2013-2019",2013,2019,"CALLEP-CARSCO","CALLEP","CARSCO","PXX",10000,FALSE,FALSE,0,"None","+ Snow"
0.934974338368395,0.855133617599307,1.15958375253718,"2013-2019",2013,2019,"CALLEP-DESCES","CALLEP","DESCES","PXX",10000,FALSE,FALSE,0,"None","+ Snow"
1.07696187772168,0.7475921916639,1.26979098997652,"2013-2019",2013,2019,"CALLEP-GENALG","CALLEP","GENALG","PXX",10000,FALSE,FALSE,0,"None","+ Snow"
0.961025873006179,0.767216479506103,1.27156896349117,"2013-2019",2013,2019,"CALLEP-GEUROS","CALLEP","GEUROS","PXX",10000,FALSE,FALSE,0,"None","+ Snow"
1.15952857103266,0.752517095121303,1.26982817005833,"2013-2019",2013,2019,"CALLEP-TRIPAR","CALLEP","TRIPAR","PXX",10000,FALSE,FALSE,0,"None","+ Snow"
0.716434085148471,0.750059415885847,1.24871264586135,"2013-2019",2013,2019,"CARSCO-DESCES","CARSCO","DESCES","PXX",10000,FALSE,TRUE,-1,"Compensatory","+ Snow"
0.958995382850359,0.773808492342301,1.25408253876375,"2013-2019",2013,2019,"CARSCO-GENALG","CARSCO","GENALG","PXX",10000,FALSE,FALSE,0,"None","+ Snow"
0.97718671842557,0.839560029744924,1.17594019451441,"2013-2019",2013,2019,"CARSCO-GEUROS","CARSCO","GEUROS","PXX",10000,FALSE,FALSE,0,"None","+ Snow"
1.06423510374889,0.774550926560764,1.24530877428018,"2013-2019",2013,2019,"CARSCO-TRIPAR","CARSCO","TRIPAR","PXX",10000,FALSE,FALSE,0,"None","+ Snow"
0.872214915701482,0.858166451653972,1.13952434606035,"2013-2019",2013,2019,"DESCES-GENALG","DESCES","GENALG","PXX",10000,FALSE,FALSE,0,"None","+ Snow"
0.852022139709522,0.801404287010292,1.18112524645243,"2013-2019",2013,2019,"DESCES-GEUROS","DESCES","GEUROS","PXX",10000,FALSE,FALSE,0,"None","+ Snow"
0.697067190771424,0.80861414083962,1.1784694955911,"2013-2019",2013,2019,"DESCES-TRIPAR","DESCES","TRIPAR","PXX",10000,FALSE,TRUE,-1,"Compensatory","+ Snow"
0.978379978514846,0.76427878557862,1.21643564739101,"2013-2019",2013,2019,"GENALG-GEUROS","GENALG","GEUROS","PXX",10000,FALSE,FALSE,0,"None","+ Snow"
1.24147257442166,0.777781800386183,1.25345825417862,"2013-2019",2013,2019,"GENALG-TRIPAR","GENALG","TRIPAR","PXX",10000,FALSE,FALSE,0,"None","+ Snow"
0.847290206372127,0.784701365980616,1.21738011874192,"2013-2019",2013,2019,"GEUROS-TRIPAR","GEUROS","TRIPAR","PXX",10000,FALSE,FALSE,0,"None","+ Snow"
1.0295766172341,0.717534733699704,1.28556852294287,"2014-2020",2014,2020,"ARTSCO-BISBIS","ARTSCO","BISBIS","PXX",10000,FALSE,FALSE,0,"None","+ Snow"
1.27998306206762,0.754558361562791,1.2695390704101,"2014-2020",2014,2020,"ARTSCO-CALLEP","ARTSCO","CALLEP","PXX",10000,TRUE,FALSE,1,"Synchrony","+ Snow"
1.02842286742785,0.69994233525391,1.29546914439174,"2014-2020",2014,2020,"ARTSCO-CARSCO","ARTSCO","CARSCO","PXX",10000,FALSE,FALSE,0,"None","+ Snow"
0.789785695710953,0.815374159978882,1.21368116015152,"2014-2020",2014,2020,"ARTSCO-DESCES","ARTSCO","DESCES","PXX",10000,FALSE,TRUE,-1,"Compensatory","+ Snow"
1.1958911268886,0.818426553508106,1.16975969250123,"2014-2020",2014,2020,"ARTSCO-GENALG","ARTSCO","GENALG","PXX",10000,TRUE,FALSE,1,"Synchrony","+ Snow"
1.41895027926751,0.745538962467601,1.26552649450856,"2014-2020",2014,2020,"ARTSCO-GEUROS","ARTSCO","GEUROS","PXX",10000,TRUE,FALSE,1,"Synchrony","+ Snow"
1.00490400927253,0.73325268677661,1.26021877313972,"2014-2020",2014,2020,"ARTSCO-TRIPAR","ARTSCO","TRIPAR","PXX",10000,FALSE,FALSE,0,"None","+ Snow"
1.23623244049724,0.748373187372273,1.23984925290945,"2014-2020",2014,2020,"BISBIS-CALLEP","BISBIS","CALLEP","PXX",10000,FALSE,FALSE,0,"None","+ Snow"
1.38704740709092,0.761138411921592,1.23860057744207,"2014-2020",2014,2020,"BISBIS-CARSCO","BISBIS","CARSCO","PXX",10000,TRUE,FALSE,1,"Synchrony","+ Snow"
0.633616800898655,0.791970840067607,1.1850766650552,"2014-2020",2014,2020,"BISBIS-DESCES","BISBIS","DESCES","PXX",10000,FALSE,TRUE,-1,"Compensatory","+ Snow"
1.12447932845117,0.853353849365878,1.16018595572427,"2014-2020",2014,2020,"BISBIS-GENALG","BISBIS","GENALG","PXX",10000,FALSE,FALSE,0,"None","+ Snow"
1.02439691496265,0.723785828238166,1.27598201229111,"2014-2020",2014,2020,"BISBIS-GEUROS","BISBIS","GEUROS","PXX",10000,FALSE,FALSE,0,"None","+ Snow"
1.3788939976959,0.696461354982122,1.30705888500806,"2014-2020",2014,2020,"BISBIS-TRIPAR","BISBIS","TRIPAR","PXX",10000,TRUE,FALSE,1,"Synchrony","+ Snow"
1.18184615449832,0.739622613462244,1.26046028123218,"2014-2020",2014,2020,"CALLEP-CARSCO","CALLEP","CARSCO","PXX",10000,FALSE,FALSE,0,"None","+ Snow"
0.852816057802505,0.871953588764093,1.11967888214969,"2014-2020",2014,2020,"CALLEP-DESCES","CALLEP","DESCES","PXX",10000,FALSE,TRUE,-1,"Compensatory","+ Snow"
1.12447709313937,0.755684697278969,1.28890422933191,"2014-2020",2014,2020,"CALLEP-GENALG","CALLEP","GENALG","PXX",10000,FALSE,FALSE,0,"None","+ Snow"
1.04588287840018,0.777458942120366,1.2207944690972,"2014-2020",2014,2020,"CALLEP-GEUROS","CALLEP","GEUROS","PXX",10000,FALSE,FALSE,0,"None","+ Snow"
1.27232347255027,0.783632756687818,1.25783910821355,"2014-2020",2014,2020,"CALLEP-TRIPAR","CALLEP","TRIPAR","PXX",10000,TRUE,FALSE,1,"Synchrony","+ Snow"
0.734301286112288,0.824341844068845,1.15781172427198,"2014-2020",2014,2020,"CARSCO-DESCES","CARSCO","DESCES","PXX",10000,FALSE,TRUE,-1,"Compensatory","+ Snow"
1.02840155753784,0.792437212675363,1.2309049785703,"2014-2020",2014,2020,"CARSCO-GENALG","CARSCO","GENALG","PXX",10000,FALSE,FALSE,0,"None","+ Snow"
1.01731086179314,0.825946432483943,1.18045190354814,"2014-2020",2014,2020,"CARSCO-GEUROS","CARSCO","GEUROS","PXX",10000,FALSE,FALSE,0,"None","+ Snow"
1.22424443334046,0.767742798946121,1.23844588928643,"2014-2020",2014,2020,"CARSCO-TRIPAR","CARSCO","TRIPAR","PXX",10000,FALSE,FALSE,0,"None","+ Snow"
0.924343475182131,0.935408106709515,1.06680607595186,"2014-2020",2014,2020,"DESCES-GENALG","DESCES","GENALG","PXX",10000,FALSE,TRUE,-1,"Compensatory","+ Snow"
0.802568420828554,0.76004576629602,1.2426176765841,"2014-2020",2014,2020,"DESCES-GEUROS","DESCES","GEUROS","PXX",10000,FALSE,FALSE,0,"None","+ Snow"
0.754075766347376,0.834698101783841,1.16459741829198,"2014-2020",2014,2020,"DESCES-TRIPAR","DESCES","TRIPAR","PXX",10000,FALSE,TRUE,-1,"Compensatory","+ Snow"
1.17806468258069,0.786154535200883,1.18269214768837,"2014-2020",2014,2020,"GENALG-GEUROS","GENALG","GEUROS","PXX",10000,FALSE,FALSE,0,"None","+ Snow"
1.03712444580609,0.77000177688973,1.23304429124077,"2014-2020",2014,2020,"GENALG-TRIPAR","GENALG","TRIPAR","PXX",10000,FALSE,FALSE,0,"None","+ Snow"
0.960958038893432,0.740242031876186,1.26414414311237,"2014-2020",2014,2020,"GEUROS-TRIPAR","GEUROS","TRIPAR","PXX",10000,FALSE,FALSE,0,"None","+ Snow"
1.16815580879563,0.747988935137867,1.25776840660851,"2015-2021",2015,2021,"ARTSCO-BISBIS","ARTSCO","BISBIS","PXX",10000,FALSE,FALSE,0,"None","+ Snow"
1.24436968585315,0.77397525886839,1.25940359469235,"2015-2021",2015,2021,"ARTSCO-CALLEP","ARTSCO","CALLEP","PXX",10000,FALSE,FALSE,0,"None","+ Snow"
1.05395380412778,0.736571883289125,1.26831817160463,"2015-2021",2015,2021,"ARTSCO-CARSCO","ARTSCO","CARSCO","PXX",10000,FALSE,FALSE,0,"None","+ Snow"
0.735187948175628,0.794714967748532,1.2159621233793,"2015-2021",2015,2021,"ARTSCO-DESCES","ARTSCO","DESCES","PXX",10000,FALSE,TRUE,-1,"Compensatory","+ Snow"
1.190504584727,0.84779628763627,1.1642371533947,"2015-2021",2015,2021,"ARTSCO-GENALG","ARTSCO","GENALG","PXX",10000,TRUE,FALSE,1,"Synchrony","+ Snow"
1.36957193724183,0.72507727159173,1.28164111441522,"2015-2021",2015,2021,"ARTSCO-GEUROS","ARTSCO","GEUROS","PXX",10000,TRUE,FALSE,1,"Synchrony","+ Snow"
1.10967142728549,0.752341819567144,1.2764652902862,"2015-2021",2015,2021,"ARTSCO-TRIPAR","ARTSCO","TRIPAR","PXX",10000,FALSE,FALSE,0,"None","+ Snow"
1.16313339934894,0.744199330500954,1.24308746043541,"2015-2021",2015,2021,"BISBIS-CALLEP","BISBIS","CALLEP","PXX",10000,FALSE,FALSE,0,"None","+ Snow"
1.27290085043672,0.746755440417021,1.2400125083002,"2015-2021",2015,2021,"BISBIS-CARSCO","BISBIS","CARSCO","PXX",10000,TRUE,FALSE,1,"Synchrony","+ Snow"
0.674383094596865,0.726347120261932,1.28432197333392,"2015-2021",2015,2021,"BISBIS-DESCES","BISBIS","DESCES","PXX",10000,FALSE,TRUE,-1,"Compensatory","+ Snow"
1.14201931235495,0.870986405749803,1.11354380495517,"2015-2021",2015,2021,"BISBIS-GENALG","BISBIS","GENALG","PXX",10000,TRUE,FALSE,1,"Synchrony","+ Snow"
1.07632828958922,0.726838357596977,1.2736604353278,"2015-2021",2015,2021,"BISBIS-GEUROS","BISBIS","GEUROS","PXX",10000,FALSE,FALSE,0,"None","+ Snow"
1.3538805627785,0.672147186098192,1.31911834692036,"2015-2021",2015,2021,"BISBIS-TRIPAR","BISBIS","TRIPAR","PXX",10000,TRUE,FALSE,1,"Synchrony","+ Snow"
1.04676402909939,0.742758499072745,1.26570026286227,"2015-2021",2015,2021,"CALLEP-CARSCO","CALLEP","CARSCO","PXX",10000,FALSE,FALSE,0,"None","+ Snow"
0.857537319085863,0.857034318531341,1.13256586147116,"2015-2021",2015,2021,"CALLEP-DESCES","CALLEP","DESCES","PXX",10000,FALSE,FALSE,0,"None","+ Snow"
1.04542672864452,0.753826408563657,1.24951037254232,"2015-2021",2015,2021,"CALLEP-GENALG","CALLEP","GENALG","PXX",10000,FALSE,FALSE,0,"None","+ Snow"
0.930468509309835,0.78571915304124,1.23828672914861,"2015-2021",2015,2021,"CALLEP-GEUROS","CALLEP","GEUROS","PXX",10000,FALSE,FALSE,0,"None","+ Snow"
1.30824221948652,0.772601331966738,1.25887472899046,"2015-2021",2015,2021,"CALLEP-TRIPAR","CALLEP","TRIPAR","PXX",10000,TRUE,FALSE,1,"Synchrony","+ Snow"
0.784725560596562,0.8127701535522,1.18733071540226,"2015-2021",2015,2021,"CARSCO-DESCES","CARSCO","DESCES","PXX",10000,FALSE,TRUE,-1,"Compensatory","+ Snow"
1.05686788390596,0.860533803534182,1.15483298040255,"2015-2021",2015,2021,"CARSCO-GENALG","CARSCO","GENALG","PXX",10000,FALSE,FALSE,0,"None","+ Snow"
0.972917425030383,0.843958514040802,1.1595324840279,"2015-2021",2015,2021,"CARSCO-GEUROS","CARSCO","GEUROS","PXX",10000,FALSE,FALSE,0,"None","+ Snow"
1.28837967221791,0.767188762767415,1.23351619625905,"2015-2021",2015,2021,"CARSCO-TRIPAR","CARSCO","TRIPAR","PXX",10000,TRUE,FALSE,1,"Synchrony","+ Snow"
0.942254152373338,0.944600642933022,1.05349668380283,"2015-2021",2015,2021,"DESCES-GENALG","DESCES","GENALG","PXX",10000,FALSE,TRUE,-1,"Compensatory","+ Snow"
0.863108969951624,0.765918379819961,1.24858994463443,"2015-2021",2015,2021,"DESCES-GEUROS","DESCES","GEUROS","PXX",10000,FALSE,FALSE,0,"None","+ Snow"
0.639853097700068,0.781795830573704,1.20303605801355,"2015-2021",2015,2021,"DESCES-TRIPAR","DESCES","TRIPAR","PXX",10000,FALSE,TRUE,-1,"Compensatory","+ Snow"
1.19180795874463,0.775848829076048,1.19550964951792,"2015-2021",2015,2021,"GENALG-GEUROS","GENALG","GEUROS","PXX",10000,FALSE,FALSE,0,"None","+ Snow"
0.933144701173067,0.737330129489378,1.23789438433749,"2015-2021",2015,2021,"GENALG-TRIPAR","GENALG","TRIPAR","PXX",10000,FALSE,FALSE,0,"None","+ Snow"
0.862611297721839,0.735437682982621,1.29475664652758,"2015-2021",2015,2021,"GEUROS-TRIPAR","GEUROS","TRIPAR","PXX",10000,FALSE,FALSE,0,"None","+ Snow"
1.22488218923064,0.717266037213772,1.28985443655774,"2016-2022",2016,2022,"ARTSCO-BISBIS","ARTSCO","BISBIS","PXX",10000,FALSE,FALSE,0,"None","+ Snow"
1.19957700588816,0.757253429529635,1.2549991298133,"2016-2022",2016,2022,"ARTSCO-CALLEP","ARTSCO","CALLEP","PXX",10000,FALSE,FALSE,0,"None","+ Snow"
0.954992663724,0.795607828915142,1.24034291870033,"2016-2022",2016,2022,"ARTSCO-CARSCO","ARTSCO","CARSCO","PXX",10000,FALSE,FALSE,0,"None","+ Snow"
0.832515940464256,0.775625986483423,1.23846886829046,"2016-2022",2016,2022,"ARTSCO-DESCES","ARTSCO","DESCES","PXX",10000,FALSE,FALSE,0,"None","+ Snow"
1.10594515863607,0.851848066020943,1.14979660674368,"2016-2022",2016,2022,"ARTSCO-GENALG","ARTSCO","GENALG","PXX",10000,FALSE,FALSE,0,"None","+ Snow"
1.32936248266167,0.700247621910949,1.29314424969249,"2016-2022",2016,2022,"ARTSCO-GEUROS","ARTSCO","GEUROS","PXX",10000,TRUE,FALSE,1,"Synchrony","+ Snow"
1.09425917853424,0.740677873122958,1.26365158490789,"2016-2022",2016,2022,"ARTSCO-TRIPAR","ARTSCO","TRIPAR","PXX",10000,FALSE,FALSE,0,"None","+ Snow"
1.1922283453056,0.751047021222355,1.23311716556524,"2016-2022",2016,2022,"BISBIS-CALLEP","BISBIS","CALLEP","PXX",10000,FALSE,FALSE,0,"None","+ Snow"
1.21247606601407,0.706881549274079,1.28960385882831,"2016-2022",2016,2022,"BISBIS-CARSCO","BISBIS","CARSCO","PXX",10000,FALSE,FALSE,0,"None","+ Snow"
0.707423737281948,0.736362669460172,1.26616299530737,"2016-2022",2016,2022,"BISBIS-DESCES","BISBIS","DESCES","PXX",10000,FALSE,TRUE,-1,"Compensatory","+ Snow"
1.12437341401689,0.865788142435241,1.16822562722743,"2016-2022",2016,2022,"BISBIS-GENALG","BISBIS","GENALG","PXX",10000,FALSE,FALSE,0,"None","+ Snow"
1.14368513903764,0.691125516199118,1.31222884044498,"2016-2022",2016,2022,"BISBIS-GEUROS","BISBIS","GEUROS","PXX",10000,FALSE,FALSE,0,"None","+ Snow"
1.30675667247776,0.646653383436459,1.34621112197592,"2016-2022",2016,2022,"BISBIS-TRIPAR","BISBIS","TRIPAR","PXX",10000,FALSE,FALSE,0,"None","+ Snow"
0.946557495057593,0.763588168355417,1.25037243835665,"2016-2022",2016,2022,"CALLEP-CARSCO","CALLEP","CARSCO","PXX",10000,FALSE,FALSE,0,"None","+ Snow"
0.833751695530957,0.846017200768441,1.14162840843256,"2016-2022",2016,2022,"CALLEP-DESCES","CALLEP","DESCES","PXX",10000,FALSE,TRUE,-1,"Compensatory","+ Snow"
1.02414822168129,0.783364122605248,1.23534214614138,"2016-2022",2016,2022,"CALLEP-GENALG","CALLEP","GENALG","PXX",10000,FALSE,FALSE,0,"None","+ Snow"
0.900858647845583,0.765859115187928,1.24411770625477,"2016-2022",2016,2022,"CALLEP-GEUROS","CALLEP","GEUROS","PXX",10000,FALSE,FALSE,0,"None","+ Snow"
1.23305366424609,0.768480327235944,1.24013062102513,"2016-2022",2016,2022,"CALLEP-TRIPAR","CALLEP","TRIPAR","PXX",10000,FALSE,FALSE,0,"None","+ Snow"
0.87544700995163,0.766063268952043,1.22031601868196,"2016-2022",2016,2022,"CARSCO-DESCES","CARSCO","DESCES","PXX",10000,FALSE,FALSE,0,"None","+ Snow"
0.980711112306923,0.862150775368976,1.12904635605373,"2016-2022",2016,2022,"CARSCO-GENALG","CARSCO","GENALG","PXX",10000,FALSE,FALSE,0,"None","+ Snow"
0.980634035946269,0.799477245268279,1.20852187837763,"2016-2022",2016,2022,"CARSCO-GEUROS","CARSCO","GEUROS","PXX",10000,FALSE,FALSE,0,"None","+ Snow"
1.16795979981448,0.753402908775148,1.2828111895747,"2016-2022",2016,2022,"CARSCO-TRIPAR","CARSCO","TRIPAR","PXX",10000,FALSE,FALSE,0,"None","+ Snow"
0.950872810864493,0.948288829621859,1.0507159063883,"2016-2022",2016,2022,"DESCES-GENALG","DESCES","GENALG","PXX",10000,FALSE,FALSE,0,"None","+ Snow"
0.908321939932436,0.767949798972236,1.23123892023761,"2016-2022",2016,2022,"DESCES-GEUROS","DESCES","GEUROS","PXX",10000,FALSE,FALSE,0,"None","+ Snow"
0.596246710026927,0.761030927392517,1.22486171951548,"2016-2022",2016,2022,"DESCES-TRIPAR","DESCES","TRIPAR","PXX",10000,FALSE,TRUE,-1,"Compensatory","+ Snow"
1.11216884546399,0.798549020581378,1.24561345012691,"2016-2022",2016,2022,"GENALG-GEUROS","GENALG","GEUROS","PXX",10000,FALSE,FALSE,0,"None","+ Snow"
0.948500880494828,0.822736539839497,1.20202401326281,"2016-2022",2016,2022,"GENALG-TRIPAR","GENALG","TRIPAR","PXX",10000,FALSE,FALSE,0,"None","+ Snow"
0.968886658809689,0.727810170327181,1.30041777286233,"2016-2022",2016,2022,"GEUROS-TRIPAR","GEUROS","TRIPAR","PXX",10000,FALSE,FALSE,0,"None","+ Snow"
1.18678642568629,0.736805597815124,1.26062149584993,"2017-2023",2017,2023,"ARTSCO-BISBIS","ARTSCO","BISBIS","PXX",10000,FALSE,FALSE,0,"None","+ Snow"
1.34715976106738,0.740272409131146,1.27679337036534,"2017-2023",2017,2023,"ARTSCO-CALLEP","ARTSCO","CALLEP","PXX",10000,TRUE,FALSE,1,"Synchrony","+ Snow"
0.981723035276268,0.801333735527166,1.22854996226464,"2017-2023",2017,2023,"ARTSCO-CARSCO","ARTSCO","CARSCO","PXX",10000,FALSE,FALSE,0,"None","+ Snow"
0.803888866508031,0.777510093667251,1.24993662541579,"2017-2023",2017,2023,"ARTSCO-DESCES","ARTSCO","DESCES","PXX",10000,FALSE,FALSE,0,"None","+ Snow"
1.04290642971399,0.826502352412122,1.18267516586648,"2017-2023",2017,2023,"ARTSCO-GENALG","ARTSCO","GENALG","PXX",10000,FALSE,FALSE,0,"None","+ Snow"
1.21674897776881,0.73437996795272,1.23908187432242,"2017-2023",2017,2023,"ARTSCO-GEUROS","ARTSCO","GEUROS","PXX",10000,FALSE,FALSE,0,"None","+ Snow"
1.12616605157489,0.748955191812766,1.22525812302807,"2017-2023",2017,2023,"ARTSCO-TRIPAR","ARTSCO","TRIPAR","PXX",10000,FALSE,FALSE,0,"None","+ Snow"
1.2413250293531,0.747274048502173,1.25229856637507,"2017-2023",2017,2023,"BISBIS-CALLEP","BISBIS","CALLEP","PXX",10000,FALSE,FALSE,0,"None","+ Snow"
1.212541688995,0.726310715190496,1.27143614082174,"2017-2023",2017,2023,"BISBIS-CARSCO","BISBIS","CARSCO","PXX",10000,FALSE,FALSE,0,"None","+ Snow"
0.734961097715043,0.752619383468958,1.25193525936101,"2017-2023",2017,2023,"BISBIS-DESCES","BISBIS","DESCES","PXX",10000,FALSE,TRUE,-1,"Compensatory","+ Snow"
0.948629012792143,0.857627312056927,1.15912331257941,"2017-2023",2017,2023,"BISBIS-GENALG","BISBIS","GENALG","PXX",10000,FALSE,FALSE,0,"None","+ Snow"
1.22658986440017,0.752586413724434,1.27459287734637,"2017-2023",2017,2023,"BISBIS-GEUROS","BISBIS","GEUROS","PXX",10000,FALSE,FALSE,0,"None","+ Snow"
1.20295603588701,0.716119588896854,1.29041165748923,"2017-2023",2017,2023,"BISBIS-TRIPAR","BISBIS","TRIPAR","PXX",10000,FALSE,FALSE,0,"None","+ Snow"
0.972794977534725,0.774673813904337,1.23636951989165,"2017-2023",2017,2023,"CALLEP-CARSCO","CALLEP","CARSCO","PXX",10000,FALSE,FALSE,0,"None","+ Snow"
0.849400979978435,0.866227510120166,1.13455338731064,"2017-2023",2017,2023,"CALLEP-DESCES","CALLEP","DESCES","PXX",10000,FALSE,TRUE,-1,"Compensatory","+ Snow"
1.00448936238963,0.77768625683432,1.23719532831222,"2017-2023",2017,2023,"CALLEP-GENALG","CALLEP","GENALG","PXX",10000,FALSE,FALSE,0,"None","+ Snow"
1.11418300253139,0.771753506658412,1.24054267160193,"2017-2023",2017,2023,"CALLEP-GEUROS","CALLEP","GEUROS","PXX",10000,FALSE,FALSE,0,"None","+ Snow"
1.14438196138766,0.757514514318956,1.23767645165332,"2017-2023",2017,2023,"CALLEP-TRIPAR","CALLEP","TRIPAR","PXX",10000,FALSE,FALSE,0,"None","+ Snow"
0.840288169031907,0.779852222021155,1.22804666018992,"2017-2023",2017,2023,"CARSCO-DESCES","CARSCO","DESCES","PXX",10000,FALSE,FALSE,0,"None","+ Snow"
0.867002155633501,0.848421546524812,1.13616110358861,"2017-2023",2017,2023,"CARSCO-GENALG","CARSCO","GENALG","PXX",10000,FALSE,FALSE,0,"None","+ Snow"
0.946688799294882,0.79199972371177,1.15649476166654,"2017-2023",2017,2023,"CARSCO-GEUROS","CARSCO","GEUROS","PXX",10000,FALSE,FALSE,0,"None","+ Snow"
1.18028260918857,0.747663017716908,1.26728057855714,"2017-2023",2017,2023,"CARSCO-TRIPAR","CARSCO","TRIPAR","PXX",10000,FALSE,FALSE,0,"None","+ Snow"
1.00431241201933,0.913664074857662,1.0720047479191,"2017-2023",2017,2023,"DESCES-GENALG","DESCES","GENALG","PXX",10000,FALSE,FALSE,0,"None","+ Snow"
0.857498237334684,0.802640655463424,1.20882782710725,"2017-2023",2017,2023,"DESCES-GEUROS","DESCES","GEUROS","PXX",10000,FALSE,FALSE,0,"None","+ Snow"
0.606954926465744,0.78131463144389,1.19611771251501,"2017-2023",2017,2023,"DESCES-TRIPAR","DESCES","TRIPAR","PXX",10000,FALSE,TRUE,-1,"Compensatory","+ Snow"
0.954256493457699,0.824816932160684,1.25365374696573,"2017-2023",2017,2023,"GENALG-GEUROS","GENALG","GEUROS","PXX",10000,FALSE,FALSE,0,"None","+ Snow"
1.06026611471143,0.87675495354129,1.12131579438237,"2017-2023",2017,2023,"GENALG-TRIPAR","GENALG","TRIPAR","PXX",10000,FALSE,FALSE,0,"None","+ Snow"
0.924697379020174,0.765301898960838,1.23350361936621,"2017-2023",2017,2023,"GEUROS-TRIPAR","GEUROS","TRIPAR","PXX",10000,FALSE,FALSE,0,"None","+ Snow"
1.1690036999367,0.675430796063051,1.29662172173142,"2018-2024",2018,2024,"ARTSCO-BISBIS","ARTSCO","BISBIS","PXX",10000,FALSE,FALSE,0,"None","+ Snow"
1.28186823140104,0.757480474142776,1.24303297056762,"2018-2024",2018,2024,"ARTSCO-CALLEP","ARTSCO","CALLEP","PXX",10000,TRUE,FALSE,1,"Synchrony","+ Snow"
1.12613431070188,0.782471049952962,1.21110162086609,"2018-2024",2018,2024,"ARTSCO-CARSCO","ARTSCO","CARSCO","PXX",10000,FALSE,FALSE,0,"None","+ Snow"
0.717442265367986,0.767437945663513,1.22805862425317,"2018-2024",2018,2024,"ARTSCO-DESCES","ARTSCO","DESCES","PXX",10000,FALSE,TRUE,-1,"Compensatory","+ Snow"
1.1373112555093,0.795237441044092,1.19730286161944,"2018-2024",2018,2024,"ARTSCO-GENALG","ARTSCO","GENALG","PXX",10000,FALSE,FALSE,0,"None","+ Snow"
1.13369313487656,0.728712555126851,1.25882236729645,"2018-2024",2018,2024,"ARTSCO-GEUROS","ARTSCO","GEUROS","PXX",10000,FALSE,FALSE,0,"None","+ Snow"
1.20050943750496,0.750524001017783,1.23531127165651,"2018-2024",2018,2024,"ARTSCO-TRIPAR","ARTSCO","TRIPAR","PXX",10000,FALSE,FALSE,0,"None","+ Snow"
1.19833758976239,0.76378249362937,1.21862081678257,"2018-2024",2018,2024,"BISBIS-CALLEP","BISBIS","CALLEP","PXX",10000,FALSE,FALSE,0,"None","+ Snow"
0.989565510379748,0.811200961747798,1.18245578290981,"2018-2024",2018,2024,"BISBIS-CARSCO","BISBIS","CARSCO","PXX",10000,FALSE,FALSE,0,"None","+ Snow"
0.856524489034222,0.790457445222112,1.20440068824006,"2018-2024",2018,2024,"BISBIS-DESCES","BISBIS","DESCES","PXX",10000,FALSE,FALSE,0,"None","+ Snow"
0.868140060292891,0.774526960985679,1.24303852887383,"2018-2024",2018,2024,"BISBIS-GENALG","BISBIS","GENALG","PXX",10000,FALSE,FALSE,0,"None","+ Snow"
1.38513030129817,0.702612480635138,1.2933661330459,"2018-2024",2018,2024,"BISBIS-GEUROS","BISBIS","GEUROS","PXX",10000,TRUE,FALSE,1,"Synchrony","+ Snow"
1.01822307907015,0.751435268476187,1.26969239795781,"2018-2024",2018,2024,"BISBIS-TRIPAR","BISBIS","TRIPAR","PXX",10000,FALSE,FALSE,0,"None","+ Snow"
0.986089003487395,0.789898306672907,1.21030864066661,"2018-2024",2018,2024,"CALLEP-CARSCO","CALLEP","CARSCO","PXX",10000,FALSE,FALSE,0,"None","+ Snow"
0.89506330214784,0.844802993040504,1.14331332381655,"2018-2024",2018,2024,"CALLEP-DESCES","CALLEP","DESCES","PXX",10000,FALSE,FALSE,0,"None","+ Snow"
1.12257096316154,0.719834137004654,1.29000506332889,"2018-2024",2018,2024,"CALLEP-GENALG","CALLEP","GENALG","PXX",10000,FALSE,FALSE,0,"None","+ Snow"
1.13947247191629,0.768294503447324,1.23998915925641,"2018-2024",2018,2024,"CALLEP-GEUROS","CALLEP","GEUROS","PXX",10000,FALSE,FALSE,0,"None","+ Snow"
1.15547143897308,0.767867366122703,1.22864201087895,"2018-2024",2018,2024,"CALLEP-TRIPAR","CALLEP","TRIPAR","PXX",10000,FALSE,FALSE,0,"None","+ Snow"
0.802754162593629,0.758252854186554,1.24774341189883,"2018-2024",2018,2024,"CARSCO-DESCES","CARSCO","DESCES","PXX",10000,FALSE,FALSE,0,"None","+ Snow"
0.977082733265387,0.868239455353101,1.14403183368909,"2018-2024",2018,2024,"CARSCO-GENALG","CARSCO","GENALG","PXX",10000,FALSE,FALSE,0,"None","+ Snow"
0.872068018223155,0.864253822692198,1.1534374173799,"2018-2024",2018,2024,"CARSCO-GEUROS","CARSCO","GEUROS","PXX",10000,FALSE,FALSE,0,"None","+ Snow"
1.24776442674716,0.716253034067749,1.29537042437833,"2018-2024",2018,2024,"CARSCO-TRIPAR","CARSCO","TRIPAR","PXX",10000,FALSE,FALSE,0,"None","+ Snow"
0.970369339319378,0.872953441416484,1.17349629608814,"2018-2024",2018,2024,"DESCES-GENALG","DESCES","GENALG","PXX",10000,FALSE,FALSE,0,"None","+ Snow"
0.879128966038135,0.779906821598751,1.23145126757679,"2018-2024",2018,2024,"DESCES-GEUROS","DESCES","GEUROS","PXX",10000,FALSE,FALSE,0,"None","+ Snow"
0.662354079307349,0.765161382023389,1.20792444163191,"2018-2024",2018,2024,"DESCES-TRIPAR","DESCES","TRIPAR","PXX",10000,FALSE,TRUE,-1,"Compensatory","+ Snow"
0.859710537761712,0.815041335619038,1.24235840568303,"2018-2024",2018,2024,"GENALG-GEUROS","GENALG","GEUROS","PXX",10000,FALSE,FALSE,0,"None","+ Snow"
1.11057515311701,0.785921919514613,1.22333145843074,"2018-2024",2018,2024,"GENALG-TRIPAR","GENALG","TRIPAR","PXX",10000,FALSE,FALSE,0,"None","+ Snow"
0.895588946493351,0.768349272978813,1.24575138643584,"2018-2024",2018,2024,"GEUROS-TRIPAR","GEUROS","TRIPAR","PXX",10000,FALSE,FALSE,0,"None","+ Snow"
1.22307731033966,0.708247209201589,1.29012153494947,"2007-2013",2007,2013,"ARTSCO-BISBIS","ARTSCO","BISBIS","XNX",10000,FALSE,FALSE,0,"None","+ Nitrogen"
1.25665856248445,0.770462462035311,1.2103972429942,"2007-2013",2007,2013,"ARTSCO-CALLEP","ARTSCO","CALLEP","XNX",10000,TRUE,FALSE,1,"Synchrony","+ Nitrogen"
0.794326859814499,0.701114985090443,1.30895056685021,"2007-2013",2007,2013,"ARTSCO-CARSCO","ARTSCO","CARSCO","XNX",10000,FALSE,FALSE,0,"None","+ Nitrogen"
0.734341378794124,0.812540725661476,1.19042184031547,"2007-2013",2007,2013,"ARTSCO-DESCES","ARTSCO","DESCES","XNX",10000,FALSE,TRUE,-1,"Compensatory","+ Nitrogen"
1.36693982790631,0.731911353983925,1.27059232503573,"2007-2013",2007,2013,"ARTSCO-GENALG","ARTSCO","GENALG","XNX",10000,TRUE,FALSE,1,"Synchrony","+ Nitrogen"
1.41703004411729,0.686261786048762,1.33090614156328,"2007-2013",2007,2013,"ARTSCO-GEUROS","ARTSCO","GEUROS","XNX",10000,TRUE,FALSE,1,"Synchrony","+ Nitrogen"
1.13030456849497,0.755588490718299,1.24680658797515,"2007-2013",2007,2013,"ARTSCO-TRIPAR","ARTSCO","TRIPAR","XNX",10000,FALSE,FALSE,0,"None","+ Nitrogen"
1.11602472781528,0.756001227459822,1.2637562588094,"2007-2013",2007,2013,"BISBIS-CALLEP","BISBIS","CALLEP","XNX",10000,FALSE,FALSE,0,"None","+ Nitrogen"
1.05562079465679,0.796425244069765,1.20324776197371,"2007-2013",2007,2013,"BISBIS-CARSCO","BISBIS","CARSCO","XNX",10000,FALSE,FALSE,0,"None","+ Nitrogen"
0.782046206279033,0.840308074260442,1.15969039296374,"2007-2013",2007,2013,"BISBIS-DESCES","BISBIS","DESCES","XNX",10000,FALSE,TRUE,-1,"Compensatory","+ Nitrogen"
1.1200858508319,0.70770925255703,1.28931039618541,"2007-2013",2007,2013,"BISBIS-GENALG","BISBIS","GENALG","XNX",10000,FALSE,FALSE,0,"None","+ Nitrogen"
1.01642963163882,0.779453424021649,1.21580314426887,"2007-2013",2007,2013,"BISBIS-GEUROS","BISBIS","GEUROS","XNX",10000,FALSE,FALSE,0,"None","+ Nitrogen"
0.945869933485116,0.757669414472572,1.21419811873304,"2007-2013",2007,2013,"BISBIS-TRIPAR","BISBIS","TRIPAR","XNX",10000,FALSE,FALSE,0,"None","+ Nitrogen"
0.90457046309531,0.781152128240506,1.20441735567034,"2007-2013",2007,2013,"CALLEP-CARSCO","CALLEP","CARSCO","XNX",10000,FALSE,FALSE,0,"None","+ Nitrogen"
0.864130449429173,0.907812053281635,1.09548279598636,"2007-2013",2007,2013,"CALLEP-DESCES","CALLEP","DESCES","XNX",10000,FALSE,TRUE,-1,"Compensatory","+ Nitrogen"
1.19071690671193,0.764648816291563,1.23544806914026,"2007-2013",2007,2013,"CALLEP-GENALG","CALLEP","GENALG","XNX",10000,FALSE,FALSE,0,"None","+ Nitrogen"
1.28143851605644,0.763527524490398,1.22740849647119,"2007-2013",2007,2013,"CALLEP-GEUROS","CALLEP","GEUROS","XNX",10000,TRUE,FALSE,1,"Synchrony","+ Nitrogen"
1.01451021632429,0.706446556750076,1.30155415590185,"2007-2013",2007,2013,"CALLEP-TRIPAR","CALLEP","TRIPAR","XNX",10000,FALSE,FALSE,0,"None","+ Nitrogen"
0.953363035895911,0.849676018848756,1.15139006148341,"2007-2013",2007,2013,"CARSCO-DESCES","CARSCO","DESCES","XNX",10000,FALSE,FALSE,0,"None","+ Nitrogen"
0.634369407058442,0.702283076602407,1.29930928138588,"2007-2013",2007,2013,"CARSCO-GENALG","CARSCO","GENALG","XNX",10000,FALSE,TRUE,-1,"Compensatory","+ Nitrogen"
0.959164009163553,0.729602665252087,1.26244486548045,"2007-2013",2007,2013,"CARSCO-GEUROS","CARSCO","GEUROS","XNX",10000,FALSE,FALSE,0,"None","+ Nitrogen"
1.1918856351881,0.736433944570161,1.2662117948905,"2007-2013",2007,2013,"CARSCO-TRIPAR","CARSCO","TRIPAR","XNX",10000,FALSE,FALSE,0,"None","+ Nitrogen"
0.820197374992453,0.870679648206981,1.12332260880111,"2007-2013",2007,2013,"DESCES-GENALG","DESCES","GENALG","XNX",10000,FALSE,TRUE,-1,"Compensatory","+ Nitrogen"
0.566568079759191,0.774371723304003,1.21298670822093,"2007-2013",2007,2013,"DESCES-GEUROS","DESCES","GEUROS","XNX",10000,FALSE,TRUE,-1,"Compensatory","+ Nitrogen"
0.984348225583846,0.901989568601267,1.10445454765253,"2007-2013",2007,2013,"DESCES-TRIPAR","DESCES","TRIPAR","XNX",10000,FALSE,FALSE,0,"None","+ Nitrogen"
1.28728694880228,0.774931560219698,1.22344301264743,"2007-2013",2007,2013,"GENALG-GEUROS","GENALG","GEUROS","XNX",10000,TRUE,FALSE,1,"Synchrony","+ Nitrogen"
1.21198874571303,0.753760459938875,1.27426883212454,"2007-2013",2007,2013,"GENALG-TRIPAR","GENALG","TRIPAR","XNX",10000,FALSE,FALSE,0,"None","+ Nitrogen"
1.19161330284001,0.781450861580069,1.23549072700928,"2007-2013",2007,2013,"GEUROS-TRIPAR","GEUROS","TRIPAR","XNX",10000,FALSE,FALSE,0,"None","+ Nitrogen"
1.27376046070583,0.702896216138554,1.28968642442612,"2008-2014",2008,2014,"ARTSCO-BISBIS","ARTSCO","BISBIS","XNX",10000,FALSE,FALSE,0,"None","+ Nitrogen"
1.1899488913185,0.750845950115796,1.26035718734219,"2008-2014",2008,2014,"ARTSCO-CALLEP","ARTSCO","CALLEP","XNX",10000,FALSE,FALSE,0,"None","+ Nitrogen"
0.881370829137081,0.688916453772735,1.33885958513059,"2008-2014",2008,2014,"ARTSCO-CARSCO","ARTSCO","CARSCO","XNX",10000,FALSE,FALSE,0,"None","+ Nitrogen"
0.84380172058679,0.839496640500903,1.15577868219793,"2008-2014",2008,2014,"ARTSCO-DESCES","ARTSCO","DESCES","XNX",10000,FALSE,FALSE,0,"None","+ Nitrogen"
1.42514472001255,0.718228194679705,1.298165285779,"2008-2014",2008,2014,"ARTSCO-GENALG","ARTSCO","GENALG","XNX",10000,TRUE,FALSE,1,"Synchrony","+ Nitrogen"
1.28740572083396,0.68090804478401,1.31280538591977,"2008-2014",2008,2014,"ARTSCO-GEUROS","ARTSCO","GEUROS","XNX",10000,FALSE,FALSE,0,"None","+ Nitrogen"
1.19252526880716,0.71637407634203,1.26728630614352,"2008-2014",2008,2014,"ARTSCO-TRIPAR","ARTSCO","TRIPAR","XNX",10000,FALSE,FALSE,0,"None","+ Nitrogen"
1.15431621558374,0.76893287824871,1.22843906118041,"2008-2014",2008,2014,"BISBIS-CALLEP","BISBIS","CALLEP","XNX",10000,FALSE,FALSE,0,"None","+ Nitrogen"
1.09277328094496,0.769999417442137,1.21129920540684,"2008-2014",2008,2014,"BISBIS-CARSCO","BISBIS","CARSCO","XNX",10000,FALSE,FALSE,0,"None","+ Nitrogen"
0.687602027999153,0.799826795673455,1.17284123951897,"2008-2014",2008,2014,"BISBIS-DESCES","BISBIS","DESCES","XNX",10000,FALSE,TRUE,-1,"Compensatory","+ Nitrogen"
1.14453498364635,0.75346003859857,1.2611509003988,"2008-2014",2008,2014,"BISBIS-GENALG","BISBIS","GENALG","XNX",10000,FALSE,FALSE,0,"None","+ Nitrogen"
1.05980086508692,0.75662718779745,1.24928255440088,"2008-2014",2008,2014,"BISBIS-GEUROS","BISBIS","GEUROS","XNX",10000,FALSE,FALSE,0,"None","+ Nitrogen"
0.884696036444782,0.78971491814782,1.19492580206541,"2008-2014",2008,2014,"BISBIS-TRIPAR","BISBIS","TRIPAR","XNX",10000,FALSE,FALSE,0,"None","+ Nitrogen"
1.09716962042497,0.730206332779633,1.28861187711595,"2008-2014",2008,2014,"CALLEP-CARSCO","CALLEP","CARSCO","XNX",10000,FALSE,FALSE,0,"None","+ Nitrogen"
0.896579655358537,0.89025055370983,1.10685350352918,"2008-2014",2008,2014,"CALLEP-DESCES","CALLEP","DESCES","XNX",10000,FALSE,FALSE,0,"None","+ Nitrogen"
1.12733430732452,0.737312794557639,1.27476384380013,"2008-2014",2008,2014,"CALLEP-GENALG","CALLEP","GENALG","XNX",10000,FALSE,FALSE,0,"None","+ Nitrogen"
1.29729004873118,0.783943173455596,1.21168479657007,"2008-2014",2008,2014,"CALLEP-GEUROS","CALLEP","GEUROS","XNX",10000,TRUE,FALSE,1,"Synchrony","+ Nitrogen"
1.10118779844055,0.726947927417471,1.26865277484851,"2008-2014",2008,2014,"CALLEP-TRIPAR","CALLEP","TRIPAR","XNX",10000,FALSE,FALSE,0,"None","+ Nitrogen"
0.809793807371518,0.812298103851887,1.19704140295754,"2008-2014",2008,2014,"CARSCO-DESCES","CARSCO","DESCES","XNX",10000,FALSE,TRUE,-1,"Compensatory","+ Nitrogen"
0.85984208924042,0.734751120236124,1.29050763404737,"2008-2014",2008,2014,"CARSCO-GENALG","CARSCO","GENALG","XNX",10000,FALSE,FALSE,0,"None","+ Nitrogen"
1.25216898200093,0.689253015773713,1.30123208716255,"2008-2014",2008,2014,"CARSCO-GEUROS","CARSCO","GEUROS","XNX",10000,FALSE,FALSE,0,"None","+ Nitrogen"
1.30122207456614,0.738391104911185,1.26187384204354,"2008-2014",2008,2014,"CARSCO-TRIPAR","CARSCO","TRIPAR","XNX",10000,TRUE,FALSE,1,"Synchrony","+ Nitrogen"
0.905923730652559,0.890203949001238,1.10997200038496,"2008-2014",2008,2014,"DESCES-GENALG","DESCES","GENALG","XNX",10000,FALSE,FALSE,0,"None","+ Nitrogen"
0.701222767039839,0.796119989353398,1.19597297375509,"2008-2014",2008,2014,"DESCES-GEUROS","DESCES","GEUROS","XNX",10000,FALSE,TRUE,-1,"Compensatory","+ Nitrogen"
0.995601539876903,0.892784662222856,1.12227968659482,"2008-2014",2008,2014,"DESCES-TRIPAR","DESCES","TRIPAR","XNX",10000,FALSE,FALSE,0,"None","+ Nitrogen"
1.28953934385624,0.718271496582001,1.28049403194003,"2008-2014",2008,2014,"GENALG-GEUROS","GENALG","GEUROS","XNX",10000,TRUE,FALSE,1,"Synchrony","+ Nitrogen"
1.3050268675503,0.696276285831515,1.29662910675076,"2008-2014",2008,2014,"GENALG-TRIPAR","GENALG","TRIPAR","XNX",10000,TRUE,FALSE,1,"Synchrony","+ Nitrogen"
1.24034108581029,0.716077070700245,1.29804412383697,"2008-2014",2008,2014,"GEUROS-TRIPAR","GEUROS","TRIPAR","XNX",10000,FALSE,FALSE,0,"None","+ Nitrogen"
1.25056090004427,0.730116172474105,1.28407382905965,"2009-2015",2009,2015,"ARTSCO-BISBIS","ARTSCO","BISBIS","XNX",10000,FALSE,FALSE,0,"None","+ Nitrogen"
1.16808896732392,0.769733122625515,1.24553335437802,"2009-2015",2009,2015,"ARTSCO-CALLEP","ARTSCO","CALLEP","XNX",10000,FALSE,FALSE,0,"None","+ Nitrogen"
0.949297952953259,0.701555022129671,1.30724137101812,"2009-2015",2009,2015,"ARTSCO-CARSCO","ARTSCO","CARSCO","XNX",10000,FALSE,FALSE,0,"None","+ Nitrogen"
0.846592490521615,0.865725463129755,1.13020672959204,"2009-2015",2009,2015,"ARTSCO-DESCES","ARTSCO","DESCES","XNX",10000,FALSE,TRUE,-1,"Compensatory","+ Nitrogen"
1.36558358385357,0.756331471548463,1.27833718364689,"2009-2015",2009,2015,"ARTSCO-GENALG","ARTSCO","GENALG","XNX",10000,TRUE,FALSE,1,"Synchrony","+ Nitrogen"
1.33586583331282,0.683733425887784,1.32183298775343,"2009-2015",2009,2015,"ARTSCO-GEUROS","ARTSCO","GEUROS","XNX",10000,TRUE,FALSE,1,"Synchrony","+ Nitrogen"
1.11942742970358,0.696828095890568,1.30106897912833,"2009-2015",2009,2015,"ARTSCO-TRIPAR","ARTSCO","TRIPAR","XNX",10000,FALSE,FALSE,0,"None","+ Nitrogen"
1.23910005843231,0.778155960517387,1.23225524562356,"2009-2015",2009,2015,"BISBIS-CALLEP","BISBIS","CALLEP","XNX",10000,TRUE,FALSE,1,"Synchrony","+ Nitrogen"
1.03402110978403,0.752211163181043,1.23317314613451,"2009-2015",2009,2015,"BISBIS-CARSCO","BISBIS","CARSCO","XNX",10000,FALSE,FALSE,0,"None","+ Nitrogen"
0.747352317070439,0.826226139876968,1.2067152539139,"2009-2015",2009,2015,"BISBIS-DESCES","BISBIS","DESCES","XNX",10000,FALSE,TRUE,-1,"Compensatory","+ Nitrogen"
1.04998780109399,0.783384153322607,1.24180873883182,"2009-2015",2009,2015,"BISBIS-GENALG","BISBIS","GENALG","XNX",10000,FALSE,FALSE,0,"None","+ Nitrogen"
1.13079632412252,0.74137671811078,1.26851084886156,"2009-2015",2009,2015,"BISBIS-GEUROS","BISBIS","GEUROS","XNX",10000,FALSE,FALSE,0,"None","+ Nitrogen"
0.891961912839857,0.78116015302574,1.2158239682698,"2009-2015",2009,2015,"BISBIS-TRIPAR","BISBIS","TRIPAR","XNX",10000,FALSE,FALSE,0,"None","+ Nitrogen"
1.27466645638692,0.732214395178323,1.27377691495599,"2009-2015",2009,2015,"CALLEP-CARSCO","CALLEP","CARSCO","XNX",10000,TRUE,FALSE,1,"Synchrony","+ Nitrogen"
0.870554556572203,0.917286287350823,1.08087057777205,"2009-2015",2009,2015,"CALLEP-DESCES","CALLEP","DESCES","XNX",10000,FALSE,TRUE,-1,"Compensatory","+ Nitrogen"
1.17034017242327,0.737552905363018,1.26180852646215,"2009-2015",2009,2015,"CALLEP-GENALG","CALLEP","GENALG","XNX",10000,FALSE,FALSE,0,"None","+ Nitrogen"
1.28443685624367,0.799060719834715,1.19566791974843,"2009-2015",2009,2015,"CALLEP-GEUROS","CALLEP","GEUROS","XNX",10000,TRUE,FALSE,1,"Synchrony","+ Nitrogen"
1.08266010799899,0.736830920797602,1.27091050433858,"2009-2015",2009,2015,"CALLEP-TRIPAR","CALLEP","TRIPAR","XNX",10000,FALSE,FALSE,0,"None","+ Nitrogen"
0.792403097606592,0.808523348386825,1.20928285331485,"2009-2015",2009,2015,"CARSCO-DESCES","CARSCO","DESCES","XNX",10000,FALSE,TRUE,-1,"Compensatory","+ Nitrogen"
0.962074163713692,0.762490117079958,1.23248301271934,"2009-2015",2009,2015,"CARSCO-GENALG","CARSCO","GENALG","XNX",10000,FALSE,FALSE,0,"None","+ Nitrogen"
1.32061999018044,0.696301382804357,1.28823953237473,"2009-2015",2009,2015,"CARSCO-GEUROS","CARSCO","GEUROS","XNX",10000,TRUE,FALSE,1,"Synchrony","+ Nitrogen"
1.24514868155955,0.751387826009552,1.24071389216412,"2009-2015",2009,2015,"CARSCO-TRIPAR","CARSCO","TRIPAR","XNX",10000,TRUE,FALSE,1,"Synchrony","+ Nitrogen"
0.922781392894837,0.891823952606261,1.10088455093651,"2009-2015",2009,2015,"DESCES-GENALG","DESCES","GENALG","XNX",10000,FALSE,FALSE,0,"None","+ Nitrogen"
0.709114515392953,0.813959409519003,1.17995784787058,"2009-2015",2009,2015,"DESCES-GEUROS","DESCES","GEUROS","XNX",10000,FALSE,TRUE,-1,"Compensatory","+ Nitrogen"
0.978529348008122,0.883944595314569,1.11750805847508,"2009-2015",2009,2015,"DESCES-TRIPAR","DESCES","TRIPAR","XNX",10000,FALSE,FALSE,0,"None","+ Nitrogen"
1.26785941305787,0.703540228758758,1.30173625546457,"2009-2015",2009,2015,"GENALG-GEUROS","GENALG","GEUROS","XNX",10000,FALSE,FALSE,0,"None","+ Nitrogen"
1.22235746491668,0.682558461561388,1.31046112244891,"2009-2015",2009,2015,"GENALG-TRIPAR","GENALG","TRIPAR","XNX",10000,FALSE,FALSE,0,"None","+ Nitrogen"
1.34162136746848,0.719421065131026,1.30506687150082,"2009-2015",2009,2015,"GEUROS-TRIPAR","GEUROS","TRIPAR","XNX",10000,TRUE,FALSE,1,"Synchrony","+ Nitrogen"
1.16847927986358,0.771063689662445,1.24958074359054,"2010-2016",2010,2016,"ARTSCO-BISBIS","ARTSCO","BISBIS","XNX",10000,FALSE,FALSE,0,"None","+ Nitrogen"
1.10710277673802,0.785451127790287,1.21215610458718,"2010-2016",2010,2016,"ARTSCO-CALLEP","ARTSCO","CALLEP","XNX",10000,FALSE,FALSE,0,"None","+ Nitrogen"
1.10055764533913,0.681138703922659,1.31515478230509,"2010-2016",2010,2016,"ARTSCO-CARSCO","ARTSCO","CARSCO","XNX",10000,FALSE,FALSE,0,"None","+ Nitrogen"
0.893242502196721,0.863839679118918,1.13764019045069,"2010-2016",2010,2016,"ARTSCO-DESCES","ARTSCO","DESCES","XNX",10000,FALSE,FALSE,0,"None","+ Nitrogen"
1.09148116202232,0.786617542207693,1.20454661627252,"2010-2016",2010,2016,"ARTSCO-GENALG","ARTSCO","GENALG","XNX",10000,FALSE,FALSE,0,"None","+ Nitrogen"
1.14343023026006,0.779852396676519,1.23207621472387,"2010-2016",2010,2016,"ARTSCO-GEUROS","ARTSCO","GEUROS","XNX",10000,FALSE,FALSE,0,"None","+ Nitrogen"
1.09009698376658,0.691621487328134,1.29904794232505,"2010-2016",2010,2016,"ARTSCO-TRIPAR","ARTSCO","TRIPAR","XNX",10000,FALSE,FALSE,0,"None","+ Nitrogen"
1.17880457093016,0.796319013894894,1.21887087703514,"2010-2016",2010,2016,"BISBIS-CALLEP","BISBIS","CALLEP","XNX",10000,FALSE,FALSE,0,"None","+ Nitrogen"
1.05572291911733,0.722196428380341,1.24663801061506,"2010-2016",2010,2016,"BISBIS-CARSCO","BISBIS","CARSCO","XNX",10000,FALSE,FALSE,0,"None","+ Nitrogen"
0.78215777323633,0.781267080693585,1.23123279111967,"2010-2016",2010,2016,"BISBIS-DESCES","BISBIS","DESCES","XNX",10000,FALSE,FALSE,0,"None","+ Nitrogen"
1.08950793412442,0.759372643612996,1.2403455264092,"2010-2016",2010,2016,"BISBIS-GENALG","BISBIS","GENALG","XNX",10000,FALSE,FALSE,0,"None","+ Nitrogen"
1.14604655480018,0.727367379764095,1.27833145781696,"2010-2016",2010,2016,"BISBIS-GEUROS","BISBIS","GEUROS","XNX",10000,FALSE,FALSE,0,"None","+ Nitrogen"
0.904551842179814,0.74174896145907,1.24451012411319,"2010-2016",2010,2016,"BISBIS-TRIPAR","BISBIS","TRIPAR","XNX",10000,FALSE,FALSE,0,"None","+ Nitrogen"
1.24374269908952,0.730841728442181,1.25914804241899,"2010-2016",2010,2016,"CALLEP-CARSCO","CALLEP","CARSCO","XNX",10000,FALSE,FALSE,0,"None","+ Nitrogen"
0.88501243216903,0.904402286002799,1.09261917391136,"2010-2016",2010,2016,"CALLEP-DESCES","CALLEP","DESCES","XNX",10000,FALSE,TRUE,-1,"Compensatory","+ Nitrogen"
1.22493105113675,0.700736794846743,1.33626308409927,"2010-2016",2010,2016,"CALLEP-GENALG","CALLEP","GENALG","XNX",10000,FALSE,FALSE,0,"None","+ Nitrogen"
1.25459735800872,0.792273284795504,1.21565612487786,"2010-2016",2010,2016,"CALLEP-GEUROS","CALLEP","GEUROS","XNX",10000,TRUE,FALSE,1,"Synchrony","+ Nitrogen"
1.15779492147335,0.735125512550452,1.2519082623786,"2010-2016",2010,2016,"CALLEP-TRIPAR","CALLEP","TRIPAR","XNX",10000,FALSE,FALSE,0,"None","+ Nitrogen"
0.770292829857141,0.805487301734972,1.20666869656439,"2010-2016",2010,2016,"CARSCO-DESCES","CARSCO","DESCES","XNX",10000,FALSE,TRUE,-1,"Compensatory","+ Nitrogen"
1.12423212808129,0.768679844246777,1.21400289855142,"2010-2016",2010,2016,"CARSCO-GENALG","CARSCO","GENALG","XNX",10000,FALSE,FALSE,0,"None","+ Nitrogen"
1.34532784769403,0.691251193540444,1.29675406254164,"2010-2016",2010,2016,"CARSCO-GEUROS","CARSCO","GEUROS","XNX",10000,TRUE,FALSE,1,"Synchrony","+ Nitrogen"
1.20915208920204,0.759554098879412,1.2288367154134,"2010-2016",2010,2016,"CARSCO-TRIPAR","CARSCO","TRIPAR","XNX",10000,FALSE,FALSE,0,"None","+ Nitrogen"
0.94085750277904,0.906232785975214,1.09877163489883,"2010-2016",2010,2016,"DESCES-GENALG","DESCES","GENALG","XNX",10000,FALSE,FALSE,0,"None","+ Nitrogen"
0.747181158584363,0.788999923705248,1.21340504824047,"2010-2016",2010,2016,"DESCES-GEUROS","DESCES","GEUROS","XNX",10000,FALSE,TRUE,-1,"Compensatory","+ Nitrogen"
0.957969916610972,0.878514526820405,1.12041238243903,"2010-2016",2010,2016,"DESCES-TRIPAR","DESCES","TRIPAR","XNX",10000,FALSE,FALSE,0,"None","+ Nitrogen"
1.33085243207177,0.767025717870671,1.25514530377288,"2010-2016",2010,2016,"GENALG-GEUROS","GENALG","GEUROS","XNX",10000,TRUE,FALSE,1,"Synchrony","+ Nitrogen"
1.17139006680325,0.750452430884116,1.28294608273781,"2010-2016",2010,2016,"GENALG-TRIPAR","GENALG","TRIPAR","XNX",10000,FALSE,FALSE,0,"None","+ Nitrogen"
1.35027120498388,0.774189505095812,1.24885610620435,"2010-2016",2010,2016,"GEUROS-TRIPAR","GEUROS","TRIPAR","XNX",10000,TRUE,FALSE,1,"Synchrony","+ Nitrogen"
1.08950221193338,0.714161582958072,1.31343633104303,"2011-2017",2011,2017,"ARTSCO-BISBIS","ARTSCO","BISBIS","XNX",10000,FALSE,FALSE,0,"None","+ Nitrogen"
0.99068744941804,0.816795994774073,1.18801668928806,"2011-2017",2011,2017,"ARTSCO-CALLEP","ARTSCO","CALLEP","XNX",10000,FALSE,FALSE,0,"None","+ Nitrogen"
0.991441008453412,0.684591019560528,1.33074387336924,"2011-2017",2011,2017,"ARTSCO-CARSCO","ARTSCO","CARSCO","XNX",10000,FALSE,FALSE,0,"None","+ Nitrogen"
0.9350184104063,0.825404058252326,1.18394366352158,"2011-2017",2011,2017,"ARTSCO-DESCES","ARTSCO","DESCES","XNX",10000,FALSE,FALSE,0,"None","+ Nitrogen"
1.04028824595197,0.786415152178163,1.2128415757703,"2011-2017",2011,2017,"ARTSCO-GENALG","ARTSCO","GENALG","XNX",10000,FALSE,FALSE,0,"None","+ Nitrogen"
0.966086571598319,0.69656551171271,1.29997902487383,"2011-2017",2011,2017,"ARTSCO-GEUROS","ARTSCO","GEUROS","XNX",10000,FALSE,FALSE,0,"None","+ Nitrogen"
1.06122767110147,0.726204746503776,1.28767143132474,"2011-2017",2011,2017,"ARTSCO-TRIPAR","ARTSCO","TRIPAR","XNX",10000,FALSE,FALSE,0,"None","+ Nitrogen"
0.982788178285408,0.828242587593288,1.20468764218756,"2011-2017",2011,2017,"BISBIS-CALLEP","BISBIS","CALLEP","XNX",10000,FALSE,FALSE,0,"None","+ Nitrogen"
0.978573161642528,0.757408739630872,1.24651505602035,"2011-2017",2011,2017,"BISBIS-CARSCO","BISBIS","CARSCO","XNX",10000,FALSE,FALSE,0,"None","+ Nitrogen"
0.780508059586013,0.814091366536191,1.18468752489881,"2011-2017",2011,2017,"BISBIS-DESCES","BISBIS","DESCES","XNX",10000,FALSE,TRUE,-1,"Compensatory","+ Nitrogen"
0.979803108002269,0.78228818847627,1.24658662099541,"2011-2017",2011,2017,"BISBIS-GENALG","BISBIS","GENALG","XNX",10000,FALSE,FALSE,0,"None","+ Nitrogen"
1.01414329471669,0.70775677539069,1.28491417087385,"2011-2017",2011,2017,"BISBIS-GEUROS","BISBIS","GEUROS","XNX",10000,FALSE,FALSE,0,"None","+ Nitrogen"
0.779811958994789,0.703432428276762,1.30207045879088,"2011-2017",2011,2017,"BISBIS-TRIPAR","BISBIS","TRIPAR","XNX",10000,FALSE,FALSE,0,"None","+ Nitrogen"
1.11401786802932,0.818374307932607,1.24552752550011,"2011-2017",2011,2017,"CALLEP-CARSCO","CALLEP","CARSCO","XNX",10000,FALSE,FALSE,0,"None","+ Nitrogen"
0.937839800814851,0.932092412067978,1.07954833101362,"2011-2017",2011,2017,"CALLEP-DESCES","CALLEP","DESCES","XNX",10000,FALSE,FALSE,0,"None","+ Nitrogen"
1.00017984640183,0.731665027631224,1.2851038862156,"2011-2017",2011,2017,"CALLEP-GENALG","CALLEP","GENALG","XNX",10000,FALSE,FALSE,0,"None","+ Nitrogen"
1.22673515077302,0.825455466027432,1.20473752907036,"2011-2017",2011,2017,"CALLEP-GEUROS","CALLEP","GEUROS","XNX",10000,TRUE,FALSE,1,"Synchrony","+ Nitrogen"
0.994337682711924,0.759711309081132,1.25015232172372,"2011-2017",2011,2017,"CALLEP-TRIPAR","CALLEP","TRIPAR","XNX",10000,FALSE,FALSE,0,"None","+ Nitrogen"
0.752551761935585,0.775020925330613,1.23036733992032,"2011-2017",2011,2017,"CARSCO-DESCES","CARSCO","DESCES","XNX",10000,FALSE,TRUE,-1,"Compensatory","+ Nitrogen"
1.14508685837662,0.803690531252274,1.20030665782819,"2011-2017",2011,2017,"CARSCO-GENALG","CARSCO","GENALG","XNX",10000,FALSE,FALSE,0,"None","+ Nitrogen"
1.26907717504452,0.720556509604735,1.29791875159997,"2011-2017",2011,2017,"CARSCO-GEUROS","CARSCO","GEUROS","XNX",10000,FALSE,FALSE,0,"None","+ Nitrogen"
1.2494599656309,0.770129312191841,1.23194236742956,"2011-2017",2011,2017,"CARSCO-TRIPAR","CARSCO","TRIPAR","XNX",10000,TRUE,FALSE,1,"Synchrony","+ Nitrogen"
0.940314022887139,0.9236581268995,1.07188622680002,"2011-2017",2011,2017,"DESCES-GENALG","DESCES","GENALG","XNX",10000,FALSE,FALSE,0,"None","+ Nitrogen"
0.834154333804344,0.838212366502663,1.15981089050679,"2011-2017",2011,2017,"DESCES-GEUROS","DESCES","GEUROS","XNX",10000,FALSE,TRUE,-1,"Compensatory","+ Nitrogen"
0.957118488664946,0.897032052187988,1.111412879239,"2011-2017",2011,2017,"DESCES-TRIPAR","DESCES","TRIPAR","XNX",10000,FALSE,FALSE,0,"None","+ Nitrogen"
1.26223207494124,0.813126637233207,1.20868509296012,"2011-2017",2011,2017,"GENALG-GEUROS","GENALG","GEUROS","XNX",10000,TRUE,FALSE,1,"Synchrony","+ Nitrogen"
0.964624018697181,0.695834328744648,1.29609325894024,"2011-2017",2011,2017,"GENALG-TRIPAR","GENALG","TRIPAR","XNX",10000,FALSE,FALSE,0,"None","+ Nitrogen"
1.06755634032855,0.754412947066163,1.24706222890054,"2011-2017",2011,2017,"GEUROS-TRIPAR","GEUROS","TRIPAR","XNX",10000,FALSE,FALSE,0,"None","+ Nitrogen"
0.992174842886846,0.688624759769167,1.33162584393996,"2012-2018",2012,2018,"ARTSCO-BISBIS","ARTSCO","BISBIS","XNX",10000,FALSE,FALSE,0,"None","+ Nitrogen"
0.869059639039055,0.791204098780651,1.20246960439693,"2012-2018",2012,2018,"ARTSCO-CALLEP","ARTSCO","CALLEP","XNX",10000,FALSE,FALSE,0,"None","+ Nitrogen"
0.903195789995504,0.727581127918984,1.27656426942478,"2012-2018",2012,2018,"ARTSCO-CARSCO","ARTSCO","CARSCO","XNX",10000,FALSE,FALSE,0,"None","+ Nitrogen"
1.08058760307474,0.777068812646544,1.22726162847426,"2012-2018",2012,2018,"ARTSCO-DESCES","ARTSCO","DESCES","XNX",10000,FALSE,FALSE,0,"None","+ Nitrogen"
1.01558333169068,0.81931453380303,1.21784035518513,"2012-2018",2012,2018,"ARTSCO-GENALG","ARTSCO","GENALG","XNX",10000,FALSE,FALSE,0,"None","+ Nitrogen"
0.917709212341715,0.716275694604747,1.28664216596599,"2012-2018",2012,2018,"ARTSCO-GEUROS","ARTSCO","GEUROS","XNX",10000,FALSE,FALSE,0,"None","+ Nitrogen"
1.05969285876297,0.746331320231126,1.25175104636261,"2012-2018",2012,2018,"ARTSCO-TRIPAR","ARTSCO","TRIPAR","XNX",10000,FALSE,FALSE,0,"None","+ Nitrogen"
0.995614794726018,0.795869236688678,1.19618775077771,"2012-2018",2012,2018,"BISBIS-CALLEP","BISBIS","CALLEP","XNX",10000,FALSE,FALSE,0,"None","+ Nitrogen"
1.01124545946372,0.779529168691876,1.23641649206927,"2012-2018",2012,2018,"BISBIS-CARSCO","BISBIS","CARSCO","XNX",10000,FALSE,FALSE,0,"None","+ Nitrogen"
0.797407205864123,0.800511547896339,1.19953579220334,"2012-2018",2012,2018,"BISBIS-DESCES","BISBIS","DESCES","XNX",10000,FALSE,TRUE,-1,"Compensatory","+ Nitrogen"
1.01693415899027,0.786392377929295,1.23821260735401,"2012-2018",2012,2018,"BISBIS-GENALG","BISBIS","GENALG","XNX",10000,FALSE,FALSE,0,"None","+ Nitrogen"
1.05175110732106,0.743643410217236,1.27720782371886,"2012-2018",2012,2018,"BISBIS-GEUROS","BISBIS","GEUROS","XNX",10000,FALSE,FALSE,0,"None","+ Nitrogen"
0.750216901301866,0.742831280870126,1.27053821742752,"2012-2018",2012,2018,"BISBIS-TRIPAR","BISBIS","TRIPAR","XNX",10000,FALSE,FALSE,0,"None","+ Nitrogen"
1.11350846659912,0.774080047381764,1.26188872539551,"2012-2018",2012,2018,"CALLEP-CARSCO","CALLEP","CARSCO","XNX",10000,FALSE,FALSE,0,"None","+ Nitrogen"
0.940785037614037,0.877173966430648,1.10203285607958,"2012-2018",2012,2018,"CALLEP-DESCES","CALLEP","DESCES","XNX",10000,FALSE,FALSE,0,"None","+ Nitrogen"
0.952858046557012,0.728402853920001,1.28515805221184,"2012-2018",2012,2018,"CALLEP-GENALG","CALLEP","GENALG","XNX",10000,FALSE,FALSE,0,"None","+ Nitrogen"
0.991091081476276,0.761277184469799,1.25226017434007,"2012-2018",2012,2018,"CALLEP-GEUROS","CALLEP","GEUROS","XNX",10000,FALSE,FALSE,0,"None","+ Nitrogen"
0.981125691346488,0.732860193410251,1.24754630244277,"2012-2018",2012,2018,"CALLEP-TRIPAR","CALLEP","TRIPAR","XNX",10000,FALSE,FALSE,0,"None","+ Nitrogen"
0.685478397245547,0.77906591632364,1.22806769018338,"2012-2018",2012,2018,"CARSCO-DESCES","CARSCO","DESCES","XNX",10000,FALSE,TRUE,-1,"Compensatory","+ Nitrogen"
1.02702606491987,0.759209991943866,1.22517562278234,"2012-2018",2012,2018,"CARSCO-GENALG","CARSCO","GENALG","XNX",10000,FALSE,FALSE,0,"None","+ Nitrogen"
1.05292443611807,0.709103188150002,1.31503923179626,"2012-2018",2012,2018,"CARSCO-GEUROS","CARSCO","GEUROS","XNX",10000,FALSE,FALSE,0,"None","+ Nitrogen"
1.17152073513813,0.75821156846653,1.23877298056808,"2012-2018",2012,2018,"CARSCO-TRIPAR","CARSCO","TRIPAR","XNX",10000,FALSE,FALSE,0,"None","+ Nitrogen"
0.933818803257547,0.907351961016852,1.07671884611498,"2012-2018",2012,2018,"DESCES-GENALG","DESCES","GENALG","XNX",10000,FALSE,FALSE,0,"None","+ Nitrogen"
0.826076159388495,0.805448035708222,1.19785936123831,"2012-2018",2012,2018,"DESCES-GEUROS","DESCES","GEUROS","XNX",10000,FALSE,FALSE,0,"None","+ Nitrogen"
0.980445466777744,0.872473699250899,1.12089064441439,"2012-2018",2012,2018,"DESCES-TRIPAR","DESCES","TRIPAR","XNX",10000,FALSE,FALSE,0,"None","+ Nitrogen"
1.24020197776078,0.775216316157273,1.21581202369497,"2012-2018",2012,2018,"GENALG-GEUROS","GENALG","GEUROS","XNX",10000,TRUE,FALSE,1,"Synchrony","+ Nitrogen"
0.906212649502368,0.688184931245993,1.31754820971856,"2012-2018",2012,2018,"GENALG-TRIPAR","GENALG","TRIPAR","XNX",10000,FALSE,FALSE,0,"None","+ Nitrogen"
1.03502402731773,0.709946677112306,1.29323219957214,"2012-2018",2012,2018,"GEUROS-TRIPAR","GEUROS","TRIPAR","XNX",10000,FALSE,FALSE,0,"None","+ Nitrogen"
1.03954794979225,0.686733883838675,1.32526562644103,"2013-2019",2013,2019,"ARTSCO-BISBIS","ARTSCO","BISBIS","XNX",10000,FALSE,FALSE,0,"None","+ Nitrogen"
1.00545548322437,0.819800884057127,1.21539429441318,"2013-2019",2013,2019,"ARTSCO-CALLEP","ARTSCO","CALLEP","XNX",10000,FALSE,FALSE,0,"None","+ Nitrogen"
1.20265845382493,0.728013813825224,1.28839866808281,"2013-2019",2013,2019,"ARTSCO-CARSCO","ARTSCO","CARSCO","XNX",10000,FALSE,FALSE,0,"None","+ Nitrogen"
0.750017318073356,0.784456720464155,1.21371072924978,"2013-2019",2013,2019,"ARTSCO-DESCES","ARTSCO","DESCES","XNX",10000,FALSE,TRUE,-1,"Compensatory","+ Nitrogen"
1.00772210780615,0.841806613333134,1.15470072562241,"2013-2019",2013,2019,"ARTSCO-GENALG","ARTSCO","GENALG","XNX",10000,FALSE,FALSE,0,"None","+ Nitrogen"
1.10615852386385,0.723810864698922,1.25907794063638,"2013-2019",2013,2019,"ARTSCO-GEUROS","ARTSCO","GEUROS","XNX",10000,FALSE,FALSE,0,"None","+ Nitrogen"
1.29395892732637,0.744312817070597,1.24648814427667,"2013-2019",2013,2019,"ARTSCO-TRIPAR","ARTSCO","TRIPAR","XNX",10000,TRUE,FALSE,1,"Synchrony","+ Nitrogen"
1.05841094844983,0.81460103161393,1.18217890892141,"2013-2019",2013,2019,"BISBIS-CALLEP","BISBIS","CALLEP","XNX",10000,FALSE,FALSE,0,"None","+ Nitrogen"
0.964843708135516,0.748363900162741,1.24476817168653,"2013-2019",2013,2019,"BISBIS-CARSCO","BISBIS","CARSCO","XNX",10000,FALSE,FALSE,0,"None","+ Nitrogen"
0.837518438492724,0.795796816587717,1.19440490139818,"2013-2019",2013,2019,"BISBIS-DESCES","BISBIS","DESCES","XNX",10000,FALSE,FALSE,0,"None","+ Nitrogen"
1.09853570966147,0.800580888784349,1.19377620906455,"2013-2019",2013,2019,"BISBIS-GENALG","BISBIS","GENALG","XNX",10000,FALSE,FALSE,0,"None","+ Nitrogen"
1.28891842118418,0.742257147543105,1.2407880353146,"2013-2019",2013,2019,"BISBIS-GEUROS","BISBIS","GEUROS","XNX",10000,TRUE,FALSE,1,"Synchrony","+ Nitrogen"
0.736626247202806,0.72034973682186,1.29795058497215,"2013-2019",2013,2019,"BISBIS-TRIPAR","BISBIS","TRIPAR","XNX",10000,FALSE,FALSE,0,"None","+ Nitrogen"
1.05391477370851,0.793898060273787,1.2196273791959,"2013-2019",2013,2019,"CALLEP-CARSCO","CALLEP","CARSCO","XNX",10000,FALSE,FALSE,0,"None","+ Nitrogen"
0.835169988778833,0.817882363498439,1.14412908522755,"2013-2019",2013,2019,"CALLEP-DESCES","CALLEP","DESCES","XNX",10000,FALSE,FALSE,0,"None","+ Nitrogen"
1.05945086496222,0.805967646886712,1.27034508658592,"2013-2019",2013,2019,"CALLEP-GENALG","CALLEP","GENALG","XNX",10000,FALSE,FALSE,0,"None","+ Nitrogen"
0.96807366678069,0.746387024011982,1.26239094826336,"2013-2019",2013,2019,"CALLEP-GEUROS","CALLEP","GEUROS","XNX",10000,FALSE,FALSE,0,"None","+ Nitrogen"
1.00105245012509,0.774106221513537,1.22012321334146,"2013-2019",2013,2019,"CALLEP-TRIPAR","CALLEP","TRIPAR","XNX",10000,FALSE,FALSE,0,"None","+ Nitrogen"
0.60431694596422,0.742130282746918,1.24284143559783,"2013-2019",2013,2019,"CARSCO-DESCES","CARSCO","DESCES","XNX",10000,FALSE,TRUE,-1,"Compensatory","+ Nitrogen"
1.01040093253704,0.835758390809113,1.16654506068748,"2013-2019",2013,2019,"CARSCO-GENALG","CARSCO","GENALG","XNX",10000,FALSE,FALSE,0,"None","+ Nitrogen"
1.07465462233726,0.748725303889542,1.26838438708609,"2013-2019",2013,2019,"CARSCO-GEUROS","CARSCO","GEUROS","XNX",10000,FALSE,FALSE,0,"None","+ Nitrogen"
1.33754481742744,0.776552984230288,1.25864365059066,"2013-2019",2013,2019,"CARSCO-TRIPAR","CARSCO","TRIPAR","XNX",10000,TRUE,FALSE,1,"Synchrony","+ Nitrogen"
0.990139033526587,0.876747799368157,1.11575553689399,"2013-2019",2013,2019,"DESCES-GENALG","DESCES","GENALG","XNX",10000,FALSE,FALSE,0,"None","+ Nitrogen"
0.938636265780897,0.834806564943892,1.16276457174036,"2013-2019",2013,2019,"DESCES-GEUROS","DESCES","GEUROS","XNX",10000,FALSE,FALSE,0,"None","+ Nitrogen"
0.865773436366223,0.805166837857236,1.19260871904621,"2013-2019",2013,2019,"DESCES-TRIPAR","DESCES","TRIPAR","XNX",10000,FALSE,FALSE,0,"None","+ Nitrogen"
1.22879884829668,0.809090219712031,1.20436252104154,"2013-2019",2013,2019,"GENALG-GEUROS","GENALG","GEUROS","XNX",10000,TRUE,FALSE,1,"Synchrony","+ Nitrogen"
0.789488486409795,0.727230499826436,1.2355032380583,"2013-2019",2013,2019,"GENALG-TRIPAR","GENALG","TRIPAR","XNX",10000,FALSE,FALSE,0,"None","+ Nitrogen"
0.997802070603163,0.688008734709381,1.31389855639722,"2013-2019",2013,2019,"GEUROS-TRIPAR","GEUROS","TRIPAR","XNX",10000,FALSE,FALSE,0,"None","+ Nitrogen"
1.11935784300827,0.711253014950337,1.29296647441672,"2014-2020",2014,2020,"ARTSCO-BISBIS","ARTSCO","BISBIS","XNX",10000,FALSE,FALSE,0,"None","+ Nitrogen"
1.02085231829163,0.772711611753847,1.24805739356371,"2014-2020",2014,2020,"ARTSCO-CALLEP","ARTSCO","CALLEP","XNX",10000,FALSE,FALSE,0,"None","+ Nitrogen"
1.35031541779471,0.744606523884819,1.25813327695343,"2014-2020",2014,2020,"ARTSCO-CARSCO","ARTSCO","CARSCO","XNX",10000,TRUE,FALSE,1,"Synchrony","+ Nitrogen"
0.687377041230809,0.762922261279812,1.20430119410931,"2014-2020",2014,2020,"ARTSCO-DESCES","ARTSCO","DESCES","XNX",10000,FALSE,TRUE,-1,"Compensatory","+ Nitrogen"
1.05164225463351,0.82066865292696,1.18082582470441,"2014-2020",2014,2020,"ARTSCO-GENALG","ARTSCO","GENALG","XNX",10000,FALSE,FALSE,0,"None","+ Nitrogen"
1.26081157716302,0.730429907446124,1.26190622571312,"2014-2020",2014,2020,"ARTSCO-GEUROS","ARTSCO","GEUROS","XNX",10000,FALSE,FALSE,0,"None","+ Nitrogen"
1.25256217873127,0.769523060718621,1.24679733709791,"2014-2020",2014,2020,"ARTSCO-TRIPAR","ARTSCO","TRIPAR","XNX",10000,TRUE,FALSE,1,"Synchrony","+ Nitrogen"
1.08099677958478,0.785845806442662,1.21354158231846,"2014-2020",2014,2020,"BISBIS-CALLEP","BISBIS","CALLEP","XNX",10000,FALSE,FALSE,0,"None","+ Nitrogen"
1.08284505705564,0.692239781180225,1.3134781912432,"2014-2020",2014,2020,"BISBIS-CARSCO","BISBIS","CARSCO","XNX",10000,FALSE,FALSE,0,"None","+ Nitrogen"
0.814798284144068,0.783410075363004,1.217146961168,"2014-2020",2014,2020,"BISBIS-DESCES","BISBIS","DESCES","XNX",10000,FALSE,FALSE,0,"None","+ Nitrogen"
1.15198819241882,0.760838775238877,1.23491178905647,"2014-2020",2014,2020,"BISBIS-GENALG","BISBIS","GENALG","XNX",10000,FALSE,FALSE,0,"None","+ Nitrogen"
1.34890555975531,0.735670647356575,1.29099446448989,"2014-2020",2014,2020,"BISBIS-GEUROS","BISBIS","GEUROS","XNX",10000,TRUE,FALSE,1,"Synchrony","+ Nitrogen"
0.782960010297041,0.734311777093386,1.28063633377245,"2014-2020",2014,2020,"BISBIS-TRIPAR","BISBIS","TRIPAR","XNX",10000,FALSE,FALSE,0,"None","+ Nitrogen"
1.12652132075358,0.795488308659457,1.21827511122472,"2014-2020",2014,2020,"CALLEP-CARSCO","CALLEP","CARSCO","XNX",10000,FALSE,FALSE,0,"None","+ Nitrogen"
0.883943392353282,0.863995242393561,1.12153744667579,"2014-2020",2014,2020,"CALLEP-DESCES","CALLEP","DESCES","XNX",10000,FALSE,FALSE,0,"None","+ Nitrogen"
1.04222470544753,0.796922521597856,1.27379036201318,"2014-2020",2014,2020,"CALLEP-GENALG","CALLEP","GENALG","XNX",10000,FALSE,FALSE,0,"None","+ Nitrogen"
1.05374481422608,0.746361370104434,1.27376025074428,"2014-2020",2014,2020,"CALLEP-GEUROS","CALLEP","GEUROS","XNX",10000,FALSE,FALSE,0,"None","+ Nitrogen"
1.02649396271637,0.784050418811163,1.22054070431019,"2014-2020",2014,2020,"CALLEP-TRIPAR","CALLEP","TRIPAR","XNX",10000,FALSE,FALSE,0,"None","+ Nitrogen"
0.537003624732978,0.737012867824997,1.2677910498622,"2014-2020",2014,2020,"CARSCO-DESCES","CARSCO","DESCES","XNX",10000,FALSE,TRUE,-1,"Compensatory","+ Nitrogen"
0.987133255136133,0.835816632061103,1.1869579903187,"2014-2020",2014,2020,"CARSCO-GENALG","CARSCO","GENALG","XNX",10000,FALSE,FALSE,0,"None","+ Nitrogen"
1.0366808982686,0.734177113292302,1.31023772627089,"2014-2020",2014,2020,"CARSCO-GEUROS","CARSCO","GEUROS","XNX",10000,FALSE,FALSE,0,"None","+ Nitrogen"
1.37172065470473,0.735495755796918,1.28339069122406,"2014-2020",2014,2020,"CARSCO-TRIPAR","CARSCO","TRIPAR","XNX",10000,TRUE,FALSE,1,"Synchrony","+ Nitrogen"
0.963434325906061,0.923231516231513,1.09392462763336,"2014-2020",2014,2020,"DESCES-GENALG","DESCES","GENALG","XNX",10000,FALSE,FALSE,0,"None","+ Nitrogen"
0.805110323250296,0.836097521177926,1.18141576106346,"2014-2020",2014,2020,"DESCES-GEUROS","DESCES","GEUROS","XNX",10000,FALSE,TRUE,-1,"Compensatory","+ Nitrogen"
0.793628814256731,0.813055833072167,1.16127558644573,"2014-2020",2014,2020,"DESCES-TRIPAR","DESCES","TRIPAR","XNX",10000,FALSE,TRUE,-1,"Compensatory","+ Nitrogen"
1.18450443113332,0.802209370198853,1.20402845933172,"2014-2020",2014,2020,"GENALG-GEUROS","GENALG","GEUROS","XNX",10000,FALSE,FALSE,0,"None","+ Nitrogen"
0.739313004319339,0.761357192630489,1.21302083457945,"2014-2020",2014,2020,"GENALG-TRIPAR","GENALG","TRIPAR","XNX",10000,FALSE,TRUE,-1,"Compensatory","+ Nitrogen"
1.01004690719461,0.709482145501768,1.30763813085176,"2014-2020",2014,2020,"GEUROS-TRIPAR","GEUROS","TRIPAR","XNX",10000,FALSE,FALSE,0,"None","+ Nitrogen"
1.27765250344927,0.696762403212251,1.31150243024724,"2015-2021",2015,2021,"ARTSCO-BISBIS","ARTSCO","BISBIS","XNX",10000,FALSE,FALSE,0,"None","+ Nitrogen"
1.06649203860391,0.784892666048888,1.2454840462322,"2015-2021",2015,2021,"ARTSCO-CALLEP","ARTSCO","CALLEP","XNX",10000,FALSE,FALSE,0,"None","+ Nitrogen"
1.2765854888431,0.757242932389038,1.22077296703633,"2015-2021",2015,2021,"ARTSCO-CARSCO","ARTSCO","CARSCO","XNX",10000,TRUE,FALSE,1,"Synchrony","+ Nitrogen"
0.695701763840008,0.79795866372204,1.17566057681656,"2015-2021",2015,2021,"ARTSCO-DESCES","ARTSCO","DESCES","XNX",10000,FALSE,TRUE,-1,"Compensatory","+ Nitrogen"
1.09806878938414,0.818355869649266,1.17730274111563,"2015-2021",2015,2021,"ARTSCO-GENALG","ARTSCO","GENALG","XNX",10000,FALSE,FALSE,0,"None","+ Nitrogen"
1.21304628550035,0.728534181565288,1.26071075993147,"2015-2021",2015,2021,"ARTSCO-GEUROS","ARTSCO","GEUROS","XNX",10000,FALSE,FALSE,0,"None","+ Nitrogen"
1.18700126905119,0.743703860354531,1.25334693297188,"2015-2021",2015,2021,"ARTSCO-TRIPAR","ARTSCO","TRIPAR","XNX",10000,FALSE,FALSE,0,"None","+ Nitrogen"
1.17090584070568,0.807096905751895,1.19725286670202,"2015-2021",2015,2021,"BISBIS-CALLEP","BISBIS","CALLEP","XNX",10000,FALSE,FALSE,0,"None","+ Nitrogen"
1.14562535518033,0.693542300445139,1.30540069821617,"2015-2021",2015,2021,"BISBIS-CARSCO","BISBIS","CARSCO","XNX",10000,FALSE,FALSE,0,"None","+ Nitrogen"
0.787036598167192,0.825749191569807,1.17711660207616,"2015-2021",2015,2021,"BISBIS-DESCES","BISBIS","DESCES","XNX",10000,FALSE,TRUE,-1,"Compensatory","+ Nitrogen"
1.21671345225969,0.773966251686786,1.20543159505724,"2015-2021",2015,2021,"BISBIS-GENALG","BISBIS","GENALG","XNX",10000,TRUE,FALSE,1,"Synchrony","+ Nitrogen"
1.42575577531771,0.711244715603608,1.27560248521415,"2015-2021",2015,2021,"BISBIS-GEUROS","BISBIS","GEUROS","XNX",10000,TRUE,FALSE,1,"Synchrony","+ Nitrogen"
0.866785497284401,0.752530407518678,1.2516192868512,"2015-2021",2015,2021,"BISBIS-TRIPAR","BISBIS","TRIPAR","XNX",10000,FALSE,FALSE,0,"None","+ Nitrogen"
1.0735351664875,0.788280305411968,1.21911742986903,"2015-2021",2015,2021,"CALLEP-CARSCO","CALLEP","CARSCO","XNX",10000,FALSE,FALSE,0,"None","+ Nitrogen"
0.889072572028211,0.913741801597873,1.09568351779139,"2015-2021",2015,2021,"CALLEP-DESCES","CALLEP","DESCES","XNX",10000,FALSE,TRUE,-1,"Compensatory","+ Nitrogen"
1.10217068321859,0.83209732794597,1.25436814530464,"2015-2021",2015,2021,"CALLEP-GENALG","CALLEP","GENALG","XNX",10000,FALSE,FALSE,0,"None","+ Nitrogen"
1.04519498518736,0.747016486453043,1.28405123701483,"2015-2021",2015,2021,"CALLEP-GEUROS","CALLEP","GEUROS","XNX",10000,FALSE,FALSE,0,"None","+ Nitrogen"
1.0146866269647,0.812456702198499,1.18893535811164,"2015-2021",2015,2021,"CALLEP-TRIPAR","CALLEP","TRIPAR","XNX",10000,FALSE,FALSE,0,"None","+ Nitrogen"
0.702543843119126,0.769989038791779,1.21653736730158,"2015-2021",2015,2021,"CARSCO-DESCES","CARSCO","DESCES","XNX",10000,FALSE,TRUE,-1,"Compensatory","+ Nitrogen"
0.960529440539883,0.820967073612897,1.15063251887342,"2015-2021",2015,2021,"CARSCO-GENALG","CARSCO","GENALG","XNX",10000,FALSE,FALSE,0,"None","+ Nitrogen"
0.989754742778279,0.71621362197723,1.30407945696582,"2015-2021",2015,2021,"CARSCO-GEUROS","CARSCO","GEUROS","XNX",10000,FALSE,FALSE,0,"None","+ Nitrogen"
1.16106223466187,0.682571702150956,1.33532177037137,"2015-2021",2015,2021,"CARSCO-TRIPAR","CARSCO","TRIPAR","XNX",10000,FALSE,FALSE,0,"None","+ Nitrogen"
0.986630875872045,0.933308563477824,1.07297943153176,"2015-2021",2015,2021,"DESCES-GENALG","DESCES","GENALG","XNX",10000,FALSE,FALSE,0,"None","+ Nitrogen"
0.807905325886917,0.819276237126269,1.19408313335793,"2015-2021",2015,2021,"DESCES-GEUROS","DESCES","GEUROS","XNX",10000,FALSE,TRUE,-1,"Compensatory","+ Nitrogen"
0.823738884070755,0.821160181082904,1.17420383670302,"2015-2021",2015,2021,"DESCES-TRIPAR","DESCES","TRIPAR","XNX",10000,FALSE,FALSE,0,"None","+ Nitrogen"
1.15561256010213,0.810655941111065,1.2109090465754,"2015-2021",2015,2021,"GENALG-GEUROS","GENALG","GEUROS","XNX",10000,FALSE,FALSE,0,"None","+ Nitrogen"
0.92381978170945,0.8307635669458,1.16911257745731,"2015-2021",2015,2021,"GENALG-TRIPAR","GENALG","TRIPAR","XNX",10000,FALSE,FALSE,0,"None","+ Nitrogen"
1.11010549107375,0.754148923404467,1.25776865640999,"2015-2021",2015,2021,"GEUROS-TRIPAR","GEUROS","TRIPAR","XNX",10000,FALSE,FALSE,0,"None","+ Nitrogen"
1.16791979280163,0.660408117320966,1.34528590901853,"2016-2022",2016,2022,"ARTSCO-BISBIS","ARTSCO","BISBIS","XNX",10000,FALSE,FALSE,0,"None","+ Nitrogen"
1.10264761777855,0.768029069365156,1.26074422913669,"2016-2022",2016,2022,"ARTSCO-CALLEP","ARTSCO","CALLEP","XNX",10000,FALSE,FALSE,0,"None","+ Nitrogen"
1.22330167627742,0.759576143987416,1.25422885720249,"2016-2022",2016,2022,"ARTSCO-CARSCO","ARTSCO","CARSCO","XNX",10000,FALSE,FALSE,0,"None","+ Nitrogen"
0.775717322933929,0.790153840331053,1.19610802434973,"2016-2022",2016,2022,"ARTSCO-DESCES","ARTSCO","DESCES","XNX",10000,FALSE,TRUE,-1,"Compensatory","+ Nitrogen"
1.09559457621123,0.827578779970006,1.18866723427148,"2016-2022",2016,2022,"ARTSCO-GENALG","ARTSCO","GENALG","XNX",10000,FALSE,FALSE,0,"None","+ Nitrogen"
1.02482344237814,0.757071308457027,1.24828635239839,"2016-2022",2016,2022,"ARTSCO-GEUROS","ARTSCO","GEUROS","XNX",10000,FALSE,FALSE,0,"None","+ Nitrogen"
1.20068431459904,0.707879641957702,1.28996035452182,"2016-2022",2016,2022,"ARTSCO-TRIPAR","ARTSCO","TRIPAR","XNX",10000,FALSE,FALSE,0,"None","+ Nitrogen"
1.32668335205708,0.776166787760144,1.25488355929404,"2016-2022",2016,2022,"BISBIS-CALLEP","BISBIS","CALLEP","XNX",10000,TRUE,FALSE,1,"Synchrony","+ Nitrogen"
1.18214602807936,0.724419111549941,1.26911394633178,"2016-2022",2016,2022,"BISBIS-CARSCO","BISBIS","CARSCO","XNX",10000,FALSE,FALSE,0,"None","+ Nitrogen"
0.833639786310373,0.826102120023106,1.15670266905795,"2016-2022",2016,2022,"BISBIS-DESCES","BISBIS","DESCES","XNX",10000,FALSE,FALSE,0,"None","+ Nitrogen"
1.18025630820616,0.779744291043243,1.20952135308127,"2016-2022",2016,2022,"BISBIS-GENALG","BISBIS","GENALG","XNX",10000,FALSE,FALSE,0,"None","+ Nitrogen"
1.14189602210278,0.728168367417409,1.26493382153782,"2016-2022",2016,2022,"BISBIS-GEUROS","BISBIS","GEUROS","XNX",10000,FALSE,FALSE,0,"None","+ Nitrogen"
1.06039280181949,0.717650216297374,1.28485538397463,"2016-2022",2016,2022,"BISBIS-TRIPAR","BISBIS","TRIPAR","XNX",10000,FALSE,FALSE,0,"None","+ Nitrogen"
1.07529535421005,0.824043962998137,1.21622775028347,"2016-2022",2016,2022,"CALLEP-CARSCO","CALLEP","CARSCO","XNX",10000,FALSE,FALSE,0,"None","+ Nitrogen"
0.89484145050514,0.916748529583421,1.09249595749135,"2016-2022",2016,2022,"CALLEP-DESCES","CALLEP","DESCES","XNX",10000,FALSE,TRUE,-1,"Compensatory","+ Nitrogen"
1.11162174564075,0.829203378622692,1.24923385653384,"2016-2022",2016,2022,"CALLEP-GENALG","CALLEP","GENALG","XNX",10000,FALSE,FALSE,0,"None","+ Nitrogen"
1.00451780036014,0.774711313545359,1.25752198294126,"2016-2022",2016,2022,"CALLEP-GEUROS","CALLEP","GEUROS","XNX",10000,FALSE,FALSE,0,"None","+ Nitrogen"
0.993238313897338,0.787625784052949,1.21581517734554,"2016-2022",2016,2022,"CALLEP-TRIPAR","CALLEP","TRIPAR","XNX",10000,FALSE,FALSE,0,"None","+ Nitrogen"
0.714750751170078,0.780858397223109,1.22400847205764,"2016-2022",2016,2022,"CARSCO-DESCES","CARSCO","DESCES","XNX",10000,FALSE,TRUE,-1,"Compensatory","+ Nitrogen"
0.962571757567667,0.805470641921677,1.1546053849033,"2016-2022",2016,2022,"CARSCO-GENALG","CARSCO","GENALG","XNX",10000,FALSE,FALSE,0,"None","+ Nitrogen"
0.997917366165986,0.749483303010901,1.26903588636126,"2016-2022",2016,2022,"CARSCO-GEUROS","CARSCO","GEUROS","XNX",10000,FALSE,FALSE,0,"None","+ Nitrogen"
1.12624356268563,0.732967696410133,1.30524110942678,"2016-2022",2016,2022,"CARSCO-TRIPAR","CARSCO","TRIPAR","XNX",10000,FALSE,FALSE,0,"None","+ Nitrogen"
1.00956081111149,0.940179770663553,1.0607804636093,"2016-2022",2016,2022,"DESCES-GENALG","DESCES","GENALG","XNX",10000,FALSE,FALSE,0,"None","+ Nitrogen"
0.83521634634723,0.80625520412757,1.17636639108047,"2016-2022",2016,2022,"DESCES-GEUROS","DESCES","GEUROS","XNX",10000,FALSE,FALSE,0,"None","+ Nitrogen"
0.792323187330015,0.807931289975857,1.20114878511282,"2016-2022",2016,2022,"DESCES-TRIPAR","DESCES","TRIPAR","XNX",10000,FALSE,TRUE,-1,"Compensatory","+ Nitrogen"
1.02973171204416,0.801495855313959,1.23202725522453,"2016-2022",2016,2022,"GENALG-GEUROS","GENALG","GEUROS","XNX",10000,FALSE,FALSE,0,"None","+ Nitrogen"
0.976421731119616,0.822024457153635,1.14344387697012,"2016-2022",2016,2022,"GENALG-TRIPAR","GENALG","TRIPAR","XNX",10000,FALSE,FALSE,0,"None","+ Nitrogen"
1.35540613456886,0.754853407985001,1.23805690123506,"2016-2022",2016,2022,"GEUROS-TRIPAR","GEUROS","TRIPAR","XNX",10000,TRUE,FALSE,1,"Synchrony","+ Nitrogen"
1.15760964259607,0.727243468401316,1.24744642451529,"2017-2023",2017,2023,"ARTSCO-BISBIS","ARTSCO","BISBIS","XNX",10000,FALSE,FALSE,0,"None","+ Nitrogen"
1.11167551452634,0.787076040264515,1.23644960069042,"2017-2023",2017,2023,"ARTSCO-CALLEP","ARTSCO","CALLEP","XNX",10000,FALSE,FALSE,0,"None","+ Nitrogen"
1.16761481334058,0.760906695981482,1.27504189252532,"2017-2023",2017,2023,"ARTSCO-CARSCO","ARTSCO","CARSCO","XNX",10000,FALSE,FALSE,0,"None","+ Nitrogen"
0.701457409677477,0.811118322108555,1.18608205132891,"2017-2023",2017,2023,"ARTSCO-DESCES","ARTSCO","DESCES","XNX",10000,FALSE,TRUE,-1,"Compensatory","+ Nitrogen"
1.14887531254758,0.793259288818258,1.19678888259285,"2017-2023",2017,2023,"ARTSCO-GENALG","ARTSCO","GENALG","XNX",10000,FALSE,FALSE,0,"None","+ Nitrogen"
1.10580072168585,0.790905981279899,1.21422053804036,"2017-2023",2017,2023,"ARTSCO-GEUROS","ARTSCO","GEUROS","XNX",10000,FALSE,FALSE,0,"None","+ Nitrogen"
1.27732080692084,0.733491056268514,1.26069121626401,"2017-2023",2017,2023,"ARTSCO-TRIPAR","ARTSCO","TRIPAR","XNX",10000,TRUE,FALSE,1,"Synchrony","+ Nitrogen"
1.30246163943562,0.764539006037082,1.26745926986681,"2017-2023",2017,2023,"BISBIS-CALLEP","BISBIS","CALLEP","XNX",10000,TRUE,FALSE,1,"Synchrony","+ Nitrogen"
1.18806987322145,0.737347481128782,1.26213414978544,"2017-2023",2017,2023,"BISBIS-CARSCO","BISBIS","CARSCO","XNX",10000,FALSE,FALSE,0,"None","+ Nitrogen"
0.834222073528018,0.842131069661708,1.16079630729459,"2017-2023",2017,2023,"BISBIS-DESCES","BISBIS","DESCES","XNX",10000,FALSE,TRUE,-1,"Compensatory","+ Nitrogen"
1.10951710697387,0.789619814997602,1.24463520934831,"2017-2023",2017,2023,"BISBIS-GENALG","BISBIS","GENALG","XNX",10000,FALSE,FALSE,0,"None","+ Nitrogen"
1.0491214598066,0.740413617267909,1.2836748383697,"2017-2023",2017,2023,"BISBIS-GEUROS","BISBIS","GEUROS","XNX",10000,FALSE,FALSE,0,"None","+ Nitrogen"
1.07294400906098,0.737358279946647,1.26781664242627,"2017-2023",2017,2023,"BISBIS-TRIPAR","BISBIS","TRIPAR","XNX",10000,FALSE,FALSE,0,"None","+ Nitrogen"
1.11899628155478,0.837656349118672,1.20449773590165,"2017-2023",2017,2023,"CALLEP-CARSCO","CALLEP","CARSCO","XNX",10000,FALSE,FALSE,0,"None","+ Nitrogen"
0.877042546079154,0.916170065370045,1.09180148965944,"2017-2023",2017,2023,"CALLEP-DESCES","CALLEP","DESCES","XNX",10000,FALSE,TRUE,-1,"Compensatory","+ Nitrogen"
1.01716752575574,0.797031328367229,1.28568568773138,"2017-2023",2017,2023,"CALLEP-GENALG","CALLEP","GENALG","XNX",10000,FALSE,FALSE,0,"None","+ Nitrogen"
0.883360833508748,0.751436031429538,1.26277517113649,"2017-2023",2017,2023,"CALLEP-GEUROS","CALLEP","GEUROS","XNX",10000,FALSE,FALSE,0,"None","+ Nitrogen"
0.9997259810934,0.781587122536315,1.21871187738419,"2017-2023",2017,2023,"CALLEP-TRIPAR","CALLEP","TRIPAR","XNX",10000,FALSE,FALSE,0,"None","+ Nitrogen"
0.703195558348522,0.763934202780264,1.24752932527208,"2017-2023",2017,2023,"CARSCO-DESCES","CARSCO","DESCES","XNX",10000,FALSE,TRUE,-1,"Compensatory","+ Nitrogen"
0.972634713790829,0.846967045425834,1.13460375879737,"2017-2023",2017,2023,"CARSCO-GENALG","CARSCO","GENALG","XNX",10000,FALSE,FALSE,0,"None","+ Nitrogen"
1.0011401912102,0.738006057896981,1.27570131799958,"2017-2023",2017,2023,"CARSCO-GEUROS","CARSCO","GEUROS","XNX",10000,FALSE,FALSE,0,"None","+ Nitrogen"
1.16715444981356,0.743815049886481,1.26024778673745,"2017-2023",2017,2023,"CARSCO-TRIPAR","CARSCO","TRIPAR","XNX",10000,FALSE,FALSE,0,"None","+ Nitrogen"
1.00276117596122,0.948982408497306,1.06282435264865,"2017-2023",2017,2023,"DESCES-GENALG","DESCES","GENALG","XNX",10000,FALSE,FALSE,0,"None","+ Nitrogen"
0.930340994623251,0.84347442090633,1.1602934538608,"2017-2023",2017,2023,"DESCES-GEUROS","DESCES","GEUROS","XNX",10000,FALSE,FALSE,0,"None","+ Nitrogen"
0.790391688536698,0.821624207830857,1.1757325257357,"2017-2023",2017,2023,"DESCES-TRIPAR","DESCES","TRIPAR","XNX",10000,FALSE,TRUE,-1,"Compensatory","+ Nitrogen"
1.07322001742103,0.79950146721784,1.22161115196986,"2017-2023",2017,2023,"GENALG-GEUROS","GENALG","GEUROS","XNX",10000,FALSE,FALSE,0,"None","+ Nitrogen"
0.959128467636285,0.818388059863091,1.17568297816187,"2017-2023",2017,2023,"GENALG-TRIPAR","GENALG","TRIPAR","XNX",10000,FALSE,FALSE,0,"None","+ Nitrogen"
1.21697231253698,0.767060580591038,1.22799656319835,"2017-2023",2017,2023,"GEUROS-TRIPAR","GEUROS","TRIPAR","XNX",10000,FALSE,FALSE,0,"None","+ Nitrogen"
0.973033776148277,0.749541307087022,1.24638926318834,"2018-2024",2018,2024,"ARTSCO-BISBIS","ARTSCO","BISBIS","XNX",10000,FALSE,FALSE,0,"None","+ Nitrogen"
1.12669236105946,0.749952530981548,1.25575589631529,"2018-2024",2018,2024,"ARTSCO-CALLEP","ARTSCO","CALLEP","XNX",10000,FALSE,FALSE,0,"None","+ Nitrogen"
1.10357149903146,0.769639727561221,1.26073960634435,"2018-2024",2018,2024,"ARTSCO-CARSCO","ARTSCO","CARSCO","XNX",10000,FALSE,FALSE,0,"None","+ Nitrogen"
0.720699323114281,0.791711229015731,1.2203818431517,"2018-2024",2018,2024,"ARTSCO-DESCES","ARTSCO","DESCES","XNX",10000,FALSE,TRUE,-1,"Compensatory","+ Nitrogen"
1.05934893659946,0.720573506546286,1.25353444728056,"2018-2024",2018,2024,"ARTSCO-GENALG","ARTSCO","GENALG","XNX",10000,FALSE,FALSE,0,"None","+ Nitrogen"
1.1752841336285,0.752650001289424,1.23991224579394,"2018-2024",2018,2024,"ARTSCO-GEUROS","ARTSCO","GEUROS","XNX",10000,FALSE,FALSE,0,"None","+ Nitrogen"
1.25658057987176,0.712240835935648,1.29242692353377,"2018-2024",2018,2024,"ARTSCO-TRIPAR","ARTSCO","TRIPAR","XNX",10000,FALSE,FALSE,0,"None","+ Nitrogen"
1.27858210609365,0.745722193518496,1.25638584339346,"2018-2024",2018,2024,"BISBIS-CALLEP","BISBIS","CALLEP","XNX",10000,TRUE,FALSE,1,"Synchrony","+ Nitrogen"
1.16042083956102,0.761267433973737,1.24781401650878,"2018-2024",2018,2024,"BISBIS-CARSCO","BISBIS","CARSCO","XNX",10000,FALSE,FALSE,0,"None","+ Nitrogen"
0.879025532682763,0.876958690673273,1.12130486885328,"2018-2024",2018,2024,"BISBIS-DESCES","BISBIS","DESCES","XNX",10000,FALSE,FALSE,0,"None","+ Nitrogen"
0.967345894524238,0.790918822123424,1.23625638000414,"2018-2024",2018,2024,"BISBIS-GENALG","BISBIS","GENALG","XNX",10000,FALSE,FALSE,0,"None","+ Nitrogen"
0.971335670420475,0.76155041556182,1.25364685542497,"2018-2024",2018,2024,"BISBIS-GEUROS","BISBIS","GEUROS","XNX",10000,FALSE,FALSE,0,"None","+ Nitrogen"
0.921441938192862,0.722984072758883,1.25793639159272,"2018-2024",2018,2024,"BISBIS-TRIPAR","BISBIS","TRIPAR","XNX",10000,FALSE,FALSE,0,"None","+ Nitrogen"
1.09870796525785,0.838160475541858,1.18305045414781,"2018-2024",2018,2024,"CALLEP-CARSCO","CALLEP","CARSCO","XNX",10000,FALSE,FALSE,0,"None","+ Nitrogen"
0.880435759826287,0.907170765229769,1.09412070308974,"2018-2024",2018,2024,"CALLEP-DESCES","CALLEP","DESCES","XNX",10000,FALSE,TRUE,-1,"Compensatory","+ Nitrogen"
1.11565632626329,0.724390575692,1.24709711076598,"2018-2024",2018,2024,"CALLEP-GENALG","CALLEP","GENALG","XNX",10000,FALSE,FALSE,0,"None","+ Nitrogen"
0.89418586036063,0.766352568975092,1.21458732008755,"2018-2024",2018,2024,"CALLEP-GEUROS","CALLEP","GEUROS","XNX",10000,FALSE,FALSE,0,"None","+ Nitrogen"
1.02248776920626,0.786139166903495,1.22367412364972,"2018-2024",2018,2024,"CALLEP-TRIPAR","CALLEP","TRIPAR","XNX",10000,FALSE,FALSE,0,"None","+ Nitrogen"
0.70710090175932,0.740825094159549,1.24126431997665,"2018-2024",2018,2024,"CARSCO-DESCES","CARSCO","DESCES","XNX",10000,FALSE,TRUE,-1,"Compensatory","+ Nitrogen"
0.900792967710355,0.870736851903242,1.11811725528942,"2018-2024",2018,2024,"CARSCO-GENALG","CARSCO","GENALG","XNX",10000,FALSE,FALSE,0,"None","+ Nitrogen"
0.921836883349875,0.772281571410525,1.21680175009731,"2018-2024",2018,2024,"CARSCO-GEUROS","CARSCO","GEUROS","XNX",10000,FALSE,FALSE,0,"None","+ Nitrogen"
1.01407059314226,0.734842693271356,1.26967249513673,"2018-2024",2018,2024,"CARSCO-TRIPAR","CARSCO","TRIPAR","XNX",10000,FALSE,FALSE,0,"None","+ Nitrogen"
0.971254941428281,0.919117978917162,1.08130037159594,"2018-2024",2018,2024,"DESCES-GENALG","DESCES","GENALG","XNX",10000,FALSE,FALSE,0,"None","+ Nitrogen"
0.870225677965616,0.838284023473868,1.17454500526571,"2018-2024",2018,2024,"DESCES-GEUROS","DESCES","GEUROS","XNX",10000,FALSE,FALSE,0,"None","+ Nitrogen"
0.793900944647495,0.835044073722354,1.15484389891756,"2018-2024",2018,2024,"DESCES-TRIPAR","DESCES","TRIPAR","XNX",10000,FALSE,TRUE,-1,"Compensatory","+ Nitrogen"
1.10248852786881,0.783452344375501,1.1949857656314,"2018-2024",2018,2024,"GENALG-GEUROS","GENALG","GEUROS","XNX",10000,FALSE,FALSE,0,"None","+ Nitrogen"
1.03605335045976,0.795809146458908,1.23080860526824,"2018-2024",2018,2024,"GENALG-TRIPAR","GENALG","TRIPAR","XNX",10000,FALSE,FALSE,0,"None","+ Nitrogen"
1.16094116443276,0.753973382197512,1.22530281213787,"2018-2024",2018,2024,"GEUROS-TRIPAR","GEUROS","TRIPAR","XNX",10000,FALSE,FALSE,0,"None","+ Nitrogen"
0.941159440831754,0.71437574271329,1.27551096927036,"2007-2013",2007,2013,"ARTSCO-BISBIS","ARTSCO","BISBIS","XXW",10000,FALSE,FALSE,0,"None","+ Warming"
1.06125570049982,0.790878231051062,1.19744526726395,"2007-2013",2007,2013,"ARTSCO-CALLEP","ARTSCO","CALLEP","XXW",10000,FALSE,FALSE,0,"None","+ Warming"
0.788896439105195,0.743789972705454,1.23056423687306,"2007-2013",2007,2013,"ARTSCO-CARSCO","ARTSCO","CARSCO","XXW",10000,FALSE,FALSE,0,"None","+ Warming"
1.02961306726203,0.817155035686759,1.19749358852527,"2007-2013",2007,2013,"ARTSCO-DESCES","ARTSCO","DESCES","XXW",10000,FALSE,FALSE,0,"None","+ Warming"
1.09423084070203,0.751751327599369,1.242332655986,"2007-2013",2007,2013,"ARTSCO-GENALG","ARTSCO","GENALG","XXW",10000,FALSE,FALSE,0,"None","+ Warming"
1.04651563247398,0.709346889079876,1.31168354540578,"2007-2013",2007,2013,"ARTSCO-GEUROS","ARTSCO","GEUROS","XXW",10000,FALSE,FALSE,0,"None","+ Warming"
1.20968908621577,0.752239839070732,1.23466239869501,"2007-2013",2007,2013,"ARTSCO-TRIPAR","ARTSCO","TRIPAR","XXW",10000,FALSE,FALSE,0,"None","+ Warming"
0.942054297812973,0.801529779329368,1.20352671655359,"2007-2013",2007,2013,"BISBIS-CALLEP","BISBIS","CALLEP","XXW",10000,FALSE,FALSE,0,"None","+ Warming"
0.895612031350361,0.773277806106622,1.2466851677928,"2007-2013",2007,2013,"BISBIS-CARSCO","BISBIS","CARSCO","XXW",10000,FALSE,FALSE,0,"None","+ Warming"
0.967200028204609,0.88734347951317,1.11831288345205,"2007-2013",2007,2013,"BISBIS-DESCES","BISBIS","DESCES","XXW",10000,FALSE,FALSE,0,"None","+ Warming"
1.13309319053673,0.747055767940785,1.23813310236921,"2007-2013",2007,2013,"BISBIS-GENALG","BISBIS","GENALG","XXW",10000,FALSE,FALSE,0,"None","+ Warming"
0.897599474327007,0.753490701321011,1.25829467603643,"2007-2013",2007,2013,"BISBIS-GEUROS","BISBIS","GEUROS","XXW",10000,FALSE,FALSE,0,"None","+ Warming"
0.879939724601806,0.747265965839738,1.2260353445535,"2007-2013",2007,2013,"BISBIS-TRIPAR","BISBIS","TRIPAR","XXW",10000,FALSE,FALSE,0,"None","+ Warming"
1.17683112541966,0.775943442428478,1.23547287816374,"2007-2013",2007,2013,"CALLEP-CARSCO","CALLEP","CARSCO","XXW",10000,FALSE,FALSE,0,"None","+ Warming"
0.985905580988234,0.874333776419688,1.12488223464006,"2007-2013",2007,2013,"CALLEP-DESCES","CALLEP","DESCES","XXW",10000,FALSE,FALSE,0,"None","+ Warming"
1.16886513443096,0.733910504987527,1.23943202964519,"2007-2013",2007,2013,"CALLEP-GENALG","CALLEP","GENALG","XXW",10000,FALSE,FALSE,0,"None","+ Warming"
0.843452585723165,0.797140621015932,1.21855350384704,"2007-2013",2007,2013,"CALLEP-GEUROS","CALLEP","GEUROS","XXW",10000,FALSE,FALSE,0,"None","+ Warming"
0.848968821453338,0.756337510897499,1.27005002278052,"2007-2013",2007,2013,"CALLEP-TRIPAR","CALLEP","TRIPAR","XXW",10000,FALSE,FALSE,0,"None","+ Warming"
0.85827614543802,0.808671203988977,1.17353493312035,"2007-2013",2007,2013,"CARSCO-DESCES","CARSCO","DESCES","XXW",10000,FALSE,FALSE,0,"None","+ Warming"
0.96475740341598,0.746437916678643,1.25915308365014,"2007-2013",2007,2013,"CARSCO-GENALG","CARSCO","GENALG","XXW",10000,FALSE,FALSE,0,"None","+ Warming"
1.1089934185656,0.776945083187866,1.22306885461779,"2007-2013",2007,2013,"CARSCO-GEUROS","CARSCO","GEUROS","XXW",10000,FALSE,FALSE,0,"None","+ Warming"
0.772338674205121,0.741245221053101,1.28603118983067,"2007-2013",2007,2013,"CARSCO-TRIPAR","CARSCO","TRIPAR","XXW",10000,FALSE,FALSE,0,"None","+ Warming"
0.956129286987024,0.839677501526111,1.17022595438504,"2007-2013",2007,2013,"DESCES-GENALG","DESCES","GENALG","XXW",10000,FALSE,FALSE,0,"None","+ Warming"
0.704618320814284,0.768194672609008,1.23318437325189,"2007-2013",2007,2013,"DESCES-GEUROS","DESCES","GEUROS","XXW",10000,FALSE,TRUE,-1,"Compensatory","+ Warming"
0.900584369800828,0.87036025530947,1.12631318494599,"2007-2013",2007,2013,"DESCES-TRIPAR","DESCES","TRIPAR","XXW",10000,FALSE,FALSE,0,"None","+ Warming"
1.09026731025262,0.785832616971804,1.23182825611666,"2007-2013",2007,2013,"GENALG-GEUROS","GENALG","GEUROS","XXW",10000,FALSE,FALSE,0,"None","+ Warming"
0.998971788749393,0.804106072536881,1.23156211311834,"2007-2013",2007,2013,"GENALG-TRIPAR","GENALG","TRIPAR","XXW",10000,FALSE,FALSE,0,"None","+ Warming"
1.07179627494814,0.821203793042764,1.19679880669307,"2007-2013",2007,2013,"GEUROS-TRIPAR","GEUROS","TRIPAR","XXW",10000,FALSE,FALSE,0,"None","+ Warming"
0.919032173480283,0.741075021337674,1.25818538623846,"2008-2014",2008,2014,"ARTSCO-BISBIS","ARTSCO","BISBIS","XXW",10000,FALSE,FALSE,0,"None","+ Warming"
1.04634439686784,0.80626714043079,1.172420383344,"2008-2014",2008,2014,"ARTSCO-CALLEP","ARTSCO","CALLEP","XXW",10000,FALSE,FALSE,0,"None","+ Warming"
0.762829717250983,0.799632770034132,1.21588114421116,"2008-2014",2008,2014,"ARTSCO-CARSCO","ARTSCO","CARSCO","XXW",10000,FALSE,TRUE,-1,"Compensatory","+ Warming"
1.02029944166388,0.825720436349927,1.21351252560281,"2008-2014",2008,2014,"ARTSCO-DESCES","ARTSCO","DESCES","XXW",10000,FALSE,FALSE,0,"None","+ Warming"
0.937792672871304,0.718611049557609,1.25204159703198,"2008-2014",2008,2014,"ARTSCO-GENALG","ARTSCO","GENALG","XXW",10000,FALSE,FALSE,0,"None","+ Warming"
0.893875703062418,0.701183206082049,1.30878180413414,"2008-2014",2008,2014,"ARTSCO-GEUROS","ARTSCO","GEUROS","XXW",10000,FALSE,FALSE,0,"None","+ Warming"
1.18676365694324,0.753176531155302,1.24916273201088,"2008-2014",2008,2014,"ARTSCO-TRIPAR","ARTSCO","TRIPAR","XXW",10000,FALSE,FALSE,0,"None","+ Warming"
0.864157074851626,0.807872566878942,1.19734133561895,"2008-2014",2008,2014,"BISBIS-CALLEP","BISBIS","CALLEP","XXW",10000,FALSE,FALSE,0,"None","+ Warming"
0.973364086747618,0.704785088676467,1.3007837814665,"2008-2014",2008,2014,"BISBIS-CARSCO","BISBIS","CARSCO","XXW",10000,FALSE,FALSE,0,"None","+ Warming"
0.998862170761676,0.864006272753089,1.13819983001037,"2008-2014",2008,2014,"BISBIS-DESCES","BISBIS","DESCES","XXW",10000,FALSE,FALSE,0,"None","+ Warming"
1.15694163364003,0.741929898989126,1.26214074040431,"2008-2014",2008,2014,"BISBIS-GENALG","BISBIS","GENALG","XXW",10000,FALSE,FALSE,0,"None","+ Warming"
0.770128637677807,0.716590767829461,1.26717212446418,"2008-2014",2008,2014,"BISBIS-GEUROS","BISBIS","GEUROS","XXW",10000,FALSE,FALSE,0,"None","+ Warming"
0.925496785971581,0.757435614482181,1.23291955161718,"2008-2014",2008,2014,"BISBIS-TRIPAR","BISBIS","TRIPAR","XXW",10000,FALSE,FALSE,0,"None","+ Warming"
0.906190889592608,0.743322895899569,1.25980535498771,"2008-2014",2008,2014,"CALLEP-CARSCO","CALLEP","CARSCO","XXW",10000,FALSE,FALSE,0,"None","+ Warming"
1.02627088417564,0.926579129617213,1.0692906569989,"2008-2014",2008,2014,"CALLEP-DESCES","CALLEP","DESCES","XXW",10000,FALSE,FALSE,0,"None","+ Warming"
1.02266762862078,0.729183403075691,1.256292731287,"2008-2014",2008,2014,"CALLEP-GENALG","CALLEP","GENALG","XXW",10000,FALSE,FALSE,0,"None","+ Warming"
1.00318381207975,0.798815229096718,1.14994833470872,"2008-2014",2008,2014,"CALLEP-GEUROS","CALLEP","GEUROS","XXW",10000,FALSE,FALSE,0,"None","+ Warming"
0.96770746377093,0.788814790073014,1.20662039972253,"2008-2014",2008,2014,"CALLEP-TRIPAR","CALLEP","TRIPAR","XXW",10000,FALSE,FALSE,0,"None","+ Warming"
0.885915710604783,0.808020960610028,1.18740724162404,"2008-2014",2008,2014,"CARSCO-DESCES","CARSCO","DESCES","XXW",10000,FALSE,FALSE,0,"None","+ Warming"
0.965634706754291,0.754239321592802,1.23723996654686,"2008-2014",2008,2014,"CARSCO-GENALG","CARSCO","GENALG","XXW",10000,FALSE,FALSE,0,"None","+ Warming"
1.25854684636835,0.80203181472453,1.21528572117637,"2008-2014",2008,2014,"CARSCO-GEUROS","CARSCO","GEUROS","XXW",10000,TRUE,FALSE,1,"Synchrony","+ Warming"
0.775729512295545,0.692778750117894,1.3033077536061,"2008-2014",2008,2014,"CARSCO-TRIPAR","CARSCO","TRIPAR","XXW",10000,FALSE,FALSE,0,"None","+ Warming"
0.976326429973551,0.846687673319579,1.13719605541915,"2008-2014",2008,2014,"DESCES-GENALG","DESCES","GENALG","XXW",10000,FALSE,FALSE,0,"None","+ Warming"
0.747099709289167,0.803043500819014,1.20742258719929,"2008-2014",2008,2014,"DESCES-GEUROS","DESCES","GEUROS","XXW",10000,FALSE,TRUE,-1,"Compensatory","+ Warming"
0.854493871445184,0.848487533774138,1.15043914942553,"2008-2014",2008,2014,"DESCES-TRIPAR","DESCES","TRIPAR","XXW",10000,FALSE,FALSE,0,"None","+ Warming"
1.15573924827227,0.789350820996369,1.21808553845307,"2008-2014",2008,2014,"GENALG-GEUROS","GENALG","GEUROS","XXW",10000,FALSE,FALSE,0,"None","+ Warming"
1.08285868840004,0.792636272964825,1.20521785190333,"2008-2014",2008,2014,"GENALG-TRIPAR","GENALG","TRIPAR","XXW",10000,FALSE,FALSE,0,"None","+ Warming"
1.08892962005568,0.78289799250209,1.25721406736901,"2008-2014",2008,2014,"GEUROS-TRIPAR","GEUROS","TRIPAR","XXW",10000,FALSE,FALSE,0,"None","+ Warming"
0.897173419190645,0.742591593725788,1.2704696421939,"2009-2015",2009,2015,"ARTSCO-BISBIS","ARTSCO","BISBIS","XXW",10000,FALSE,FALSE,0,"None","+ Warming"
1.09669411506565,0.804389626716514,1.19977657077385,"2009-2015",2009,2015,"ARTSCO-CALLEP","ARTSCO","CALLEP","XXW",10000,FALSE,FALSE,0,"None","+ Warming"
0.849233581958358,0.812286858226625,1.18654362744297,"2009-2015",2009,2015,"ARTSCO-CARSCO","ARTSCO","CARSCO","XXW",10000,FALSE,FALSE,0,"None","+ Warming"
1.06997057816283,0.782541361692401,1.22138982259372,"2009-2015",2009,2015,"ARTSCO-DESCES","ARTSCO","DESCES","XXW",10000,FALSE,FALSE,0,"None","+ Warming"
0.898116765243766,0.774316318333516,1.20609004438476,"2009-2015",2009,2015,"ARTSCO-GENALG","ARTSCO","GENALG","XXW",10000,FALSE,FALSE,0,"None","+ Warming"
0.949799421104239,0.687354632828319,1.32078061244561,"2009-2015",2009,2015,"ARTSCO-GEUROS","ARTSCO","GEUROS","XXW",10000,FALSE,FALSE,0,"None","+ Warming"
1.16467783706782,0.752105966389057,1.23871564085518,"2009-2015",2009,2015,"ARTSCO-TRIPAR","ARTSCO","TRIPAR","XXW",10000,FALSE,FALSE,0,"None","+ Warming"
0.850160265084487,0.79465367809515,1.20591513757478,"2009-2015",2009,2015,"BISBIS-CALLEP","BISBIS","CALLEP","XXW",10000,FALSE,FALSE,0,"None","+ Warming"
1.10335875031608,0.713898739104148,1.27650175508869,"2009-2015",2009,2015,"BISBIS-CARSCO","BISBIS","CARSCO","XXW",10000,FALSE,FALSE,0,"None","+ Warming"
0.88042886463708,0.840497983553061,1.16180954939211,"2009-2015",2009,2015,"BISBIS-DESCES","BISBIS","DESCES","XXW",10000,FALSE,FALSE,0,"None","+ Warming"
1.06456524649578,0.770460591959208,1.24097525039644,"2009-2015",2009,2015,"BISBIS-GENALG","BISBIS","GENALG","XXW",10000,FALSE,FALSE,0,"None","+ Warming"
0.870465838601666,0.741005035606145,1.2845095030294,"2009-2015",2009,2015,"BISBIS-GEUROS","BISBIS","GEUROS","XXW",10000,FALSE,FALSE,0,"None","+ Warming"
0.935813994659169,0.75680479165823,1.24080660653581,"2009-2015",2009,2015,"BISBIS-TRIPAR","BISBIS","TRIPAR","XXW",10000,FALSE,FALSE,0,"None","+ Warming"
0.847912414457803,0.712634313701354,1.29019788767865,"2009-2015",2009,2015,"CALLEP-CARSCO","CALLEP","CARSCO","XXW",10000,FALSE,FALSE,0,"None","+ Warming"
1.03106777930038,0.903993285309092,1.07868920800885,"2009-2015",2009,2015,"CALLEP-DESCES","CALLEP","DESCES","XXW",10000,FALSE,FALSE,0,"None","+ Warming"
1.05265453390594,0.713805278210036,1.27056405958545,"2009-2015",2009,2015,"CALLEP-GENALG","CALLEP","GENALG","XXW",10000,FALSE,FALSE,0,"None","+ Warming"
0.978927482604154,0.777395667293094,1.1688220346577,"2009-2015",2009,2015,"CALLEP-GEUROS","CALLEP","GEUROS","XXW",10000,FALSE,FALSE,0,"None","+ Warming"
0.944994735695977,0.800684270378099,1.19809909589371,"2009-2015",2009,2015,"CALLEP-TRIPAR","CALLEP","TRIPAR","XXW",10000,FALSE,FALSE,0,"None","+ Warming"
0.866775303232947,0.839326482518021,1.19054281679118,"2009-2015",2009,2015,"CARSCO-DESCES","CARSCO","DESCES","XXW",10000,FALSE,FALSE,0,"None","+ Warming"
1.01245391911103,0.74752515691044,1.24804014019977,"2009-2015",2009,2015,"CARSCO-GENALG","CARSCO","GENALG","XXW",10000,FALSE,FALSE,0,"None","+ Warming"
1.22596013501487,0.773169198393586,1.23536422852834,"2009-2015",2009,2015,"CARSCO-GEUROS","CARSCO","GEUROS","XXW",10000,FALSE,FALSE,0,"None","+ Warming"
0.796373447111339,0.735516849187751,1.25974678116845,"2009-2015",2009,2015,"CARSCO-TRIPAR","CARSCO","TRIPAR","XXW",10000,FALSE,FALSE,0,"None","+ Warming"
0.95154431412822,0.850321798639321,1.13673428501612,"2009-2015",2009,2015,"DESCES-GENALG","DESCES","GENALG","XXW",10000,FALSE,FALSE,0,"None","+ Warming"
0.771962109997145,0.801072263980617,1.22433092931301,"2009-2015",2009,2015,"DESCES-GEUROS","DESCES","GEUROS","XXW",10000,FALSE,TRUE,-1,"Compensatory","+ Warming"
0.875747512199671,0.843374223238213,1.16073731126099,"2009-2015",2009,2015,"DESCES-TRIPAR","DESCES","TRIPAR","XXW",10000,FALSE,FALSE,0,"None","+ Warming"
1.13523459024976,0.797372919278716,1.21472850967591,"2009-2015",2009,2015,"GENALG-GEUROS","GENALG","GEUROS","XXW",10000,FALSE,FALSE,0,"None","+ Warming"
1.11010657274551,0.816053924896293,1.2042096149189,"2009-2015",2009,2015,"GENALG-TRIPAR","GENALG","TRIPAR","XXW",10000,FALSE,FALSE,0,"None","+ Warming"
1.05418374735633,0.77387323391655,1.25124051362863,"2009-2015",2009,2015,"GEUROS-TRIPAR","GEUROS","TRIPAR","XXW",10000,FALSE,FALSE,0,"None","+ Warming"
0.863192680930291,0.729203661669753,1.27918287016629,"2010-2016",2010,2016,"ARTSCO-BISBIS","ARTSCO","BISBIS","XXW",10000,FALSE,FALSE,0,"None","+ Warming"
1.17143211516509,0.802231807212095,1.18821163222066,"2010-2016",2010,2016,"ARTSCO-CALLEP","ARTSCO","CALLEP","XXW",10000,FALSE,FALSE,0,"None","+ Warming"
0.799786834246843,0.776577418768459,1.22991990009996,"2010-2016",2010,2016,"ARTSCO-CARSCO","ARTSCO","CARSCO","XXW",10000,FALSE,FALSE,0,"None","+ Warming"
1.06931668941444,0.781905062067397,1.22165598089196,"2010-2016",2010,2016,"ARTSCO-DESCES","ARTSCO","DESCES","XXW",10000,FALSE,FALSE,0,"None","+ Warming"
0.819336063287463,0.751466393086235,1.25149839136632,"2010-2016",2010,2016,"ARTSCO-GENALG","ARTSCO","GENALG","XXW",10000,FALSE,FALSE,0,"None","+ Warming"
0.940340893164329,0.677063344195236,1.31662912133613,"2010-2016",2010,2016,"ARTSCO-GEUROS","ARTSCO","GEUROS","XXW",10000,FALSE,FALSE,0,"None","+ Warming"
1.09631041696798,0.792554869982011,1.2171597295355,"2010-2016",2010,2016,"ARTSCO-TRIPAR","ARTSCO","TRIPAR","XXW",10000,FALSE,FALSE,0,"None","+ Warming"
0.979460531412353,0.837097425047462,1.15468712614427,"2010-2016",2010,2016,"BISBIS-CALLEP","BISBIS","CALLEP","XXW",10000,FALSE,FALSE,0,"None","+ Warming"
1.03022449526273,0.731051512942387,1.27504706423806,"2010-2016",2010,2016,"BISBIS-CARSCO","BISBIS","CARSCO","XXW",10000,FALSE,FALSE,0,"None","+ Warming"
0.876381787654136,0.863033940798967,1.14759642425723,"2010-2016",2010,2016,"BISBIS-DESCES","BISBIS","DESCES","XXW",10000,FALSE,FALSE,0,"None","+ Warming"
1.09117306442839,0.814094615529913,1.18324954437589,"2010-2016",2010,2016,"BISBIS-GENALG","BISBIS","GENALG","XXW",10000,FALSE,FALSE,0,"None","+ Warming"
0.931352248649452,0.733840799336013,1.27922417688335,"2010-2016",2010,2016,"BISBIS-GEUROS","BISBIS","GEUROS","XXW",10000,FALSE,FALSE,0,"None","+ Warming"
0.910750862097461,0.780437645614638,1.26437818936646,"2010-2016",2010,2016,"BISBIS-TRIPAR","BISBIS","TRIPAR","XXW",10000,FALSE,FALSE,0,"None","+ Warming"
0.839504382426672,0.737733270614981,1.27567781321029,"2010-2016",2010,2016,"CALLEP-CARSCO","CALLEP","CARSCO","XXW",10000,FALSE,FALSE,0,"None","+ Warming"
1.00658980261559,0.868364028114237,1.08146705578986,"2010-2016",2010,2016,"CALLEP-DESCES","CALLEP","DESCES","XXW",10000,FALSE,FALSE,0,"None","+ Warming"
1.15066760025266,0.746130545715608,1.23797425083732,"2010-2016",2010,2016,"CALLEP-GENALG","CALLEP","GENALG","XXW",10000,FALSE,FALSE,0,"None","+ Warming"
0.989200332214515,0.774637017075286,1.19971965285719,"2010-2016",2010,2016,"CALLEP-GEUROS","CALLEP","GEUROS","XXW",10000,FALSE,FALSE,0,"None","+ Warming"
0.955989324373067,0.826732138559455,1.20162706057761,"2010-2016",2010,2016,"CALLEP-TRIPAR","CALLEP","TRIPAR","XXW",10000,FALSE,FALSE,0,"None","+ Warming"
0.894463092727915,0.86153643672436,1.16334661847906,"2010-2016",2010,2016,"CARSCO-DESCES","CARSCO","DESCES","XXW",10000,FALSE,FALSE,0,"None","+ Warming"
1.05555685934436,0.730659872214157,1.28147469569457,"2010-2016",2010,2016,"CARSCO-GENALG","CARSCO","GENALG","XXW",10000,FALSE,FALSE,0,"None","+ Warming"
1.26373095331911,0.743718054835573,1.2545261460153,"2010-2016",2010,2016,"CARSCO-GEUROS","CARSCO","GEUROS","XXW",10000,TRUE,FALSE,1,"Synchrony","+ Warming"
1.00125512532339,0.772133268615937,1.24432839010338,"2010-2016",2010,2016,"CARSCO-TRIPAR","CARSCO","TRIPAR","XXW",10000,FALSE,FALSE,0,"None","+ Warming"
0.887164647808586,0.875301746488386,1.12645150536183,"2010-2016",2010,2016,"DESCES-GENALG","DESCES","GENALG","XXW",10000,FALSE,FALSE,0,"None","+ Warming"
0.718925700907914,0.799839894712985,1.22211859340511,"2010-2016",2010,2016,"DESCES-GEUROS","DESCES","GEUROS","XXW",10000,FALSE,TRUE,-1,"Compensatory","+ Warming"
0.891721540669998,0.872962216927067,1.11154665127694,"2010-2016",2010,2016,"DESCES-TRIPAR","DESCES","TRIPAR","XXW",10000,FALSE,FALSE,0,"None","+ Warming"
1.11515576583549,0.787852736121566,1.222976146227,"2010-2016",2010,2016,"GENALG-GEUROS","GENALG","GEUROS","XXW",10000,FALSE,FALSE,0,"None","+ Warming"
0.89241135716258,0.771035945765689,1.23412798751045,"2010-2016",2010,2016,"GENALG-TRIPAR","GENALG","TRIPAR","XXW",10000,FALSE,FALSE,0,"None","+ Warming"
1.08231366733975,0.785586457641646,1.22932856136598,"2010-2016",2010,2016,"GEUROS-TRIPAR","GEUROS","TRIPAR","XXW",10000,FALSE,FALSE,0,"None","+ Warming"
0.778192641648881,0.708474150477878,1.297380364425,"2011-2017",2011,2017,"ARTSCO-BISBIS","ARTSCO","BISBIS","XXW",10000,FALSE,FALSE,0,"None","+ Warming"
1.16011664960294,0.818790940786164,1.17261988011679,"2011-2017",2011,2017,"ARTSCO-CALLEP","ARTSCO","CALLEP","XXW",10000,FALSE,FALSE,0,"None","+ Warming"
0.911415575259643,0.779630519695898,1.20702871107481,"2011-2017",2011,2017,"ARTSCO-CARSCO","ARTSCO","CARSCO","XXW",10000,FALSE,FALSE,0,"None","+ Warming"
0.98878585860354,0.789412105331819,1.21683583540491,"2011-2017",2011,2017,"ARTSCO-DESCES","ARTSCO","DESCES","XXW",10000,FALSE,FALSE,0,"None","+ Warming"
0.856609872865938,0.765752346770267,1.22787910779712,"2011-2017",2011,2017,"ARTSCO-GENALG","ARTSCO","GENALG","XXW",10000,FALSE,FALSE,0,"None","+ Warming"
0.939250097182896,0.700097152559222,1.29903556109882,"2011-2017",2011,2017,"ARTSCO-GEUROS","ARTSCO","GEUROS","XXW",10000,FALSE,FALSE,0,"None","+ Warming"
1.1566194431014,0.740367766346458,1.25030654612656,"2011-2017",2011,2017,"ARTSCO-TRIPAR","ARTSCO","TRIPAR","XXW",10000,FALSE,FALSE,0,"None","+ Warming"
0.994942378495978,0.814553461413822,1.18557019953972,"2011-2017",2011,2017,"BISBIS-CALLEP","BISBIS","CALLEP","XXW",10000,FALSE,FALSE,0,"None","+ Warming"
1.03379799529404,0.74984708023081,1.2610216487448,"2011-2017",2011,2017,"BISBIS-CARSCO","BISBIS","CARSCO","XXW",10000,FALSE,FALSE,0,"None","+ Warming"
0.902771226478387,0.867368475174424,1.14048433538343,"2011-2017",2011,2017,"BISBIS-DESCES","BISBIS","DESCES","XXW",10000,FALSE,FALSE,0,"None","+ Warming"
1.14738851706006,0.743790119615164,1.26493712156038,"2011-2017",2011,2017,"BISBIS-GENALG","BISBIS","GENALG","XXW",10000,FALSE,FALSE,0,"None","+ Warming"
0.974709247851332,0.731861317253466,1.29070378222314,"2011-2017",2011,2017,"BISBIS-GEUROS","BISBIS","GEUROS","XXW",10000,FALSE,FALSE,0,"None","+ Warming"
0.773334413396586,0.748549314458786,1.26688038159014,"2011-2017",2011,2017,"BISBIS-TRIPAR","BISBIS","TRIPAR","XXW",10000,FALSE,FALSE,0,"None","+ Warming"
0.863508512464971,0.740929675207235,1.26061783016413,"2011-2017",2011,2017,"CALLEP-CARSCO","CALLEP","CARSCO","XXW",10000,FALSE,FALSE,0,"None","+ Warming"
1.02389412582391,0.871051846442437,1.09293826371376,"2011-2017",2011,2017,"CALLEP-DESCES","CALLEP","DESCES","XXW",10000,FALSE,FALSE,0,"None","+ Warming"
1.13429987664994,0.760824387996971,1.23023041829651,"2011-2017",2011,2017,"CALLEP-GENALG","CALLEP","GENALG","XXW",10000,FALSE,FALSE,0,"None","+ Warming"
0.943927471111384,0.8152371249242,1.15291489514233,"2011-2017",2011,2017,"CALLEP-GEUROS","CALLEP","GEUROS","XXW",10000,FALSE,FALSE,0,"None","+ Warming"
1.02459960720731,0.814900064661204,1.18858452280996,"2011-2017",2011,2017,"CALLEP-TRIPAR","CALLEP","TRIPAR","XXW",10000,FALSE,FALSE,0,"None","+ Warming"
0.8918346636193,0.894762530532798,1.1123490268526,"2011-2017",2011,2017,"CARSCO-DESCES","CARSCO","DESCES","XXW",10000,FALSE,TRUE,-1,"Compensatory","+ Warming"
1.05114332879964,0.751200674646118,1.25802263390437,"2011-2017",2011,2017,"CARSCO-GENALG","CARSCO","GENALG","XXW",10000,FALSE,FALSE,0,"None","+ Warming"
1.13755441967955,0.793095826714354,1.22006517554765,"2011-2017",2011,2017,"CARSCO-GEUROS","CARSCO","GEUROS","XXW",10000,FALSE,FALSE,0,"None","+ Warming"
1.00922854584515,0.763444942436353,1.25831889247628,"2011-2017",2011,2017,"CARSCO-TRIPAR","CARSCO","TRIPAR","XXW",10000,FALSE,FALSE,0,"None","+ Warming"
0.879031406251735,0.852160044526459,1.12495704661726,"2011-2017",2011,2017,"DESCES-GENALG","DESCES","GENALG","XXW",10000,FALSE,FALSE,0,"None","+ Warming"
0.699455742954338,0.785858132650049,1.20740743253996,"2011-2017",2011,2017,"DESCES-GEUROS","DESCES","GEUROS","XXW",10000,FALSE,TRUE,-1,"Compensatory","+ Warming"
0.89962849616291,0.882601337371404,1.10580423630925,"2011-2017",2011,2017,"DESCES-TRIPAR","DESCES","TRIPAR","XXW",10000,FALSE,FALSE,0,"None","+ Warming"
1.16699488440314,0.766051666788669,1.21630149777469,"2011-2017",2011,2017,"GENALG-GEUROS","GENALG","GEUROS","XXW",10000,FALSE,FALSE,0,"None","+ Warming"
0.798957457392806,0.742326180140793,1.2885307555061,"2011-2017",2011,2017,"GENALG-TRIPAR","GENALG","TRIPAR","XXW",10000,FALSE,FALSE,0,"None","+ Warming"
1.00061144443325,0.717736202315175,1.28053092117492,"2011-2017",2011,2017,"GEUROS-TRIPAR","GEUROS","TRIPAR","XXW",10000,FALSE,FALSE,0,"None","+ Warming"
0.74980849711868,0.681819802659561,1.29128623853662,"2012-2018",2012,2018,"ARTSCO-BISBIS","ARTSCO","BISBIS","XXW",10000,FALSE,FALSE,0,"None","+ Warming"
1.11966307706578,0.835928210762124,1.173869875924,"2012-2018",2012,2018,"ARTSCO-CALLEP","ARTSCO","CALLEP","XXW",10000,FALSE,FALSE,0,"None","+ Warming"
0.926896261059418,0.776937128197552,1.21934055407613,"2012-2018",2012,2018,"ARTSCO-CARSCO","ARTSCO","CARSCO","XXW",10000,FALSE,FALSE,0,"None","+ Warming"
1.00714502868006,0.756872497741668,1.241446248264,"2012-2018",2012,2018,"ARTSCO-DESCES","ARTSCO","DESCES","XXW",10000,FALSE,FALSE,0,"None","+ Warming"
0.897630603671777,0.796168284450152,1.23171804065488,"2012-2018",2012,2018,"ARTSCO-GENALG","ARTSCO","GENALG","XXW",10000,FALSE,FALSE,0,"None","+ Warming"
0.872058499019345,0.733264414788365,1.27122984967231,"2012-2018",2012,2018,"ARTSCO-GEUROS","ARTSCO","GEUROS","XXW",10000,FALSE,FALSE,0,"None","+ Warming"
1.23547074080293,0.784899600397085,1.24256143452334,"2012-2018",2012,2018,"ARTSCO-TRIPAR","ARTSCO","TRIPAR","XXW",10000,FALSE,FALSE,0,"None","+ Warming"
1.0765235360182,0.826990719845868,1.19848489231775,"2012-2018",2012,2018,"BISBIS-CALLEP","BISBIS","CALLEP","XXW",10000,FALSE,FALSE,0,"None","+ Warming"
0.98115332066088,0.717901352212906,1.27679560886662,"2012-2018",2012,2018,"BISBIS-CARSCO","BISBIS","CARSCO","XXW",10000,FALSE,FALSE,0,"None","+ Warming"
0.855597869326966,0.843596977321137,1.16461598994554,"2012-2018",2012,2018,"BISBIS-DESCES","BISBIS","DESCES","XXW",10000,FALSE,FALSE,0,"None","+ Warming"
1.2008425125209,0.70676202073295,1.2716650381747,"2012-2018",2012,2018,"BISBIS-GENALG","BISBIS","GENALG","XXW",10000,FALSE,FALSE,0,"None","+ Warming"
0.98299475671448,0.756693506001464,1.29649301797832,"2012-2018",2012,2018,"BISBIS-GEUROS","BISBIS","GEUROS","XXW",10000,FALSE,FALSE,0,"None","+ Warming"
0.73706103864688,0.745804564515139,1.25178267451892,"2012-2018",2012,2018,"BISBIS-TRIPAR","BISBIS","TRIPAR","XXW",10000,FALSE,TRUE,-1,"Compensatory","+ Warming"
0.928621628398686,0.775056413487577,1.2670287272434,"2012-2018",2012,2018,"CALLEP-CARSCO","CALLEP","CARSCO","XXW",10000,FALSE,FALSE,0,"None","+ Warming"
0.992587361308174,0.868453927548653,1.09953014094274,"2012-2018",2012,2018,"CALLEP-DESCES","CALLEP","DESCES","XXW",10000,FALSE,FALSE,0,"None","+ Warming"
1.11211235489221,0.756188933803206,1.24798694029851,"2012-2018",2012,2018,"CALLEP-GENALG","CALLEP","GENALG","XXW",10000,FALSE,FALSE,0,"None","+ Warming"
0.983827877723461,0.820695386427014,1.1658464814249,"2012-2018",2012,2018,"CALLEP-GEUROS","CALLEP","GEUROS","XXW",10000,FALSE,FALSE,0,"None","+ Warming"
1.02797000521148,0.804210111999957,1.19487509486376,"2012-2018",2012,2018,"CALLEP-TRIPAR","CALLEP","TRIPAR","XXW",10000,FALSE,FALSE,0,"None","+ Warming"
0.884702821111924,0.848447172083229,1.1453862115292,"2012-2018",2012,2018,"CARSCO-DESCES","CARSCO","DESCES","XXW",10000,FALSE,FALSE,0,"None","+ Warming"
0.95541160016991,0.698719557619391,1.28481075824846,"2012-2018",2012,2018,"CARSCO-GENALG","CARSCO","GENALG","XXW",10000,FALSE,FALSE,0,"None","+ Warming"
1.14415772864924,0.78801655842361,1.22102225402423,"2012-2018",2012,2018,"CARSCO-GEUROS","CARSCO","GEUROS","XXW",10000,FALSE,FALSE,0,"None","+ Warming"
1.02624992489267,0.75796805316951,1.243592655594,"2012-2018",2012,2018,"CARSCO-TRIPAR","CARSCO","TRIPAR","XXW",10000,FALSE,FALSE,0,"None","+ Warming"
0.888267282868792,0.867239089887023,1.11939215723804,"2012-2018",2012,2018,"DESCES-GENALG","DESCES","GENALG","XXW",10000,FALSE,FALSE,0,"None","+ Warming"
0.758613198240562,0.781817960423047,1.23080281949974,"2012-2018",2012,2018,"DESCES-GEUROS","DESCES","GEUROS","XXW",10000,FALSE,TRUE,-1,"Compensatory","+ Warming"
0.958974237134767,0.868604982656082,1.12286603920271,"2012-2018",2012,2018,"DESCES-TRIPAR","DESCES","TRIPAR","XXW",10000,FALSE,FALSE,0,"None","+ Warming"
1.11821909481993,0.772305993470733,1.22929262790633,"2012-2018",2012,2018,"GENALG-GEUROS","GENALG","GEUROS","XXW",10000,FALSE,FALSE,0,"None","+ Warming"
0.760265189221185,0.722607991586059,1.29232045821439,"2012-2018",2012,2018,"GENALG-TRIPAR","GENALG","TRIPAR","XXW",10000,FALSE,FALSE,0,"None","+ Warming"
0.859744506824183,0.751296915878341,1.25656792957116,"2012-2018",2012,2018,"GEUROS-TRIPAR","GEUROS","TRIPAR","XXW",10000,FALSE,FALSE,0,"None","+ Warming"
0.99508704762405,0.730380990306263,1.2821045823194,"2013-2019",2013,2019,"ARTSCO-BISBIS","ARTSCO","BISBIS","XXW",10000,FALSE,FALSE,0,"None","+ Warming"
1.0965654258248,0.833303938746248,1.18088673956291,"2013-2019",2013,2019,"ARTSCO-CALLEP","ARTSCO","CALLEP","XXW",10000,FALSE,FALSE,0,"None","+ Warming"
0.943075206836441,0.770078380538532,1.26190079306573,"2013-2019",2013,2019,"ARTSCO-CARSCO","ARTSCO","CARSCO","XXW",10000,FALSE,FALSE,0,"None","+ Warming"
0.806335951031511,0.72274501748189,1.25246341272378,"2013-2019",2013,2019,"ARTSCO-DESCES","ARTSCO","DESCES","XXW",10000,FALSE,FALSE,0,"None","+ Warming"
0.946359541366935,0.803206010063759,1.21037831217274,"2013-2019",2013,2019,"ARTSCO-GENALG","ARTSCO","GENALG","XXW",10000,FALSE,FALSE,0,"None","+ Warming"
0.875299977092756,0.723747013900016,1.27122508690712,"2013-2019",2013,2019,"ARTSCO-GEUROS","ARTSCO","GEUROS","XXW",10000,FALSE,FALSE,0,"None","+ Warming"
1.20573550274381,0.80537635948983,1.2244154238258,"2013-2019",2013,2019,"ARTSCO-TRIPAR","ARTSCO","TRIPAR","XXW",10000,FALSE,FALSE,0,"None","+ Warming"
1.07148791299911,0.772988176552981,1.2269894423977,"2013-2019",2013,2019,"BISBIS-CALLEP","BISBIS","CALLEP","XXW",10000,FALSE,FALSE,0,"None","+ Warming"
0.803220505090345,0.775619147604942,1.24142088477793,"2013-2019",2013,2019,"BISBIS-CARSCO","BISBIS","CARSCO","XXW",10000,FALSE,FALSE,0,"None","+ Warming"
0.955197195191818,0.844066675933384,1.15859960421648,"2013-2019",2013,2019,"BISBIS-DESCES","BISBIS","DESCES","XXW",10000,FALSE,FALSE,0,"None","+ Warming"
1.05325594720063,0.765495537935294,1.21677261302082,"2013-2019",2013,2019,"BISBIS-GENALG","BISBIS","GENALG","XXW",10000,FALSE,FALSE,0,"None","+ Warming"
1.01247969094572,0.752617304665542,1.27192708803102,"2013-2019",2013,2019,"BISBIS-GEUROS","BISBIS","GEUROS","XXW",10000,FALSE,FALSE,0,"None","+ Warming"
0.772907332220209,0.730174709892161,1.28527160964414,"2013-2019",2013,2019,"BISBIS-TRIPAR","BISBIS","TRIPAR","XXW",10000,FALSE,FALSE,0,"None","+ Warming"
0.886006584915424,0.768128806111336,1.24506365844984,"2013-2019",2013,2019,"CALLEP-CARSCO","CALLEP","CARSCO","XXW",10000,FALSE,FALSE,0,"None","+ Warming"
1.00353385284248,0.882919591004224,1.12739846861849,"2013-2019",2013,2019,"CALLEP-DESCES","CALLEP","DESCES","XXW",10000,FALSE,FALSE,0,"None","+ Warming"
1.05997533681384,0.750128213993477,1.24819920564948,"2013-2019",2013,2019,"CALLEP-GENALG","CALLEP","GENALG","XXW",10000,FALSE,FALSE,0,"None","+ Warming"
1.06017533990702,0.821568911320227,1.17189507458987,"2013-2019",2013,2019,"CALLEP-GEUROS","CALLEP","GEUROS","XXW",10000,FALSE,FALSE,0,"None","+ Warming"
1.03983156458249,0.794756394911908,1.20000378551943,"2013-2019",2013,2019,"CALLEP-TRIPAR","CALLEP","TRIPAR","XXW",10000,FALSE,FALSE,0,"None","+ Warming"
0.951466995235146,0.786732015882603,1.1629427886714,"2013-2019",2013,2019,"CARSCO-DESCES","CARSCO","DESCES","XXW",10000,FALSE,FALSE,0,"None","+ Warming"
0.771609251119705,0.777493408622182,1.22005046353386,"2013-2019",2013,2019,"CARSCO-GENALG","CARSCO","GENALG","XXW",10000,FALSE,TRUE,-1,"Compensatory","+ Warming"
0.930064818284114,0.762127775046669,1.22757868113592,"2013-2019",2013,2019,"CARSCO-GEUROS","CARSCO","GEUROS","XXW",10000,FALSE,FALSE,0,"None","+ Warming"
0.939087000911914,0.806820727108003,1.20887735727182,"2013-2019",2013,2019,"CARSCO-TRIPAR","CARSCO","TRIPAR","XXW",10000,FALSE,FALSE,0,"None","+ Warming"
0.862419411039891,0.836752726022755,1.15781400955327,"2013-2019",2013,2019,"DESCES-GENALG","DESCES","GENALG","XXW",10000,FALSE,FALSE,0,"None","+ Warming"
0.646916577206679,0.745759176122209,1.23642603028119,"2013-2019",2013,2019,"DESCES-GEUROS","DESCES","GEUROS","XXW",10000,FALSE,TRUE,-1,"Compensatory","+ Warming"
0.904212394248047,0.849444210361904,1.11887817836968,"2013-2019",2013,2019,"DESCES-TRIPAR","DESCES","TRIPAR","XXW",10000,FALSE,FALSE,0,"None","+ Warming"
1.2641232283742,0.750498568760983,1.22274774993846,"2013-2019",2013,2019,"GENALG-GEUROS","GENALG","GEUROS","XXW",10000,TRUE,FALSE,1,"Synchrony","+ Warming"
0.92055520452279,0.806285085227261,1.20061243662212,"2013-2019",2013,2019,"GENALG-TRIPAR","GENALG","TRIPAR","XXW",10000,FALSE,FALSE,0,"None","+ Warming"
0.904931359199635,0.732223276962812,1.25167735868514,"2013-2019",2013,2019,"GEUROS-TRIPAR","GEUROS","TRIPAR","XXW",10000,FALSE,FALSE,0,"None","+ Warming"
1.02983246090821,0.757985350044985,1.23628960137076,"2014-2020",2014,2020,"ARTSCO-BISBIS","ARTSCO","BISBIS","XXW",10000,FALSE,FALSE,0,"None","+ Warming"
1.19652120911764,0.786389222650587,1.20335338993936,"2014-2020",2014,2020,"ARTSCO-CALLEP","ARTSCO","CALLEP","XXW",10000,FALSE,FALSE,0,"None","+ Warming"
0.863014524796078,0.772956150453139,1.2649617342969,"2014-2020",2014,2020,"ARTSCO-CARSCO","ARTSCO","CARSCO","XXW",10000,FALSE,FALSE,0,"None","+ Warming"
0.825776661905562,0.717456108612178,1.25329626142048,"2014-2020",2014,2020,"ARTSCO-DESCES","ARTSCO","DESCES","XXW",10000,FALSE,FALSE,0,"None","+ Warming"
1.02788498447932,0.738824628376406,1.27772203400468,"2014-2020",2014,2020,"ARTSCO-GENALG","ARTSCO","GENALG","XXW",10000,FALSE,FALSE,0,"None","+ Warming"
0.820221066760868,0.742898663002096,1.25820512639165,"2014-2020",2014,2020,"ARTSCO-GEUROS","ARTSCO","GEUROS","XXW",10000,FALSE,FALSE,0,"None","+ Warming"
1.13362898766036,0.804081473126564,1.1979408463083,"2014-2020",2014,2020,"ARTSCO-TRIPAR","ARTSCO","TRIPAR","XXW",10000,FALSE,FALSE,0,"None","+ Warming"
1.00186267368672,0.78981663651997,1.20863595930973,"2014-2020",2014,2020,"BISBIS-CALLEP","BISBIS","CALLEP","XXW",10000,FALSE,FALSE,0,"None","+ Warming"
0.82422013498716,0.756235145782614,1.2567904930929,"2014-2020",2014,2020,"BISBIS-CARSCO","BISBIS","CARSCO","XXW",10000,FALSE,FALSE,0,"None","+ Warming"
0.960486572827698,0.838028567148686,1.15663386868384,"2014-2020",2014,2020,"BISBIS-DESCES","BISBIS","DESCES","XXW",10000,FALSE,FALSE,0,"None","+ Warming"
0.878628628558473,0.752481820006857,1.24985262444067,"2014-2020",2014,2020,"BISBIS-GENALG","BISBIS","GENALG","XXW",10000,FALSE,FALSE,0,"None","+ Warming"
1.03347010384398,0.753788799146678,1.27895888874533,"2014-2020",2014,2020,"BISBIS-GEUROS","BISBIS","GEUROS","XXW",10000,FALSE,FALSE,0,"None","+ Warming"
0.766697716181684,0.732122776175245,1.28679100104735,"2014-2020",2014,2020,"BISBIS-TRIPAR","BISBIS","TRIPAR","XXW",10000,FALSE,FALSE,0,"None","+ Warming"
0.936811245050205,0.753674958429309,1.26980642958822,"2014-2020",2014,2020,"CALLEP-CARSCO","CALLEP","CARSCO","XXW",10000,FALSE,FALSE,0,"None","+ Warming"
0.985713537685742,0.862940151989403,1.17019464448397,"2014-2020",2014,2020,"CALLEP-DESCES","CALLEP","DESCES","XXW",10000,FALSE,FALSE,0,"None","+ Warming"
1.01219677790622,0.773487915768602,1.25706539462647,"2014-2020",2014,2020,"CALLEP-GENALG","CALLEP","GENALG","XXW",10000,FALSE,FALSE,0,"None","+ Warming"
1.00603806871018,0.818742914028998,1.18524552759784,"2014-2020",2014,2020,"CALLEP-GEUROS","CALLEP","GEUROS","XXW",10000,FALSE,FALSE,0,"None","+ Warming"
1.03463854909896,0.81755749493585,1.184359216896,"2014-2020",2014,2020,"CALLEP-TRIPAR","CALLEP","TRIPAR","XXW",10000,FALSE,FALSE,0,"None","+ Warming"
0.980409080931802,0.773645194567974,1.19287226457071,"2014-2020",2014,2020,"CARSCO-DESCES","CARSCO","DESCES","XXW",10000,FALSE,FALSE,0,"None","+ Warming"
0.782933931926579,0.774174532995184,1.24020104212413,"2014-2020",2014,2020,"CARSCO-GENALG","CARSCO","GENALG","XXW",10000,FALSE,FALSE,0,"None","+ Warming"
0.919154862778775,0.76031491698256,1.24566312890613,"2014-2020",2014,2020,"CARSCO-GEUROS","CARSCO","GEUROS","XXW",10000,FALSE,FALSE,0,"None","+ Warming"
0.980364667279984,0.793027495149107,1.21620742886471,"2014-2020",2014,2020,"CARSCO-TRIPAR","CARSCO","TRIPAR","XXW",10000,FALSE,FALSE,0,"None","+ Warming"
0.905830490477517,0.818126673180758,1.1689044624973,"2014-2020",2014,2020,"DESCES-GENALG","DESCES","GENALG","XXW",10000,FALSE,FALSE,0,"None","+ Warming"
0.674181459184142,0.737164301517984,1.28154540127247,"2014-2020",2014,2020,"DESCES-GEUROS","DESCES","GEUROS","XXW",10000,FALSE,TRUE,-1,"Compensatory","+ Warming"
0.910238634269186,0.850983792811342,1.14614055115933,"2014-2020",2014,2020,"DESCES-TRIPAR","DESCES","TRIPAR","XXW",10000,FALSE,FALSE,0,"None","+ Warming"
1.13491650392419,0.74817313247293,1.24513291553228,"2014-2020",2014,2020,"GENALG-GEUROS","GENALG","GEUROS","XXW",10000,FALSE,FALSE,0,"None","+ Warming"
1.01636263351188,0.795415794851206,1.2023072641039,"2014-2020",2014,2020,"GENALG-TRIPAR","GENALG","TRIPAR","XXW",10000,FALSE,FALSE,0,"None","+ Warming"
0.987184826669598,0.746582572549875,1.25314640235667,"2014-2020",2014,2020,"GEUROS-TRIPAR","GEUROS","TRIPAR","XXW",10000,FALSE,FALSE,0,"None","+ Warming"
0.849376761477922,0.759893334074482,1.25059805397589,"2015-2021",2015,2021,"ARTSCO-BISBIS","ARTSCO","BISBIS","XXW",10000,FALSE,FALSE,0,"None","+ Warming"
1.11415587843563,0.781110299900694,1.20897476032382,"2015-2021",2015,2021,"ARTSCO-CALLEP","ARTSCO","CALLEP","XXW",10000,FALSE,FALSE,0,"None","+ Warming"
1.05915894724917,0.805629157734855,1.20873074436447,"2015-2021",2015,2021,"ARTSCO-CARSCO","ARTSCO","CARSCO","XXW",10000,FALSE,FALSE,0,"None","+ Warming"
0.753517521432766,0.743357790014825,1.23887966524349,"2015-2021",2015,2021,"ARTSCO-DESCES","ARTSCO","DESCES","XXW",10000,FALSE,FALSE,0,"None","+ Warming"
1.01175831137495,0.739555183572738,1.26236718532696,"2015-2021",2015,2021,"ARTSCO-GENALG","ARTSCO","GENALG","XXW",10000,FALSE,FALSE,0,"None","+ Warming"
0.923239990988976,0.684745751131954,1.30185228901308,"2015-2021",2015,2021,"ARTSCO-GEUROS","ARTSCO","GEUROS","XXW",10000,FALSE,FALSE,0,"None","+ Warming"
1.09501042844542,0.79850772107398,1.21368040929803,"2015-2021",2015,2021,"ARTSCO-TRIPAR","ARTSCO","TRIPAR","XXW",10000,FALSE,FALSE,0,"None","+ Warming"
0.973973391302311,0.74876784138964,1.25799479096624,"2015-2021",2015,2021,"BISBIS-CALLEP","BISBIS","CALLEP","XXW",10000,FALSE,FALSE,0,"None","+ Warming"
0.773801234310908,0.755966054126083,1.25440814738207,"2015-2021",2015,2021,"BISBIS-CARSCO","BISBIS","CARSCO","XXW",10000,FALSE,FALSE,0,"None","+ Warming"
0.98511727986187,0.826315902896738,1.18047628729387,"2015-2021",2015,2021,"BISBIS-DESCES","BISBIS","DESCES","XXW",10000,FALSE,FALSE,0,"None","+ Warming"
0.847809291577402,0.750993615956274,1.24689831459393,"2015-2021",2015,2021,"BISBIS-GENALG","BISBIS","GENALG","XXW",10000,FALSE,FALSE,0,"None","+ Warming"
1.06877052505055,0.752295917015822,1.24748617648951,"2015-2021",2015,2021,"BISBIS-GEUROS","BISBIS","GEUROS","XXW",10000,FALSE,FALSE,0,"None","+ Warming"
0.954051301179818,0.741085724414344,1.26522039447745,"2015-2021",2015,2021,"BISBIS-TRIPAR","BISBIS","TRIPAR","XXW",10000,FALSE,FALSE,0,"None","+ Warming"
0.928671992181429,0.77432012904662,1.22932050398402,"2015-2021",2015,2021,"CALLEP-CARSCO","CALLEP","CARSCO","XXW",10000,FALSE,FALSE,0,"None","+ Warming"
0.978969168230816,0.883021375846901,1.14470500535478,"2015-2021",2015,2021,"CALLEP-DESCES","CALLEP","DESCES","XXW",10000,FALSE,FALSE,0,"None","+ Warming"
1.13925381722919,0.737998335718852,1.25480706732511,"2015-2021",2015,2021,"CALLEP-GENALG","CALLEP","GENALG","XXW",10000,FALSE,FALSE,0,"None","+ Warming"
0.95178868675104,0.815629913608386,1.18368641578439,"2015-2021",2015,2021,"CALLEP-GEUROS","CALLEP","GEUROS","XXW",10000,FALSE,FALSE,0,"None","+ Warming"
0.957563534031562,0.841570529188652,1.14178331948922,"2015-2021",2015,2021,"CALLEP-TRIPAR","CALLEP","TRIPAR","XXW",10000,FALSE,FALSE,0,"None","+ Warming"
0.926337361208229,0.807128779294764,1.21677389967888,"2015-2021",2015,2021,"CARSCO-DESCES","CARSCO","DESCES","XXW",10000,FALSE,FALSE,0,"None","+ Warming"
0.841417649923271,0.793219042592835,1.20870227711334,"2015-2021",2015,2021,"CARSCO-GENALG","CARSCO","GENALG","XXW",10000,FALSE,FALSE,0,"None","+ Warming"
0.949689245972955,0.767844546680802,1.23856590975758,"2015-2021",2015,2021,"CARSCO-GEUROS","CARSCO","GEUROS","XXW",10000,FALSE,FALSE,0,"None","+ Warming"
0.961270679717469,0.787057092013129,1.20290882833591,"2015-2021",2015,2021,"CARSCO-TRIPAR","CARSCO","TRIPAR","XXW",10000,FALSE,FALSE,0,"None","+ Warming"
0.919272619501372,0.849125537163304,1.12739062067941,"2015-2021",2015,2021,"DESCES-GENALG","DESCES","GENALG","XXW",10000,FALSE,FALSE,0,"None","+ Warming"
0.696797031648898,0.739461671643022,1.27245024106982,"2015-2021",2015,2021,"DESCES-GEUROS","DESCES","GEUROS","XXW",10000,FALSE,TRUE,-1,"Compensatory","+ Warming"
0.87761321401607,0.866561405399825,1.14055005039396,"2015-2021",2015,2021,"DESCES-TRIPAR","DESCES","TRIPAR","XXW",10000,FALSE,FALSE,0,"None","+ Warming"
1.24574473521316,0.759378175442094,1.24817354115196,"2015-2021",2015,2021,"GENALG-GEUROS","GENALG","GEUROS","XXW",10000,FALSE,FALSE,0,"None","+ Warming"
1.04224780751692,0.784990836832556,1.20891028965676,"2015-2021",2015,2021,"GENALG-TRIPAR","GENALG","TRIPAR","XXW",10000,FALSE,FALSE,0,"None","+ Warming"
0.971610777889148,0.740689305822384,1.23904320714524,"2015-2021",2015,2021,"GEUROS-TRIPAR","GEUROS","TRIPAR","XXW",10000,FALSE,FALSE,0,"None","+ Warming"
1.1504658910318,0.710357506230645,1.30395250318392,"2016-2022",2016,2022,"ARTSCO-BISBIS","ARTSCO","BISBIS","XXW",10000,FALSE,FALSE,0,"None","+ Warming"
0.992458037714687,0.773876308342209,1.19554189855076,"2016-2022",2016,2022,"ARTSCO-CALLEP","ARTSCO","CALLEP","XXW",10000,FALSE,FALSE,0,"None","+ Warming"
1.05421361883334,0.786080857086078,1.23626096402326,"2016-2022",2016,2022,"ARTSCO-CARSCO","ARTSCO","CARSCO","XXW",10000,FALSE,FALSE,0,"None","+ Warming"
0.752526200092232,0.749025788536732,1.23752935440686,"2016-2022",2016,2022,"ARTSCO-DESCES","ARTSCO","DESCES","XXW",10000,FALSE,FALSE,0,"None","+ Warming"
0.914907793487142,0.792901047567389,1.22024821743472,"2016-2022",2016,2022,"ARTSCO-GENALG","ARTSCO","GENALG","XXW",10000,FALSE,FALSE,0,"None","+ Warming"
0.814285443494032,0.681790109513288,1.32827088061397,"2016-2022",2016,2022,"ARTSCO-GEUROS","ARTSCO","GEUROS","XXW",10000,FALSE,FALSE,0,"None","+ Warming"
1.14513308061918,0.740218700529117,1.25948680500436,"2016-2022",2016,2022,"ARTSCO-TRIPAR","ARTSCO","TRIPAR","XXW",10000,FALSE,FALSE,0,"None","+ Warming"
1.0712655613874,0.806159975382843,1.20803638174152,"2016-2022",2016,2022,"BISBIS-CALLEP","BISBIS","CALLEP","XXW",10000,FALSE,FALSE,0,"None","+ Warming"
0.779651555035875,0.758158360478501,1.28516417493537,"2016-2022",2016,2022,"BISBIS-CARSCO","BISBIS","CARSCO","XXW",10000,FALSE,FALSE,0,"None","+ Warming"
0.970374053828838,0.845879408384467,1.18885744002232,"2016-2022",2016,2022,"BISBIS-DESCES","BISBIS","DESCES","XXW",10000,FALSE,FALSE,0,"None","+ Warming"
0.94535503479442,0.751781464877745,1.26644572099085,"2016-2022",2016,2022,"BISBIS-GENALG","BISBIS","GENALG","XXW",10000,FALSE,FALSE,0,"None","+ Warming"
1.12865943950428,0.746879537243891,1.26890970999101,"2016-2022",2016,2022,"BISBIS-GEUROS","BISBIS","GEUROS","XXW",10000,FALSE,FALSE,0,"None","+ Warming"
0.958387502341173,0.803789942460258,1.20673676828495,"2016-2022",2016,2022,"BISBIS-TRIPAR","BISBIS","TRIPAR","XXW",10000,FALSE,FALSE,0,"None","+ Warming"
0.906389249605504,0.82391736222299,1.15915681162342,"2016-2022",2016,2022,"CALLEP-CARSCO","CALLEP","CARSCO","XXW",10000,FALSE,FALSE,0,"None","+ Warming"
1.04266889731651,0.87958466038634,1.09743436322815,"2016-2022",2016,2022,"CALLEP-DESCES","CALLEP","DESCES","XXW",10000,FALSE,FALSE,0,"None","+ Warming"
1.10482002626349,0.719327451675029,1.27555125574928,"2016-2022",2016,2022,"CALLEP-GENALG","CALLEP","GENALG","XXW",10000,FALSE,FALSE,0,"None","+ Warming"
0.848528406503617,0.786807648157384,1.17336989389069,"2016-2022",2016,2022,"CALLEP-GEUROS","CALLEP","GEUROS","XXW",10000,FALSE,FALSE,0,"None","+ Warming"
0.912628740178074,0.781343388900247,1.20279348211841,"2016-2022",2016,2022,"CALLEP-TRIPAR","CALLEP","TRIPAR","XXW",10000,FALSE,FALSE,0,"None","+ Warming"
0.878909201943129,0.798817142723561,1.20253648967493,"2016-2022",2016,2022,"CARSCO-DESCES","CARSCO","DESCES","XXW",10000,FALSE,FALSE,0,"None","+ Warming"
0.991880073967392,0.826158959033743,1.1855696781676,"2016-2022",2016,2022,"CARSCO-GENALG","CARSCO","GENALG","XXW",10000,FALSE,FALSE,0,"None","+ Warming"
1.02263935607623,0.749931187934274,1.23183753180643,"2016-2022",2016,2022,"CARSCO-GEUROS","CARSCO","GEUROS","XXW",10000,FALSE,FALSE,0,"None","+ Warming"
0.9275347039885,0.751863991241134,1.21369505387466,"2016-2022",2016,2022,"CARSCO-TRIPAR","CARSCO","TRIPAR","XXW",10000,FALSE,FALSE,0,"None","+ Warming"
0.941238672579922,0.906785908806106,1.1103590470429,"2016-2022",2016,2022,"DESCES-GENALG","DESCES","GENALG","XXW",10000,FALSE,FALSE,0,"None","+ Warming"
0.678912699384219,0.728700711821087,1.28924589488661,"2016-2022",2016,2022,"DESCES-GEUROS","DESCES","GEUROS","XXW",10000,FALSE,TRUE,-1,"Compensatory","+ Warming"
0.83259513259194,0.807442081747632,1.17574893191927,"2016-2022",2016,2022,"DESCES-TRIPAR","DESCES","TRIPAR","XXW",10000,FALSE,FALSE,0,"None","+ Warming"
1.24551320014843,0.814620062753781,1.1995031933663,"2016-2022",2016,2022,"GENALG-GEUROS","GENALG","GEUROS","XXW",10000,TRUE,FALSE,1,"Synchrony","+ Warming"
1.09697382848225,0.855910375063541,1.13717404077809,"2016-2022",2016,2022,"GENALG-TRIPAR","GENALG","TRIPAR","XXW",10000,FALSE,FALSE,0,"None","+ Warming"
1.06736153378703,0.722430923719435,1.26116504851914,"2016-2022",2016,2022,"GEUROS-TRIPAR","GEUROS","TRIPAR","XXW",10000,FALSE,FALSE,0,"None","+ Warming"
1.06466375884351,0.768404685427094,1.2240017667417,"2017-2023",2017,2023,"ARTSCO-BISBIS","ARTSCO","BISBIS","XXW",10000,FALSE,FALSE,0,"None","+ Warming"
0.91723082057727,0.812244705160911,1.18066205599238,"2017-2023",2017,2023,"ARTSCO-CALLEP","ARTSCO","CALLEP","XXW",10000,FALSE,FALSE,0,"None","+ Warming"
0.976342255681686,0.805974106918297,1.22522083939901,"2017-2023",2017,2023,"ARTSCO-CARSCO","ARTSCO","CARSCO","XXW",10000,FALSE,FALSE,0,"None","+ Warming"
0.760594707722151,0.714863756099071,1.28333821452702,"2017-2023",2017,2023,"ARTSCO-DESCES","ARTSCO","DESCES","XXW",10000,FALSE,FALSE,0,"None","+ Warming"
0.877512639273491,0.849073325616943,1.16365115599358,"2017-2023",2017,2023,"ARTSCO-GENALG","ARTSCO","GENALG","XXW",10000,FALSE,FALSE,0,"None","+ Warming"
0.858678178125858,0.705936740450851,1.30751092827005,"2017-2023",2017,2023,"ARTSCO-GEUROS","ARTSCO","GEUROS","XXW",10000,FALSE,FALSE,0,"None","+ Warming"
1.13902320582363,0.741474854497326,1.2478427421243,"2017-2023",2017,2023,"ARTSCO-TRIPAR","ARTSCO","TRIPAR","XXW",10000,FALSE,FALSE,0,"None","+ Warming"
1.12228017090073,0.783704007911816,1.20161946403663,"2017-2023",2017,2023,"BISBIS-CALLEP","BISBIS","CALLEP","XXW",10000,FALSE,FALSE,0,"None","+ Warming"
0.691537832337499,0.743682653726913,1.26278025663705,"2017-2023",2017,2023,"BISBIS-CARSCO","BISBIS","CARSCO","XXW",10000,FALSE,TRUE,-1,"Compensatory","+ Warming"
0.91376120246045,0.868596046508982,1.12879982548551,"2017-2023",2017,2023,"BISBIS-DESCES","BISBIS","DESCES","XXW",10000,FALSE,FALSE,0,"None","+ Warming"
0.956210412564039,0.754470786311913,1.26436126127345,"2017-2023",2017,2023,"BISBIS-GENALG","BISBIS","GENALG","XXW",10000,FALSE,FALSE,0,"None","+ Warming"
1.09365309269494,0.795922615608701,1.23077630207384,"2017-2023",2017,2023,"BISBIS-GEUROS","BISBIS","GEUROS","XXW",10000,FALSE,FALSE,0,"None","+ Warming"
0.964050772344952,0.795488114266648,1.2155684358101,"2017-2023",2017,2023,"BISBIS-TRIPAR","BISBIS","TRIPAR","XXW",10000,FALSE,FALSE,0,"None","+ Warming"
0.89098182424493,0.799287968949185,1.17457466038092,"2017-2023",2017,2023,"CALLEP-CARSCO","CALLEP","CARSCO","XXW",10000,FALSE,FALSE,0,"None","+ Warming"
1.05532696614843,0.871550534010535,1.1136738774894,"2017-2023",2017,2023,"CALLEP-DESCES","CALLEP","DESCES","XXW",10000,FALSE,FALSE,0,"None","+ Warming"
1.1336111238072,0.78876751425771,1.22078629431571,"2017-2023",2017,2023,"CALLEP-GENALG","CALLEP","GENALG","XXW",10000,FALSE,FALSE,0,"None","+ Warming"
0.839255007894774,0.801250980152152,1.17202917008081,"2017-2023",2017,2023,"CALLEP-GEUROS","CALLEP","GEUROS","XXW",10000,FALSE,FALSE,0,"None","+ Warming"
0.931263575510307,0.80214831520287,1.18632182817382,"2017-2023",2017,2023,"CALLEP-TRIPAR","CALLEP","TRIPAR","XXW",10000,FALSE,FALSE,0,"None","+ Warming"
0.915494199864154,0.798479060161094,1.22064204244162,"2017-2023",2017,2023,"CARSCO-DESCES","CARSCO","DESCES","XXW",10000,FALSE,FALSE,0,"None","+ Warming"
1.0820769041157,0.802515303524004,1.19094056512065,"2017-2023",2017,2023,"CARSCO-GENALG","CARSCO","GENALG","XXW",10000,FALSE,FALSE,0,"None","+ Warming"
1.01757777921228,0.78507547242224,1.23624004393175,"2017-2023",2017,2023,"CARSCO-GEUROS","CARSCO","GEUROS","XXW",10000,FALSE,FALSE,0,"None","+ Warming"
0.881761773911343,0.772585139152964,1.20216759952139,"2017-2023",2017,2023,"CARSCO-TRIPAR","CARSCO","TRIPAR","XXW",10000,FALSE,FALSE,0,"None","+ Warming"
0.979629210224471,0.916181784648208,1.07673801256271,"2017-2023",2017,2023,"DESCES-GENALG","DESCES","GENALG","XXW",10000,FALSE,FALSE,0,"None","+ Warming"
0.694500944674117,0.719658078674889,1.29424358731185,"2017-2023",2017,2023,"DESCES-GEUROS","DESCES","GEUROS","XXW",10000,FALSE,TRUE,-1,"Compensatory","+ Warming"
0.852410634909729,0.822235706635915,1.17825551911336,"2017-2023",2017,2023,"DESCES-TRIPAR","DESCES","TRIPAR","XXW",10000,FALSE,FALSE,0,"None","+ Warming"
1.19295232959149,0.834580059815589,1.15381609051547,"2017-2023",2017,2023,"GENALG-GEUROS","GENALG","GEUROS","XXW",10000,TRUE,FALSE,1,"Synchrony","+ Warming"
1.18168260959151,0.84769863406302,1.14798786948034,"2017-2023",2017,2023,"GENALG-TRIPAR","GENALG","TRIPAR","XXW",10000,TRUE,FALSE,1,"Synchrony","+ Warming"
1.01843773646667,0.726720903528617,1.26953156258796,"2017-2023",2017,2023,"GEUROS-TRIPAR","GEUROS","TRIPAR","XXW",10000,FALSE,FALSE,0,"None","+ Warming"
1.07265681270916,0.75485488116688,1.24813737811669,"2018-2024",2018,2024,"ARTSCO-BISBIS","ARTSCO","BISBIS","XXW",10000,FALSE,FALSE,0,"None","+ Warming"
0.863610786326091,0.842072786485381,1.16964913555128,"2018-2024",2018,2024,"ARTSCO-CALLEP","ARTSCO","CALLEP","XXW",10000,FALSE,FALSE,0,"None","+ Warming"
0.958209473683563,0.768121603519422,1.24651564591405,"2018-2024",2018,2024,"ARTSCO-CARSCO","ARTSCO","CARSCO","XXW",10000,FALSE,FALSE,0,"None","+ Warming"
0.824281661158941,0.706176812433385,1.27613235552003,"2018-2024",2018,2024,"ARTSCO-DESCES","ARTSCO","DESCES","XXW",10000,FALSE,FALSE,0,"None","+ Warming"
0.970219787083909,0.844904988374031,1.15592361403152,"2018-2024",2018,2024,"ARTSCO-GENALG","ARTSCO","GENALG","XXW",10000,FALSE,FALSE,0,"None","+ Warming"
0.992111674646888,0.727792261668967,1.30316841798775,"2018-2024",2018,2024,"ARTSCO-GEUROS","ARTSCO","GEUROS","XXW",10000,FALSE,FALSE,0,"None","+ Warming"
0.983291015439263,0.724393270069893,1.2790019015179,"2018-2024",2018,2024,"ARTSCO-TRIPAR","ARTSCO","TRIPAR","XXW",10000,FALSE,FALSE,0,"None","+ Warming"
1.10315903472931,0.815593239394981,1.18830879318341,"2018-2024",2018,2024,"BISBIS-CALLEP","BISBIS","CALLEP","XXW",10000,FALSE,FALSE,0,"None","+ Warming"
0.693750609882187,0.736009866170213,1.30405596265547,"2018-2024",2018,2024,"BISBIS-CARSCO","BISBIS","CARSCO","XXW",10000,FALSE,TRUE,-1,"Compensatory","+ Warming"
0.91764721993142,0.846744540382411,1.14870782249438,"2018-2024",2018,2024,"BISBIS-DESCES","BISBIS","DESCES","XXW",10000,FALSE,FALSE,0,"None","+ Warming"
1.01705724321724,0.769022959764038,1.24937664142283,"2018-2024",2018,2024,"BISBIS-GENALG","BISBIS","GENALG","XXW",10000,FALSE,FALSE,0,"None","+ Warming"
1.01984282080676,0.758109739728628,1.23812707529046,"2018-2024",2018,2024,"BISBIS-GEUROS","BISBIS","GEUROS","XXW",10000,FALSE,FALSE,0,"None","+ Warming"
1.07387562716622,0.786207063321829,1.22828572816207,"2018-2024",2018,2024,"BISBIS-TRIPAR","BISBIS","TRIPAR","XXW",10000,FALSE,FALSE,0,"None","+ Warming"
0.851225517894363,0.8160217143051,1.19292140486757,"2018-2024",2018,2024,"CALLEP-CARSCO","CALLEP","CARSCO","XXW",10000,FALSE,FALSE,0,"None","+ Warming"
1.0441931278372,0.904103188229793,1.09044656291376,"2018-2024",2018,2024,"CALLEP-DESCES","CALLEP","DESCES","XXW",10000,FALSE,FALSE,0,"None","+ Warming"
0.991879616008137,0.803166424638399,1.17067414940685,"2018-2024",2018,2024,"CALLEP-GENALG","CALLEP","GENALG","XXW",10000,FALSE,FALSE,0,"None","+ Warming"
0.921085965395443,0.824283341004908,1.17256744974149,"2018-2024",2018,2024,"CALLEP-GEUROS","CALLEP","GEUROS","XXW",10000,FALSE,FALSE,0,"None","+ Warming"
0.914901493705745,0.7837131204488,1.21434415909614,"2018-2024",2018,2024,"CALLEP-TRIPAR","CALLEP","TRIPAR","XXW",10000,FALSE,FALSE,0,"None","+ Warming"
0.92577937750127,0.772508113218381,1.22924134946288,"2018-2024",2018,2024,"CARSCO-DESCES","CARSCO","DESCES","XXW",10000,FALSE,FALSE,0,"None","+ Warming"
1.05019061660675,0.798869758926785,1.20631098779843,"2018-2024",2018,2024,"CARSCO-GENALG","CARSCO","GENALG","XXW",10000,FALSE,FALSE,0,"None","+ Warming"
1.09278286432768,0.745180293663747,1.25752709935913,"2018-2024",2018,2024,"CARSCO-GEUROS","CARSCO","GEUROS","XXW",10000,FALSE,FALSE,0,"None","+ Warming"
0.877708299307274,0.793466193035143,1.18099128507498,"2018-2024",2018,2024,"CARSCO-TRIPAR","CARSCO","TRIPAR","XXW",10000,FALSE,FALSE,0,"None","+ Warming"
0.981443568885007,0.90461962256136,1.10837893790429,"2018-2024",2018,2024,"DESCES-GENALG","DESCES","GENALG","XXW",10000,FALSE,FALSE,0,"None","+ Warming"
0.728661456661215,0.717620017149257,1.289899936353,"2018-2024",2018,2024,"DESCES-GEUROS","DESCES","GEUROS","XXW",10000,FALSE,FALSE,0,"None","+ Warming"
0.907324834989842,0.839281393289136,1.16646839986826,"2018-2024",2018,2024,"DESCES-TRIPAR","DESCES","TRIPAR","XXW",10000,FALSE,FALSE,0,"None","+ Warming"
1.16791537932178,0.804759125629917,1.2060543913418,"2018-2024",2018,2024,"GENALG-GEUROS","GENALG","GEUROS","XXW",10000,FALSE,FALSE,0,"None","+ Warming"
1.17458946591216,0.814247834123623,1.18154924749597,"2018-2024",2018,2024,"GENALG-TRIPAR","GENALG","TRIPAR","XXW",10000,FALSE,FALSE,0,"None","+ Warming"
1.13271665996326,0.753269003859776,1.25485190524909,"2018-2024",2018,2024,"GEUROS-TRIPAR","GEUROS","TRIPAR","XXW",10000,FALSE,FALSE,0,"None","+ Warming"
